4000 2006 0
1.0000000000e+00 0.0000000000e+00
9.9949641234e-01 -7.1226525689e-05
9.9899282396e-01 -1.4244793653e-04
9.9848923413e-01 -2.1365911766e-04
9.9798564214e-01 -2.8485495424e-04
9.9748204727e-01 -3.5603033142e-04
9.9697844879e-01 -4.2718013434e-04
9.9647484598e-01 -4.9829924816e-04
9.9597123813e-01 -5.6938255802e-04
9.9546762451e-01 -6.4042494907e-04
9.9496400440e-01 -7.1142130646e-04
9.9446037709e-01 -7.8236665854e-04
9.9395674233e-01 -8.5325912486e-04
9.9345310028e-01 -9.2409980768e-04
9.9294945111e-01 -9.9488993077e-04
9.9244579501e-01 -1.0656307179e-03
9.9194213213e-01 -1.1363233928e-03
9.9143846268e-01 -1.2069691792e-03
9.9093478681e-01 -1.2775693010e-03
9.9043110472e-01 -1.3481249818e-03
9.8992741656e-01 -1.4186374454e-03
9.8942372253e-01 -1.4891079157e-03
9.8892002280e-01 -1.5595376161e-03
9.8841631751e-01 -1.6299274708e-03
9.8791260665e-01 -1.7002774432e-03
9.8740889019e-01 -1.7705873050e-03
9.8690516810e-01 -1.8408568280e-03
9.8640144036e-01 -1.9110857839e-03
9.8589770694e-01 -1.9812739442e-03
9.8539396780e-01 -2.0514210808e-03
9.8489022293e-01 -2.1215269652e-03
9.8438647228e-01 -2.1915913693e-03
9.8388271584e-01 -2.2616140646e-03
9.8337895357e-01 -2.3315948229e-03
9.8287518544e-01 -2.4015334159e-03
9.8237141143e-01 -2.4714296209e-03
9.8186763152e-01 -2.5412833693e-03
9.8136384575e-01 -2.6110947602e-03
9.8086005412e-01 -2.6808639013e-03
9.8035625665e-01 -2.7505909004e-03
9.7985245336e-01 -2.8202758652e-03
9.7934864428e-01 -2.8899189033e-03
9.7884482941e-01 -2.9595201225e-03
9.7834100879e-01 -3.0290796304e-03
9.7783718242e-01 -3.0985975347e-03
9.7733335032e-01 -3.1680739432e-03
9.7682951252e-01 -3.2375089635e-03
9.7632566903e-01 -3.3069027034e-03
9.7582181987e-01 -3.3762552705e-03
9.7531796507e-01 -3.4455667707e-03
9.7481410462e-01 -3.5148372683e-03
9.7431023854e-01 -3.5840667862e-03
9.7380636684e-01 -3.6532553454e-03
9.7330248951e-01 -3.7224029670e-03
9.7279860658e-01 -3.7915096722e-03
9.7229471803e-01 -3.8605754820e-03
9.7179082389e-01 -3.9296004174e-03
9.7128692415e-01 -3.9985844997e-03
9.7078301882e-01 -4.0675277498e-03
9.7027910791e-01 -4.1364301889e-03
9.6977519142e-01 -4.2052918381e-03
9.6927126937e-01 -4.2741127184e-03
9.6876734175e-01 -4.3428928509e-03
9.6826340857e-01 -4.4116322568e-03
9.6775946984e-01 -4.4803309571e-03
9.6725552557e-01 -4.5489889766e-03
9.6675157576e-01 -4.6176063544e-03
9.6624762043e-01 -4.6861831330e-03
9.6574365957e-01 -4.7547193546e-03
9.6523969321e-01 -4.8232150617e-03
9.6473572135e-01 -4.8916702967e-03
9.6423174400e-01 -4.9600851020e-03
9.6372776116e-01 -5.0284595200e-03
9.6322377286e-01 -5.0967935932e-03
9.6271977909e-01 -5.1650873638e-03
9.6221577986e-01 -5.2333408743e-03
9.6171177519e-01 -5.3015541671e-03
9.6120776509e-01 -5.3697272846e-03
9.6070374956e-01 -5.4378602692e-03
9.6019972861e-01 -5.5059531633e-03
9.5969570224e-01 -5.5740060093e-03
9.5919167048e-01 -5.6420188495e-03
9.5868763333e-01 -5.7099917257e-03
9.5818359080e-01 -5.7779246740e-03
9.5767954289e-01 -5.8458177293e-03
9.5717548961e-01 -5.9136709262e-03
9.5667143097e-01 -5.9814842993e-03
9.5616736699e-01 -6.0492578833e-03
9.5566329765e-01 -6.1169917128e-03
9.5515922299e-01 -6.1846858224e-03
9.5465514299e-01 -6.2523402469e-03
9.5415105767e-01 -6.3199550208e-03
9.5364696704e-01 -6.3875301789e-03
9.5314287110e-01 -6.4550657557e-03
9.5263876987e-01 -6.5225617860e-03
9.5213466335e-01 -6.5900183043e-03
9.5163055155e-01 -6.6574353453e-03
9.5112643447e-01 -6.7248129437e-03
9.5062231213e-01 -6.7921511341e-03
9.5011818453e-01 -6.8594499511e-03
9.4961405168e-01 -6.9267094295e-03
9.4910991358e-01 -6.9939296034e-03
9.4860577026e-01 -7.0611105051e-03
9.4810162170e-01 -7.1282521663e-03
9.4759746792e-01 -7.1953546188e-03
9.4709330893e-01 -7.2624178945e-03
9.4658914474e-01 -7.3294420249e-03
9.4608497534e-01 -7.3964270420e-03
9.4558080076e-01 -7.4633729775e-03
9.4507662098e-01 -7.5302798631e-03
9.4457243604e-01 -7.5971477306e-03
9.4406824592e-01 -7.6639766118e-03
9.4356405064e-01 -7.7307665384e-03
9.4305985021e-01 -7.7975175422e-03
9.4255564463e-01 -7.8642296550e-03
9.4205143390e-01 -7.9309029085e-03
9.4154721805e-01 -7.9975373345e-03
9.4104299707e-01 -8.0641329648e-03
9.4053877097e-01 -8.1306898311e-03
9.4003453976e-01 -8.1972079651e-03
9.3953030344e-01 -8.2636873987e-03
9.3902606203e-01 -8.3301281637e-03
9.3852181553e-01 -8.3965302919e-03
9.3801756394e-01 -8.4628938158e-03
9.3751330728e-01 -8.5292187679e-03
9.3700904556e-01 -8.5955051806e-03
9.3650477877e-01 -8.6617530864e-03
9.3600050693e-01 -8.7279625177e-03
9.3549623004e-01 -8.7941335070e-03
9.3499194811e-01 -8.8602660869e-03
9.3448766115e-01 -8.9263602896e-03
9.3398336917e-01 -8.9924161477e-03
9.3347907217e-01 -9.0584336938e-03
9.3297477016e-01 -9.1244129601e-03
9.3247046315e-01 -9.1903539792e-03
9.3196615114e-01 -9.2562567835e-03
9.3146183414e-01 -9.3221214056e-03
9.3095751216e-01 -9.3879478778e-03
9.3045318520e-01 -9.4537362327e-03
9.2994885328e-01 -9.5194865027e-03
9.2944451640e-01 -9.5851987202e-03
9.2894017457e-01 -9.6508729177e-03
9.2843582779e-01 -9.7165091277e-03
9.2793147607e-01 -9.7821073827e-03
9.2742711943e-01 -9.8476677150e-03
9.2692275785e-01 -9.9131901564e-03
9.2641839137e-01 -9.9786747382e-03
9.2591401997e-01 -1.0044121491e-02
9.2540964366e-01 -1.0109530447e-02
9.2490526246e-01 -1.0174901636e-02
9.2440087638e-01 -1.0240235091e-02
9.2389648540e-01 -1.0305530841e-02
9.2339208956e-01 -1.0370788919e-02
9.2288768884e-01 -1.0436009354e-02
9.2238328326e-01 -1.0501192180e-02
9.2187887283e-01 -1.0566337426e-02
9.2137445754e-01 -1.0631445123e-02
9.2087003742e-01 -1.0696515304e-02
9.2036561246e-01 -1.0761547998e-02
9.1986118267e-01 -1.0826543238e-02
9.1935674807e-01 -1.0891501055e-02
9.1885230864e-01 -1.0956421478e-02
9.1834786441e-01 -1.1021304541e-02
9.1784341538e-01 -1.1086150273e-02
9.1733896156e-01 -1.1150958706e-02
9.1683450295e-01 -1.1215729871e-02
9.1633003956e-01 -1.1280463799e-02
9.1582557139e-01 -1.1345160522e-02
9.1532109846e-01 -1.1409820071e-02
9.1481662077e-01 -1.1474442475e-02
9.1431213833e-01 -1.1539027760e-02
9.1380765114e-01 -1.1603575952e-02
9.1330315921e-01 -1.1668087074e-02
9.1279866254e-01 -1.1732561151e-02
9.1229416114e-01 -1.1796998208e-02
9.1178965502e-01 -1.1861398269e-02
9.1128514418e-01 -1.1925761358e-02
9.1078062862e-01 -1.1990087500e-02
9.1027610836e-01 -1.2054376719e-02
9.0977158340e-01 -1.2118629041e-02
9.0926705375e-01 -1.2182844488e-02
9.0876251940e-01 -1.2247023087e-02
9.0825798037e-01 -1.2311164861e-02
9.0775343666e-01 -1.2375269835e-02
9.0724888829e-01 -1.2439338033e-02
9.0674433524e-01 -1.2503369480e-02
9.0623977754e-01 -1.2567364201e-02
9.0573521518e-01 -1.2631322219e-02
9.0523064818e-01 -1.2695243560e-02
9.0472607653e-01 -1.2759128247e-02
9.0422150024e-01 -1.2822976305e-02
9.0371691933e-01 -1.2886787760e-02
9.0321233378e-01 -1.2950562634e-02
9.0270774362e-01 -1.3014300954e-02
9.0220314885e-01 -1.3078002742e-02
9.0169854947e-01 -1.3141668025e-02
9.0119394549e-01 -1.3205296825e-02
9.0068933691e-01 -1.3268889166e-02
9.0018472374e-01 -1.3332445072e-02
8.9968010599e-01 -1.3395964567e-02
8.9917548365e-01 -1.3459447674e-02
8.9867085675e-01 -1.3522894417e-02
8.9816622527e-01 -1.3586304819e-02
8.9766158924e-01 -1.3649678903e-02
8.9715694864e-01 -1.3713016694e-02
8.9665230350e-01 -1.3776318215e-02
8.9614765380e-01 -1.3839583489e-02
8.9564299957e-01 -1.3902812540e-02
8.9513834081e-01 -1.3966005391e-02
8.9463367751e-01 -1.4029162067e-02
8.9412900969e-01 -1.4092282590e-02
8.9362433735e-01 -1.4155366984e-02
8.9311966050e-01 -1.4218415273e-02
8.9261497915e-01 -1.4281427480e-02
8.9211029329e-01 -1.4344403629e-02
8.9160560294e-01 -1.4407343744e-02
8.9110090809e-01 -1.4470247847e-02
8.9059620877e-01 -1.4533115963e-02
8.9009150496e-01 -1.4595948115e-02
8.8958679668e-01 -1.4658744326e-02
8.8908208393e-01 -1.4721504621e-02
8.8857736672e-01 -1.4784229022e-02
8.8807264506e-01 -1.4846917554e-02
8.8756791894e-01 -1.4909570239e-02
8.8706318838e-01 -1.4972187101e-02
8.8655845338e-01 -1.5034768163e-02
8.8605371394e-01 -1.5097313444e-02
8.8554897007e-01 -1.5159822966e-02
8.8504422178e-01 -1.5222296750e-02
8.8453946907e-01 -1.5284734817e-02
8.8403471194e-01 -1.5347137188e-02
8.8352995040e-01 -1.5409503884e-02
8.8302518446e-01 -1.5471834927e-02
8.8252041412e-01 -1.5534130337e-02
8.8201563939e-01 -1.5596390134e-02
8.8151086026e-01 -1.5658614342e-02
8.8100607676e-01 -1.5720802979e-02
8.8050128887e-01 -1.5782956068e-02
8.7999649661e-01 -1.5845073629e-02
8.7949169999e-01 -1.5907155684e-02
8.7898689899e-01 -1.5969202253e-02
8.7848209365e-01 -1.6031213358e-02
8.7797728394e-01 -1.6093189019e-02
8.7747246989e-01 -1.6155129258e-02
8.7696765150e-01 -1.6217034095e-02
8.7646282877e-01 -1.6278903553e-02
8.7595800171e-01 -1.6340737651e-02
8.7545317031e-01 -1.6402536410e-02
8.7494833460e-01 -1.6464299853e-02
8.7444349457e-01 -1.6526027999e-02
8.7393865023e-01 -1.6587720871e-02
8.7343380158e-01 -1.6649378488e-02
8.7292894862e-01 -1.6711000872e-02
8.7242409138e-01 -1.6772588045e-02
8.7191922984e-01 -1.6834140026e-02
8.7141436401e-01 -1.6895656836e-02
8.7090949390e-01 -1.6957138490e-02
8.7040461951e-01 -1.7018585006e-02
8.6989974085e-01 -1.7079996400e-02
8.6939485792e-01 -1.7141372687e-02
8.6888997073e-01 -1.7202713885e-02
8.6838507927e-01 -1.7264020009e-02
8.6788018356e-01 -1.7325291076e-02
8.6737528360e-01 -1.7386527103e-02
8.6687037939e-01 -1.7447728104e-02
8.6636547094e-01 -1.7508894098e-02
8.6586055825e-01 -1.7570025100e-02
8.6535564132e-01 -1.7631121127e-02
8.6485072017e-01 -1.7692182194e-02
8.6434579479e-01 -1.7753208319e-02
8.6384086519e-01 -1.7814199517e-02
8.6333593138e-01 -1.7875155805e-02
8.6283099335e-01 -1.7936077199e-02
8.6232605112e-01 -1.7996963716e-02
8.6182110468e-01 -1.8057815371e-02
8.6131615405e-01 -1.8118632182e-02
8.6081119922e-01 -1.8179414164e-02
8.6030624020e-01 -1.8240161334e-02
8.5980127700e-01 -1.8300873708e-02
8.5929630961e-01 -1.8361551302e-02
8.5879133805e-01 -1.8422194134e-02
8.5828636232e-01 -1.8482802218e-02
8.5778138242e-01 -1.8543375572e-02
8.5727639836e-01 -1.8603914212e-02
8.5677141014e-01 -1.8664418153e-02
8.5626641777e-01 -1.8724887414e-02
8.5576142124e-01 -1.8785322009e-02
8.5525642057e-01 -1.8845721954e-02
8.5475141576e-01 -1.8906087266e-02
8.5424640681e-01 -1.8966417957e-02
8.5374139373e-01 -1.9026714042e-02
8.5323637652e-01 -1.9086975535e-02
8.5273135518e-01 -1.9147202450e-02
8.5222632973e-01 -1.9207394802e-02
8.5172130015e-01 -1.9267552605e-02
8.5121626647e-01 -1.9327675874e-02
8.5071122867e-01 -1.9387764621e-02
8.5020618677e-01 -1.9447818862e-02
8.4970114077e-01 -1.9507838611e-02
8.4919609068e-01 -1.9567823882e-02
8.4869103649e-01 -1.9627774689e-02
8.4818597821e-01 -1.9687691047e-02
8.4768091585e-01 -1.9747572969e-02
8.4717584940e-01 -1.9807420470e-02
8.4667077889e-01 -1.9867233565e-02
8.4616570430e-01 -1.9927012267e-02
8.4566062564e-01 -1.9986756590e-02
8.4515554291e-01 -2.0046466550e-02
8.4465045613e-01 -2.0106142159e-02
8.4414536529e-01 -2.0165783433e-02
8.4364027040e-01 -2.0225390386e-02
8.4313517146e-01 -2.0284963031e-02
8.4263006848e-01 -2.0344501384e-02
8.4212496146e-01 -2.0404005457e-02
8.4161985040e-01 -2.0463475266e-02
8.4111473531e-01 -2.0522910825e-02
8.4060961619e-01 -2.0582312148e-02
8.4010449305e-01 -2.0641679249e-02
8.3959936589e-01 -2.0701012143e-02
8.3909423472e-01 -2.0760310843e-02
8.3858909953e-01 -2.0819575364e-02
8.3808396034e-01 -2.0878805720e-02
8.3757881714e-01 -2.0938001922e-02
8.3707366994e-01 -2.0997163978e-02
8.3656851875e-01 -2.1056291899e-02
8.3606336356e-01 -2.1115385692e-02
8.3555820438e-01 -2.1174445368e-02
8.3505304122e-01 -2.1233470934e-02
8.3454787407e-01 -2.1292462401e-02
8.3404270294e-01 -2.1351419776e-02
8.3353752784e-01 -2.1410343070e-02
8.3303234876e-01 -2.1469232290e-02
8.3252716571e-01 -2.1528087447e-02
8.3202197870e-01 -2.1586908549e-02
8.3151678772e-01 -2.1645695605e-02
8.3101159278e-01 -2.1704448624e-02
8.3050639389e-01 -2.1763167615e-02
8.3000119104e-01 -2.1821852588e-02
8.2949598424e-01 -2.1880503551e-02
8.2899077350e-01 -2.1939120513e-02
8.2848555881e-01 -2.1997703483e-02
8.2798034018e-01 -2.2056252471e-02
8.2747511762e-01 -2.2114767485e-02
8.2696989112e-01 -2.2173248534e-02
8.2646466070e-01 -2.2231695628e-02
8.2595942634e-01 -2.2290108775e-02
8.2545418807e-01 -2.2348487985e-02
8.2494894587e-01 -2.2406833266e-02
8.2444369976e-01 -2.2465144628e-02
8.2393844974e-01 -2.2523422079e-02
8.2343319581e-01 -2.2581665628e-02
8.2292793797e-01 -2.2639875285e-02
8.2242267622e-01 -2.2698051059e-02
8.2191741058e-01 -2.2756192958e-02
8.2141214105e-01 -2.2814300992e-02
8.2090686762e-01 -2.2872375170e-02
8.2040159030e-01 -2.2930415500e-02
8.1989630909e-01 -2.2988421992e-02
8.1939102400e-01 -2.3046394651e-02
8.1888573503e-01 -2.3104333484e-02
8.1838044219e-01 -2.3162238494e-02
8.1787514547e-01 -2.3220109687e-02
8.1736984488e-01 -2.3277947066e-02
8.1686454042e-01 -2.3335750638e-02
8.1635923209e-01 -2.3393520407e-02
8.1585391990e-01 -2.3451256377e-02
8.1534860385e-01 -2.3508958554e-02
8.1484328394e-01 -2.3566626941e-02
8.1433796018e-01 -2.3624261545e-02
8.1383263257e-01 -2.3681862370e-02
8.1332730111e-01 -2.3739429420e-02
8.1282196580e-01 -2.3796962701e-02
8.1231662664e-01 -2.3854462216e-02
8.1181128365e-01 -2.3911927972e-02
8.1130593682e-01 -2.3969359973e-02
8.1080058616e-01 -2.4026758223e-02
8.1029523166e-01 -2.4084122728e-02
8.0978987333e-01 -2.4141453492e-02
8.0928451118e-01 -2.4198750519e-02
8.0877914520e-01 -2.4256013816e-02
8.0827377540e-01 -2.4313243386e-02
8.0776840179e-01 -2.4370439235e-02
8.0726302436e-01 -2.4427601367e-02
8.0675764312e-01 -2.4484729786e-02
8.0625225806e-01 -2.4541824499e-02
8.0574686920e-01 -2.4598885509e-02
8.0524147654e-01 -2.4655912822e-02
8.0473608008e-01 -2.4712906441e-02
8.0423067982e-01 -2.4769866373e-02
8.0372527576e-01 -2.4826792622e-02
8.0321986791e-01 -2.4883685192e-02
8.0271445627e-01 -2.4940544088e-02
8.0220904085e-01 -2.4997369316e-02
8.0170362164e-01 -2.5054160879e-02
8.0119819864e-01 -2.5110918784e-02
8.0069277187e-01 -2.5167643033e-02
8.0018734133e-01 -2.5224333630e-02
7.9968190701e-01 -2.5280990575e-02
7.9917646892e-01 -2.5337613869e-02
7.9867102706e-01 -2.5394203515e-02
7.9816558144e-01 -2.5450759512e-02
7.9766013205e-01 -2.5507281862e-02
7.9715467889e-01 -2.5563770567e-02
7.9664922198e-01 -2.5620225628e-02
7.9614376132e-01 -2.5676647045e-02
7.9563829690e-01 -2.5733034820e-02
7.9513282872e-01 -2.5789388955e-02
7.9462735680e-01 -2.5845709450e-02
7.9412188113e-01 -2.5901996306e-02
7.9361640172e-01 -2.5958249526e-02
7.9311091856e-01 -2.6014469109e-02
7.9260543166e-01 -2.6070655058e-02
7.9209994103e-01 -2.6126807373e-02
7.9159444666e-01 -2.6182926056e-02
7.9108894855e-01 -2.6239011108e-02
7.9058344672e-01 -2.6295062531e-02
7.9007794116e-01 -2.6351080324e-02
7.8957243187e-01 -2.6407064490e-02
7.8906691886e-01 -2.6463015030e-02
7.8856140213e-01 -2.6518931944e-02
7.8805588168e-01 -2.6574815235e-02
7.8755035752e-01 -2.6630664903e-02
7.8704482964e-01 -2.6686480950e-02
7.8653929805e-01 -2.6742263377e-02
7.8603376275e-01 -2.6798012185e-02
7.8552822374e-01 -2.6853727375e-02
7.8502268103e-01 -2.6909408948e-02
7.8451713462e-01 -2.6965056906e-02
7.8401158451e-01 -2.7020671250e-02
7.8350603070e-01 -2.7076251981e-02
7.8300047320e-01 -2.7131799100e-02
7.8249491201e-01 -2.7187312609e-02
7.8198934712e-01 -2.7242792508e-02
7.8148377855e-01 -2.7298238799e-02
7.8097820630e-01 -2.7353651484e-02
7.8047263036e-01 -2.7409030559e-02
7.7996705074e-01 -2.7464376021e-02
7.7946146744e-01 -2.7519687866e-02
7.7895588046e-01 -2.7574966090e-02
7.7845028981e-01 -2.7630210687e-02
7.7794469548e-01 -2.7685421654e-02
7.7743909749e-01 -2.7740598987e-02
7.7693349582e-01 -2.7795742680e-02
7.7642789048e-01 -2.7850852731e-02
7.7592228148e-01 -2.7905929134e-02
7.7541666881e-01 -2.7960971885e-02
7.7491105248e-01 -2.8015980980e-02
7.7440543249e-01 -2.8070956414e-02
7.7389980883e-01 -2.8125898184e-02
7.7339418152e-01 -2.8180806285e-02
7.7288855056e-01 -2.8235680713e-02
7.7238291594e-01 -2.8290521463e-02
7.7187727767e-01 -2.8345328531e-02
7.7137163575e-01 -2.8400101913e-02
7.7086599018e-01 -2.8454841605e-02
7.7036034096e-01 -2.8509547601e-02
7.6985468810e-01 -2.8564219899e-02
7.6934903159e-01 -2.8618858493e-02
7.6884337144e-01 -2.8673463379e-02
7.6833770766e-01 -2.8728034554e-02
7.6783204023e-01 -2.8782572012e-02
7.6732636917e-01 -2.8837075749e-02
7.6682069448e-01 -2.8891545762e-02
7.6631501615e-01 -2.8945982045e-02
7.6580933419e-01 -2.9000384595e-02
7.6530364861e-01 -2.9054753406e-02
7.6479795939e-01 -2.9109088476e-02
7.6429226655e-01 -2.9163389800e-02
7.6378657009e-01 -2.9217657372e-02
7.6328087001e-01 -2.9271891190e-02
7.6277516630e-01 -2.9326091248e-02
7.6226945898e-01 -2.9380257542e-02
7.6176374804e-01 -2.9434390069e-02
7.6125803349e-01 -2.9488488823e-02
7.6075231533e-01 -2.9542553801e-02
7.6024659355e-01 -2.9596584998e-02
7.5974086817e-01 -2.9650582406e-02
7.5923513917e-01 -2.9704546016e-02
7.5872940657e-01 -2.9758475818e-02
7.5822367037e-01 -2.9812371805e-02
7.5771793056e-01 -2.9866233965e-02
7.5721218715e-01 -2.9920062291e-02
7.5670644014e-01 -2.9973856773e-02
7.5620068952e-01 -3.0027617401e-02
7.5569493531e-01 -3.0081344167e-02
7.5518917750e-01 -3.0135037060e-02
7.5468341610e-01 -3.0188696073e-02
7.5417765110e-01 -3.0242321195e-02
7.5367188250e-01 -3.0295912418e-02
7.5316611032e-01 -3.0349469731e-02
7.5266033454e-01 -3.0402993127e-02
7.5215455518e-01 -3.0456482595e-02
7.5164877222e-01 -3.0509938127e-02
7.5114298568e-01 -3.0563359713e-02
7.5063719556e-01 -3.0616747343e-02
7.5013140185e-01 -3.0670101010e-02
7.4962560455e-01 -3.0723420703e-02
7.4911980368e-01 -3.0776706413e-02
7.4861399923e-01 -3.0829958131e-02
7.4810819119e-01 -3.0883175847e-02
7.4760237958e-01 -3.0936359554e-02
7.4709656440e-01 -3.0989509240e-02
7.4659074564e-01 -3.1042624897e-02
7.4608492330e-01 -3.1095706517e-02
7.4557909739e-01 -3.1148754088e-02
7.4507326792e-01 -3.1201767603e-02
7.4456743487e-01 -3.1254747052e-02
7.4406159825e-01 -3.1307692426e-02
7.4355575807e-01 -3.1360603715e-02
7.4304991432e-01 -3.1413480910e-02
7.4254406701e-01 -3.1466324003e-02
7.4203821614e-01 -3.1519132983e-02
7.4153236170e-01 -3.1571907842e-02
7.4102650371e-01 -3.1624648570e-02
7.4052064215e-01 -3.1677355158e-02
7.4001477704e-01 -3.1730027597e-02
7.3950890837e-01 -3.1782665878e-02
7.3900303615e-01 -3.1835269991e-02
7.3849716037e-01 -3.1887839924e-02
7.3799128104e-01 -3.1940375664e-02
7.3748539816e-01 -3.1992877195e-02
7.3697951172e-01 -3.2045344504e-02
7.3647362174e-01 -3.2097777577e-02
7.3596772821e-01 -3.2150176398e-02
7.3546183113e-01 -3.2202540954e-02
7.3495593050e-01 -3.2254871230e-02
7.3445002632e-01 -3.2307167212e-02
7.3394411860e-01 -3.2359428885e-02
7.3343820734e-01 -3.2411656235e-02
7.3293229253e-01 -3.2463849248e-02
7.3242637417e-01 -3.2516007910e-02
7.3192045228e-01 -3.2568132206e-02
7.3141452684e-01 -3.2620222121e-02
7.3090859787e-01 -3.2672277641e-02
7.3040266535e-01 -3.2724298753e-02
7.2989672930e-01 -3.2776285441e-02
7.2939078971e-01 -3.2828237692e-02
7.2888484658e-01 -3.2880155490e-02
7.2837889992e-01 -3.2932038822e-02
7.2787294972e-01 -3.2983887674e-02
7.2736699599e-01 -3.3035702030e-02
7.2686103872e-01 -3.3087481876e-02
7.2635507792e-01 -3.3139227199e-02
7.2584911359e-01 -3.3190937984e-02
7.2534314574e-01 -3.3242614216e-02
7.2483717435e-01 -3.3294255881e-02
7.2433119943e-01 -3.3345862965e-02
7.2382522098e-01 -3.3397435453e-02
7.2331923901e-01 -3.3448973332e-02
7.2281325351e-01 -3.3500476586e-02
7.2230726449e-01 -3.3551945201e-02
7.2180127194e-01 -3.3603379164e-02
7.2129527587e-01 -3.3654778459e-02
7.2078927628e-01 -3.3706143072e-02
7.2028327317e-01 -3.3757472989e-02
7.1977726653e-01 -3.3808768196e-02
7.1927125638e-01 -3.3860028678e-02
7.1876524270e-01 -3.3911254421e-02
7.1825922551e-01 -3.3962445410e-02
7.1775320481e-01 -3.4013601632e-02
7.1724718058e-01 -3.4064723071e-02
7.1674115284e-01 -3.4115809713e-02
7.1623512159e-01 -3.4166861538e-02
7.1572908682e-01 -3.4217878526e-02
7.1522304854e-01 -3.4268860655e-02
7.1471700674e-01 -3.4319807906e-02
7.1421096144e-01 -3.4370720258e-02
7.1370491262e-01 -3.4421597690e-02
7.1319886028e-01 -3.4472440181e-02
7.1269280444e-01 -3.4523247712e-02
7.1218674508e-01 -3.4574020261e-02
7.1168068222e-01 -3.4624757808e-02
7.1117461584e-01 -3.4675460333e-02
7.1066854595e-01 -3.4726127815e-02
7.1016247255e-01 -3.4776760233e-02
7.0965639565e-01 -3.4827357566e-02
7.0915031523e-01 -3.4877919795e-02
7.0864423131e-01 -3.4928446898e-02
7.0813814388e-01 -3.4978938856e-02
7.0763205294e-01 -3.5029395646e-02
7.0712595850e-01 -3.5079817250e-02
7.0661986055e-01 -3.5130203646e-02
7.0611375909e-01 -3.5180554814e-02
7.0560765413e-01 -3.5230870733e-02
7.0510154566e-01 -3.5281151383e-02
7.0459543368e-01 -3.5331396743e-02
7.0408931821e-01 -3.5381606792e-02
7.0358319922e-01 -3.5431781510e-02
7.0307707674e-01 -3.5481920876e-02
7.0257095075e-01 -3.5532024871e-02
7.0206482126e-01 -3.5582093472e-02
7.0155868826e-01 -3.5632126661e-02
7.0105255177e-01 -3.5682124415e-02
7.0054641177e-01 -3.5732086715e-02
7.0004026827e-01 -3.5782013540e-02
6.9953412128e-01 -3.5831904869e-02
6.9902797078e-01 -3.5881760682e-02
6.9852181678e-01 -3.5931580958e-02
6.9801565928e-01 -3.5981365678e-02
6.9750949829e-01 -3.6031114819e-02
6.9700333379e-01 -3.6080828362e-02
6.9649716580e-01 -3.6130506285e-02
6.9599099431e-01 -3.6180148570e-02
6.9548481932e-01 -3.6229755194e-02
6.9497864084e-01 -3.6279326137e-02
6.9447245886e-01 -3.6328861379e-02
6.9396627338e-01 -3.6378360898e-02
6.9346008441e-01 -3.6427824666e-02
6.9295389194e-01 -3.6477252658e-02
6.9244769597e-01 -3.6526644847e-02
6.9194149652e-01 -3.6576001208e-02
6.9143529356e-01 -3.6625321713e-02
6.9092908711e-01 -3.6674606336e-02
6.9042287716e-01 -3.6723855052e-02
6.8991666372e-01 -3.6773067833e-02
6.8941044679e-01 -3.6822244653e-02
6.8890422636e-01 -3.6871385486e-02
6.8839800243e-01 -3.6920490306e-02
6.8789177501e-01 -3.6969559087e-02
6.8738554409e-01 -3.7018591801e-02
6.8687930968e-01 -3.7067588422e-02
6.8637307178e-01 -3.7116548926e-02
6.8586683038e-01 -3.7165473283e-02
6.8536058548e-01 -3.7214361470e-02
6.8485433709e-01 -3.7263213459e-02
6.8434808521e-01 -3.7312029223e-02
6.8384182983e-01 -3.7360808737e-02
6.8333557096e-01 -3.7409551975e-02
6.8282930860e-01 -3.7458258909e-02
6.8232304274e-01 -3.7506929514e-02
6.8181677338e-01 -3.7555563762e-02
6.8131050053e-01 -3.7604161629e-02
6.8080422419e-01 -3.7652723087e-02
6.8029794436e-01 -3.7701248111e-02
6.7979166103e-01 -3.7749736673e-02
6.7928537421e-01 -3.7798188747e-02
6.7877908389e-01 -3.7846604308e-02
6.7827279009e-01 -3.7894983328e-02
6.7776649278e-01 -3.7943325782e-02
6.7726019199e-01 -3.7991631643e-02
6.7675388770e-01 -3.8039900885e-02
6.7624757992e-01 -3.8088133481e-02
6.7574126865e-01 -3.8136329405e-02
6.7523495388e-01 -3.8184488631e-02
6.7472863562e-01 -3.8232611132e-02
6.7422231387e-01 -3.8280696882e-02
6.7371598863e-01 -3.8328745855e-02
6.7320965989e-01 -3.8376758024e-02
6.7270332766e-01 -3.8424733364e-02
6.7219699194e-01 -3.8472671847e-02
6.7169065273e-01 -3.8520573447e-02
6.7118431003e-01 -3.8568438138e-02
6.7067796383e-01 -3.8616265889e-02
6.7017161414e-01 -3.8664056667e-02
6.6966526096e-01 -3.8711810439e-02
6.6915890428e-01 -3.8759527172e-02
6.6865254411e-01 -3.8807206832e-02
6.6814618045e-01 -3.8854849387e-02
6.6763981329e-01 -3.8902454803e-02
6.6713344264e-01 -3.8950023047e-02
6.6662706850e-01 -3.8997554086e-02
6.6612069086e-01 -3.9045047886e-02
6.6561430973e-01 -3.9092504415e-02
6.6510792510e-01 -3.9139923639e-02
6.6460153697e-01 -3.9187305525e-02
6.6409514536e-01 -3.9234650040e-02
6.6358875024e-01 -3.9281957151e-02
6.6308235163e-01 -3.9329226824e-02
6.6257594952e-01 -3.9376459027e-02
6.6206954392e-01 -3.9423653725e-02
6.6156313481e-01 -3.9470810887e-02
6.6105672222e-01 -3.9517930478e-02
6.6055030612e-01 -3.9565012466e-02
6.6004388653e-01 -3.9612056817e-02
6.5953746344e-01 -3.9659063499e-02
6.5903103685e-01 -3.9706032477e-02
6.5852460676e-01 -3.9752963720e-02
6.5801817317e-01 -3.9799857193e-02
6.5751173609e-01 -3.9846712863e-02
6.5700529550e-01 -3.9893530698e-02
6.5649885142e-01 -3.9940310663e-02
6.5599240383e-01 -3.9987052727e-02
6.5548595275e-01 -4.0033756855e-02
6.5497949816e-01 -4.0080423015e-02
6.5447304008e-01 -4.0127051173e-02
6.5396657849e-01 -4.0173641296e-02
6.5346011341e-01 -4.0220193352e-02
6.5295364482e-01 -4.0266707306e-02
6.5244717273e-01 -4.0313183125e-02
6.5194069714e-01 -4.0359620777e-02
6.5143421804e-01 -4.0406020228e-02
6.5092773545e-01 -4.0452381445e-02
6.5042124935e-01 -4.0498704395e-02
6.4991475975e-01 -4.0544989045e-02
6.4940826664e-01 -4.0591235361e-02
6.4890177004e-01 -4.0637443311e-02
6.4839526993e-01 -4.0683612860e-02
6.4788876631e-01 -4.0729743977e-02
6.4738225919e-01 -4.0775836626e-02
6.4687574857e-01 -4.0821890768e-02
6.4636923444e-01 -4.0867906365e-02
6.4586271680e-01 -4.0913883377e-02
6.4535619566e-01 -4.0959821765e-02
6.4484967102e-01 -4.1005721489e-02
6.4434314286e-01 -4.1051582510e-02
6.4383661120e-01 -4.1097404788e-02
6.4333007603e-01 -4.1143188283e-02
6.4282353736e-01 -4.1188932958e-02
6.4231699517e-01 -4.1234638771e-02
6.4181044948e-01 -4.1280305684e-02
6.4130390027e-01 -4.1325933657e-02
6.4079734756e-01 -4.1371522651e-02
6.4029079133e-01 -4.1417072626e-02
6.3978423160e-01 -4.1462583543e-02
6.3927766835e-01 -4.1508055363e-02
6.3877110160e-01 -4.1553488046e-02
6.3826453133e-01 -4.1598881552e-02
6.3775795754e-01 -4.1644235843e-02
6.3725138025e-01 -4.1689550879e-02
6.3674479944e-01 -4.1734826620e-02
6.3623821512e-01 -4.1780063027e-02
6.3573162728e-01 -4.1825260060e-02
6.3522503593e-01 -4.1870417681e-02
6.3471844106e-01 -4.1915535849e-02
6.3421184268e-01 -4.1960614526e-02
6.3370524078e-01 -4.2005653671e-02
6.3319863537e-01 -4.2050653246e-02
6.3269202644e-01 -4.2095613211e-02
6.3218541399e-01 -4.2140533527e-02
6.3167879802e-01 -4.2185414153e-02
6.3117217853e-01 -4.2230255052e-02
6.3066555553e-01 -4.2275056183e-02
6.3015892901e-01 -4.2319817506e-02
6.2965229896e-01 -4.2364538984e-02
6.2914566540e-01 -4.2409220575e-02
6.2863902832e-01 -4.2453862241e-02
6.2813238771e-01 -4.2498463942e-02
6.2762574359e-01 -4.2543025639e-02
6.2711909594e-01 -4.2587547292e-02
6.2661244477e-01 -4.2632028863e-02
6.2610579008e-01 -4.2676470310e-02
6.2559913186e-01 -4.2720871596e-02
6.2509247013e-01 -4.2765232681e-02
6.2458580486e-01 -4.2809553525e-02
6.2407913608e-01 -4.2853834089e-02
6.2357246376e-01 -4.2898074332e-02
6.2306578793e-01 -4.2942274210e-02
6.2255910856e-01 -4.2986433675e-02
6.2205242567e-01 -4.3030552679e-02
6.2154573925e-01 -4.3074631174e-02
6.2103904931e-01 -4.3118669113e-02
6.2053235583e-01 -4.3162666447e-02
6.2002565883e-01 -4.3206623129e-02
6.1951895829e-01 -4.3250539112e-02
6.1901225423e-01 -4.3294414346e-02
6.1850554663e-01 -4.3338248785e-02
6.1799883550e-01 -4.3382042381e-02
6.1749212084e-01 -4.3425795085e-02
6.1698540264e-01 -4.3469506851e-02
6.1647868091e-01 -4.3513177630e-02
6.1597195565e-01 -4.3556807375e-02
6.1546522684e-01 -4.3600396037e-02
6.1495849451e-01 -4.3643943569e-02
6.1445175863e-01 -4.3687449924e-02
6.1394501922e-01 -4.3730915053e-02
6.1343827627e-01 -4.3774338908e-02
6.1293152978e-01 -4.3817721442e-02
6.1242477975e-01 -4.3861062608e-02
6.1191802618e-01 -4.3904362356e-02
6.1141126907e-01 -4.3947620640e-02
6.1090450842e-01 -4.3990837412e-02
6.1039774423e-01 -4.4034012623e-02
6.0989097649e-01 -4.4077146226e-02
6.0938420521e-01 -4.4120238174e-02
6.0887743039e-01 -4.4163288418e-02
6.0837065202e-01 -4.4206296911e-02
6.0786387010e-01 -4.4249263605e-02
6.0735708464e-01 -4.4292188452e-02
6.0685029563e-01 -4.4335071404e-02
6.0634350307e-01 -4.4377912414e-02
6.0583670696e-01 -4.4420711433e-02
6.0532990731e-01 -4.4463468414e-02
6.0482310411e-01 -4.4506183310e-02
6.0431629735e-01 -4.4548856072e-02
6.0380948704e-01 -4.4591486652e-02
6.0330267319e-01 -4.4634075003e-02
6.0279585578e-01 -4.4676621078e-02
6.0228903481e-01 -4.4719124827e-02
6.0178221029e-01 -4.4761586204e-02
6.0127538222e-01 -4.4804005160e-02
6.0076855060e-01 -4.4846381649e-02
6.0026171541e-01 -4.4888715621e-02
5.9975487667e-01 -4.4931007029e-02
5.9924803438e-01 -4.4973255826e-02
5.9874118852e-01 -4.5015461957e-02
5.9823433911e-01 -4.5057625367e-02
5.9772748614e-01 -4.5099746002e-02
5.9722062960e-01 -4.5141823807e-02
5.9671376951e-01 -4.5183858726e-02
5.9620690586e-01 -4.5225850704e-02
5.9570003864e-01 -4.5267799688e-02
5.9519316786e-01 -4.5309705621e-02
5.9468629352e-01 -4.5351568448e-02
5.9417941562e-01 -4.5393388116e-02
5.9367253415e-01 -4.5435164568e-02
5.9316564912e-01 -4.5476897749e-02
5.9265876052e-01 -4.5518587605e-02
5.9215186835e-01 -4.5560234081e-02
5.9164497262e-01 -4.5601837122e-02
5.9113807332e-01 -4.5643396672e-02
5.9063117045e-01 -4.5684912677e-02
5.9012426401e-01 -4.5726385082e-02
5.8961735400e-01 -4.5767813831e-02
5.8911044043e-01 -4.5809198871e-02
5.8860352328e-01 -4.5850540144e-02
5.8809660256e-01 -4.5891837598e-02
5.8758967827e-01 -4.5933091176e-02
5.8708275040e-01 -4.5974300825e-02
5.8657581896e-01 -4.6015466487e-02
5.8606888395e-01 -4.6056588110e-02
5.8556194536e-01 -4.6097665638e-02
5.8505500320e-01 -4.6138699015e-02
5.8454805746e-01 -4.6179688187e-02
5.8404110815e-01 -4.6220633099e-02
5.8353415525e-01 -4.6261533695e-02
5.8302719878e-01 -4.6302389922e-02
5.8252023873e-01 -4.6343201723e-02
5.8201327510e-01 -4.6383969045e-02
5.8150630789e-01 -4.6424691831e-02
5.8099933710e-01 -4.6465370027e-02
5.8049236273e-01 -4.6506003577e-02
5.7998538478e-01 -4.6546592428e-02
5.7947840325e-01 -4.6587136524e-02
5.7897141813e-01 -4.6627635809e-02
5.7846442942e-01 -4.6668090230e-02
5.7795743714e-01 -4.6708499730e-02
5.7745044127e-01 -4.6748864255e-02
5.7694344181e-01 -4.6789183750e-02
5.7643643876e-01 -4.6829458160e-02
5.7592943213e-01 -4.6869687430e-02
5.7542242191e-01 -4.6909871505e-02
5.7491540810e-01 -4.6950010330e-02
5.7440839071e-01 -4.6990103846e-02
5.7390136972e-01 -4.7030151988e-02
5.7339434514e-01 -4.7070154694e-02
5.7288731698e-01 -4.7110111898e-02
5.7238028522e-01 -4.7150023538e-02
5.7187324987e-01 -4.7189889549e-02
5.7136621092e-01 -4.7229709868e-02
5.7085916839e-01 -4.7269484430e-02
5.7035212226e-01 -4.7309213172e-02
5.6984507253e-01 -4.7348896030e-02
5.6933801921e-01 -4.7388532939e-02
5.6883096230e-01 -4.7428123836e-02
5.6832390179e-01 -4.7467668658e-02
5.6781683768e-01 -4.7507167339e-02
5.6730976997e-01 -4.7546619817e-02
5.6680269867e-01 -4.7586026027e-02
5.6629562377e-01 -4.7625385905e-02
5.6578854527e-01 -4.7664699388e-02
5.6528146317e-01 -4.7703966412e-02
5.6477437747e-01 -4.7743186912e-02
5.6426728817e-01 -4.7782360825e-02
5.6376019527e-01 -4.7821488088e-02
5.6325309877e-01 -4.7860568635e-02
5.6274599866e-01 -4.7899602403e-02
5.6223889495e-01 -4.7938589328e-02
5.6173178764e-01 -4.7977529347e-02
5.6122467672e-01 -4.8016422395e-02
5.6071756220e-01 -4.8055268409e-02
5.6021044408e-01 -4.8094067324e-02
5.5970332234e-01 -4.8132819077e-02
5.5919619700e-01 -4.8171523604e-02
5.5868906806e-01 -4.8210180841e-02
5.5818193550e-01 -4.8248790723e-02
5.5767479934e-01 -4.8287353188e-02
5.5716765957e-01 -4.8325868171e-02
5.5666051619e-01 -4.8364335608e-02
5.5615336920e-01 -4.8402755436e-02
5.5564621860e-01 -4.8441127590e-02
5.5513906439e-01 -4.8479452007e-02
5.5463190656e-01 -4.8517728623e-02
5.5412474513e-01 -4.8555957373e-02
5.5361758008e-01 -4.8594138194e-02
5.5311041141e-01 -4.8632271022e-02
5.5260323914e-01 -4.8670355793e-02
5.5209606325e-01 -4.8708392444e-02
5.5158888374e-01 -4.8746380910e-02
5.5108170062e-01 -4.8784321127e-02
5.5057451388e-01 -4.8822213031e-02
5.5006732352e-01 -4.8860056559e-02
5.4956012955e-01 -4.8897851639e-02
5.4905293196e-01 -4.8935598200e-02
5.4854573075e-01 -4.8973296169e-02
5.4803852592e-01 -4.9010945473e-02
5.4753131747e-01 -4.9048546039e-02
5.4702410541e-01 -4.9086097795e-02
5.4651688973e-01 -4.9123600668e-02
5.4600967042e-01 -4.9161054585e-02
5.4550244750e-01 -4.9198459474e-02
5.4499522096e-01 -4.9235815262e-02
5.4448799079e-01 -4.9273121876e-02
5.4398075701e-01 -4.9310379243e-02
5.4347351961e-01 -4.9347587292e-02
5.4296627858e-01 -4.9384745949e-02
5.4245903394e-01 -4.9421855141e-02
5.4195178567e-01 -4.9458914796e-02
5.4144453378e-01 -4.9495924842e-02
5.4093727827e-01 -4.9532885205e-02
5.4043001913e-01 -4.9569795813e-02
5.3992275637e-01 -4.9606656593e-02
5.3941548999e-01 -4.9643467472e-02
5.3890821999e-01 -4.9680228378e-02
5.3840094636e-01 -4.9716939238e-02
5.3789366911e-01 -4.9753599980e-02
5.3738638824e-01 -4.9790210531e-02
5.3687910374e-01 -4.9826770817e-02
5.3637181561e-01 -4.9863280767e-02
5.3586452386e-01 -4.9899740308e-02
5.3535722849e-01 -4.9936149366e-02
5.3484992948e-01 -4.9972507870e-02
5.3434262686e-01 -5.0008815747e-02
5.3383532061e-01 -5.0045072923e-02
5.3332801073e-01 -5.0081279327e-02
5.3282069722e-01 -5.0117434886e-02
5.3231338009e-01 -5.0153539526e-02
5.3180605933e-01 -5.0189593176e-02
5.3129873494e-01 -5.0225595762e-02
5.3079140692e-01 -5.0261547212e-02
5.3028407528e-01 -5.0297447453e-02
5.2977674001e-01 -5.0333296413e-02
5.2926940110e-01 -5.0369094018e-02
5.2876205857e-01 -5.0404840197e-02
5.2825471241e-01 -5.0440534876e-02
5.2774736263e-01 -5.0476177983e-02
5.2724000921e-01 -5.0511769446e-02
5.2673265216e-01 -5.0547309190e-02
5.2622529148e-01 -5.0582797144e-02
5.2571792717e-01 -5.0618233236e-02
5.2521055923e-01 -5.0653617390e-02
5.2470318765e-01 -5.0688949528e-02
5.2419581245e-01 -5.0724229563e-02
5.2368843362e-01 -5.0759457414e-02
5.2318105115e-01 -5.0794632997e-02
5.2267366506e-01 -5.0829756227e-02
5.2216627533e-01 -5.0864827021e-02
5.2165888198e-01 -5.0899845295e-02
5.2115148499e-01 -5.0934810967e-02
5.2064408437e-01 -5.0969723951e-02
5.2013668013e-01 -5.1004584165e-02
5.1962927225e-01 -5.1039391525e-02
5.1912186075e-01 -5.1074145947e-02
5.1861444561e-01 -5.1108847347e-02
5.1810702685e-01 -5.1143495642e-02
5.1759960446e-01 -5.1178090749e-02
5.1709217844e-01 -5.1212632582e-02
5.1658474879e-01 -5.1247121060e-02
5.1607731551e-01 -5.1281556098e-02
5.1556987860e-01 -5.1315937612e-02
5.1506243806e-01 -5.1350265519e-02
5.1455499390e-01 -5.1384539736e-02
5.1404754610e-01 -5.1418760177e-02
5.1354009468e-01 -5.1452926761e-02
5.1303263963e-01 -5.1487039403e-02
5.1252518095e-01 -5.1521098019e-02
5.1201771865e-01 -5.1555102526e-02
5.1151025271e-01 -5.1589052841e-02
5.1100278315e-01 -5.1622948879e-02
5.1049530996e-01 -5.1656790557e-02
5.0998783315e-01 -5.1690577791e-02
5.0948035271e-01 -5.1724310498e-02
5.0897286864e-01 -5.1757988593e-02
5.0846538094e-01 -5.1791611994e-02
5.0795788961e-01 -5.1825180616e-02
5.0745039466e-01 -5.1858694377e-02
5.0694289609e-01 -5.1892153191e-02
5.0643539388e-01 -5.1925556976e-02
5.0592788805e-01 -5.1958905648e-02
5.0542037860e-01 -5.1992199124e-02
5.0491286551e-01 -5.2025437319e-02
5.0440534881e-01 -5.2058620150e-02
5.0389782847e-01 -5.2091747533e-02
5.0339030451e-01 -5.2124819385e-02
5.0288277693e-01 -5.2157835621e-02
5.0237524572e-01 -5.2190796159e-02
5.0186771088e-01 -5.2223700915e-02
5.0136017242e-01 -5.2256549805e-02
5.0085263033e-01 -5.2289342745e-02
5.0034508462e-01 -5.2322079650e-02
4.9983753529e-01 -5.2354760430e-02
4.9932998233e-01 -5.2387384989e-02
4.9882242575e-01 -5.2419953236e-02
4.9831486554e-01 -5.2452465075e-02
4.9780730172e-01 -5.2484920413e-02
4.9729973428e-01 -5.2517319157e-02
4.9679216322e-01 -5.2549661212e-02
4.9628458854e-01 -5.2581946486e-02
4.9577701024e-01 -5.2614174883e-02
4.9526942833e-01 -5.2646346311e-02
4.9476184281e-01 -5.2678460676e-02
4.9425425366e-01 -5.2710517884e-02
4.9374666091e-01 -5.2742517842e-02
4.9323906454e-01 -5.2774460455e-02
4.9273146457e-01 -5.2806345629e-02
4.9222386098e-01 -5.2838173272e-02
4.9171625378e-01 -5.2869943290e-02
4.9120864298e-01 -5.2901655588e-02
4.9070102856e-01 -5.2933310073e-02
4.9019341054e-01 -5.2964906652e-02
4.8968578891e-01 -5.2996445230e-02
4.8917816368e-01 -5.3027925714e-02
4.8867053485e-01 -5.3059348010e-02
4.8816290241e-01 -5.3090712025e-02
4.8765526637e-01 -5.3122017664e-02
4.8714762672e-01 -5.3153264834e-02
4.8663998348e-01 -5.3184453442e-02
4.8613233664e-01 -5.3215583392e-02
4.8562468620e-01 -5.3246654593e-02
4.8511703216e-01 -5.3277666950e-02
4.8460937452e-01 -5.3308620369e-02
4.8410171329e-01 -5.3339514757e-02
4.8359404847e-01 -5.3370350020e-02
4.8308638005e-01 -5.3401126063e-02
4.8257870803e-01 -5.3431842795e-02
4.8207103243e-01 -5.3462500120e-02
4.8156335323e-01 -5.3493097945e-02
4.8105567044e-01 -5.3523636176e-02
4.8054798406e-01 -5.3554114720e-02
4.8004029410e-01 -5.3584533483e-02
4.7953260054e-01 -5.3614892371e-02
4.7902490340e-01 -5.3645191290e-02
4.7851720268e-01 -5.3675430148e-02
4.7800949837e-01 -5.3705608849e-02
4.7750179047e-01 -5.3735727300e-02
4.7699407899e-01 -5.3765785408e-02
4.7648636393e-01 -5.3795783078e-02
4.7597864529e-01 -5.3825720218e-02
4.7547092307e-01 -5.3855596731e-02
4.7496319727e-01 -5.3885412511e-02
4.7445546789e-01 -5.3915167454e-02
4.7394773494e-01 -5.3944861451e-02
4.7343999842e-01 -5.3974494397e-02
4.7293225832e-01 -5.4004066183e-02
4.7242451466e-01 -5.4033576704e-02
4.7191676743e-01 -5.4063025853e-02
4.7140901663e-01 -5.4092413522e-02
4.7090126227e-01 -5.4121739606e-02
4.7039350435e-01 -5.4151003998e-02
4.6988574287e-01 -5.4180206590e-02
4.6937797783e-01 -5.4209347275e-02
4.6887020923e-01 -5.4238425948e-02
4.6836243708e-01 -5.4267442502e-02
4.6785466138e-01 -5.4296396829e-02
4.6734688213e-01 -5.4325288823e-02
4.6683909933e-01 -5.4354118377e-02
4.6633131299e-01 -5.4382885384e-02
4.6582352310e-01 -5.4411589738e-02
4.6531572967e-01 -5.4440231332e-02
4.6480793269e-01 -5.4468810059e-02
4.6430013218e-01 -5.4497325812e-02
4.6379232814e-01 -5.4525778485e-02
4.6328452055e-01 -5.4554167970e-02
4.6277670944e-01 -5.4582494162e-02
4.6226889479e-01 -5.4610756952e-02
4.6176107661e-01 -5.4638956236e-02
4.6125325491e-01 -5.4667091905e-02
4.6074542968e-01 -5.4695163853e-02
4.6023760092e-01 -5.4723171973e-02
4.5972976865e-01 -5.4751116158e-02
4.5922193285e-01 -5.4778996303e-02
4.5871409354e-01 -5.4806812299e-02
4.5820625071e-01 -5.4834564040e-02
4.5769840437e-01 -5.4862251420e-02
4.5719055451e-01 -5.4889874331e-02
4.5668270115e-01 -5.4917432667e-02
4.5617484427e-01 -5.4944926322e-02
4.5566698389e-01 -5.4972355188e-02
4.5515912001e-01 -5.4999719158e-02
4.5465125262e-01 -5.5027018126e-02
4.5414338173e-01 -5.5054251985e-02
4.5363550734e-01 -5.5081420629e-02
4.5312762946e-01 -5.5108523950e-02
4.5261974808e-01 -5.5135561842e-02
4.5211186320e-01 -5.5162534198e-02
4.5160397484e-01 -5.5189440911e-02
4.5109608298e-01 -5.5216281875e-02
4.5058818764e-01 -5.5243056977e-02
4.5008028882e-01 -5.5269766098e-02
4.4957238651e-01 -5.5296409119e-02
4.4906448073e-01 -5.5322985920e-02
4.4855657147e-01 -5.5349496381e-02
4.4804865874e-01 -5.5375940383e-02
4.4754074255e-01 -5.5402317806e-02
4.4703282289e-01 -5.5428628530e-02
4.4652489977e-01 -5.5454872437e-02
4.4601697320e-01 -5.5481049405e-02
4.4550904317e-01 -5.5507159316e-02
4.4500110969e-01 -5.5533202050e-02
4.4449317276e-01 -5.5559177487e-02
4.4398523239e-01 -5.5585085508e-02
4.4347728858e-01 -5.5610925992e-02
4.4296934133e-01 -5.5636698821e-02
4.4246139065e-01 -5.5662403875e-02
4.4195343654e-01 -5.5688041034e-02
4.4144547900e-01 -5.5713610178e-02
4.4093751804e-01 -5.5739111187e-02
4.4042955365e-01 -5.5764543943e-02
4.3992158585e-01 -5.5789908326e-02
4.3941361464e-01 -5.5815204215e-02
4.3890564002e-01 -5.5840431491e-02
4.3839766199e-01 -5.5865590035e-02
4.3788968055e-01 -5.5890679727e-02
4.3738169572e-01 -5.5915700447e-02
4.3687370748e-01 -5.5940652076e-02
4.3636571586e-01 -5.5965534494e-02
4.3585772084e-01 -5.5990347581e-02
4.3534972244e-01 -5.6015091218e-02
4.3484172066e-01 -5.6039765285e-02
4.3433371549e-01 -5.6064369662e-02
4.3382570695e-01 -5.6088904230e-02
4.3331769503e-01 -5.6113368870e-02
4.3280967974e-01 -5.6137763461e-02
4.3230166109e-01 -5.6162087883e-02
4.3179363907e-01 -5.6186342018e-02
4.3128561370e-01 -5.6210525746e-02
4.3077758496e-01 -5.6234638946e-02
4.3026955288e-01 -5.6258681500e-02
4.2976151744e-01 -5.6282653287e-02
4.2925347865e-01 -5.6306554189e-02
4.2874543652e-01 -5.6330384084e-02
4.2823739106e-01 -5.6354142855e-02
4.2772934225e-01 -5.6377830381e-02
4.2722129011e-01 -5.6401446542e-02
4.2671323464e-01 -5.6424991219e-02
4.2620517585e-01 -5.6448464289e-02
4.2569711373e-01 -5.6471865617e-02
4.2518904830e-01 -5.6495195068e-02
4.2468097956e-01 -5.6518452506e-02
4.2417290751e-01 -5.6541637794e-02
4.2366483216e-01 -5.6564750797e-02
4.2315675351e-01 -5.6587791378e-02
4.2264867157e-01 -5.6610759401e-02
4.2214058635e-01 -5.6633654729e-02
4.2163249785e-01 -5.6656477228e-02
4.2112440607e-01 -5.6679226761e-02
4.2061631103e-01 -5.6701903191e-02
4.2010821271e-01 -5.6724506382e-02
4.1960011114e-01 -5.6747036199e-02
4.1909200632e-01 -5.6769492505e-02
4.1858389824e-01 -5.6791875165e-02
4.1807578693e-01 -5.6814184041e-02
4.1756767237e-01 -5.6836418999e-02
4.1705955458e-01 -5.6858579901e-02
4.1655143356e-01 -5.6880666612e-02
4.1604330932e-01 -5.6902678995e-02
4.1553518186e-01 -5.6924616915e-02
4.1502705119e-01 -5.6946480235e-02
4.1451891731e-01 -5.6968268819e-02
4.1401078022e-01 -5.6989982532e-02
4.1350263994e-01 -5.7011621236e-02
4.1299449647e-01 -5.7033184797e-02
4.1248634981e-01 -5.7054673077e-02
4.1197819997e-01 -5.7076085940e-02
4.1147004695e-01 -5.7097423252e-02
4.1096189076e-01 -5.7118684874e-02
4.1045373140e-01 -5.7139870672e-02
4.0994556889e-01 -5.7160980509e-02
4.0943740321e-01 -5.7182014249e-02
4.0892923439e-01 -5.7202971756e-02
4.0842106242e-01 -5.7223852894e-02
4.0791288731e-01 -5.7244657527e-02
4.0740470906e-01 -5.7265385518e-02
4.0689652769e-01 -5.7286036731e-02
4.0638834319e-01 -5.7306611031e-02
4.0588015557e-01 -5.7327108281e-02
4.0537196483e-01 -5.7347528345e-02
4.0486377099e-01 -5.7367871087e-02
4.0435557404e-01 -5.7388136371e-02
4.0384737399e-01 -5.7408324061e-02
4.0333917085e-01 -5.7428434021e-02
4.0283096462e-01 -5.7448466113e-02
4.0232275530e-01 -5.7468420204e-02
4.0181454291e-01 -5.7488296150e-02
4.0130632745e-01 -5.7508093800e-02
4.0079810892e-01 -5.7527813001e-02
4.0028988734e-01 -5.7547453601e-02
3.9978166272e-01 -5.7567015446e-02
3.9927343505e-01 -5.7586498385e-02
3.9876520435e-01 -5.7605902263e-02
3.9825697063e-01 -5.7625226927e-02
3.9774873389e-01 -5.7644472227e-02
3.9724049415e-01 -5.7663638007e-02
3.9673225140e-01 -5.7682724116e-02
3.9622400566e-01 -5.7701730401e-02
3.9571575693e-01 -5.7720656708e-02
3.9520750522e-01 -5.7739502886e-02
3.9469925055e-01 -5.7758268781e-02
3.9419099291e-01 -5.7776954239e-02
3.9368273232e-01 -5.7795559110e-02
3.9317446878e-01 -5.7814083239e-02
3.9266620230e-01 -5.7832526474e-02
3.9215793288e-01 -5.7850888661e-02
3.9164966055e-01 -5.7869169649e-02
3.9114138529e-01 -5.7887369284e-02
3.9063310713e-01 -5.7905487413e-02
3.9012482607e-01 -5.7923523884e-02
3.8961654211e-01 -5.7941478544e-02
3.8910825527e-01 -5.7959351239e-02
3.8859996555e-01 -5.7977141818e-02
3.8809167296e-01 -5.7994850127e-02
3.8758337750e-01 -5.8012476013e-02
3.8707507919e-01 -5.8030019323e-02
3.8656677804e-01 -5.8047479905e-02
3.8605847404e-01 -5.8064857606e-02
3.8555016721e-01 -5.8082152273e-02
3.8504185756e-01 -5.8099363753e-02
3.8453354509e-01 -5.8116491894e-02
3.8402522981e-01 -5.8133536542e-02
3.8351691172e-01 -5.8150497544e-02
3.8300859085e-01 -5.8167374748e-02
3.8250026719e-01 -5.8184168001e-02
3.8199194075e-01 -5.8200877150e-02
3.8148361154e-01 -5.8217502043e-02
3.8097527956e-01 -5.8234042526e-02
3.8046694483e-01 -5.8250498446e-02
3.7995860736e-01 -5.8266869651e-02
3.7945026714e-01 -5.8283155988e-02
3.7894192419e-01 -5.8299357304e-02
3.7843357852e-01 -5.8315473446e-02
3.7792523012e-01 -5.8331504257e-02
3.7741687903e-01 -5.8347449568e-02
3.7690852524e-01 -5.8363309205e-02
3.7640016876e-01 -5.8379082995e-02
3.7589180961e-01 -5.8394770765e-02
3.7538344780e-01 -5.8410372341e-02
3.7487508333e-01 -5.8425887551e-02
3.7436671623e-01 -5.8441316222e-02
3.7385834649e-01 -5.8456658180e-02
3.7334997414e-01 -5.8471913253e-02
3.7284159918e-01 -5.8487081267e-02
3.7233322162e-01 -5.8502162049e-02
3.7182484147e-01 -5.8517155426e-02
3.7131645875e-01 -5.8532061224e-02
3.7080807346e-01 -5.8546879272e-02
3.7029968562e-01 -5.8561609395e-02
3.6979129524e-01 -5.8576251421e-02
3.6928290232e-01 -5.8590805176e-02
3.6877450688e-01 -5.8605270487e-02
3.6826610893e-01 -5.8619647182e-02
3.6775770849e-01 -5.8633935087e-02
3.6724930555e-01 -5.8648134028e-02
3.6674090014e-01 -5.8662243834e-02
3.6623249225e-01 -5.8676264330e-02
3.6572408192e-01 -5.8690195344e-02
3.6521566913e-01 -5.8704036702e-02
3.6470725392e-01 -5.8717788232e-02
3.6419883628e-01 -5.8731449760e-02
3.6369041622e-01 -5.8745021113e-02
3.6318199377e-01 -5.8758502118e-02
3.6267356892e-01 -5.8771892602e-02
3.6216514169e-01 -5.8785192392e-02
3.6165671210e-01 -5.8798401315e-02
3.6114828014e-01 -5.8811519197e-02
3.6063984584e-01 -5.8824545866e-02
3.6013140920e-01 -5.8837481148e-02
3.5962297024e-01 -5.8850324870e-02
3.5911452896e-01 -5.8863076860e-02
3.5860608537e-01 -5.8875736943e-02
3.5809763950e-01 -5.8888304948e-02
3.5758919134e-01 -5.8900780700e-02
3.5708074091e-01 -5.8913164027e-02
3.5657228822e-01 -5.8925454755e-02
3.5606383328e-01 -5.8937652712e-02
3.5555537610e-01 -5.8949757724e-02
3.5504691669e-01 -5.8961769618e-02
3.5453845506e-01 -5.8973688221e-02
3.5402999124e-01 -5.8985513346e-02
3.5352152522e-01 -5.8997244795e-02
3.5301305703e-01 -5.9008882372e-02
3.5250458668e-01 -5.9020425878e-02
3.5199611418e-01 -5.9031875116e-02
3.5148763956e-01 -5.9043229888e-02
3.5097916282e-01 -5.9054489998e-02
3.5047068398e-01 -5.9065655246e-02
3.4996220306e-01 -5.9076725436e-02
3.4945372007e-01 -5.9087700371e-02
3.4894523503e-01 -5.9098579852e-02
3.4843674794e-01 -5.9109363682e-02
3.4792825883e-01 -5.9120051664e-02
3.4741976772e-01 -5.9130643599e-02
3.4691127461e-01 -5.9141139291e-02
3.4640277952e-01 -5.9151538542e-02
3.4589428246e-01 -5.9161841154e-02
3.4538578346e-01 -5.9172046929e-02
3.4487728252e-01 -5.9182155671e-02
3.4436877966e-01 -5.9192167181e-02
3.4386027490e-01 -5.9202081262e-02
3.4335176825e-01 -5.9211897717e-02
3.4284325972e-01 -5.9221616347e-02
3.4233474934e-01 -5.9231236956e-02
3.4182623711e-01 -5.9240759345e-02
3.4131772305e-01 -5.9250183317e-02
3.4080920718e-01 -5.9259508675e-02
3.4030068950e-01 -5.9268735221e-02
3.3979217005e-01 -5.9277862758e-02
3.3928364882e-01 -5.9286891087e-02
3.3877512584e-01 -5.9295820012e-02
3.3826660112e-01 -5.9304649334e-02
3.3775807467e-01 -5.9313378857e-02
3.3724954652e-01 -5.9322008382e-02
3.3674101667e-01 -5.9330537713e-02
3.3623248514e-01 -5.9338966651e-02
3.3572395195e-01 -5.9347294998e-02
3.3521541711e-01 -5.9355522559e-02
3.3470688063e-01 -5.9363649134e-02
3.3419834253e-01 -5.9371674526e-02
3.3368980283e-01 -5.9379598538e-02
3.3318126154e-01 -5.9387420972e-02
3.3267271867e-01 -5.9395141630e-02
3.3216417425e-01 -5.9402760316e-02
3.3165562828e-01 -5.9410276831e-02
3.3114708078e-01 -5.9417690974e-02
3.3063853177e-01 -5.9425002526e-02
3.3012998127e-01 -5.9432211262e-02
3.2962142930e-01 -5.9439316956e-02
3.2911287588e-01 -5.9446319383e-02
3.2860432104e-01 -5.9453218317e-02
3.2809576479e-01 -5.9460013534e-02
3.2758720714e-01 -5.9466704807e-02
3.2707864813e-01 -5.9473291913e-02
3.2657008778e-01 -5.9479774625e-02
3.2606152610e-01 -5.9486152718e-02
3.2555296311e-01 -5.9492425967e-02
3.2504439883e-01 -5.9498594147e-02
3.2453583329e-01 -5.9504657032e-02
3.2402726650e-01 -5.9510614398e-02
3.2351869849e-01 -5.9516466017e-02
3.2301012928e-01 -5.9522211667e-02
3.2250155887e-01 -5.9527851120e-02
3.2199298731e-01 -5.9533384153e-02
3.2148441460e-01 -5.9538810539e-02
3.2097584077e-01 -5.9544130053e-02
3.2046726583e-01 -5.9549342470e-02
3.1995868981e-01 -5.9554447566e-02
3.1945011273e-01 -5.9559445113e-02
3.1894153461e-01 -5.9564334888e-02
3.1843295546e-01 -5.9569116664e-02
3.1792437532e-01 -5.9573790217e-02
3.1741579419e-01 -5.9578355322e-02
3.1690721210e-01 -5.9582811752e-02
3.1639862907e-01 -5.9587159283e-02
3.1589004512e-01 -5.9591397690e-02
3.1538146027e-01 -5.9595526746e-02
3.1487287455e-01 -5.9599546228e-02
3.1436428796e-01 -5.9603455909e-02
3.1385570053e-01 -5.9607255564e-02
3.1334711229e-01 -5.9610944968e-02
3.1283852325e-01 -5.9614523896e-02
3.1232993342e-01 -5.9617992122e-02
3.1182134285e-01 -5.9621349422e-02
3.1131275153e-01 -5.9624595569e-02
3.1080415950e-01 -5.9627730339e-02
3.1029556677e-01 -5.9630753506e-02
3.0978697337e-01 -5.9633664845e-02
3.0927837931e-01 -5.9636464130e-02
3.0876978461e-01 -5.9639151137e-02
3.0826118930e-01 -5.9641725630e-02
3.0775259341e-01 -5.9644187353e-02
3.0724399695e-01 -5.9646536047e-02
3.0673539997e-01 -5.9648771454e-02
3.0622680248e-01 -5.9650893315e-02
3.0571820451e-01 -5.9652901373e-02
3.0520960609e-01 -5.9654795368e-02
3.0470100725e-01 -5.9656575043e-02
3.0419240801e-01 -5.9658240138e-02
3.0368380841e-01 -5.9659790395e-02
3.0317520846e-01 -5.9661225557e-02
3.0266660820e-01 -5.9662545363e-02
3.0215800765e-01 -5.9663749556e-02
3.0164940685e-01 -5.9664837878e-02
3.0114080581e-01 -5.9665810070e-02
3.0063220456e-01 -5.9666665873e-02
3.0012360314e-01 -5.9667405029e-02
2.9961500157e-01 -5.9668027280e-02
2.9910639987e-01 -5.9668532366e-02
2.9859779808e-01 -5.9668920031e-02
2.9808919622e-01 -5.9669190014e-02
2.9758059432e-01 -5.9669342059e-02
2.9707199240e-01 -5.9669375905e-02
2.9656339050e-01 -5.9669291296e-02
2.9605478863e-01 -5.9669087971e-02
2.9554618683e-01 -5.9668765674e-02
2.9503758513e-01 -5.9668324145e-02
2.9452898355e-01 -5.9667763126e-02
2.9402038212e-01 -5.9667082358e-02
2.9351178086e-01 -5.9666281584e-02
2.9300317981e-01 -5.9665360544e-02
2.9249457898e-01 -5.9664318980e-02
2.9198597842e-01 -5.9663156634e-02
2.9147737814e-01 -5.9661873247e-02
2.9096877817e-01 -5.9660468561e-02
2.9046017854e-01 -5.9658942317e-02
2.8995157928e-01 -5.9657294257e-02
2.8944298041e-01 -5.9655524122e-02
2.8893438197e-01 -5.9653631654e-02
2.8842578397e-01 -5.9651616595e-02
2.8791718644e-01 -5.9649478686e-02
2.8740858942e-01 -5.9647217668e-02
2.8689999293e-01 -5.9644833283e-02
2.8639139700e-01 -5.9642325271e-02
2.8588280166e-01 -5.9639693350e-02
2.8537420694e-01 -5.9636937219e-02
2.8486561289e-01 -5.9634056579e-02
2.8435701954e-01 -5.9631051130e-02
2.8384842692e-01 -5.9627920570e-02
2.8333983507e-01 -5.9624664601e-02
2.8283124402e-01 -5.9621282923e-02
2.8232265383e-01 -5.9617775234e-02
2.8181406451e-01 -5.9614141235e-02
2.8130547610e-01 -5.9610380626e-02
2.8079688865e-01 -5.9606493106e-02
2.8028830219e-01 -5.9602478376e-02
2.7977971675e-01 -5.9598336135e-02
2.7927113237e-01 -5.9594066084e-02
2.7876254909e-01 -5.9589667921e-02
2.7825396694e-01 -5.9585141348e-02
2.7774538596e-01 -5.9580486064e-02
2.7723680619e-01 -5.9575701768e-02
2.7672822765e-01 -5.9570788161e-02
2.7621965040e-01 -5.9565744943e-02
2.7571107446e-01 -5.9560571813e-02
2.7520249987e-01 -5.9555268472e-02
2.7469392666e-01 -5.9549834618e-02
2.7418535488e-01 -5.9544269953e-02
2.7367678456e-01 -5.9538574175e-02
2.7316821573e-01 -5.9532746986e-02
2.7265964843e-01 -5.9526788084e-02
2.7215108270e-01 -5.9520697169e-02
2.7164251857e-01 -5.9514473943e-02
2.7113395609e-01 -5.9508118103e-02
2.7062539528e-01 -5.9501629351e-02
2.7011683618e-01 -5.9495007385e-02
2.6960827883e-01 -5.9488251907e-02
2.6909972326e-01 -5.9481362616e-02
2.6859116952e-01 -5.9474339211e-02
2.6808261763e-01 -5.9467181393e-02
2.6757406764e-01 -5.9459888861e-02
2.6706551957e-01 -5.9452461316e-02
2.6655697347e-01 -5.9444898457e-02
2.6604842937e-01 -5.9437199985e-02
2.6553988731e-01 -5.9429365598e-02
2.6503134733e-01 -5.9421394997e-02
2.6452280946e-01 -5.9413287869e-02
2.6401427374e-01 -5.9405043871e-02
2.6350574024e-01 -5.9396662652e-02
2.6299720899e-01 -5.9388143862e-02
2.6248868005e-01 -5.9379487154e-02
2.6198015345e-01 -5.9370692176e-02
2.6147162926e-01 -5.9361758579e-02
2.6096310751e-01 -5.9352686014e-02
2.6045458826e-01 -5.9343474131e-02
2.5994607155e-01 -5.9334122581e-02
2.5943755744e-01 -5.9324631014e-02
2.5892904596e-01 -5.9314999080e-02
2.5842053717e-01 -5.9305226430e-02
2.5791203112e-01 -5.9295312715e-02
2.5740352784e-01 -5.9285257585e-02
2.5689502740e-01 -5.9275060690e-02
2.5638652984e-01 -5.9264721681e-02
2.5587803520e-01 -5.9254240208e-02
2.5536954354e-01 -5.9243615922e-02
2.5486105490e-01 -5.9232848473e-02
2.5435256934e-01 -5.9221937511e-02
2.5384408689e-01 -5.9210882688e-02
2.5333560760e-01 -5.9199683653e-02
2.5282713153e-01 -5.9188340058e-02
2.5231865872e-01 -5.9176851551e-02
2.5181018923e-01 -5.9165217785e-02
2.5130172309e-01 -5.9153438409e-02
2.5079326035e-01 -5.9141513073e-02
2.5028480107e-01 -5.9129441429e-02
2.4977634529e-01 -5.9117223127e-02
2.4926789306e-01 -5.9104857816e-02
2.4875944443e-01 -5.9092345149e-02
2.4825099945e-01 -5.9079684774e-02
2.4774255815e-01 -5.9066876343e-02
2.4723412060e-01 -5.9053919506e-02
2.4672568684e-01 -5.9040813913e-02
2.4621725691e-01 -5.9027559216e-02
2.4570883087e-01 -5.9014155063e-02
2.4520040877e-01 -5.9000601107e-02
2.4469199064e-01 -5.8986896996e-02
2.4418357654e-01 -5.8973042382e-02
2.4367516652e-01 -5.8959036907e-02
2.4316676064e-01 -5.8944880168e-02
2.4265835896e-01 -5.8930571752e-02
2.4214996155e-01 -5.8916111244e-02
2.4164156847e-01 -5.8901498231e-02
2.4113317978e-01 -5.8886732299e-02
2.4062479555e-01 -5.8871813033e-02
2.4011641584e-01 -5.8856740020e-02
2.3960804071e-01 -5.8841512845e-02
2.3909967023e-01 -5.8826131095e-02
2.3859130446e-01 -5.8810594356e-02
2.3808294347e-01 -5.8794902213e-02
2.3757458731e-01 -5.8779054252e-02
2.3706623605e-01 -5.8763050060e-02
2.3655788976e-01 -5.8746889222e-02
2.3604954850e-01 -5.8730571324e-02
2.3554121232e-01 -5.8714095953e-02
2.3503288131e-01 -5.8697462694e-02
2.3452455551e-01 -5.8680671134e-02
2.3401623499e-01 -5.8663720858e-02
2.3350791982e-01 -5.8646611452e-02
2.3299961005e-01 -5.8629342502e-02
2.3249130576e-01 -5.8611913594e-02
2.3198300701e-01 -5.8594324315e-02
2.3147471386e-01 -5.8576574250e-02
2.3096642636e-01 -5.8558662985e-02
2.3045814460e-01 -5.8540590106e-02
2.2994986862e-01 -5.8522355199e-02
2.2944159850e-01 -5.8503957850e-02
2.2893333429e-01 -5.8485397645e-02
2.2842507607e-01 -5.8466674171e-02
2.2791682389e-01 -5.8447787012e-02
2.2740857781e-01 -5.8428735755e-02
2.2690033791e-01 -5.8409519986e-02
2.2639210424e-01 -5.8390139291e-02
2.2588387687e-01 -5.8370593256e-02
2.2537565586e-01 -5.8350881467e-02
2.2486744128e-01 -5.8331003510e-02
2.2435923318e-01 -5.8310958970e-02
2.2385103163e-01 -5.8290747435e-02
2.2334283671e-01 -5.8270368472e-02
2.2283464849e-01 -5.8249821600e-02
2.2232646705e-01 -5.8229106326e-02
2.2181829248e-01 -5.8208222159e-02
2.2131012486e-01 -5.8187168606e-02
2.2080196429e-01 -5.8165945176e-02
2.2029381083e-01 -5.8144551376e-02
2.1978566458e-01 -5.8122986715e-02
2.1927752563e-01 -5.8101250700e-02
2.1876939404e-01 -5.8079342839e-02
2.1826126992e-01 -5.8057262640e-02
2.1775315334e-01 -5.8035009611e-02
2.1724504438e-01 -5.8012583261e-02
2.1673694314e-01 -5.7989983097e-02
2.1622884970e-01 -5.7967208626e-02
2.1572076413e-01 -5.7944259358e-02
2.1521268653e-01 -5.7921134799e-02
2.1470461697e-01 -5.7897834459e-02
2.1419655555e-01 -5.7874357844e-02
2.1368850235e-01 -5.7850704463e-02
2.1318045744e-01 -5.7826873824e-02
2.1267242092e-01 -5.7802865434e-02
2.1216439287e-01 -5.7778678803e-02
2.1165637338e-01 -5.7754313436e-02
2.1114836252e-01 -5.7729768844e-02
2.1064036038e-01 -5.7705044533e-02
2.1013236705e-01 -5.7680140011e-02
2.0962438261e-01 -5.7655054787e-02
2.0911640714e-01 -5.7629788368e-02
2.0860844073e-01 -5.7604340263e-02
2.0810048347e-01 -5.7578709979e-02
2.0759253543e-01 -5.7552897024e-02
2.0708459670e-01 -5.7526900906e-02
2.0657666737e-01 -5.7500721134e-02
2.0606874752e-01 -5.7474357215e-02
2.0556083723e-01 -5.7447808656e-02
2.0505293659e-01 -5.7421074967e-02
2.0454504568e-01 -5.7394155655e-02
2.0403716459e-01 -5.7367050223e-02
2.0352929342e-01 -5.7339758113e-02
2.0302143227e-01 -5.7312278730e-02
2.0251358128e-01 -5.7284611479e-02
2.0200574054e-01 -5.7256755762e-02
2.0149791017e-01 -5.7228710985e-02
2.0099009028e-01 -5.7200476550e-02
2.0048228098e-01 -5.7172051862e-02
1.9997448239e-01 -5.7143436325e-02
1.9946669462e-01 -5.7114629343e-02
1.9895891778e-01 -5.7085630319e-02
1.9845115198e-01 -5.7056438657e-02
1.9794339734e-01 -5.7027053762e-02
1.9743565397e-01 -5.6997475038e-02
1.9692792198e-01 -5.6967701887e-02
1.9642020148e-01 -5.6937733715e-02
1.9591249259e-01 -5.6907569925e-02
1.9540479541e-01 -5.6877209921e-02
1.9489711007e-01 -5.6846653107e-02
1.9438943666e-01 -5.6815898887e-02
1.9388177532e-01 -5.6784946665e-02
1.9337412614e-01 -5.6753795845e-02
1.9286648924e-01 -5.6722445830e-02
1.9235886473e-01 -5.6690896024e-02
1.9185125273e-01 -5.6659145833e-02
1.9134365334e-01 -5.6627194658e-02
1.9083606668e-01 -5.6595041905e-02
1.9032849287e-01 -5.6562686978e-02
1.8982093201e-01 -5.6530129279e-02
1.8931338422e-01 -5.6497368214e-02
1.8880584960e-01 -5.6464403186e-02
1.8829832828e-01 -5.6431233598e-02
1.8779082036e-01 -5.6397858856e-02
1.8728332596e-01 -5.6364278362e-02
1.8677584519e-01 -5.6330491521e-02
1.8626837816e-01 -5.6296497737e-02
1.8576092498e-01 -5.6262296414e-02
1.8525348577e-01 -5.6227886945e-02
1.8474606067e-01 -5.6193268643e-02
1.8423864983e-01 -5.6158440776e-02
1.8373125340e-01 -5.6123402612e-02
1.8322387153e-01 -5.6088153422e-02
1.8271650438e-01 -5.6052692473e-02
1.8220915209e-01 -5.6017019035e-02
1.8170181482e-01 -5.5981132375e-02
1.8119449271e-01 -5.5945031764e-02
1.8068718592e-01 -5.5908716469e-02
1.8017989461e-01 -5.5872185759e-02
1.7967261891e-01 -5.5835438903e-02
1.7916535899e-01 -5.5798475170e-02
1.7865811499e-01 -5.5761293829e-02
1.7815088707e-01 -5.5723894148e-02
1.7764367538e-01 -5.5686275396e-02
1.7713648007e-01 -5.5648436842e-02
1.7662930128e-01 -5.5610377755e-02
1.7612213918e-01 -5.5572097402e-02
1.7561499391e-01 -5.5533595054e-02
1.7510786563e-01 -5.5494869979e-02
1.7460075448e-01 -5.5455921445e-02
1.7409366062e-01 -5.5416748722e-02
1.7358658419e-01 -5.5377351078e-02
1.7307952536e-01 -5.5337727781e-02
1.7257248427e-01 -5.5297878102e-02
1.7206546107e-01 -5.5257801307e-02
1.7155845592e-01 -5.5217496667e-02
1.7105146896e-01 -5.5176963449e-02
1.7054450035e-01 -5.5136200923e-02
1.7003755023e-01 -5.5095208358e-02
1.6953061877e-01 -5.5053985022e-02
1.6902370610e-01 -5.5012530183e-02
1.6851681239e-01 -5.4970843111e-02
1.6800993779e-01 -5.4928923074e-02
1.6750308244e-01 -5.4886769340e-02
1.6699624652e-01 -5.4844381100e-02
1.6648943023e-01 -5.4801757455e-02
1.6598263379e-01 -5.4758897497e-02
1.6547585739e-01 -5.4715800320e-02
1.6496910124e-01 -5.4672465018e-02
1.6446236556e-01 -5.4628890684e-02
1.6395565053e-01 -5.4585076412e-02
1.6344895637e-01 -5.4541021295e-02
1.6294228329e-01 -5.4496724427e-02
1.6243563149e-01 -5.4452184901e-02
1.6192900118e-01 -5.4407401811e-02
1.6142239255e-01 -5.4362374250e-02
1.6091580583e-01 -5.4317101312e-02
1.6040924120e-01 -5.4271582090e-02
1.5990269889e-01 -5.4225815678e-02
1.5939617909e-01 -5.4179801170e-02
1.5888968201e-01 -5.4133537658e-02
1.5838320786e-01 -5.4087024237e-02
1.5787675684e-01 -5.4040259999e-02
1.5737032915e-01 -5.3993244039e-02
1.5686392501e-01 -5.3945975450e-02
1.5635754462e-01 -5.3898453325e-02
1.5585118818e-01 -5.3850676758e-02
1.5534485590e-01 -5.3802644843e-02
1.5483854799e-01 -5.3754356672e-02
1.5433226465e-01 -5.3705811340e-02
1.5382600608e-01 -5.3657007940e-02
1.5331977250e-01 -5.3607945565e-02
1.5281356411e-01 -5.3558623310e-02
1.5230738111e-01 -5.3509040267e-02
1.5180122371e-01 -5.3459195529e-02
1.5129509212e-01 -5.3409088192e-02
1.5078898654e-01 -5.3358717347e-02
1.5028290718e-01 -5.3308082075e-02
1.4977685430e-01 -5.3257181314e-02
1.4927082817e-01 -5.3206013919e-02
1.4876482910e-01 -5.3154578744e-02
1.4825885735e-01 -5.3102874644e-02
1.4775291321e-01 -5.3050900472e-02
1.4724699697e-01 -5.2998655084e-02
1.4674110890e-01 -5.2946137332e-02
1.4623524930e-01 -5.2893346072e-02
1.4572941844e-01 -5.2840280157e-02
1.4522361662e-01 -5.2786938442e-02
1.4471784410e-01 -5.2733319781e-02
1.4421210118e-01 -5.2679423027e-02
1.4370638814e-01 -5.2625247037e-02
1.4320070526e-01 -5.2570790663e-02
1.4269505283e-01 -5.2516052759e-02
1.4218943113e-01 -5.2461032181e-02
1.4168384045e-01 -5.2405727781e-02
1.4117828106e-01 -5.2350138415e-02
1.4067275325e-01 -5.2294262937e-02
1.4016725730e-01 -5.2238100201e-02
1.3966179350e-01 -5.2181649060e-02
1.3915636213e-01 -5.2124908370e-02
1.3865096348e-01 -5.2067876984e-02
1.3814559782e-01 -5.2010553757e-02
1.3764026545e-01 -5.1952937542e-02
1.3713496664e-01 -5.1895027195e-02
1.3662970168e-01 -5.1836821568e-02
1.3612447085e-01 -5.1778319518e-02
1.3561927444e-01 -5.1719519897e-02
1.3511411273e-01 -5.1660421560e-02
1.3460898600e-01 -5.1601023360e-02
1.3410389454e-01 -5.1541324137e-02
1.3359883870e-01 -5.1481322537e-02
1.3309381889e-01 -5.1421017090e-02
1.3258883550e-01 -5.1360406324e-02
1.3208388893e-01 -5.1299488765e-02
1.3157897957e-01 -5.1238262943e-02
1.3107410783e-01 -5.1176727383e-02
1.3056927409e-01 -5.1114880613e-02
1.3006447875e-01 -5.1052721162e-02
1.2955972222e-01 -5.0990247556e-02
1.2905500488e-01 -5.0927458322e-02
1.2855032715e-01 -5.0864351989e-02
1.2804568940e-01 -5.0800927084e-02
1.2754109205e-01 -5.0737182135e-02
1.2703653548e-01 -5.0673115668e-02
1.2653202009e-01 -5.0608726211e-02
1.2602754629e-01 -5.0544012292e-02
1.2552311446e-01 -5.0478972438e-02
1.2501872501e-01 -5.0413605177e-02
1.2451437833e-01 -5.0347909036e-02
1.2401007482e-01 -5.0281882542e-02
1.2350581487e-01 -5.0215524224e-02
1.2300159889e-01 -5.0148832609e-02
1.2249742727e-01 -5.0081806223e-02
1.2199330040e-01 -5.0014443595e-02
1.2148921868e-01 -4.9946743252e-02
1.2098518252e-01 -4.9878703722e-02
1.2048119230e-01 -4.9810323531e-02
1.1997724843e-01 -4.9741601208e-02
1.1947335130e-01 -4.9672535280e-02
1.1896950131e-01 -4.9603124270e-02
1.1846569892e-01 -4.9533366525e-02
1.1796194470e-01 -4.9463260140e-02
1.1745823920e-01 -4.9392803194e-02
1.1695458300e-01 -4.9321993765e-02
1.1645097665e-01 -4.9250829930e-02
1.1594742073e-01 -4.9179309768e-02
1.1544391580e-01 -4.9107431357e-02
1.1494046242e-01 -4.9035192774e-02
1.1443706115e-01 -4.8962592098e-02
1.1393371258e-01 -4.8889627407e-02
1.1343041725e-01 -4.8816296778e-02
1.1292717573e-01 -4.8742598290e-02
1.1242398859e-01 -4.8668530021e-02
1.1192085640e-01 -4.8594090048e-02
1.1141777972e-01 -4.8519276450e-02
1.1091475911e-01 -4.8444087304e-02
1.1041179514e-01 -4.8368520689e-02
1.0990888837e-01 -4.8292574683e-02
1.0940603938e-01 -4.8216247363e-02
1.0890324872e-01 -4.8139536808e-02
1.0840051696e-01 -4.8062441096e-02
1.0789784466e-01 -4.7984958304e-02
1.0739523239e-01 -4.7907086511e-02
1.0689268072e-01 -4.7828823794e-02
1.0639019021e-01 -4.7750168232e-02
1.0588776142e-01 -4.7671117903e-02
1.0538539493e-01 -4.7591670884e-02
1.0488309129e-01 -4.7511825253e-02
1.0438085109e-01 -4.7431579030e-02
1.0387867509e-01 -4.7350929822e-02
1.0337656412e-01 -4.7269875063e-02
1.0287451898e-01 -4.7188412186e-02
1.0237254051e-01 -4.7106538624e-02
1.0187062953e-01 -4.7024251810e-02
1.0136878686e-01 -4.6941549178e-02
1.0086701332e-01 -4.6858428160e-02
1.0036530974e-01 -4.6774886190e-02
9.9863676943e-02 -4.6690920701e-02
9.9362115747e-02 -4.6606529125e-02
9.8860626976e-02 -4.6521708897e-02
9.8359211454e-02 -4.6436457449e-02
9.7857870003e-02 -4.6350772215e-02
9.7356603447e-02 -4.6264650626e-02
9.6855412607e-02 -4.6178090118e-02
9.6354298308e-02 -4.6091088122e-02
9.5853261371e-02 -4.6003642072e-02
9.5352302620e-02 -4.5915749402e-02
9.4851422878e-02 -4.5827407543e-02
9.4350622967e-02 -4.5738613930e-02
9.3849903710e-02 -4.5649365995e-02
9.3349265930e-02 -4.5559661172e-02
9.2848710451e-02 -4.5469496894e-02
9.2348238094e-02 -4.5378870594e-02
9.1847849683e-02 -4.5287779704e-02
9.1347546040e-02 -4.5196221659e-02
9.0847328063e-02 -4.5104193722e-02
9.0347196915e-02 -4.5011692555e-02
8.9847153814e-02 -4.4918714688e-02
8.9347199983e-02 -4.4825256648e-02
8.8847336642e-02 -4.4731314965e-02
8.8347565012e-02 -4.4636886167e-02
8.7847886313e-02 -4.4541966782e-02
8.7348301767e-02 -4.4446553341e-02
8.6848812594e-02 -4.4350642371e-02
8.6349420014e-02 -4.4254230401e-02
8.5850125249e-02 -4.4157313959e-02
8.5350929519e-02 -4.4059889575e-02
8.4851834045e-02 -4.3961953777e-02
8.4352840048e-02 -4.3863503094e-02
8.3853948748e-02 -4.3764534055e-02
8.3355161367e-02 -4.3665043187e-02
8.2856479125e-02 -4.3565027021e-02
8.2357903242e-02 -4.3464482084e-02
8.1859434940e-02 -4.3363404906e-02
8.1361075439e-02 -4.3261792014e-02
8.0862825960e-02 -4.3159639938e-02
8.0364687723e-02 -4.3056945207e-02
7.9866661950e-02 -4.2953704349e-02
7.9368749862e-02 -4.2849913892e-02
7.8870952678e-02 -4.2745570367e-02
7.8373271738e-02 -4.2640670054e-02
7.7875708802e-02 -4.2535208357e-02
7.7378265728e-02 -4.2429180479e-02
7.6880944369e-02 -4.2322581625e-02
7.6383746584e-02 -4.2215406999e-02
7.5886674226e-02 -4.2107651806e-02
7.5389729153e-02 -4.1999311251e-02
7.4892913219e-02 -4.1890380537e-02
7.4396228281e-02 -4.1780854870e-02
7.3899676195e-02 -4.1670729453e-02
7.3403258817e-02 -4.1559999492e-02
7.2906978002e-02 -4.1448660190e-02
7.2410835606e-02 -4.1336706752e-02
7.1914833485e-02 -4.1224134382e-02
7.1418973495e-02 -4.1110938285e-02
7.0923257492e-02 -4.0997113666e-02
7.0427687332e-02 -4.0882655728e-02
6.9932264870e-02 -4.0767559677e-02
6.9436991962e-02 -4.0651820717e-02
6.8941870465e-02 -4.0535434051e-02
6.8446902233e-02 -4.0418394885e-02
6.7952089124e-02 -4.0300698424e-02
6.7457432992e-02 -4.0182339871e-02
6.6962935786e-02 -4.0063314257e-02
6.6468600113e-02 -3.9943615362e-02
6.5974428873e-02 -3.9823236414e-02
6.5480424968e-02 -3.9702170637e-02
6.4986591298e-02 -3.9580411257e-02
6.4492930763e-02 -3.9457951499e-02
6.3999446266e-02 -3.9334784589e-02
6.3506140706e-02 -3.9210903752e-02
6.3013016984e-02 -3.9086302214e-02
6.2520078002e-02 -3.8960973199e-02
6.2027326661e-02 -3.8834909933e-02
6.1534765861e-02 -3.8708105641e-02
6.1042398502e-02 -3.8580553550e-02
6.0550227487e-02 -3.8452246883e-02
6.0058255716e-02 -3.8323178866e-02
5.9566486089e-02 -3.8193342726e-02
5.9074921508e-02 -3.8062731686e-02
5.8583564873e-02 -3.7931338972e-02
5.8092419086e-02 -3.7799157811e-02
5.7601487047e-02 -3.7666181426e-02
5.7110771657e-02 -3.7532403044e-02
5.6620275827e-02 -3.7397815872e-02
5.6130003114e-02 -3.7262412031e-02
5.5639958082e-02 -3.7126181948e-02
5.5150145382e-02 -3.6989115900e-02
5.4660569664e-02 -3.6851204166e-02
5.4171235582e-02 -3.6712437022e-02
5.3682147784e-02 -3.6572804749e-02
5.3193310924e-02 -3.6432297623e-02
5.2704729651e-02 -3.6290905922e-02
5.2216408618e-02 -3.6148619926e-02
5.1728352476e-02 -3.6005429911e-02
5.1240565876e-02 -3.5861326156e-02
5.0753053469e-02 -3.5716298939e-02
5.0265819906e-02 -3.5570338538e-02
4.9778869839e-02 -3.5423435231e-02
4.9292207919e-02 -3.5275579297e-02
4.8805838797e-02 -3.5126761013e-02
4.8319767125e-02 -3.4976970657e-02
4.7833997553e-02 -3.4826198507e-02
4.7348534734e-02 -3.4674434842e-02
4.6863383414e-02 -3.4521669796e-02
4.6378549937e-02 -3.4367891130e-02
4.5894041951e-02 -3.4213084653e-02
4.5409867149e-02 -3.4057236120e-02
4.4926033218e-02 -3.3900331284e-02
4.4442547849e-02 -3.3742355898e-02
4.3959418732e-02 -3.3583295715e-02
4.3476653556e-02 -3.3423136488e-02
4.2994260011e-02 -3.3261863972e-02
4.2512245786e-02 -3.3099463918e-02
4.2030618572e-02 -3.2935922081e-02
4.1549386058e-02 -3.2771224214e-02
4.1068555934e-02 -3.2605356069e-02
4.0588135889e-02 -3.2438303401e-02
4.0108133614e-02 -3.2270051962e-02
3.9628556797e-02 -3.2100587506e-02
3.9149413129e-02 -3.1929895785e-02
3.8670710300e-02 -3.1757962554e-02
3.8192456108e-02 -3.1584773424e-02
3.7714660946e-02 -3.1410310655e-02
3.7237337837e-02 -3.1234553107e-02
3.6760499923e-02 -3.1057479487e-02
3.6284160346e-02 -3.0879068502e-02
3.5808332247e-02 -3.0699298860e-02
3.5333028768e-02 -3.0518149266e-02
3.4858263049e-02 -3.0335598430e-02
3.4384048234e-02 -3.0151625057e-02
3.3910397462e-02 -2.9966207855e-02
3.3437323876e-02 -2.9779325531e-02
3.2964840618e-02 -2.9590956792e-02
3.2492960828e-02 -2.9401080346e-02
3.2021697649e-02 -2.9209674899e-02
3.1551064221e-02 -2.9016719158e-02
3.1081073687e-02 -2.8822191832e-02
3.0611739187e-02 -2.8626071626e-02
3.0143075668e-02 -2.8428335286e-02
2.9675104788e-02 -2.8228952254e-02
2.9207849767e-02 -2.8027890275e-02
2.8741333826e-02 -2.7825117092e-02
2.8275580184e-02 -2.7620600449e-02
2.7810612062e-02 -2.7414308090e-02
2.7346452680e-02 -2.7206207759e-02
2.6883125259e-02 -2.6996267199e-02
2.6420653019e-02 -2.6784454156e-02
2.5959059180e-02 -2.6570736371e-02
2.5498366962e-02 -2.6355081590e-02
2.5038599585e-02 -2.6137457556e-02
2.4579780271e-02 -2.5917832014e-02
2.4121932238e-02 -2.5696172706e-02
2.3665078710e-02 -2.5472447376e-02
2.3209246973e-02 -2.5246620218e-02
2.2754476886e-02 -2.5018644461e-02
2.2300810728e-02 -2.4788471219e-02
2.1848290781e-02 -2.4556051606e-02
2.1396959325e-02 -2.4321336736e-02
2.0946858640e-02 -2.4084277723e-02
2.0498031008e-02 -2.3844825681e-02
2.0050518708e-02 -2.3602931725e-02
1.9604364022e-02 -2.3358546968e-02
1.9159609230e-02 -2.3111622525e-02
1.8716296612e-02 -2.2862109509e-02
1.8274468449e-02 -2.2609959036e-02
1.7834167021e-02 -2.2355122219e-02
1.7395435854e-02 -2.2097549355e-02
1.6958338165e-02 -2.1837177818e-02
1.6522952892e-02 -2.1573934663e-02
1.6089359414e-02 -2.1307746657e-02
1.5657637109e-02 -2.1038540568e-02
1.5227865355e-02 -2.0766243161e-02
1.4800123530e-02 -2.0490781205e-02
1.4374491011e-02 -2.0212081466e-02
1.3951047177e-02 -1.9930070712e-02
1.3529871406e-02 -1.9644675709e-02
1.3111043076e-02 -1.9355823224e-02
1.2694641564e-02 -1.9063440025e-02
1.2280747085e-02 -1.8767452538e-02
1.1869470346e-02 -1.8467774754e-02
1.1460960535e-02 -1.8164304975e-02
1.1055369300e-02 -1.7856940496e-02
1.0652848289e-02 -1.7545578614e-02
1.0253549151e-02 -1.7230116627e-02
9.8576235363e-03 -1.6910451830e-02
9.4652230919e-03 -1.6586481522e-02
9.0764994672e-03 -1.6258102997e-02
8.6916043106e-03 -1.5925213554e-02
8.3106892710e-03 -1.5587710489e-02
7.9339077290e-03 -1.5245490948e-02
7.5614693325e-03 -1.4898447187e-02
7.1936510000e-03 -1.4546465615e-02
6.8307336041e-03 -1.4189432296e-02
6.4729980177e-03 -1.3827233296e-02
6.1207251137e-03 -1.3459754679e-02
5.7741957647e-03 -1.3086882512e-02
5.4336908436e-03 -1.2708502858e-02
5.0994912232e-03 -1.2324501783e-02
4.7718777762e-03 -1.1934765352e-02
4.4511352355e-03 -1.1539181275e-02
4.1376366237e-03 -1.1137674907e-02
3.8318429837e-03 -1.0730209129e-02
3.5342191645e-03 -1.0316748446e-02
3.2452300147e-03 -9.8972573634e-03
2.9653403834e-03 -9.4717003848e-03
2.6950151192e-03 -9.0400420151e-03
2.4347190711e-03 -8.6022467591e-03
2.1849170878e-03 -8.1582791212e-03
1.9460748114e-03 -7.7081080832e-03
1.7186807071e-03 -7.2518314479e-03
1.5032489415e-03 -6.7896920825e-03
1.3002950521e-03 -6.3219405944e-03
1.1103345767e-03 -5.8488275909e-03
9.3388305307e-04 -5.3706036793e-03
7.7145601886e-04 -4.8875194671e-03
6.2356901180e-04 -4.3998255616e-03
4.9073749530e-04 -3.9077726281e-03
3.7339709786e-04 -3.4116737095e-03
2.7175173983e-04 -2.9120228890e-03
1.8596354266e-04 -2.4093469086e-03
1.1619462778e-04 -1.9041725102e-03
6.2607116633e-05 -1.3970264358e-03
2.5363130651e-05 -8.8843542737e-04
4.6247912717e-06 -3.7892622693e-04
5.5330425763e-07 1.3097442357e-04
1.3206246382e-05 6.4073978216e-04
4.2443675850e-05 1.1498431069e-03
8.8103471225e-05 1.6577576557e-03
1.5002351107e-04 2.1639566867e-03
2.2804167395e-04 2.6679134579e-03
3.2199583842e-04 3.1691012273e-03
4.3172388306e-04 3.6669932530e-03
5.5705975466e-04 4.1610658649e-03
6.9768953357e-04 4.6509109256e-03
8.5311004908e-04 5.1362681649e-03
1.0228057635e-03 5.6168869756e-03
1.2062611390e-03 6.0925167504e-03
1.4029606380e-03 6.5629068818e-03
1.6123887227e-03 7.0278067625e-03
1.8340298555e-03 7.4869657851e-03
2.0673685003e-03 7.9401333523e-03
2.3118991530e-03 8.3871154888e-03
2.5671499296e-03 8.8279079819e-03
2.8326559814e-03 9.2625463269e-03
3.1079524594e-03 9.6910660193e-03
3.3925745150e-03 1.0113502554e-02
3.6860572991e-03 1.0529891427e-02
3.9879359631e-03 1.0940268134e-02
4.2977456580e-03 1.1344668169e-02
4.6150215351e-03 1.1743127029e-02
4.9393305742e-03 1.2135693778e-02
5.2703623771e-03 1.2522469764e-02
5.6078360710e-03 1.2903568922e-02
5.9514707831e-03 1.3279105186e-02
6.3009856406e-03 1.3649192491e-02
6.6560997708e-03 1.4013944773e-02
7.0165323007e-03 1.4373475966e-02
7.3820023577e-03 1.4727900005e-02
7.7522290689e-03 1.5077330826e-02
8.1269315735e-03 1.5421882362e-02
8.5058562496e-03 1.5761666179e-02
8.8888347905e-03 1.6096786429e-02
9.2757155474e-03 1.6427345815e-02
9.6663468717e-03 1.6753447040e-02
1.0060577115e-02 1.7075192808e-02
1.0458254627e-02 1.7392685821e-02
1.0859227761e-02 1.7706028783e-02
1.1263344868e-02 1.8015324398e-02
1.1670454298e-02 1.8320675367e-02
1.2080404403e-02 1.8622184396e-02
1.2493043548e-02 1.8919954181e-02
1.2908236195e-02 1.9214080856e-02
1.3325894261e-02 1.9504641204e-02
1.3745938371e-02 1.9791708456e-02
1.4168289146e-02 2.0075355846e-02
1.4592867207e-02 2.0355656606e-02
1.5019593177e-02 2.0632683971e-02
1.5448387679e-02 2.0906511172e-02
1.5879171332e-02 2.1177211442e-02
1.6311864761e-02 2.1444858015e-02
1.6746388587e-02 2.1709524123e-02
1.7182663431e-02 2.1971283000e-02
1.7620609917e-02 2.2230207878e-02
1.8060153600e-02 2.2486368751e-02
1.8501244582e-02 2.2739819505e-02
1.8943840581e-02 2.2990609028e-02
1.9387899316e-02 2.3238786205e-02
1.9833378505e-02 2.3484399922e-02
2.0280235870e-02 2.3727499065e-02
2.0728429128e-02 2.3968132520e-02
2.1177916000e-02 2.4206349173e-02
2.1628654204e-02 2.4442197910e-02
2.2080601461e-02 2.4675727616e-02
2.2533715490e-02 2.4906987177e-02
2.2987954010e-02 2.5136025480e-02
2.3443274741e-02 2.5362891409e-02
2.3899635650e-02 2.5587633636e-02
2.4357002950e-02 2.5810293634e-02
2.4815352824e-02 2.6030904181e-02
2.5274662052e-02 2.6249497533e-02
2.5734907414e-02 2.6466105946e-02
2.6196065689e-02 2.6680761676e-02
2.6658113657e-02 2.6893496979e-02
2.7121028098e-02 2.7104344111e-02
2.7584785792e-02 2.7313335328e-02
2.8049363519e-02 2.7520502887e-02
2.8514738057e-02 2.7725879044e-02
2.8980886188e-02 2.7929496054e-02
2.9447784690e-02 2.8131386174e-02
2.9915410343e-02 2.8331581660e-02
3.0383739927e-02 2.8530114768e-02
3.0852750420e-02 2.8727017540e-02
3.1322423562e-02 2.8922316835e-02
3.1792745987e-02 2.9116034189e-02
3.2263704556e-02 2.9308190894e-02
3.2735286125e-02 2.9498808244e-02
3.3207477554e-02 2.9687907532e-02
3.3680265702e-02 2.9875510050e-02
3.4153637425e-02 3.0061637091e-02
3.4627579584e-02 3.0246309948e-02
3.5102079036e-02 3.0429549914e-02
3.5577122640e-02 3.0611378281e-02
3.6052697255e-02 3.0791816343e-02
3.6528789738e-02 3.0970885393e-02
3.7005386949e-02 3.1148606723e-02
3.7482475745e-02 3.1325001626e-02
3.7960042986e-02 3.1500091395e-02
3.8438075530e-02 3.1673897322e-02
3.8916561198e-02 3.1846439457e-02
3.9395491443e-02 3.2017733153e-02
3.9874858577e-02 3.2187792657e-02
4.0354654910e-02 3.2356632215e-02
4.0834872751e-02 3.2524266074e-02
4.1315504411e-02 3.2690708481e-02
4.1796542201e-02 3.2855973682e-02
4.2277978430e-02 3.3020075925e-02
4.2759805409e-02 3.3183029456e-02
4.3242015449e-02 3.3344848522e-02
4.3724600859e-02 3.3505547369e-02
4.4207553950e-02 3.3665140245e-02
4.4690867031e-02 3.3823641395e-02
4.5174532415e-02 3.3981065068e-02
4.5658542409e-02 3.4137425509e-02
4.6142889326e-02 3.4292736965e-02
4.6627565475e-02 3.4447013683e-02
4.7112563167e-02 3.4600269909e-02
4.7597875130e-02 3.4752519269e-02
4.8083496107e-02 3.4903772384e-02
4.8569421446e-02 3.5054038979e-02
4.9055646497e-02 3.5203328774e-02
4.9542166608e-02 3.5351651491e-02
5.0028977129e-02 3.5499016853e-02
5.0516073406e-02 3.5645434581e-02
5.1003450791e-02 3.5790914397e-02
5.1491104630e-02 3.5935466023e-02
5.1979030273e-02 3.6079099182e-02
5.2467223069e-02 3.6221823594e-02
5.2955678366e-02 3.6363648982e-02
5.3444391513e-02 3.6504585068e-02
5.3933357859e-02 3.6644641574e-02
5.4422572753e-02 3.6783828222e-02
5.4912031543e-02 3.6922154733e-02
5.5401729578e-02 3.7059630830e-02
5.5891662206e-02 3.7196266234e-02
5.6381824777e-02 3.7332070668e-02
5.6872212642e-02 3.7467053849e-02
5.7362821625e-02 3.7601224697e-02
5.7853648669e-02 3.7734590252e-02
5.8344690871e-02 3.7867157290e-02
5.8835945332e-02 3.7998932584e-02
5.9327409150e-02 3.8129922911e-02
5.9819079424e-02 3.8260135044e-02
6.0310953253e-02 3.8389575758e-02
6.0803027737e-02 3.8518251829e-02
6.1295299975e-02 3.8646170029e-02
6.1787767065e-02 3.8773337135e-02
6.2280426108e-02 3.8899759920e-02
6.2773274201e-02 3.9025445160e-02
6.3266308445e-02 3.9150399629e-02
6.3759525938e-02 3.9274630102e-02
6.4252923779e-02 3.9398143353e-02
6.4746499068e-02 3.9520946157e-02
6.5240248903e-02 3.9643045289e-02
6.5734170385e-02 3.9764447524e-02
6.6228260611e-02 3.9885159636e-02
6.6722516681e-02 4.0005188399e-02
6.7216935695e-02 4.0124540589e-02
6.7711514812e-02 4.0243222863e-02
6.8206251814e-02 4.0361240705e-02
6.8701144840e-02 4.0478598919e-02
6.9196192035e-02 4.0595302301e-02
6.9691391542e-02 4.0711355646e-02
7.0186741507e-02 4.0826763749e-02
7.0682240072e-02 4.0941531406e-02
7.1177885383e-02 4.1055663414e-02
7.1673675583e-02 4.1169164566e-02
7.2169608816e-02 4.1282039659e-02
7.2665683227e-02 4.1394293489e-02
7.3161896960e-02 4.1505930850e-02
7.3658248159e-02 4.1616956539e-02
7.4154734967e-02 4.1727375351e-02
7.4651355530e-02 4.1837192082e-02
7.5148107991e-02 4.1946411527e-02
7.5644990495e-02 4.2055038481e-02
7.6142001185e-02 4.2163077740e-02
7.6639138206e-02 4.2270534101e-02
7.7136399702e-02 4.2377412357e-02
7.7633783817e-02 4.2483717306e-02
7.8131288695e-02 4.2589453741e-02
7.8628912481e-02 4.2694626460e-02
7.9126653329e-02 4.2799240234e-02
7.9624509691e-02 4.2903299218e-02
8.0122480331e-02 4.3006806916e-02
8.0620564028e-02 4.3109766799e-02
8.1118759562e-02 4.3212182338e-02
8.1617065711e-02 4.3314057005e-02
8.2115481255e-02 4.3415394270e-02
8.2614004973e-02 4.3516197606e-02
8.3112635644e-02 4.3616470484e-02
8.3611372049e-02 4.3716216374e-02
8.4110212964e-02 4.3815438748e-02
8.4609157172e-02 4.3914141078e-02
8.5108203449e-02 4.4012326834e-02
8.5607350576e-02 4.4109999489e-02
8.6106597332e-02 4.4207162512e-02
8.6605942497e-02 4.4303819377e-02
8.7105384848e-02 4.4399973553e-02
8.7604923167e-02 4.4495628512e-02
8.8104556231e-02 4.4590787726e-02
8.8604282820e-02 4.4685454666e-02
8.9104101714e-02 4.4779632803e-02
8.9604011692e-02 4.4873325608e-02
9.0104011532e-02 4.4966536553e-02
9.0604100015e-02 4.5059269109e-02
9.1104275919e-02 4.5151526747e-02
9.1604538031e-02 4.5243312923e-02
9.2104885322e-02 4.5334630673e-02
9.2605316958e-02 4.5425482585e-02
9.3105832117e-02 4.5515871228e-02
9.3606429977e-02 4.5605799166e-02
9.4107109713e-02 4.5695268968e-02
9.4607870505e-02 4.5784283200e-02
9.5108711527e-02 4.5872844430e-02
9.5609631959e-02 4.5960955223e-02
9.6110630976e-02 4.6048618147e-02
9.6611707756e-02 4.6135835768e-02
9.7112861476e-02 4.6222610654e-02
9.7614091314e-02 4.6308945372e-02
9.8115396446e-02 4.6394842487e-02
9.8616776049e-02 4.6480304568e-02
9.9118229302e-02 4.6565334181e-02
9.9619755380e-02 4.6649933892e-02
1.0012135346e-01 4.6734106269e-02
1.0062302272e-01 4.6817853879e-02
1.0112476234e-01 4.6901179288e-02
1.0162657149e-01 4.6984085063e-02
1.0212844936e-01 4.7066573772e-02
1.0263039511e-01 4.7148647980e-02
1.0313240793e-01 4.7230310256e-02
1.0363448699e-01 4.7311563165e-02
1.0413663147e-01 4.7392409274e-02
1.0463884055e-01 4.7472851151e-02
1.0514111342e-01 4.7552891327e-02
1.0564344942e-01 4.7632531953e-02
1.0614584798e-01 4.7711774955e-02
1.0664830855e-01 4.7790622255e-02
1.0715083055e-01 4.7869075775e-02
1.0765341342e-01 4.7947137437e-02
1.0815605659e-01 4.8024809163e-02
1.0865875950e-01 4.8102092875e-02
1.0916152159e-01 4.8178990494e-02
1.0966434229e-01 4.8255503944e-02
1.1016722103e-01 4.8331635145e-02
1.1067015725e-01 4.8407386020e-02
1.1117315039e-01 4.8482758492e-02
1.1167619987e-01 4.8557754481e-02
1.1217930514e-01 4.8632375910e-02
1.1268246563e-01 4.8706624701e-02
1.1318568077e-01 4.8780502777e-02
1.1368895000e-01 4.8854012058e-02
1.1419227275e-01 4.8927154467e-02
1.1469564846e-01 4.8999931926e-02
1.1519907657e-01 4.9072346357e-02
1.1570255650e-01 4.9144399682e-02
1.1620608770e-01 4.9216093823e-02
1.1670966959e-01 4.9287430702e-02
1.1721330162e-01 4.9358412241e-02
1.1771698322e-01 4.9429040362e-02
1.1822071382e-01 4.9499316987e-02
1.1872449285e-01 4.9569244038e-02
1.1922831976e-01 4.9638823436e-02
1.1973219402e-01 4.9708056994e-02
1.2023611521e-01 4.9776946231e-02
1.2074008294e-01 4.9845492619e-02
1.2124409681e-01 4.9913697630e-02
1.2174815642e-01 4.9981562739e-02
1.2225226138e-01 5.0049089416e-02
1.2275641129e-01 5.0116279134e-02
1.2326060575e-01 5.0183133367e-02
1.2376484436e-01 5.0249653586e-02
1.2426912674e-01 5.0315841264e-02
1.2477345248e-01 5.0381697874e-02
1.2527782118e-01 5.0447224887e-02
1.2578223245e-01 5.0512423778e-02
1.2628668589e-01 5.0577296017e-02
1.2679118110e-01 5.0641843078e-02
1.2729571769e-01 5.0706066433e-02
1.2780029526e-01 5.0769967555e-02
1.2830491341e-01 5.0833547916e-02
1.2880957175e-01 5.0896808989e-02
1.2931426988e-01 5.0959752246e-02
1.2981900740e-01 5.1022379160e-02
1.3032378391e-01 5.1084691203e-02
1.3082859902e-01 5.1146689848e-02
1.3133345234e-01 5.1208376567e-02
1.3183834346e-01 5.1269752833e-02
1.3234327198e-01 5.1330820118e-02
1.3284823751e-01 5.1391579896e-02
1.3335323966e-01 5.1452033638e-02
1.3385827803e-01 5.1512182816e-02
1.3436335221e-01 5.1572028905e-02
1.3486846183e-01 5.1631573343e-02
1.3537360656e-01 5.1690817362e-02
1.3587878614e-01 5.1749762108e-02
1.3638400027e-01 5.1808408726e-02
1.3688924866e-01 5.1866758362e-02
1.3739453105e-01 5.1924812162e-02
1.3789984713e-01 5.1982571272e-02
1.3840519664e-01 5.2040036838e-02
1.3891057928e-01 5.2097210005e-02
1.3941599477e-01 5.2154091920e-02
1.3992144284e-01 5.2210683727e-02
1.4042692318e-01 5.2266986573e-02
1.4093243553e-01 5.2323001604e-02
1.4143797960e-01 5.2378729965e-02
1.4194355510e-01 5.2434172803e-02
1.4244916176e-01 5.2489331262e-02
1.4295479928e-01 5.2544206489e-02
1.4346046739e-01 5.2598799630e-02
1.4396616579e-01 5.2653111830e-02
1.4447189422e-01 5.2707144235e-02
1.4497765238e-01 5.2760897991e-02
1.4548343998e-01 5.2814374244e-02
1.4598925676e-01 5.2867574139e-02
1.4649510242e-01 5.2920498822e-02
1.4700097668e-01 5.2973149440e-02
1.4750687925e-01 5.3025527138e-02
1.4801280986e-01 5.3077633061e-02
1.4851876822e-01 5.3129468355e-02
1.4902475404e-01 5.3181034167e-02
1.4953076704e-01 5.3232331642e-02
1.5003680695e-01 5.3283361926e-02
1.5054287347e-01 5.3334126165e-02
1.5104896632e-01 5.3384625482e-02
1.5155508529e-01 5.3434860852e-02
1.5206123017e-01 5.3484833180e-02
1.5256740074e-01 5.3534543374e-02
1.5307359681e-01 5.3583992339e-02
1.5357981817e-01 5.3633180982e-02
1.5408606461e-01 5.3682110210e-02
1.5459233593e-01 5.3730780929e-02
1.5509863191e-01 5.3779194046e-02
1.5560495237e-01 5.3827350467e-02
1.5611129708e-01 5.3875251098e-02
1.5661766585e-01 5.3922896847e-02
1.5712405847e-01 5.3970288619e-02
1.5763047473e-01 5.4017427321e-02
1.5813691443e-01 5.4064313860e-02
1.5864337736e-01 5.4110949141e-02
1.5914986332e-01 5.4157334072e-02
1.5965637209e-01 5.4203469560e-02
1.6016290348e-01 5.4249356509e-02
1.6066945728e-01 5.4294995828e-02
1.6117603329e-01 5.4340388422e-02
1.6168263129e-01 5.4385535199e-02
1.6218925108e-01 5.4430437063e-02
1.6269589246e-01 5.4475094923e-02
1.6320255522e-01 5.4519509684e-02
1.6370923915e-01 5.4563682253e-02
1.6421594405e-01 5.4607613536e-02
1.6472266972e-01 5.4651304440e-02
1.6522941594e-01 5.4694755872e-02
1.6573618252e-01 5.4737968737e-02
1.6624296924e-01 5.4780943943e-02
1.6674977590e-01 5.4823682396e-02
1.6725660230e-01 5.4866185002e-02
1.6776344822e-01 5.4908452667e-02
1.6827031348e-01 5.4950486260e-02
1.6877719792e-01 5.4992286533e-02
1.6928410139e-01 5.5033854217e-02
1.6979102373e-01 5.5075190043e-02
1.7029796479e-01 5.5116294743e-02
1.7080492442e-01 5.5157169047e-02
1.7131190248e-01 5.5197813688e-02
1.7181889881e-01 5.5238229395e-02
1.7232591325e-01 5.5278416901e-02
1.7283294566e-01 5.5318376937e-02
1.7333999588e-01 5.5358110234e-02
1.7384706377e-01 5.5397617523e-02
1.7435414917e-01 5.5436899536e-02
1.7486125193e-01 5.5475957003e-02
1.7536837190e-01 5.5514790656e-02
1.7587550893e-01 5.5553401227e-02
1.7638266286e-01 5.5591789446e-02
1.7688983355e-01 5.5629956044e-02
1.7739702085e-01 5.5667901754e-02
1.7790422459e-01 5.5705627306e-02
1.7841144464e-01 5.5743133431e-02
1.7891868084e-01 5.5780420861e-02
1.7942593304e-01 5.5817490327e-02
1.7993320108e-01 5.5854342560e-02
1.8044048482e-01 5.5890978292e-02
1.8094778410e-01 5.5927398253e-02
1.8145509877e-01 5.5963603175e-02
1.8196242869e-01 5.5999593790e-02
1.8246977370e-01 5.6035370828e-02
1.8297713364e-01 5.6070935020e-02
1.8348450837e-01 5.6106287099e-02
1.8399189774e-01 5.6141427795e-02
1.8449930159e-01 5.6176357839e-02
1.8500671978e-01 5.6211077963e-02
1.8551415214e-01 5.6245588897e-02
1.8602159854e-01 5.6279891364e-02
1.8652905885e-01 5.6313986002e-02
1.8703653295e-01 5.6347873406e-02
1.8754402074e-01 5.6381554173e-02
1.8805152210e-01 5.6415028900e-02
1.8855903692e-01 5.6448298181e-02
1.8906656508e-01 5.6481362613e-02
1.8957410648e-01 5.6514222792e-02
1.9008166100e-01 5.6546879315e-02
1.9058922853e-01 5.6579332777e-02
1.9109680895e-01 5.6611583774e-02
1.9160440216e-01 5.6643632903e-02
1.9211200804e-01 5.6675480760e-02
1.9261962648e-01 5.6707127940e-02
1.9312725737e-01 5.6738575040e-02
1.9363490059e-01 5.6769822655e-02
1.9414255604e-01 5.6800871383e-02
1.9465022359e-01 5.6831721818e-02
1.9515790314e-01 5.6862374558e-02
1.9566559458e-01 5.6892830197e-02
1.9617329779e-01 5.6923089333e-02
1.9668101266e-01 5.6953152561e-02
1.9718873907e-01 5.6983020477e-02
1.9769647693e-01 5.7012693678e-02
1.9820422610e-01 5.7042172759e-02
1.9871198649e-01 5.7071458317e-02
1.9921975797e-01 5.7100550947e-02
1.9972754044e-01 5.7129451246e-02
2.0023533378e-01 5.7158159810e-02
2.0074313789e-01 5.7186677235e-02
2.0125095264e-01 5.7215004116e-02
2.0175877793e-01 5.7243141051e-02
2.0226661364e-01 5.7271088634e-02
2.0277445966e-01 5.7298847463e-02
2.0328231588e-01 5.7326418133e-02
2.0379018219e-01 5.7353801241e-02
2.0429805847e-01 5.7380997382e-02
2.0480594462e-01 5.7408007141e-02
2.0531384054e-01 5.7434831039e-02
2.0582174614e-01 5.7461469566e-02
2.0632966136e-01 5.7487923215e-02
2.0683758609e-01 5.7514192478e-02
2.0734552026e-01 5.7540277847e-02
2.0785346378e-01 5.7566179813e-02
2.0836141657e-01 5.7591898870e-02
2.0886937854e-01 5.7617435508e-02
2.0937734961e-01 5.7642790221e-02
2.0988532970e-01 5.7667963500e-02
2.1039331872e-01 5.7692955837e-02
2.1090131658e-01 5.7717767724e-02
2.1140932321e-01 5.7742399654e-02
2.1191733852e-01 5.7766852117e-02
2.1242536242e-01 5.7791125607e-02
2.1293339483e-01 5.7815220616e-02
2.1344143566e-01 5.7839137635e-02
2.1394948484e-01 5.7862877156e-02
2.1445754228e-01 5.7886439672e-02
2.1496560789e-01 5.7909825674e-02
2.1547368159e-01 5.7933035655e-02
2.1598176329e-01 5.7956070107e-02
2.1648985292e-01 5.7978929521e-02
2.1699795038e-01 5.8001614391e-02
2.1750605559e-01 5.8024125206e-02
2.1801416847e-01 5.8046462461e-02
2.1852228894e-01 5.8068626647e-02
2.1903041691e-01 5.8090618255e-02
2.1953855229e-01 5.8112437779e-02
2.2004669500e-01 5.8134085709e-02
2.2055484496e-01 5.8155562539e-02
2.2106300209e-01 5.8176868759e-02
2.2157116629e-01 5.8198004863e-02
2.2207933749e-01 5.8218971342e-02
2.2258751560e-01 5.8239768688e-02
2.2309570053e-01 5.8260397394e-02
2.2360389221e-01 5.8280857951e-02
2.2411209054e-01 5.8301150850e-02
2.2462029546e-01 5.8321276549e-02
2.2512850690e-01 5.8341235465e-02
2.2563672479e-01 5.8361028011e-02
2.2614494908e-01 5.8380654601e-02
2.2665317969e-01 5.8400115651e-02
2.2716141657e-01 5.8419411572e-02
2.2766965965e-01 5.8438542781e-02
2.2817790887e-01 5.8457509690e-02
2.2868616416e-01 5.8476312713e-02
2.2919442547e-01 5.8494952266e-02
2.2970269272e-01 5.8513428761e-02
2.3021096586e-01 5.8531742612e-02
2.3071924482e-01 5.8549894235e-02
2.3122752953e-01 5.8567884042e-02
2.3173581994e-01 5.8585712448e-02
2.3224411598e-01 5.8603379867e-02
2.3275241759e-01 5.8620886713e-02
2.3326072470e-01 5.8638233399e-02
2.3376903724e-01 5.8655420341e-02
2.3427735517e-01 5.8672447951e-02
2.3478567841e-01 5.8689316645e-02
2.3529400690e-01 5.8706026835e-02
2.3580234057e-01 5.8722578936e-02
2.3631067937e-01 5.8738973362e-02
2.3681902322e-01 5.8755210528e-02
2.3732737207e-01 5.8771290846e-02
2.3783572586e-01 5.8787214731e-02
2.3834408451e-01 5.8802982598e-02
2.3885244796e-01 5.8818594860e-02
2.3936081616e-01 5.8834051930e-02
2.3986918904e-01 5.8849354224e-02
2.4037756653e-01 5.8864502156e-02
2.4088594857e-01 5.8879496138e-02
2.4139433510e-01 5.8894336586e-02
2.4190272605e-01 5.8909023913e-02
2.4241112136e-01 5.8923558533e-02
2.4291952097e-01 5.8937940860e-02
2.4342792482e-01 5.8952171309e-02
2.4393633283e-01 5.8966250293e-02
2.4444474495e-01 5.8980178225e-02
2.4495316113e-01 5.8993955483e-02
2.4546158130e-01 5.9007582416e-02
2.4597000544e-01 5.9021059376e-02
2.4647843348e-01 5.9034386711e-02
2.4698686538e-01 5.9047564771e-02
2.4749530110e-01 5.9060593905e-02
2.4800374058e-01 5.9073474463e-02
2.4851218377e-01 5.9086206795e-02
2.4902063064e-01 5.9098791250e-02
2.4952908112e-01 5.9111228177e-02
2.5003753518e-01 5.9123517927e-02
2.5054599276e-01 5.9135660848e-02
2.5105445383e-01 5.9147657291e-02
2.5156291831e-01 5.9159507604e-02
2.5207138619e-01 5.9171212138e-02
2.5257985739e-01 5.9182771242e-02
2.5308833188e-01 5.9194185265e-02
2.5359680961e-01 5.9205454557e-02
2.5410529052e-01 5.9216579468e-02
2.5461377458e-01 5.9227560346e-02
2.5512226173e-01 5.9238397543e-02
2.5563075193e-01 5.9249091406e-02
2.5613924512e-01 5.9259642287e-02
2.5664774127e-01 5.9270050533e-02
2.5715624032e-01 5.9280316496e-02
2.5766474222e-01 5.9290440523e-02
2.5817324693e-01 5.9300422966e-02
2.5868175439e-01 5.9310264173e-02
2.5919026457e-01 5.9319964494e-02
2.5969877741e-01 5.9329524279e-02
2.6020729286e-01 5.9338943876e-02
2.6071581088e-01 5.9348223637e-02
2.6122433142e-01 5.9357363909e-02
2.6173285443e-01 5.9366365044e-02
2.6224137986e-01 5.9375227389e-02
2.6274990767e-01 5.9383951296e-02
2.6325843780e-01 5.9392537112e-02
2.6376697022e-01 5.9400985189e-02
2.6427550486e-01 5.9409295875e-02
2.6478404169e-01 5.9417469520e-02
2.6529258065e-01 5.9425506474e-02
2.6580112171e-01 5.9433407065e-02
2.6630966482e-01 5.9441171596e-02
2.6681820995e-01 5.9448800367e-02
2.6732675706e-01 5.9456293679e-02
2.6783530612e-01 5.9463651831e-02
2.6834385710e-01 5.9470875124e-02
2.6885240994e-01 5.9477963857e-02
2.6936096463e-01 5.9484918331e-02
2.6986952111e-01 5.9491738846e-02
2.7037807937e-01 5.9498425702e-02
2.7088663935e-01 5.9504979199e-02
2.7139520102e-01 5.9511399638e-02
2.7190376436e-01 5.9517687318e-02
2.7241232931e-01 5.9523842539e-02
2.7292089585e-01 5.9529865602e-02
2.7342946394e-01 5.9535756807e-02
2.7393803354e-01 5.9541516453e-02
2.7444660462e-01 5.9547144842e-02
2.7495517713e-01 5.9552642273e-02
2.7546375106e-01 5.9558009045e-02
2.7597232634e-01 5.9563245461e-02
2.7648090296e-01 5.9568351818e-02
2.7698948088e-01 5.9573328419e-02
2.7749806006e-01 5.9578175562e-02
2.7800664045e-01 5.9582893548e-02
2.7851522204e-01 5.9587482676e-02
2.7902380477e-01 5.9591943248e-02
2.7953238862e-01 5.9596275563e-02
2.8004097355e-01 5.9600479922e-02
2.8054955952e-01 5.9604556624e-02
2.8105814650e-01 5.9608505969e-02
2.8156673444e-01 5.9612328258e-02
2.8207532332e-01 5.9616023791e-02
2.8258391310e-01 5.9619592868e-02
2.8309250373e-01 5.9623035789e-02
2.8360109519e-01 5.9626352854e-02
2.8410968744e-01 5.9629544363e-02
2.8461828045e-01 5.9632610617e-02
2.8512687416e-01 5.9635551915e-02
2.8563546856e-01 5.9638368558e-02
2.8614406361e-01 5.9641060846e-02
2.8665265926e-01 5.9643629078e-02
2.8716125548e-01 5.9646073551e-02
2.8766985224e-01 5.9648394530e-02
2.8817844952e-01 5.9650592276e-02
2.8868704729e-01 5.9652667046e-02
2.8919564553e-01 5.9654619099e-02
2.8970424419e-01 5.9656448692e-02
2.9021284327e-01 5.9658156086e-02
2.9072144272e-01 5.9659741538e-02
2.9123004253e-01 5.9661205306e-02
2.9173864266e-01 5.9662547649e-02
2.9224724309e-01 5.9663768826e-02
2.9275584379e-01 5.9664869095e-02
2.9326444473e-01 5.9665848714e-02
2.9377304589e-01 5.9666707942e-02
2.9428164724e-01 5.9667447038e-02
2.9479024876e-01 5.9668066259e-02
2.9529885040e-01 5.9668565864e-02
2.9580745216e-01 5.9668946113e-02
2.9631605400e-01 5.9669207262e-02
2.9682465588e-01 5.9669349571e-02
2.9733325780e-01 5.9669373298e-02
2.9784185971e-01 5.9669278702e-02
2.9835046160e-01 5.9669066041e-02
2.9885906343e-01 5.9668735573e-02
2.9936766517e-01 5.9668287557e-02
2.9987626681e-01 5.9667722252e-02
3.0038486831e-01 5.9667039915e-02
3.0089346964e-01 5.9666240806e-02
3.0140207078e-01 5.9665325183e-02
3.0191067171e-01 5.9664293304e-02
3.0241927238e-01 5.9663145427e-02
3.0292787279e-01 5.9661881812e-02
3.0343647289e-01 5.9660502716e-02
3.0394507266e-01 5.9659008399e-02
3.0445367208e-01 5.9657399117e-02
3.0496227112e-01 5.9655675131e-02
3.0547086975e-01 5.9653836699e-02
3.0597946794e-01 5.9651884078e-02
3.0648806566e-01 5.9649817528e-02
3.0699666290e-01 5.9647637306e-02
3.0750525961e-01 5.9645343672e-02
3.0801385578e-01 5.9642936884e-02
3.0852245138e-01 5.9640417200e-02
3.0903104638e-01 5.9637784878e-02
3.0953964075e-01 5.9635040166e-02
3.1004823448e-01 5.9632183291e-02
3.1055682754e-01 5.9629214479e-02
3.1106541991e-01 5.9626133954e-02
3.1157401157e-01 5.9622941942e-02
3.1208260251e-01 5.9619638669e-02
3.1259119271e-01 5.9616224359e-02
3.1309978213e-01 5.9612699238e-02
3.1360837076e-01 5.9609063531e-02
3.1411695859e-01 5.9605317463e-02
3.1462554559e-01 5.9601461260e-02
3.1513413174e-01 5.9597495148e-02
3.1564271702e-01 5.9593419350e-02
3.1615130141e-01 5.9589234093e-02
3.1665988488e-01 5.9584939602e-02
3.1716846743e-01 5.9580536102e-02
3.1767704903e-01 5.9576023818e-02
3.1818562966e-01 5.9571402976e-02
3.1869420929e-01 5.9566673801e-02
3.1920278791e-01 5.9561836519e-02
3.1971136550e-01 5.9556891354e-02
3.2021994204e-01 5.9551838532e-02
3.2072851751e-01 5.9546678278e-02
3.2123709188e-01 5.9541410817e-02
3.2174566514e-01 5.9536036375e-02
3.2225423726e-01 5.9530555178e-02
3.2276280823e-01 5.9524967449e-02
3.2327137802e-01 5.9519273416e-02
3.2377994662e-01 5.9513473302e-02
3.2428851401e-01 5.9507567333e-02
3.2479708016e-01 5.9501555735e-02
3.2530564505e-01 5.9495438732e-02
3.2581420867e-01 5.9489216551e-02
3.2632277099e-01 5.9482889416e-02
3.2683133199e-01 5.9476457553e-02
3.2733989166e-01 5.9469921186e-02
3.2784844997e-01 5.9463280542e-02
3.2835700690e-01 5.9456535845e-02
3.2886556243e-01 5.9449687321e-02
3.2937411655e-01 5.9442735195e-02
3.2988266922e-01 5.9435679693e-02
3.3039122044e-01 5.9428521039e-02
3.3089977017e-01 5.9421259459e-02
3.3140831841e-01 5.9413895179e-02
3.3191686513e-01 5.9406428422e-02
3.3242541031e-01 5.9398859398e-02
3.3293395393e-01 5.9391188304e-02
3.3344249599e-01 5.9383415340e-02
3.3395103647e-01 5.9375540701e-02
3.3445957535e-01 5.9367564586e-02
3.3496811261e-01 5.9359487192e-02
3.3547664825e-01 5.9351308717e-02
3.3598518225e-01 5.9343029359e-02
3.3649371459e-01 5.9334649314e-02
3.3700224526e-01 5.9326168780e-02
3.3751077424e-01 5.9317587956e-02
3.3801930152e-01 5.9308907038e-02
3.3852782708e-01 5.9300126224e-02
3.3903635091e-01 5.9291245712e-02
3.3954487299e-01 5.9282265699e-02
3.4005339331e-01 5.9273186383e-02
3.4056191185e-01 5.9264007961e-02
3.4107042860e-01 5.9254730631e-02
3.4157894354e-01 5.9245354591e-02
3.4208745666e-01 5.9235880038e-02
3.4259596795e-01 5.9226307169e-02
3.4310447738e-01 5.9216636183e-02
3.4361298494e-01 5.9206867276e-02
3.4412149063e-01 5.9197000647e-02
3.4462999441e-01 5.9187036492e-02
3.4513849629e-01 5.9176975010e-02
3.4564699623e-01 5.9166816398e-02
3.4615549424e-01 5.9156560854e-02
3.4666399028e-01 5.9146208575e-02
3.4717248436e-01 5.9135759758e-02
3.4768097645e-01 5.9125214602e-02
3.4818946654e-01 5.9114573304e-02
3.4869795461e-01 5.9103836060e-02
3.4920644064e-01 5.9093003070e-02
3.4971492463e-01 5.9082074531e-02
3.5022340656e-01 5.9071050639e-02
3.5073188642e-01 5.9059931594e-02
3.5124036418e-01 5.9048717591e-02
3.5174883983e-01 5.9037408829e-02
3.5225731336e-01 5.9026005506e-02
3.5276578476e-01 5.9014507818e-02
3.5327425400e-01 5.9002915964e-02
3.5378272108e-01 5.8991230141e-02
3.5429118597e-01 5.8979450547e-02
3.5479964867e-01 5.8967577378e-02
3.5530810916e-01 5.8955610830e-02
3.5581656742e-01 5.8943551080e-02
3.5632502345e-01 5.8931398302e-02
3.5683347724e-01 5.8919152667e-02
3.5734192877e-01 5.8906814350e-02
3.5785037804e-01 5.8894383523e-02
3.5835882503e-01 5.8881860360e-02
3.5886726973e-01 5.8869245033e-02
3.5937571213e-01 5.8856537717e-02
3.5988415222e-01 5.8843738583e-02
3.6039258999e-01 5.8830847806e-02
3.6090102543e-01 5.8817865557e-02
3.6140945853e-01 5.8804792011e-02
3.6191788927e-01 5.8791627340e-02
3.6242631765e-01 5.8778371718e-02
3.6293474366e-01 5.8765025318e-02
3.6344316728e-01 5.8751588312e-02
3.6395158850e-01 5.8738060874e-02
3.6446000731e-01 5.8724443177e-02
3.6496842371e-01 5.8710735394e-02
3.6547683768e-01 5.8696937698e-02
3.6598524921e-01 5.8683050263e-02
3.6649365829e-01 5.8669073261e-02
3.6700206490e-01 5.8655006865e-02
3.6751046904e-01 5.8640851250e-02
3.6801887070e-01 5.8626606587e-02
3.6852726987e-01 5.8612273050e-02
3.6903566653e-01 5.8597850812e-02
3.6954406067e-01 5.8583340046e-02
3.7005245229e-01 5.8568740925e-02
3.7056084137e-01 5.8554053622e-02
3.7106922790e-01 5.8539278312e-02
3.7157761187e-01 5.8524415165e-02
3.7208599327e-01 5.8509464356e-02
3.7259437209e-01 5.8494426059e-02
3.7310274831e-01 5.8479300445e-02
3.7361112194e-01 5.8464087688e-02
3.7411949295e-01 5.8448787961e-02
3.7462786133e-01 5.8433401437e-02
3.7513622708e-01 5.8417928290e-02
3.7564459019e-01 5.8402368693e-02
3.7615295063e-01 5.8386722817e-02
3.7666130841e-01 5.8370990838e-02
3.7716966351e-01 5.8355172928e-02
3.7767801592e-01 5.8339269259e-02
3.7818636563e-01 5.8323280005e-02
3.7869471262e-01 5.8307205340e-02
3.7920305690e-01 5.8291045425e-02
3.7971139845e-01 5.8274800416e-02
3.8021973726e-01 5.8258470464e-02
3.8072807332e-01 5.8242055722e-02
3.8123640664e-01 5.8225556343e-02
3.8174473719e-01 5.8208972481e-02
3.8225306498e-01 5.8192304287e-02
3.8276138999e-01 5.8175551915e-02
3.8326971223e-01 5.8158715518e-02
3.8377803167e-01 5.8141795248e-02
3.8428634831e-01 5.8124791258e-02
3.8479466215e-01 5.8107703702e-02
3.8530297317e-01 5.8090532731e-02
3.8581128138e-01 5.8073278500e-02
3.8631958675e-01 5.8055941160e-02
3.8682788929e-01 5.8038520864e-02
3.8733618899e-01 5.8021017766e-02
3.8784448583e-01 5.8003432018e-02
3.8835277982e-01 5.7985763772e-02
3.8886107093e-01 5.7968013183e-02
3.8936935918e-01 5.7950180403e-02
3.8987764454e-01 5.7932265584e-02
3.9038592701e-01 5.7914268879e-02
3.9089420658e-01 5.7896190442e-02
3.9140248325e-01 5.7878030424e-02
3.9191075701e-01 5.7859788980e-02
3.9241902784e-01 5.7841466261e-02
3.9292729575e-01 5.7823062421e-02
3.9343556072e-01 5.7804577612e-02
3.9394382275e-01 5.7786011988e-02
3.9445208182e-01 5.7767365701e-02
3.9496033794e-01 5.7748638903e-02
3.9546859109e-01 5.7729831749e-02
3.9597684127e-01 5.7710944390e-02
3.9648508846e-01 5.7691976980e-02
3.9699333267e-01 5.7672929671e-02
3.9750157387e-01 5.7653802616e-02
3.9800981208e-01 5.7634595968e-02
3.9851804727e-01 5.7615309880e-02
3.9902627944e-01 5.7595944505e-02
3.9953450858e-01 5.7576499995e-02
4.0004273468e-01 5.7556976504e-02
4.0055095775e-01 5.7537374184e-02
4.0105917776e-01 5.7517693188e-02
4.0156739471e-01 5.7497933669e-02
4.0207560859e-01 5.7478095779e-02
4.0258381941e-01 5.7458179673e-02
4.0309202714e-01 5.7438185496e-02
4.0360023178e-01 5.7418113387e-02
4.0410843334e-01 5.7397963481e-02
4.0461663179e-01 5.7377735914e-02
4.0512482715e-01 5.7357430823e-02
4.0563301940e-01 5.7337048344e-02
4.0614120853e-01 5.7316588613e-02
4.0664939455e-01 5.7296051766e-02
4.0715757745e-01 5.7275437939e-02
4.0766575722e-01 5.7254747269e-02
4.0817393385e-01 5.7233979891e-02
4.0868210735e-01 5.7213135941e-02
4.0919027770e-01 5.7192215556e-02
4.0969844491e-01 5.7171218871e-02
4.1020660896e-01 5.7150146024e-02
4.1071476986e-01 5.7128997149e-02
4.1122292759e-01 5.7107772383e-02
4.1173108215e-01 5.7086471863e-02
4.1223923354e-01 5.7065095724e-02
4.1274738174e-01 5.7043644103e-02
4.1325552677e-01 5.7022117134e-02
4.1376366860e-01 5.7000514956e-02
4.1427180724e-01 5.6978837704e-02
4.1477994268e-01 5.6957085513e-02
4.1528807491e-01 5.6935258520e-02
4.1579620393e-01 5.6913356862e-02
4.1630432974e-01 5.6891380673e-02
4.1681245233e-01 5.6869330091e-02
4.1732057169e-01 5.6847205252e-02
4.1782868782e-01 5.6825006291e-02
4.1833680071e-01 5.6802733345e-02
4.1884491036e-01 5.6780386550e-02
4.1935301677e-01 5.6757966042e-02
4.1986111992e-01 5.6735471956e-02
4.2036921982e-01 5.6712904430e-02
4.2087731646e-01 5.6690263600e-02
4.2138540982e-01 5.6667549600e-02
4.2189349992e-01 5.6644762569e-02
4.2240158674e-01 5.6621902641e-02
4.2290967027e-01 5.6598969952e-02
4.2341775052e-01 5.6575964640e-02
4.2392582747e-01 5.6552886840e-02
4.2443390113e-01 5.6529736687e-02
4.2494197148e-01 5.6506514319e-02
4.2545003852e-01 5.6483219872e-02
4.2595810225e-01 5.6459853481e-02
4.2646616266e-01 5.6436415282e-02
4.2697421975e-01 5.6412905412e-02
4.2748227351e-01 5.6389323999e-02
4.2799032394e-01 5.6365671164e-02
4.2849837103e-01 5.6341947025e-02
4.2900641478e-01 5.6318151703e-02
4.2951445519e-01 5.6294285317e-02
4.3002249226e-01 5.6270347987e-02
4.3053052597e-01 5.6246339833e-02
4.3103855634e-01 5.6222260973e-02
4.3154658335e-01 5.6198111528e-02
4.3205460700e-01 5.6173891618e-02
4.3256262729e-01 5.6149601362e-02
4.3307064422e-01 5.6125240879e-02
4.3357865777e-01 5.6100810290e-02
4.3408666796e-01 5.6076309714e-02
4.3459467476e-01 5.6051739270e-02
4.3510267819e-01 5.6027099079e-02
4.3561067824e-01 5.6002389260e-02
4.3611867490e-01 5.5977609932e-02
4.3662666818e-01 5.5952761215e-02
4.3713465806e-01 5.5927843229e-02
4.3764264455e-01 5.5902856093e-02
4.3815062764e-01 5.5877799928e-02
4.3865860732e-01 5.5852674852e-02
4.3916658360e-01 5.5827480986e-02
4.3967455648e-01 5.5802218449e-02
4.4018252594e-01 5.5776887360e-02
4.4069049198e-01 5.5751487840e-02
4.4119845461e-01 5.5726020007e-02
4.4170641381e-01 5.5700483982e-02
4.4221436959e-01 5.5674879885e-02
4.4272232194e-01 5.5649207834e-02
4.4323027086e-01 5.5623467950e-02
4.4373821634e-01 5.5597660352e-02
4.4424615839e-01 5.5571785159e-02
4.4475409699e-01 5.5545842492e-02
4.4526203214e-01 5.5519832470e-02
4.4576996385e-01 5.5493755213e-02
4.4627789211e-01 5.5467610840e-02
4.4678581691e-01 5.5441399471e-02
4.4729373825e-01 5.5415121226e-02
4.4780165613e-01 5.5388776224e-02
4.4830957054e-01 5.5362364585e-02
4.4881748149e-01 5.5335886428e-02
4.4932538896e-01 5.5309341874e-02
4.4983329296e-01 5.5282731041e-02
4.5034119348e-01 5.5256054050e-02
4.5084909051e-01 5.5229311020e-02
4.5135698406e-01 5.5202502071e-02
4.5186487413e-01 5.5175627319e-02
4.5237276070e-01 5.5148686872e-02
4.5288064378e-01 5.5121680837e-02
4.5338852336e-01 5.5094609321e-02
4.5389639945e-01 5.5067472431e-02
4.5440427204e-01 5.5040270273e-02
4.5491214113e-01 5.5013002955e-02
4.5542000672e-01 5.4985670582e-02
4.5592786881e-01 5.4958273262e-02
4.5643572739e-01 5.4930811102e-02
4.5694358246e-01 5.4903284207e-02
4.5745143402e-01 5.4875692686e-02
4.5795928207e-01 5.4848036644e-02
4.5846712661e-01 5.4820316189e-02
4.5897496763e-01 5.4792531427e-02
4.5948280514e-01 5.4764682465e-02
4.5999063913e-01 5.4736769410e-02
4.6049846959e-01 5.4708792368e-02
4.6100629654e-01 5.4680751447e-02
4.6151411996e-01 5.4652646752e-02
4.6202193985e-01 5.4624478392e-02
4.6252975621e-01 5.4596246472e-02
4.6303756905e-01 5.4567951099e-02
4.6354537835e-01 5.4539592381e-02
4.6405318412e-01 5.4511170423e-02
4.6456098635e-01 5.4482685333e-02
4.6506878504e-01 5.4454137217e-02
4.6557658019e-01 5.4425526183e-02
4.6608437181e-01 5.4396852336e-02
4.6659215988e-01 5.4368115784e-02
4.6709994440e-01 5.4339316634e-02
4.6760772538e-01 5.4310454992e-02
4.6811550280e-01 5.4281530964e-02
4.6862327668e-01 5.4252544659e-02
4.6913104700e-01 5.4223496181e-02
4.6963881377e-01 5.4194385639e-02
4.7014657698e-01 5.4165213139e-02
4.7065433664e-01 5.4135978788e-02
4.7116209273e-01 5.4106682692e-02
4.7166984526e-01 5.4077324959e-02
4.7217759422e-01 5.4047905695e-02
4.7268533962e-01 5.4018425006e-02
4.7319308145e-01 5.3988883000e-02
4.7370081972e-01 5.3959279783e-02
4.7420855440e-01 5.3929615463e-02
4.7471628552e-01 5.3899890145e-02
4.7522401306e-01 5.3870103937e-02
4.7573173702e-01 5.3840256945e-02
4.7623945741e-01 5.3810349276e-02
4.7674717421e-01 5.3780381030e-02
4.7725488743e-01 5.3750352302e-02
4.7776259707e-01 5.3720263184e-02
4.7827030312e-01 5.3690113772e-02
4.7877800559e-01 5.3659904157e-02
4.7928570447e-01 5.3629634435e-02
4.7979339977e-01 5.3599304698e-02
4.8030109148e-01 5.3568915041e-02
4.8080877960e-01 5.3538465558e-02
4.8131646414e-01 5.3507956341e-02
4.8182414508e-01 5.3477387485e-02
4.8233182243e-01 5.3446759083e-02
4.8283949619e-01 5.3416071230e-02
4.8334716636e-01 5.3385324018e-02
4.8385483294e-01 5.3354517543e-02
4.8436249592e-01 5.3323651896e-02
4.8487015530e-01 5.3292727172e-02
4.8537781109e-01 5.3261743466e-02
4.8588546328e-01 5.3230700870e-02
4.8639311187e-01 5.3199599478e-02
4.8690075687e-01 5.3168439383e-02
4.8740839826e-01 5.3137220681e-02
4.8791603605e-01 5.3105943464e-02
4.8842367024e-01 5.3074607826e-02
4.8893130083e-01 5.3043213861e-02
4.8943892781e-01 5.3011761662e-02
4.8994655119e-01 5.2980251324e-02
4.9045417097e-01 5.2948682940e-02
4.9096178714e-01 5.2917056603e-02
4.9146939970e-01 5.2885372408e-02
4.9197700865e-01 5.2853630448e-02
4.9248461399e-01 5.2821830817e-02
4.9299221573e-01 5.2789973609e-02
4.9349981385e-01 5.2758058917e-02
4.9400740836e-01 5.2726086835e-02
4.9451499926e-01 5.2694057456e-02
4.9502258654e-01 5.2661970875e-02
4.9553017021e-01 5.2629827186e-02
4.9603775027e-01 5.2597626481e-02
4.9654532670e-01 5.2565368855e-02
4.9705289952e-01 5.2533054402e-02
4.9756046873e-01 5.2500683214e-02
4.9806803431e-01 5.2468255386e-02
4.9857559627e-01 5.2435771012e-02
4.9908315461e-01 5.2403230185e-02
4.9959070934e-01 5.2370633000e-02
5.0009826043e-01 5.2337979548e-02
5.0060580791e-01 5.2305269926e-02
5.0111335176e-01 5.2272504225e-02
5.0162089198e-01 5.2239682533e-02
5.0212842858e-01 5.2206804935e-02
5.0263596155e-01 5.2173871514e-02
5.0314349090e-01 5.2140882353e-02
5.0365101662e-01 5.2107837537e-02
5.0415853872e-01 5.2074737149e-02
5.0466605719e-01 5.2041581272e-02
5.0517357204e-01 5.2008369991e-02
5.0568108326e-01 5.1975103388e-02
5.0618859085e-01 5.1941781548e-02
5.0669609482e-01 5.1908404554e-02
5.0720359516e-01 5.1874972490e-02
5.0771109187e-01 5.1841485440e-02
5.0821858496e-01 5.1807943487e-02
5.0872607442e-01 5.1774346715e-02
5.0923356026e-01 5.1740695207e-02
5.0974104246e-01 5.1706989048e-02
5.1024852104e-01 5.1673228321e-02
5.1075599600e-01 5.1639413109e-02
5.1126346732e-01 5.1605543496e-02
5.1177093502e-01 5.1571619566e-02
5.1227839909e-01 5.1537641403e-02
5.1278585953e-01 5.1503609089e-02
5.1329331634e-01 5.1469522710e-02
5.1380076953e-01 5.1435382348e-02
5.1430821909e-01 5.1401188088e-02
5.1481566502e-01 5.1366940012e-02
5.1532310732e-01 5.1332638204e-02
5.1583054599e-01 5.1298282749e-02
5.1633798104e-01 5.1263873730e-02
5.1684541245e-01 5.1229411230e-02
5.1735284024e-01 5.1194895333e-02
5.1786026440e-01 5.1160326123e-02
5.1836768492e-01 5.1125703684e-02
5.1887510182e-01 5.1091028098e-02
5.1938251509e-01 5.1056299451e-02
5.1988992473e-01 5.1021517824e-02
5.2039733074e-01 5.0986683303e-02
5.2090473313e-01 5.0951795971e-02
5.2141213188e-01 5.0916855911e-02
5.2191952700e-01 5.0881863207e-02
5.2242691849e-01 5.0846817943e-02
5.2293430635e-01 5.0811720203e-02
5.2344169058e-01 5.0776570069e-02
5.2394907118e-01 5.0741367627e-02
5.2445644815e-01 5.0706112958e-02
5.2496382148e-01 5.0670806148e-02
5.2547119119e-01 5.0635447279e-02
5.2597855727e-01 5.0600036436e-02
5.2648591971e-01 5.0564573693e-02
5.2699327853e-01 5.0529059126e-02
5.2750063371e-01 5.0493492805e-02
5.2800798527e-01 5.0457874804e-02
5.2851533319e-01 5.0422205196e-02
5.2902267749e-01 5.0386484053e-02
5.2953001815e-01 5.0350711447e-02
5.3003735519e-01 5.0314887452e-02
5.3054468860e-01 5.0279012140e-02
5.3105201838e-01 5.0243085584e-02
5.3155934453e-01 5.0207107857e-02
5.3206666706e-01 5.0171079031e-02
5.3257398595e-01 5.0134999178e-02
5.3308130122e-01 5.0098868373e-02
5.3358861287e-01 5.0062686686e-02
5.3409592088e-01 5.0026454192e-02
5.3460322527e-01 4.9990170962e-02
5.3511052604e-01 4.9953837069e-02
5.3561782317e-01 4.9917452587e-02
5.3612511669e-01 4.9881017587e-02
5.3663240658e-01 4.9844532142e-02
5.3713969284e-01 4.9807996326e-02
5.3764697548e-01 4.9771410210e-02
5.3815425449e-01 4.9734773867e-02
5.3866152988e-01 4.9698087371e-02
5.3916880165e-01 4.9661350793e-02
5.3967606979e-01 4.9624564207e-02
5.4018333431e-01 4.9587727685e-02
5.4069059520e-01 4.9550841300e-02
5.4119785248e-01 4.9513905124e-02
5.4170510613e-01 4.9476919230e-02
5.4221235616e-01 4.9439883692e-02
5.4271960257e-01 4.9402798580e-02
5.4322684535e-01 4.9365663969e-02
5.4373408452e-01 4.9328479931e-02
5.4424132006e-01 4.9291246539e-02
5.4474855198e-01 4.9253963864e-02
5.4525578029e-01 4.9216631981e-02
5.4576300497e-01 4.9179250961e-02
5.4627022603e-01 4.9141820878e-02
5.4677744348e-01 4.9104341803e-02
5.4728465730e-01 4.9066813811e-02
5.4779186751e-01 4.9029236972e-02
5.4829907409e-01 4.8991611361e-02
5.4880627706e-01 4.8953937049e-02
5.4931347641e-01 4.8916214110e-02
5.4982067215e-01 4.8878442615e-02
5.5032786426e-01 4.8840622639e-02
5.5083505276e-01 4.8802754252e-02
5.5134223764e-01 4.8764837522e-02
5.5184941891e-01 4.8726872512e-02
5.5235659656e-01 4.8688859286e-02
5.5286377059e-01 4.8650797908e-02
5.5337094101e-01 4.8612688442e-02
5.5387810782e-01 4.8574530953e-02
5.5438527101e-01 4.8536325503e-02
5.5489243059e-01 4.8498072156e-02
5.5539958656e-01 4.8459770978e-02
5.5590673892e-01 4.8421422030e-02
5.5641388766e-01 4.8383025379e-02
5.5692103280e-01 4.8344581086e-02
5.5742817433e-01 4.8306089217e-02
5.5793531224e-01 4.8267549835e-02
5.5844244655e-01 4.8228963004e-02
5.5894957725e-01 4.8190328788e-02
5.5945670435e-01 4.8151647251e-02
5.5996382783e-01 4.8112918456e-02
5.6047094771e-01 4.8074142468e-02
5.6097806399e-01 4.8035319351e-02
5.6148517666e-01 4.7996449168e-02
5.6199228572e-01 4.7957531983e-02
5.6249939118e-01 4.7918567861e-02
5.6300649304e-01 4.7879556865e-02
5.6351359130e-01 4.7840499058e-02
5.6402068595e-01 4.7801394506e-02
5.6452777700e-01 4.7762243272e-02
5.6503486445e-01 4.7723045419e-02
5.6554194830e-01 4.7683801012e-02
5.6604902855e-01 4.7644510114e-02
5.6655610520e-01 4.7605172790e-02
5.6706317825e-01 4.7565789104e-02
5.6757024771e-01 4.7526359118e-02
5.6807731356e-01 4.7486882898e-02
5.6858437582e-01 4.7447360507e-02
5.6909143449e-01 4.7407792009e-02
5.6959848956e-01 4.7368177467e-02
5.7010554103e-01 4.7328516947e-02
5.7061258891e-01 4.7288810511e-02
5.7111963319e-01 4.7249058223e-02
5.7162667388e-01 4.7209260148e-02
5.7213371098e-01 4.7169416350e-02
5.7264074449e-01 4.7129526891e-02
5.7314777440e-01 4.7089591837e-02
5.7365480072e-01 4.7049611251e-02
5.7416182345e-01 4.7009585197e-02
5.7466884260e-01 4.6969513739e-02
5.7517585815e-01 4.6929396940e-02
5.7568287011e-01 4.6889234864e-02
5.7618987849e-01 4.6849027566e-02
5.7669688328e-01 4.6808775100e-02
5.7720388448e-01 4.6768477524e-02
5.7771088210e-01 4.6728134890e-02
5.7821787613e-01 4.6687747254e-02
5.7872486657e-01 4.6647314672e-02
5.7923185343e-01 4.6606837198e-02
5.7973883671e-01 4.6566314887e-02
5.8024581641e-01 4.6525747794e-02
5.8075279252e-01 4.6485135974e-02
5.8125976505e-01 4.6444479483e-02
5.8176673400e-01 4.6403778374e-02
5.8227369937e-01 4.6363032704e-02
5.8278066116e-01 4.6322242527e-02
5.8328761937e-01 4.6281407898e-02
5.8379457400e-01 4.6240528872e-02
5.8430152506e-01 4.6199605504e-02
5.8480847254e-01 4.6158637849e-02
5.8531541644e-01 4.6117625962e-02
5.8582235677e-01 4.6076569898e-02
5.8632929352e-01 4.6035469712e-02
5.8683622669e-01 4.5994325460e-02
5.8734315630e-01 4.5953137195e-02
5.8785008233e-01 4.5911904973e-02
5.8835700478e-01 4.5870628850e-02
5.8886392367e-01 4.5829308879e-02
5.8937083898e-01 4.5787945116e-02
5.8987775072e-01 4.5746537617e-02
5.9038465890e-01 4.5705086435e-02
5.9089156350e-01 4.5663591626e-02
5.9139846454e-01 4.5622053245e-02
5.9190536201e-01 4.5580471347e-02
5.9241225591e-01 4.5538845988e-02
5.9291914624e-01 4.5497177221e-02
5.9342603301e-01 4.5455465102e-02
5.9393291621e-01 4.5413709685e-02
5.9443979585e-01 4.5371911027e-02
5.9494667192e-01 4.5330069182e-02
5.9545354443e-01 4.5288184204e-02
5.9596041338e-01 4.5246256150e-02
5.9646727877e-01 4.5204285073e-02
5.9697414059e-01 4.5162271029e-02
5.9748099885e-01 4.5120214073e-02
5.9798785356e-01 4.5078114260e-02
5.9849470470e-01 4.5035971645e-02
5.9900155229e-01 4.4993786282e-02
5.9950839631e-01 4.4951558228e-02
6.0001523678e-01 4.4909287536e-02
6.0052207370e-01 4.4866974256e-02
6.0102890705e-01 4.4824618438e-02
6.0153573685e-01 4.4782220128e-02
6.0204256310e-01 4.4739779375e-02
6.0254938579e-01 4.4697296225e-02
6.0305620493e-01 4.4654770728e-02
6.0356302051e-01 4.4612202930e-02
6.0406983255e-01 4.4569592880e-02
6.0457664103e-01 4.4526940625e-02
6.0508344596e-01 4.4484246214e-02
6.0559024734e-01 4.4441509693e-02
6.0609704517e-01 4.4398731111e-02
6.0660383946e-01 4.4355910516e-02
6.0711063019e-01 4.4313047954e-02
6.0761741738e-01 4.4270143475e-02
6.0812420102e-01 4.4227197126e-02
6.0863098111e-01 4.4184208954e-02
6.0913775766e-01 4.4141179008e-02
6.0964453067e-01 4.4098107335e-02
6.1015130013e-01 4.4054993983e-02
6.1065806604e-01 4.4011839000e-02
6.1116482842e-01 4.3968642434e-02
6.1167158725e-01 4.3925404331e-02
6.1217834254e-01 4.3882124742e-02
6.1268509429e-01 4.3838803712e-02
6.1319184250e-01 4.3795441289e-02
6.1369858717e-01 4.3752037523e-02
6.1420532831e-01 4.3708592459e-02
6.1471206590e-01 4.3665106147e-02
6.1521879996e-01 4.3621578634e-02
6.1572553048e-01 4.3578009968e-02
6.1623225746e-01 4.3534400196e-02
6.1673898091e-01 4.3490749366e-02
6.1724570083e-01 4.3447057526e-02
6.1775241721e-01 4.3403324725e-02
6.1825913005e-01 4.3359551008e-02
6.1876583937e-01 4.3315736426e-02
6.1927254515e-01 4.3271881025e-02
6.1977924740e-01 4.3227984852e-02
6.2028594613e-01 4.3184047957e-02
6.2079264132e-01 4.3140070386e-02
6.2129933298e-01 4.3096052187e-02
6.2180602111e-01 4.3051993409e-02
6.2231270572e-01 4.3007894099e-02
6.2281938680e-01 4.2963754305e-02
6.2332606435e-01 4.2919574074e-02
6.2383273838e-01 4.2875353454e-02
6.2433940888e-01 4.2831092493e-02
6.2484607585e-01 4.2786791233e-02
6.2535273931e-01 4.2742449713e-02
6.2585939924e-01 4.2698067972e-02
6.2636605564e-01 4.2653646050e-02
6.2687270852e-01 4.2609183987e-02
6.2737935788e-01 4.2564681821e-02
6.2788600372e-01 4.2520139593e-02
6.2839264604e-01 4.2475557341e-02
6.2889928483e-01 4.2430935105e-02
6.2940592011e-01 4.2386272925e-02
6.2991255186e-01 4.2341570840e-02
6.3041918010e-01 4.2296828889e-02
6.3092580481e-01 4.2252047111e-02
6.3143242601e-01 4.2207225547e-02
6.3193904369e-01 4.2162364236e-02
6.3244565785e-01 4.2117463216e-02
6.3295226849e-01 4.2072522528e-02
6.3345887561e-01 4.2027542211e-02
6.3396547922e-01 4.1982522304e-02
6.3447207932e-01 4.1937462847e-02
6.3497867589e-01 4.1892363878e-02
6.3548526895e-01 4.1847225439e-02
6.3599185850e-01 4.1802047567e-02
6.3649844453e-01 4.1756830303e-02
6.3700502705e-01 4.1711573685e-02
6.3751160605e-01 4.1666277754e-02
6.3801818154e-01 4.1620942549e-02
6.3852475352e-01 4.1575568108e-02
6.3903132199e-01 4.1530154472e-02
6.3953788694e-01 4.1484701680e-02
6.4004444838e-01 4.1439209771e-02
6.4055100631e-01 4.1393678785e-02
6.4105756073e-01 4.1348108761e-02
6.4156411164e-01 4.1302499739e-02
6.4207065905e-01 4.1256851758e-02
6.4257720294e-01 4.1211164857e-02
6.4308374332e-01 4.1165439076e-02
6.4359028019e-01 4.1119674455e-02
6.4409681356e-01 4.1073871032e-02
6.4460334342e-01 4.1028028847e-02
6.4510986977e-01 4.0982147940e-02
6.4561639262e-01 4.0936228350e-02
6.4612291196e-01 4.0890270116e-02
6.4662942779e-01 4.0844273278e-02
6.4713594012e-01 4.0798237876e-02
6.4764244894e-01 4.0752163948e-02
6.4814895426e-01 4.0706051534e-02
6.4865545608e-01 4.0659900670e-02
6.4916195439e-01 4.0613711391e-02
6.4966844920e-01 4.0567483729e-02
6.5017494050e-01 4.0521217717e-02
6.5068142830e-01 4.0474913388e-02
6.5118791260e-01 4.0428570776e-02
6.5169439340e-01 4.0382189915e-02
6.5220087069e-01 4.0335770836e-02
6.5270734449e-01 4.0289313573e-02
6.5321381478e-01 4.0242818160e-02
6.5372028157e-01 4.0196284630e-02
6.5422674485e-01 4.0149713015e-02
6.5473320464e-01 4.0103103349e-02
6.5523966093e-01 4.0056455666e-02
6.5574611372e-01 4.0009769998e-02
6.5625256300e-01 3.9963046378e-02
6.5675900879e-01 3.9916284840e-02
6.5726545107e-01 3.9869485417e-02
6.5777188986e-01 3.9822648143e-02
6.5827832515e-01 3.9775773049e-02
6.5878475694e-01 3.9728860170e-02
6.5929118523e-01 3.9681909539e-02
6.5979761002e-01 3.9634921189e-02
6.6030403132e-01 3.9587895152e-02
6.6081044911e-01 3.9540831463e-02
6.6131686341e-01 3.9493730155e-02
6.6182327422e-01 3.9446591260e-02
6.6232968152e-01 3.9399414811e-02
6.6283608533e-01 3.9352200843e-02
6.6334248564e-01 3.9304949388e-02
6.6384888246e-01 3.9257660479e-02
6.6435527578e-01 3.9210334150e-02
6.6486166560e-01 3.9162970434e-02
6.6536805193e-01 3.9115569363e-02
6.6587443476e-01 3.9068130972e-02
6.6638081410e-01 3.9020655293e-02
6.6688718994e-01 3.8973142359e-02
6.6739356229e-01 3.8925592204e-02
6.6789993115e-01 3.8878004861e-02
6.6840629651e-01 3.8830380363e-02
6.6891265838e-01 3.8782718743e-02
6.6941901675e-01 3.8735020034e-02
6.6992537163e-01 3.8687284271e-02
6.7043172302e-01 3.8639511484e-02
6.7093807091e-01 3.8591701709e-02
6.7144441532e-01 3.8543854978e-02
6.7195075623e-01 3.8495971324e-02
6.7245709365e-01 3.8448050774e-02
6.7296342757e-01 3.8400093355e-02
6.7346975801e-01 3.8352099093e-02
6.7397608495e-01 3.8304068015e-02
6.7448240840e-01 3.8256000147e-02
6.7498872836e-01 3.8207895514e-02
6.7549504482e-01 3.8159754145e-02
6.7600135780e-01 3.8111576064e-02
6.7650766727e-01 3.8063361298e-02
6.7701397326e-01 3.8015109874e-02
6.7752027575e-01 3.7966821818e-02
6.7802657475e-01 3.7918497157e-02
6.7853287026e-01 3.7870135915e-02
6.7903916227e-01 3.7821738121e-02
6.7954545080e-01 3.7773303800e-02
6.8005173582e-01 3.7724832979e-02
6.8055801736e-01 3.7676325684e-02
6.8106429540e-01 3.7627781941e-02
6.8157056994e-01 3.7579201777e-02
6.8207684099e-01 3.7530585217e-02
6.8258310855e-01 3.7481932289e-02
6.8308937262e-01 3.7433243019e-02
6.8359563319e-01 3.7384517433e-02
6.8410189027e-01 3.7335755557e-02
6.8460814385e-01 3.7286957418e-02
6.8511439394e-01 3.7238123042e-02
6.8562064053e-01 3.7189252456e-02
6.8612688363e-01 3.7140345685e-02
6.8663312323e-01 3.7091402756e-02
6.8713935934e-01 3.7042423696e-02
6.8764559196e-01 3.6993408530e-02
6.8815182108e-01 3.6944357286e-02
6.8865804671e-01 3.6895269989e-02
6.8916426884e-01 3.6846146666e-02
6.8967048747e-01 3.6796987343e-02
6.9017670261e-01 3.6747792047e-02
6.9068291426e-01 3.6698560803e-02
6.9118912241e-01 3.6649293639e-02
6.9169532706e-01 3.6599990580e-02
6.9220152822e-01 3.6550651653e-02
6.9270772589e-01 3.6501276884e-02
6.9321392006e-01 3.6451866300e-02
6.9372011073e-01 3.6402419926e-02
6.9422629790e-01 3.6352937790e-02
6.9473248159e-01 3.6303419918e-02
6.9523866177e-01 3.6253866334e-02
6.9574483846e-01 3.6204277059e-02
6.9625101165e-01 3.6154652114e-02
6.9675718134e-01 3.6104991519e-02
6.9726334754e-01 3.6055295295e-02
6.9776951024e-01 3.6005563463e-02
6.9827566944e-01 3.5955796043e-02
6.9878182514e-01 3.5905993056e-02
6.9928797734e-01 3.5856154522e-02
6.9979412604e-01 3.5806280462e-02
7.0030027124e-01 3.5756370897e-02
7.0080641294e-01 3.5706425846e-02
7.0131255113e-01 3.5656445331e-02
7.0181868583e-01 3.5606429372e-02
7.0232481703e-01 3.5556377989e-02
7.0283094472e-01 3.5506291204e-02
7.0333706891e-01 3.5456169037e-02
7.0384318959e-01 3.5406011508e-02
7.0434930677e-01 3.5355818638e-02
7.0485542045e-01 3.5305590447e-02
7.0536153063e-01 3.5255326956e-02
7.0586763729e-01 3.5205028187e-02
7.0637374046e-01 3.5154694158e-02
7.0687984011e-01 3.5104324891e-02
7.0738593626e-01 3.5053920406e-02
7.0789202891e-01 3.5003480725e-02
7.0839811804e-01 3.4953005867e-02
7.0890420367e-01 3.4902495852e-02
7.0941028579e-01 3.4851950703e-02
7.0991636440e-01 3.4801370438e-02
7.1042243951e-01 3.4750755080e-02
7.1092851110e-01 3.4700104647e-02
7.1143457919e-01 3.4649419162e-02
7.1194064376e-01 3.4598698643e-02
7.1244670482e-01 3.4547943113e-02
7.1295276237e-01 3.4497152592e-02
7.1345881642e-01 3.4446327099e-02
7.1396486694e-01 3.4395466656e-02
7.1447091396e-01 3.4344571284e-02
7.1497695746e-01 3.4293641002e-02
7.1548299745e-01 3.4242675832e-02
7.1598903393e-01 3.4191675794e-02
7.1649506689e-01 3.4140640908e-02
7.1700109634e-01 3.4089571195e-02
7.1750712228e-01 3.4038466676e-02
7.1801314469e-01 3.3987327367e-02
7.1851916359e-01 3.3936153284e-02
7.1902517898e-01 3.3884944440e-02
7.1953119084e-01 3.3833700850e-02
7.2003719919e-01 3.3782422528e-02
7.2054320402e-01 3.3731109489e-02
7.2104920532e-01 3.3679761747e-02
7.2155520311e-01 3.3628379316e-02
7.2206119737e-01 3.3576962211e-02
7.2256718810e-01 3.3525510446e-02
7.2307317531e-01 3.3474024035e-02
7.2357915900e-01 3.3422502993e-02
7.2408513916e-01 3.3370947334e-02
7.2459111580e-01 3.3319357072e-02
7.2509708890e-01 3.3267732222e-02
7.2560305848e-01 3.3216072798e-02
7.2610902452e-01 3.3164378815e-02
7.2661498704e-01 3.3112650286e-02
7.2712094602e-01 3.3060887227e-02
7.2762690147e-01 3.3009089651e-02
7.2813285339e-01 3.2957257574e-02
7.2863880177e-01 3.2905391008e-02
7.2914474662e-01 3.2853489969e-02
7.2965068793e-01 3.2801554471e-02
7.3015662570e-01 3.2749584528e-02
7.3066255994e-01 3.2697580155e-02
7.3116849064e-01 3.2645541366e-02
7.3167441779e-01 3.2593468175e-02
7.3218034141e-01 3.2541360597e-02
7.3268626149e-01 3.2489218646e-02
7.3319217802e-01 3.2437042337e-02
7.3369809101e-01 3.2384831683e-02
7.3420400045e-01 3.2332586700e-02
7.3470990635e-01 3.2280307401e-02
7.3521580870e-01 3.2227993800e-02
7.3572170751e-01 3.2175645913e-02
7.3622760277e-01 3.2123263754e-02
7.3673349448e-01 3.2070847336e-02
7.3723938264e-01 3.2018396675e-02
7.3774526725e-01 3.1965911784e-02
7.3825114831e-01 3.1913392678e-02
7.3875702581e-01 3.1860839371e-02
7.3926289976e-01 3.1808251879e-02
7.3976877016e-01 3.1755630213e-02
7.4027463700e-01 3.1702974384e-02
7.4078050029e-01 3.1650284402e-02
7.4128636001e-01 3.1597560275e-02
7.4179221618e-01 3.1544802013e-02
7.4229806879e-01 3.1492009625e-02
7.4280391783e-01 3.1439183120e-02
7.4330976331e-01 3.1386322508e-02
7.4381560523e-01 3.1333427798e-02
7.4432144358e-01 3.1280498999e-02
7.4482727836e-01 3.1227536120e-02
7.4533310958e-01 3.1174539170e-02
7.4583893722e-01 3.1121508159e-02
7.4634476129e-01 3.1068443097e-02
7.4685058179e-01 3.1015343991e-02
7.4735639872e-01 3.0962210852e-02
7.4786221207e-01 3.0909043689e-02
7.4836802184e-01 3.0855842510e-02
7.4887382803e-01 3.0802607326e-02
7.4937963065e-01 3.0749338146e-02
7.4988542968e-01 3.0696034978e-02
7.5039122514e-01 3.0642697832e-02
7.5089701700e-01 3.0589326717e-02
7.5140280529e-01 3.0535921642e-02
7.5190858999e-01 3.0482482618e-02
7.5241437110e-01 3.0429009652e-02
7.5292014862e-01 3.0375502754e-02
7.5342592255e-01 3.0321961934e-02
7.5393169289e-01 3.0268387200e-02
7.5443745964e-01 3.0214778563e-02
7.5494322279e-01 3.0161136030e-02
7.5544898235e-01 3.0107459612e-02
7.5595473831e-01 3.0053749317e-02
7.5646049067e-01 3.0000005155e-02
7.5696623944e-01 2.9946227136e-02
7.5747198460e-01 2.9892415268e-02
7.5797772616e-01 2.9838569560e-02
7.5848346412e-01 2.9784690022e-02
7.5898919847e-01 2.9730776663e-02
7.5949492922e-01 2.9676829493e-02
7.6000065636e-01 2.9622848520e-02
7.6050637989e-01 2.9568833754e-02
7.6101209981e-01 2.9514785203e-02
7.6151781612e-01 2.9460702874e-02
7.6202352882e-01 2.9406586771e-02
7.6252923790e-01 2.9352436897e-02
7.6303494336e-01 2.9298253258e-02
7.6354064521e-01 2.9244035857e-02
7.6404634343e-01 2.9189784699e-02
7.6455203803e-01 2.9135499789e-02
7.6505772901e-01 2.9081181130e-02
7.6556341636e-01 2.9026828726e-02
7.6606910008e-01 2.8972442583e-02
7.6657478017e-01 2.8918022704e-02
7.6708045663e-01 2.8863569094e-02
7.6758612946e-01 2.8809081756e-02
7.6809179866e-01 2.8754560696e-02
7.6859746421e-01 2.8700005918e-02
7.6910312613e-01 2.8645417425e-02
7.6960878441e-01 2.8590795223e-02
7.7011443904e-01 2.8536139315e-02
7.7062009003e-01 2.8481449706e-02
7.7112573737e-01 2.8426726400e-02
7.7163138107e-01 2.8371969402e-02
7.7213702112e-01 2.8317178715e-02
7.7264265751e-01 2.8262354344e-02
7.7314829026e-01 2.8207496293e-02
7.7365391934e-01 2.8152604567e-02
7.7415954477e-01 2.8097679170e-02
7.7466516655e-01 2.8042720107e-02
7.7517078466e-01 2.7987727380e-02
7.7567639911e-01 2.7932700996e-02
7.7618200989e-01 2.7877640957e-02
7.7668761701e-01 2.7822547269e-02
7.7719322047e-01 2.7767419936e-02
7.7769882025e-01 2.7712258962e-02
7.7820441636e-01 2.7657064351e-02
7.7871000880e-01 2.7601836108e-02
7.7921559756e-01 2.7546574237e-02
7.7972118265e-01 2.7491278741e-02
7.8022676406e-01 2.7435949627e-02
7.8073234179e-01 2.7380586897e-02
7.8123791584e-01 2.7325190557e-02
7.8174348620e-01 2.7269760609e-02
7.8224905288e-01 2.7214297053e-02
7.8275461587e-01 2.7158799889e-02
7.8326017517e-01 2.7103269115e-02
7.8376573077e-01 2.7047704730e-02
7.8427128268e-01 2.6992106732e-02
7.8477683089e-01 2.6936475121e-02
7.8528237540e-01 2.6880809896e-02
7.8578791621e-01 2.6825111054e-02
7.8629345331e-01 2.6769378595e-02
7.8679898670e-01 2.6713612517e-02
7.8730451639e-01 2.6657812820e-02
7.8781004236e-01 2.6601979503e-02
7.8831556462e-01 2.6546112563e-02
7.8882108316e-01 2.6490212000e-02
7.8932659798e-01 2.6434277812e-02
7.8983210907e-01 2.6378309999e-02
7.9033761645e-01 2.6322308559e-02
7.9084312009e-01 2.6266273491e-02
7.9134862001e-01 2.6210204794e-02
7.9185411620e-01 2.6154102466e-02
7.9235960865e-01 2.6097966506e-02
7.9286509736e-01 2.6041796914e-02
7.9337058234e-01 2.5985593687e-02
7.9387606357e-01 2.5929356825e-02
7.9438154106e-01 2.5873086327e-02
7.9488701481e-01 2.5816782190e-02
7.9539248481e-01 2.5760444415e-02
7.9589795105e-01 2.5704073000e-02
7.9640341355e-01 2.5647667943e-02
7.9690887228e-01 2.5591229243e-02
7.9741432726e-01 2.5534756900e-02
7.9791977848e-01 2.5478250912e-02
7.9842522594e-01 2.5421711278e-02
7.9893066963e-01 2.5365137996e-02
7.9943610955e-01 2.5308531065e-02
7.9994154571e-01 2.5251890485e-02
8.0044697809e-01 2.5195216253e-02
8.0095240669e-01 2.5138508370e-02
8.0145783152e-01 2.5081766832e-02
8.0196325257e-01 2.5024991638e-02
8.0246866984e-01 2.4968182782e-02
8.0297408332e-01 2.4911340260e-02
8.0347949301e-01 2.4854464066e-02
8.0398489891e-01 2.4797554196e-02
8.0449030102e-01 2.4740610645e-02
8.0499569933e-01 2.4683633409e-02
8.0550109384e-01 2.4626622482e-02
8.0600648455e-01 2.4569577860e-02
8.0651187146e-01 2.4512499537e-02
8.0701725455e-01 2.4455387510e-02
8.0752263384e-01 2.4398241774e-02
8.0802800931e-01 2.4341062322e-02
8.0853338096e-01 2.4283849152e-02
8.0903874880e-01 2.4226602257e-02
8.0954411281e-01 2.4169321634e-02
8.1004947300e-01 2.4112007276e-02
8.1055482936e-01 2.4054659181e-02
8.1106018189e-01 2.3997277342e-02
8.1156553058e-01 2.3939861755e-02
8.1207087544e-01 2.3882412415e-02
8.1257621646e-01 2.3824929317e-02
8.1308155364e-01 2.3767412457e-02
8.1358688697e-01 2.3709861830e-02
8.1409221646e-01 2.3652277431e-02
8.1459754209e-01 2.3594659255e-02
8.1510286388e-01 2.3537007297e-02
8.1560818180e-01 2.3479321553e-02
8.1611349587e-01 2.3421602017e-02
8.1661880608e-01 2.3363848685e-02
8.1712411242e-01 2.3306061553e-02
8.1762941489e-01 2.3248240615e-02
8.1813471349e-01 2.3190385866e-02
8.1864000822e-01 2.3132497303e-02
8.1914529908e-01 2.3074574919e-02
8.1965058605e-01 2.3016618710e-02
8.2015586915e-01 2.2958628672e-02
8.2066114836e-01 2.2900604798e-02
8.2116642368e-01 2.2842547082e-02
8.2167169511e-01 2.2784455514e-02
8.2217696265e-01 2.2726330085e-02
8.2268222628e-01 2.2668170786e-02
8.2318748602e-01 2.2609977607e-02
8.2369274185e-01 2.2551750541e-02
8.2419799378e-01 2.2493489578e-02
8.2470324179e-01 2.2435194708e-02
8.2520848589e-01 2.2376865923e-02
8.2571372608e-01 2.2318503215e-02
8.2621896234e-01 2.2260106573e-02
8.2672419467e-01 2.2201675988e-02
8.2722942308e-01 2.2143211453e-02
8.2773464756e-01 2.2084712957e-02
8.2823986810e-01 2.2026180492e-02
8.2874508470e-01 2.1967614049e-02
8.2925029736e-01 2.1909013618e-02
8.2975550608e-01 2.1850379192e-02
8.3026071085e-01 2.1791710759e-02
8.3076591167e-01 2.1733008313e-02
8.3127110853e-01 2.1674271842e-02
8.3177630143e-01 2.1615501340e-02
8.3228149038e-01 2.1556696796e-02
8.3278667536e-01 2.1497858201e-02
8.3329185636e-01 2.1438985547e-02
8.3379703340e-01 2.1380078825e-02
8.3430220646e-01 2.1321138025e-02
8.3480737555e-01 2.1262163138e-02
8.3531254065e-01 2.1203154156e-02
8.3581770177e-01 2.1144111069e-02
8.3632285890e-01 2.1085033868e-02
8.3682801203e-01 2.1025922545e-02
8.3733316118e-01 2.0966777090e-02
8.3783830632e-01 2.0907597495e-02
8.3834344746e-01 2.0848383749e-02
8.3884858460e-01 2.0789135845e-02
8.3935371772e-01 2.0729853768e-02
8.3985884683e-01 2.0670537505e-02
8.4036397193e-01 2.0611187041e-02
8.4086909300e-01 2.0551802362e-02
8.4137421005e-01 2.0492383454e-02
8.4187932307e-01 2.0432930303e-02
8.4238443206e-01 2.0373442894e-02
8.4288953700e-01 2.0313921213e-02
8.4339463791e-01 2.0254365247e-02
8.4389973477e-01 2.0194774980e-02
8.4440482758e-01 2.0135150398e-02
8.4490991633e-01 2.0075491488e-02
8.4541500103e-01 2.0015798235e-02
8.4592008167e-01 1.9956070625e-02
8.4642515824e-01 1.9896308643e-02
8.4693023074e-01 1.9836512276e-02
8.4743529916e-01 1.9776681508e-02
8.4794036351e-01 1.9716816327e-02
8.4844542377e-01 1.9656916717e-02
8.4895047995e-01 1.9596982665e-02
8.4945553204e-01 1.9537014156e-02
8.4996058003e-01 1.9477011175e-02
8.5046562393e-01 1.9416973710e-02
8.5097066372e-01 1.9356901745e-02
8.5147569940e-01 1.9296795266e-02
8.5198073098e-01 1.9236654259e-02
8.5248575844e-01 1.9176478711e-02
8.5299078178e-01 1.9116268605e-02
8.5349580099e-01 1.9056023929e-02
8.5400081608e-01 1.8995744668e-02
8.5450582704e-01 1.8935430808e-02
8.5501083387e-01 1.8875082335e-02
8.5551583655e-01 1.8814699234e-02
8.5602083509e-01 1.8754281491e-02
8.5652582948e-01 1.8693829091e-02
8.5703081973e-01 1.8633342017e-02
8.5753580581e-01 1.8572820253e-02
8.5804078774e-01 1.8512263783e-02
8.5854576549e-01 1.8451672590e-02
8.5905073908e-01 1.8391046658e-02
8.5955570850e-01 1.8330385971e-02
8.6006067374e-01 1.8269690513e-02
8.6056563479e-01 1.8208960267e-02
8.6107059166e-01 1.8148195216e-02
8.6157554433e-01 1.8087395345e-02
8.6208049281e-01 1.8026560636e-02
8.6258543709e-01 1.7965691075e-02
8.6309037716e-01 1.7904786644e-02
8.6359531302e-01 1.7843847327e-02
8.6410024467e-01 1.7782873108e-02
8.6460517210e-01 1.7721863971e-02
8.6511009531e-01 1.7660819898e-02
8.6561501429e-01 1.7599740875e-02
8.6611992904e-01 1.7538626883e-02
8.6662483956e-01 1.7477477908e-02
8.6712974583e-01 1.7416293933e-02
8.6763464786e-01 1.7355074942e-02
8.6813954564e-01 1.7293820917e-02
8.6864443916e-01 1.7232531843e-02
8.6914932843e-01 1.7171207704e-02
8.6965421343e-01 1.7109848483e-02
8.7015909417e-01 1.7048454164e-02
8.7066397064e-01 1.6987024731e-02
8.7116884283e-01 1.6925560166e-02
8.7167371074e-01 1.6864060455e-02
8.7217857436e-01 1.6802525580e-02
8.7268343370e-01 1.6740955524e-02
8.7318828874e-01 1.6679350266e-02
8.7369313948e-01 1.6617709785e-02
8.7419798592e-01 1.6556034061e-02
8.7470282805e-01 1.6494323072e-02
8.7520766586e-01 1.6432576797e-02
8.7571249936e-01 1.6370795214e-02
8.7621732853e-01 1.6308978304e-02
8.7672215337e-01 1.6247126045e-02
8.7722697387e-01 1.6185238416e-02
8.7773179003e-01 1.6123315396e-02
8.7823660185e-01 1.6061356963e-02
8.7874140932e-01 1.5999363098e-02
8.7924621243e-01 1.5937333778e-02
8.7975101118e-01 1.5875268983e-02
8.8025580556e-01 1.5813168691e-02
8.8076059558e-01 1.5751032882e-02
8.8126538121e-01 1.5688861535e-02
8.8177016247e-01 1.5626654628e-02
8.8227493934e-01 1.5564412141e-02
8.8277971181e-01 1.5502134052e-02
8.8328447989e-01 1.5439820341e-02
8.8378924357e-01 1.5377470986e-02
8.8429400284e-01 1.5315085966e-02
8.8479875770e-01 1.5252665261e-02
8.8530350815e-01 1.5190208849e-02
8.8580825417e-01 1.5127716709e-02
8.8631299576e-01 1.5065188820e-02
8.8681773292e-01 1.5002625161e-02
8.8732246564e-01 1.4940025712e-02
8.8782719392e-01 1.4877390450e-02
8.8833191775e-01 1.4814719353e-02
8.8883663713e-01 1.4752012399e-02
8.8934135205e-01 1.4689269562e-02
8.8984606250e-01 1.4626490820e-02
8.9035076848e-01 1.4563676149e-02
8.9085546999e-01 1.4500825525e-02
8.9136016702e-01 1.4437938926e-02
8.9186485955e-01 1.4375016327e-02
8.9236954760e-01 1.4312057704e-02
8.9287423114e-01 1.4249063035e-02
8.9337891018e-01 1.4186032296e-02
8.9388358472e-01 1.4122965462e-02
8.9438825473e-01 1.4059862512e-02
8.9489292023e-01 1.3996723420e-02
8.9539758120e-01 1.3933548164e-02
8.9590223764e-01 1.3870336720e-02
8.9640688954e-01 1.3807089065e-02
8.9691153689e-01 1.3743805174e-02
8.9741617970e-01 1.3680485025e-02
8.9792081796e-01 1.3617128593e-02
8.9842545165e-01 1.3553735856e-02
8.9893008078e-01 1.3490306789e-02
8.9943470534e-01 1.3426841369e-02
8.9993932532e-01 1.3363339573e-02
9.0044394072e-01 1.3299801377e-02
9.0094855153e-01 1.3236226758e-02
9.0145315775e-01 1.3172615691e-02
9.0195775937e-01 1.3108968154e-02
9.0246235638e-01 1.3045284122e-02
9.0296694879e-01 1.2981563572e-02
9.0347153657e-01 1.2917806478e-02
9.0397611974e-01 1.2854012816e-02
9.0448069828e-01 1.2790182562e-02
9.0498527218e-01 1.2726315692e-02
9.0548984145e-01 1.2662412180e-02
9.0599440607e-01 1.2598472002e-02
9.0649896603e-01 1.2534495133e-02
9.0700352135e-01 1.2470481550e-02
9.0750807199e-01 1.2406431228e-02
9.0801261797e-01 1.2342344142e-02
9.0851715928e-01 1.2278220268e-02
9.0902169590e-01 1.2214059580e-02
9.0952622784e-01 1.2149862056e-02
9.1003075508e-01 1.2085627669e-02
9.1053527763e-01 1.2021356397e-02
9.1103979547e-01 1.1957048213e-02
9.1154430861e-01 1.1892703095e-02
9.1204881703e-01 1.1828321016e-02
9.1255332072e-01 1.1763901953e-02
9.1305781969e-01 1.1699445882e-02
9.1356231393e-01 1.1634952777e-02
9.1406680342e-01 1.1570422614e-02
9.1457128818e-01 1.1505855369e-02
9.1507576818e-01 1.1441251017e-02
9.1558024342e-01 1.1376609534e-02
9.1608471391e-01 1.1311930891e-02
9.1658917962e-01 1.1247215058e-02
9.1709364055e-01 1.1182462002e-02
9.1759809671e-01 1.1117671694e-02
9.1810254807e-01 1.1052844102e-02
9.1860699463e-01 1.0987979195e-02
9.1911143639e-01 1.0923076942e-02
9.1961587334e-01 1.0858137312e-02
9.2012030548e-01 1.0793160273e-02
9.2062473278e-01 1.0728145795e-02
9.2112915526e-01 1.0663093846e-02
9.2163357290e-01 1.0598004396e-02
9.2213798569e-01 1.0532877413e-02
9.2264239363e-01 1.0467712866e-02
9.2314679671e-01 1.0402510724e-02
9.2365119493e-01 1.0337270956e-02
9.2415558827e-01 1.0271993532e-02
9.2465997674e-01 1.0206678419e-02
9.2516436032e-01 1.0141325586e-02
9.2566873900e-01 1.0075935003e-02
9.2617311279e-01 1.0010506639e-02
9.2667748166e-01 9.9450404620e-03
9.2718184563e-01 9.8795364413e-03
9.2768620467e-01 9.8139945459e-03
9.2819055879e-01 9.7484147442e-03
9.2869490797e-01 9.6827970041e-03
9.2919925221e-01 9.6171412928e-03
9.2970359150e-01 9.5514475777e-03
9.3020792584e-01 9.4857158261e-03
9.3071225521e-01 9.4199460052e-03
9.3121657961e-01 9.3541380825e-03
9.3172089903e-01 9.2882920253e-03
9.3222521347e-01 9.2224078009e-03
9.3272952292e-01 9.1564853766e-03
9.3323382736e-01 9.0905247198e-03
9.3373812680e-01 9.0245257978e-03
9.3424242123e-01 8.9584885779e-03
9.3474671063e-01 8.8924130274e-03
9.3525099500e-01 8.8262991138e-03
9.3575527434e-01 8.7601468043e-03
9.3625954864e-01 8.6939560662e-03
9.3676381788e-01 8.6277268668e-03
9.3726808207e-01 8.5614591736e-03
9.3777234119e-01 8.4951529539e-03
9.3827659524e-01 8.4288081748e-03
9.3878084421e-01 8.3624248039e-03
9.3928508810e-01 8.2960028084e-03
9.3978932689e-01 8.2295421563e-03
9.4029356058e-01 8.1630428166e-03
9.4079778916e-01 8.0965047584e-03
9.4130201263e-01 8.0299279509e-03
9.4180623097e-01 7.9633123631e-03
9.4231044419e-01 7.8966579641e-03
9.4281465227e-01 7.8299647232e-03
9.4331885520e-01 7.7632326094e-03
9.4382305299e-01 7.6964615918e-03
9.4432724561e-01 7.6296516395e-03
9.4483143307e-01 7.5628027218e-03
9.4533561536e-01 7.4959148076e-03
9.4583979247e-01 7.4289878662e-03
9.4634396439e-01 7.3620218666e-03
9.4684813112e-01 7.2950167779e-03
9.4735229264e-01 7.2279725694e-03
9.4785644896e-01 7.1608892100e-03
9.4836060006e-01 7.0937666689e-03
9.4886474594e-01 7.0266049153e-03
9.4936888659e-01 6.9594039183e-03
9.4987302201e-01 6.8921636467e-03
9.5037715218e-01 6.8248840658e-03
9.5088127709e-01 6.7575651371e-03
9.5138539675e-01 6.6902068223e-03
9.5188951113e-01 6.6228090829e-03
9.5239362024e-01 6.5553718804e-03
9.5289772406e-01 6.4878951764e-03
9.5340182259e-01 6.4203789325e-03
9.5390591581e-01 6.3528231101e-03
9.5441000372e-01 6.2852276709e-03
9.5491408631e-01 6.2175925764e-03
9.5541816358e-01 6.1499177882e-03
9.5592223550e-01 6.0822032677e-03
9.5642630208e-01 6.0144489766e-03
9.5693036331e-01 5.9466548764e-03
9.5743441918e-01 5.8788209286e-03
9.5793846968e-01 5.8109470948e-03
9.5844251480e-01 5.7430333365e-03
9.5894655453e-01 5.6750796154e-03
9.5945058887e-01 5.6070858934e-03
9.5995461780e-01 5.5390521397e-03
9.6045864133e-01 5.4709783280e-03
9.6096265944e-01 5.4028644326e-03
9.6146667213e-01 5.3347104274e-03
9.6197067939e-01 5.2665162865e-03
9.6247468121e-01 5.1982819839e-03
9.6297867759e-01 5.1300074936e-03
9.6348266852e-01 5.0616927897e-03
9.6398665400e-01 4.9933378463e-03
9.6449063401e-01 4.9249426374e-03
9.6499460855e-01 4.8565071369e-03
9.6549857762e-01 4.7880313191e-03
9.6600254120e-01 4.7195151578e-03
9.6650649929e-01 4.6509586272e-03
9.6701045189e-01 4.5823617013e-03
9.6751439898e-01 4.5137243541e-03
9.6801834057e-01 4.4450465584e-03
9.6852227663e-01 4.3763282550e-03
9.6902620715e-01 4.3075693528e-03
9.6953013212e-01 4.2387697592e-03
9.7003405152e-01 4.1699293815e-03
9.7053796533e-01 4.1010481273e-03
9.7104187354e-01 4.0321259037e-03
9.7154577613e-01 3.9631626183e-03
9.7204967309e-01 3.8941581784e-03
9.7255356439e-01 3.8251124914e-03
9.7305745002e-01 3.7560254647e-03
9.7356132997e-01 3.6868970057e-03
9.7406520422e-01 3.6177270217e-03
9.7456907276e-01 3.5485154202e-03
9.7507293555e-01 3.4792621085e-03
9.7557679260e-01 3.4099669941e-03
9.7608064390e-01 3.3406300355e-03
9.7658448945e-01 3.2712513894e-03
9.7708832928e-01 3.2018312601e-03
9.7759216343e-01 3.1323698518e-03
9.7809599191e-01 3.0628673690e-03
9.7859981476e-01 2.9933240159e-03
9.7910363199e-01 2.9237399969e-03
9.7960744364e-01 2.8541155164e-03
9.8011124972e-01 2.7844507786e-03
9.8061505027e-01 2.7147459880e-03
9.8111884530e-01 2.6450013487e-03
9.8162263485e-01 2.5752170652e-03
9.8212641894e-01 2.5053933418e-03
9.8263019759e-01 2.4355303828e-03
9.8313397080e-01 2.3656281371e-03
9.8363773843e-01 2.2956856660e-03
9.8414150031e-01 2.2257018380e-03
9.8464525629e-01 2.1556755217e-03
9.8514900619e-01 2.0856055858e-03
9.8565274987e-01 2.0154908989e-03
9.8615648715e-01 1.9453303295e-03
9.8666021787e-01 1.8751227463e-03
9.8716394186e-01 1.8048670178e-03
9.8766765898e-01 1.7345620128e-03
9.8817136905e-01 1.6642065996e-03
9.8867507191e-01 1.5937996471e-03
9.8917876740e-01 1.5233401055e-03
9.8968245575e-01 1.4528294759e-03
9.9018613757e-01 1.3822722479e-03
9.9068981352e-01 1.3116730814e-03
9.9119348424e-01 1.2410366361e-03
9.9169715041e-01 1.1703675720e-03
9.9220081265e-01 1.0996705488e-03
9.9270447164e-01 1.0289502265e-03
9.9320812801e-01 9.5821126481e-04
9.9371178243e-01 8.8745832361e-04
9.9421543554e-01 8.1669606272e-04
9.9471908800e-01 7.4592914200e-04
