4000 2002 0
9.9999999600e-01 -1.1962815700e-16
9.9962750034e-01 -3.6461352914e-04
9.9924467026e-01 -7.0967086590e-04
9.9884117132e-01 -1.0156158179e-03
9.9840672483e-01 -1.2629901543e-03
9.9793768399e-01 -1.4439952438e-03
9.9744322336e-01 -1.5733736606e-03
9.9693398238e-01 -1.6684434376e-03
9.9642060030e-01 -1.7465223222e-03
9.9591136511e-01 -1.8215766795e-03
9.9540636980e-01 -1.8958920813e-03
9.9490392308e-01 -1.9692108399e-03
9.9440233363e-01 -2.0412752676e-03
9.9389994130e-01 -2.1118389225e-03
9.9339603529e-01 -2.1809980594e-03
9.9289100491e-01 -2.2492460655e-03
9.9238530100e-01 -2.3170985352e-03
9.9187937440e-01 -2.3850710629e-03
9.9137367225e-01 -2.4536746197e-03
9.9086843071e-01 -2.5231570874e-03
9.9036356541e-01 -2.5933665822e-03
9.8985896513e-01 -2.6641177525e-03
9.8935451864e-01 -2.7352252469e-03
9.8885011473e-01 -2.8065037138e-03
9.8834564757e-01 -2.8777749308e-03
9.8784108258e-01 -2.9489549350e-03
9.8733643557e-01 -3.0200264561e-03
9.8683172344e-01 -3.0909736321e-03
9.8632696307e-01 -3.1617806011e-03
9.8582217134e-01 -3.2324315011e-03
9.8531736512e-01 -3.3029105052e-03
9.8481255545e-01 -3.3732083625e-03
9.8430774073e-01 -3.4433300934e-03
9.8380291772e-01 -3.5132825892e-03
9.8329808318e-01 -3.5830727407e-03
9.8279323387e-01 -3.6527074390e-03
9.8228836655e-01 -3.7221935752e-03
9.8178347797e-01 -3.7915380403e-03
9.8127856576e-01 -3.8607484313e-03
9.8077363140e-01 -3.9298354520e-03
9.8026867744e-01 -3.9988106606e-03
9.7976370641e-01 -4.0676856155e-03
9.7925872085e-01 -4.1364718748e-03
9.7875372331e-01 -4.2051809968e-03
9.7824871631e-01 -4.2738245398e-03
9.7774370240e-01 -4.3424140621e-03
9.7723868392e-01 -4.4109604819e-03
9.7673366185e-01 -4.4794700227e-03
9.7622863653e-01 -4.5479468163e-03
9.7572360831e-01 -4.6163949854e-03
9.7521857752e-01 -4.6848186524e-03
9.7471354451e-01 -4.7532219398e-03
9.7420850963e-01 -4.8216089702e-03
9.7370347322e-01 -4.8899838660e-03
9.7319843563e-01 -4.9583507498e-03
9.7269339718e-01 -5.0267134924e-03
9.7218835783e-01 -5.0950723424e-03
9.7168331730e-01 -5.1634248299e-03
9.7117827530e-01 -5.2317684190e-03
9.7067323153e-01 -5.3001005738e-03
9.7016818569e-01 -5.3684187586e-03
9.6966313749e-01 -5.4367204374e-03
9.6915808664e-01 -5.5050030744e-03
9.6865303285e-01 -5.5732641338e-03
9.6814797581e-01 -5.6415010797e-03
9.6764291523e-01 -5.7097113800e-03
9.6713785084e-01 -5.7778928143e-03
9.6663278241e-01 -5.8460437045e-03
9.6612770972e-01 -5.9141624267e-03
9.6562263254e-01 -5.9822473571e-03
9.6511755063e-01 -6.0502968716e-03
9.6461246379e-01 -6.1183093466e-03
9.6410737177e-01 -6.1862831580e-03
9.6360227435e-01 -6.2542166820e-03
9.6309717131e-01 -6.3221082948e-03
9.6259206242e-01 -6.3899563723e-03
9.6208694745e-01 -6.4577592909e-03
9.6158182619e-01 -6.5255155443e-03
9.6107669859e-01 -6.5932246609e-03
9.6057156466e-01 -6.6608867047e-03
9.6006642441e-01 -6.7285017445e-03
9.5956127786e-01 -6.7960698490e-03
9.5905612503e-01 -6.8635910870e-03
9.5855096593e-01 -6.9310655272e-03
9.5804580058e-01 -6.9984932383e-03
9.5754062900e-01 -7.0658742891e-03
9.5703545121e-01 -7.1332087484e-03
9.5653026721e-01 -7.2004966847e-03
9.5602507704e-01 -7.2677381670e-03
9.5551988069e-01 -7.3349332638e-03
9.5501467820e-01 -7.4020820881e-03
9.5450946962e-01 -7.4691849999e-03
9.5400425500e-01 -7.5362424461e-03
9.5349903442e-01 -7.6032548736e-03
9.5299380793e-01 -7.6702227290e-03
9.5248857560e-01 -7.7371464594e-03
9.5198333749e-01 -7.8040265115e-03
9.5147809366e-01 -7.8708633321e-03
9.5097284417e-01 -7.9376573682e-03
9.5046758908e-01 -8.0044090665e-03
9.4996232846e-01 -8.0711188739e-03
9.4945706238e-01 -8.1377872372e-03
9.4895179088e-01 -8.2044146033e-03
9.4844651404e-01 -8.2710014189e-03
9.4794123192e-01 -8.3375481220e-03
9.4743594455e-01 -8.4040550253e-03
9.4693065198e-01 -8.4705223504e-03
9.4642535423e-01 -8.5369503170e-03
9.4592005134e-01 -8.6033391446e-03
9.4541474333e-01 -8.6696890528e-03
9.4490943024e-01 -8.7360002610e-03
9.4440411211e-01 -8.8022729889e-03
9.4389878895e-01 -8.8685074561e-03
9.4339346081e-01 -8.9347038821e-03
9.4288812772e-01 -9.0008624864e-03
9.4238278970e-01 -9.0669834887e-03
9.4187744679e-01 -9.1330671084e-03
9.4137209902e-01 -9.1991135652e-03
9.4086674643e-01 -9.2651230787e-03
9.4036138904e-01 -9.3310958683e-03
9.3985602688e-01 -9.3970321231e-03
9.3935065995e-01 -9.4629318470e-03
9.3884528826e-01 -9.5287949743e-03
9.3833991179e-01 -9.5946214396e-03
9.3783453054e-01 -9.6604111769e-03
9.3732914450e-01 -9.7261641208e-03
9.3682375367e-01 -9.7918802054e-03
9.3631835803e-01 -9.8575593651e-03
9.3581295759e-01 -9.9232015342e-03
9.3530755234e-01 -9.9888066470e-03
9.3480214227e-01 -1.0054374638e-02
9.3429672738e-01 -1.0119905441e-02
9.3379130766e-01 -1.0185398991e-02
9.3328588311e-01 -1.0250855222e-02
9.3278045371e-01 -1.0316274068e-02
9.3227501947e-01 -1.0381655464e-02
9.3176958038e-01 -1.0446999344e-02
9.3126413642e-01 -1.0512305643e-02
9.3075868761e-01 -1.0577574315e-02
9.3025323393e-01 -1.0642805330e-02
9.2974777539e-01 -1.0707998660e-02
9.2924231199e-01 -1.0773154275e-02
9.2873684372e-01 -1.0838272147e-02
9.2823137059e-01 -1.0903352247e-02
9.2772589259e-01 -1.0968394546e-02
9.2722040973e-01 -1.1033399015e-02
9.2671492199e-01 -1.1098365625e-02
9.2620942939e-01 -1.1163294347e-02
9.2570393192e-01 -1.1228185153e-02
9.2519842958e-01 -1.1293038012e-02
9.2469292237e-01 -1.1357852898e-02
9.2418741029e-01 -1.1422629780e-02
9.2368189333e-01 -1.1487368629e-02
9.2317637150e-01 -1.1552069418e-02
9.2267084480e-01 -1.1616732116e-02
9.2216531322e-01 -1.1681356695e-02
9.2165977677e-01 -1.1745943129e-02
9.2115423545e-01 -1.1810491424e-02
9.2064868926e-01 -1.1875001619e-02
9.2014313822e-01 -1.1939473752e-02
9.1963758233e-01 -1.2003907861e-02
9.1913202160e-01 -1.2068303983e-02
9.1862645603e-01 -1.2132662158e-02
9.1812088565e-01 -1.2196982423e-02
9.1761531044e-01 -1.2261264816e-02
9.1710973042e-01 -1.2325509376e-02
9.1660414561e-01 -1.2389716140e-02
9.1609855599e-01 -1.2453885147e-02
9.1559296160e-01 -1.2518016435e-02
9.1508736242e-01 -1.2582110042e-02
9.1458175847e-01 -1.2646166007e-02
9.1407614976e-01 -1.2710184366e-02
9.1357053630e-01 -1.2774165160e-02
9.1306491808e-01 -1.2838108425e-02
9.1255929513e-01 -1.2902014199e-02
9.1205366744e-01 -1.2965882522e-02
9.1154803503e-01 -1.3029713431e-02
9.1104239791e-01 -1.3093506964e-02
9.1053675607e-01 -1.3157263166e-02
9.1003110954e-01 -1.3220982082e-02
9.0952545831e-01 -1.3284663755e-02
9.0901980240e-01 -1.3348308230e-02
9.0851414181e-01 -1.3411915553e-02
9.0800847656e-01 -1.3475485769e-02
9.0750280665e-01 -1.3539018921e-02
9.0699713209e-01 -1.3602515055e-02
9.0649145288e-01 -1.3665974216e-02
9.0598576905e-01 -1.3729396448e-02
9.0548008059e-01 -1.3792781796e-02
9.0497438751e-01 -1.3856130305e-02
9.0446868982e-01 -1.3919442020e-02
9.0396298754e-01 -1.3982716985e-02
9.0345728066e-01 -1.4045955246e-02
9.0295156920e-01 -1.4109156846e-02
9.0244585316e-01 -1.4172321831e-02
9.0194013256e-01 -1.4235450246e-02
9.0143440739e-01 -1.4298542135e-02
9.0092867768e-01 -1.4361597544e-02
9.0042294343e-01 -1.4424616516e-02
8.9991720464e-01 -1.4487599096e-02
8.9941146133e-01 -1.4550545319e-02
8.9890571349e-01 -1.4613455204e-02
8.9839996114e-01 -1.4676328774e-02
8.9789420428e-01 -1.4739166049e-02
8.9738844291e-01 -1.4801967049e-02
8.9688267704e-01 -1.4864731796e-02
8.9637690668e-01 -1.4927460311e-02
8.9587113183e-01 -1.4990152614e-02
8.9536535249e-01 -1.5052808726e-02
8.9485956867e-01 -1.5115428668e-02
8.9435378037e-01 -1.5178012461e-02
8.9384798761e-01 -1.5240560126e-02
8.9334219039e-01 -1.5303071683e-02
8.9283638870e-01 -1.5365547153e-02
8.9233058256e-01 -1.5427986558e-02
8.9182477197e-01 -1.5490389917e-02
8.9131895694e-01 -1.5552757253e-02
8.9081313747e-01 -1.5615088585e-02
8.9030731357e-01 -1.5677383934e-02
8.8980148523e-01 -1.5739643322e-02
8.8929565248e-01 -1.5801866769e-02
8.8878981531e-01 -1.5864054296e-02
8.8828397372e-01 -1.5926205924e-02
8.8777812773e-01 -1.5988321674e-02
8.8727227734e-01 -1.6050401565e-02
8.8676642255e-01 -1.6112445616e-02
8.8626056337e-01 -1.6174453845e-02
8.8575469980e-01 -1.6236426268e-02
8.8524883184e-01 -1.6298362905e-02
8.8474295951e-01 -1.6360263773e-02
8.8423708280e-01 -1.6422128889e-02
8.8373120173e-01 -1.6483958272e-02
8.8322531629e-01 -1.6545751938e-02
8.8271942649e-01 -1.6607509907e-02
8.8221353233e-01 -1.6669232196e-02
8.8170763383e-01 -1.6730918822e-02
8.8120173098e-01 -1.6792569804e-02
8.8069582379e-01 -1.6854185159e-02
8.8018991226e-01 -1.6915764905e-02
8.7968399640e-01 -1.6977309060e-02
8.7917807621e-01 -1.7038817641e-02
8.7867215171e-01 -1.7100290667e-02
8.7816622288e-01 -1.7161728154e-02
8.7766028975e-01 -1.7223130122e-02
8.7715435230e-01 -1.7284496588e-02
8.7664841056e-01 -1.7345827569e-02
8.7614246451e-01 -1.7407123083e-02
8.7563651417e-01 -1.7468383149e-02
8.7513055954e-01 -1.7529607783e-02
8.7462460063e-01 -1.7590797004e-02
8.7411863744e-01 -1.7651950830e-02
8.7361266997e-01 -1.7713069278e-02
8.7310669824e-01 -1.7774152367e-02
8.7260072223e-01 -1.7835200114e-02
8.7209474197e-01 -1.7896212538e-02
8.7158875745e-01 -1.7957189655e-02
8.7108276868e-01 -1.8018131485e-02
8.7057677566e-01 -1.8079038046e-02
8.7007077840e-01 -1.8139909354e-02
8.6956477690e-01 -1.8200745429e-02
8.6905877117e-01 -1.8261546288e-02
8.6855276121e-01 -1.8322311948e-02
8.6804674703e-01 -1.8383042429e-02
8.6754072862e-01 -1.8443737748e-02
8.6703470601e-01 -1.8504397923e-02
8.6652867918e-01 -1.8565022972e-02
8.6602264814e-01 -1.8625612912e-02
8.6551661291e-01 -1.8686167762e-02
8.6501057348e-01 -1.8746687541e-02
8.6450452986e-01 -1.8807172264e-02
8.6399848205e-01 -1.8867621952e-02
8.6349243006e-01 -1.8928036621e-02
8.6298637389e-01 -1.8988416290e-02
8.6248031355e-01 -1.9048760976e-02
8.6197424904e-01 -1.9109070698e-02
8.6146818037e-01 -1.9169345473e-02
8.6096210754e-01 -1.9229585320e-02
8.6045603055e-01 -1.9289790256e-02
8.5994994941e-01 -1.9349960299e-02
8.5944386413e-01 -1.9410095465e-02
8.5893777471e-01 -1.9470195768e-02
8.5843168115e-01 -1.9530261225e-02
8.5792558346e-01 -1.9590291851e-02
8.5741948163e-01 -1.9650287661e-02
8.5691337569e-01 -1.9710248671e-02
8.5640726562e-01 -1.9770174897e-02
8.5590115144e-01 -1.9830066353e-02
8.5539503314e-01 -1.9889923056e-02
8.5488891074e-01 -1.9949745021e-02
8.5438278424e-01 -2.0009532263e-02
8.5387665363e-01 -2.0069284798e-02
8.5337051893e-01 -2.0129002641e-02
8.5286438014e-01 -2.0188685808e-02
8.5235823727e-01 -2.0248334314e-02
8.5185209031e-01 -2.0307948175e-02
8.5134593927e-01 -2.0367527406e-02
8.5083978416e-01 -2.0427072023e-02
8.5033362498e-01 -2.0486582041e-02
8.4982746174e-01 -2.0546057475e-02
8.4932129443e-01 -2.0605498342e-02
8.4881512307e-01 -2.0664904656e-02
8.4830894766e-01 -2.0724276434e-02
8.4780276819e-01 -2.0783613690e-02
8.4729658469e-01 -2.0842916441e-02
8.4679039714e-01 -2.0902184700e-02
8.4628420556e-01 -2.0961418485e-02
8.4577800994e-01 -2.1020617811e-02
8.4527181030e-01 -2.1079782692e-02
8.4476560664e-01 -2.1138913144e-02
8.4425939895e-01 -2.1198009177e-02
8.4375318725e-01 -2.1257070804e-02
8.4324697154e-01 -2.1316098037e-02
8.4274075182e-01 -2.1375090885e-02
8.4223452810e-01 -2.1434049362e-02
8.4172830037e-01 -2.1492973478e-02
8.4122206865e-01 -2.1551863245e-02
8.4071583294e-01 -2.1610718674e-02
8.4020959323e-01 -2.1669539778e-02
8.3970334954e-01 -2.1728326566e-02
8.3919710186e-01 -2.1787079052e-02
8.3869085021e-01 -2.1845797247e-02
8.3818459458e-01 -2.1904481161e-02
8.3767833498e-01 -2.1963130807e-02
8.3717207141e-01 -2.2021746195e-02
8.3666580388e-01 -2.2080327338e-02
8.3615953239e-01 -2.2138874247e-02
8.3565325694e-01 -2.2197386934e-02
8.3514697753e-01 -2.2255865409e-02
8.3464069418e-01 -2.2314309685e-02
8.3413440688e-01 -2.2372719773e-02
8.3362811564e-01 -2.2431095684e-02
8.3312182046e-01 -2.2489437430e-02
8.3261552135e-01 -2.2547745022e-02
8.3210921830e-01 -2.2606018473e-02
8.3160291133e-01 -2.2664257792e-02
8.3109660044e-01 -2.2722462993e-02
8.3059028562e-01 -2.2780634086e-02
8.3008396689e-01 -2.2838771083e-02
8.2957764424e-01 -2.2896873995e-02
8.2907131769e-01 -2.2954942834e-02
8.2856498723e-01 -2.3012977610e-02
8.2805865286e-01 -2.3070978329e-02
8.2755231460e-01 -2.3128944999e-02
8.2704597244e-01 -2.3186877626e-02
8.2653962639e-01 -2.3244776219e-02
8.2603327645e-01 -2.3302640785e-02
8.2552692262e-01 -2.3360471330e-02
8.2502056491e-01 -2.3418267862e-02
8.2451420332e-01 -2.3476030388e-02
8.2400783785e-01 -2.3533758915e-02
8.2350146850e-01 -2.3591453450e-02
8.2299509529e-01 -2.3649114001e-02
8.2248871820e-01 -2.3706740575e-02
8.2198233726e-01 -2.3764333179e-02
8.2147595244e-01 -2.3821891820e-02
8.2096956377e-01 -2.3879416506e-02
8.2046317125e-01 -2.3936907243e-02
8.1995677487e-01 -2.3994364039e-02
8.1945037464e-01 -2.4051786901e-02
8.1894397057e-01 -2.4109175836e-02
8.1843756265e-01 -2.4166530852e-02
8.1793115089e-01 -2.4223851955e-02
8.1742473530e-01 -2.4281139153e-02
8.1691831587e-01 -2.4338392453e-02
8.1641189261e-01 -2.4395611862e-02
8.1590546553e-01 -2.4452797388e-02
8.1539903462e-01 -2.4509949037e-02
8.1489259988e-01 -2.4567066817e-02
8.1438616133e-01 -2.4624150735e-02
8.1387971897e-01 -2.4681200799e-02
8.1337327279e-01 -2.4738217014e-02
8.1286682280e-01 -2.4795199390e-02
8.1236036901e-01 -2.4852147932e-02
8.1185391141e-01 -2.4909062648e-02
8.1134745002e-01 -2.4965943542e-02
8.1084098483e-01 -2.5022790618e-02
8.1033451584e-01 -2.5079603879e-02
8.0982804306e-01 -2.5136383329e-02
8.0932156649e-01 -2.5193128971e-02
8.0881508614e-01 -2.5249840808e-02
8.0830860200e-01 -2.5306518844e-02
8.0780211408e-01 -2.5363163082e-02
8.0729562238e-01 -2.5419773527e-02
8.0678912691e-01 -2.5476350180e-02
8.0628262766e-01 -2.5532893046e-02
8.0577612464e-01 -2.5589402127e-02
8.0526961785e-01 -2.5645877429e-02
8.0476310730e-01 -2.5702318953e-02
8.0425659299e-01 -2.5758726703e-02
8.0375007491e-01 -2.5815100683e-02
8.0324355308e-01 -2.5871440896e-02
8.0273702749e-01 -2.5927747345e-02
8.0223049816e-01 -2.5984020035e-02
8.0172396507e-01 -2.6040258968e-02
8.0121742823e-01 -2.6096464147e-02
8.0071088765e-01 -2.6152635577e-02
8.0020434333e-01 -2.6208773260e-02
7.9969779527e-01 -2.6264877201e-02
7.9919124348e-01 -2.6320947401e-02
7.9868468795e-01 -2.6376983866e-02
7.9817812869e-01 -2.6432986598e-02
7.9767156570e-01 -2.6488955601e-02
7.9716499899e-01 -2.6544890878e-02
7.9665842855e-01 -2.6600792432e-02
7.9615185439e-01 -2.6656660268e-02
7.9564527652e-01 -2.6712494387e-02
7.9513869493e-01 -2.6768294795e-02
7.9463210963e-01 -2.6824061494e-02
7.9412552062e-01 -2.6879794487e-02
7.9361892790e-01 -2.6935493778e-02
7.9311233148e-01 -2.6991159365e-02
7.9260573135e-01 -2.7046791248e-02
7.9209912753e-01 -2.7102389427e-02
7.9159252000e-01 -2.7157953900e-02
7.9108590878e-01 -2.7213484668e-02
7.9057929387e-01 -2.7268981729e-02
7.9007267526e-01 -2.7324445082e-02
7.8956605297e-01 -2.7379874727e-02
7.8905942699e-01 -2.7435270664e-02
7.8855279732e-01 -2.7490632891e-02
7.8804616397e-01 -2.7545961408e-02
7.8753952694e-01 -2.7601256215e-02
7.8703288623e-01 -2.7656517310e-02
7.8652624184e-01 -2.7711744692e-02
7.8601959378e-01 -2.7766938363e-02
7.8551294205e-01 -2.7822098319e-02
7.8500628665e-01 -2.7877224562e-02
7.8449962758e-01 -2.7932317089e-02
7.8399296485e-01 -2.7987375901e-02
7.8348629845e-01 -2.8042400997e-02
7.8297962839e-01 -2.8097392376e-02
7.8247295467e-01 -2.8152350038e-02
7.8196627730e-01 -2.8207273981e-02
7.8145959627e-01 -2.8262164205e-02
7.8095291159e-01 -2.8317020710e-02
7.8044622326e-01 -2.8371843495e-02
7.7993953128e-01 -2.8426632558e-02
7.7943283566e-01 -2.8481387900e-02
7.7892613639e-01 -2.8536109520e-02
7.7841943348e-01 -2.8590797417e-02
7.7791272694e-01 -2.8645451590e-02
7.7740601675e-01 -2.8700072038e-02
7.7689930293e-01 -2.8754658762e-02
7.7639258548e-01 -2.8809211760e-02
7.7588586440e-01 -2.8863731031e-02
7.7537913969e-01 -2.8918216576e-02
7.7487241136e-01 -2.8972668392e-02
7.7436567940e-01 -2.9027086477e-02
7.7385894382e-01 -2.9081470824e-02
7.7335220461e-01 -2.9135821430e-02
7.7284546179e-01 -2.9190138288e-02
7.7233871535e-01 -2.9244421393e-02
7.7183196530e-01 -2.9298670740e-02
7.7132521163e-01 -2.9352886323e-02
7.7081845435e-01 -2.9407068138e-02
7.7031169346e-01 -2.9461216178e-02
7.6980492896e-01 -2.9515330440e-02
7.6929816086e-01 -2.9569410916e-02
7.6879138915e-01 -2.9623457603e-02
7.6828461384e-01 -2.9677470494e-02
7.6777783492e-01 -2.9731449585e-02
7.6727105241e-01 -2.9785394870e-02
7.6676426629e-01 -2.9839306344e-02
7.6625747658e-01 -2.9893184002e-02
7.6575068328e-01 -2.9947027837e-02
7.6524388638e-01 -3.0000837846e-02
7.6473708589e-01 -3.0054614022e-02
7.6423028181e-01 -3.0108356361e-02
7.6372347414e-01 -3.0162064857e-02
7.6321666289e-01 -3.0215739505e-02
7.6270984805e-01 -3.0269380299e-02
7.6220302963e-01 -3.0322987234e-02
7.6169620763e-01 -3.0376560305e-02
7.6118938205e-01 -3.0430099507e-02
7.6068255289e-01 -3.0483604834e-02
7.6017572015e-01 -3.0537076281e-02
7.5966888385e-01 -3.0590513843e-02
7.5916204396e-01 -3.0643917514e-02
7.5865520051e-01 -3.0697287289e-02
7.5814835349e-01 -3.0750623163e-02
7.5764150290e-01 -3.0803925131e-02
7.5713464875e-01 -3.0857193186e-02
7.5662779103e-01 -3.0910427325e-02
7.5612092975e-01 -3.0963627541e-02
7.5561406491e-01 -3.1016793830e-02
7.5510719651e-01 -3.1069926185e-02
7.5460032455e-01 -3.1123024600e-02
7.5409344904e-01 -3.1176089064e-02
7.5358656997e-01 -3.1229119566e-02
7.5307968735e-01 -3.1282116096e-02
7.5257280118e-01 -3.1335078644e-02
7.5206591145e-01 -3.1388007197e-02
7.5155901818e-01 -3.1440901747e-02
7.5105212135e-01 -3.1493762283e-02
7.5054522098e-01 -3.1546588793e-02
7.5003831707e-01 -3.1599381267e-02
7.4953140960e-01 -3.1652139695e-02
7.4902449860e-01 -3.1704864066e-02
7.4851758405e-01 -3.1757554370e-02
7.4801066596e-01 -3.1810210596e-02
7.4750374433e-01 -3.1862832733e-02
7.4699681916e-01 -3.1915420770e-02
7.4648989045e-01 -3.1967974698e-02
7.4598295821e-01 -3.2020494506e-02
7.4547602243e-01 -3.2072980182e-02
7.4496908312e-01 -3.2125431717e-02
7.4446214028e-01 -3.2177849099e-02
7.4395519390e-01 -3.2230232319e-02
7.4344824399e-01 -3.2282581366e-02
7.4294129056e-01 -3.2334896228e-02
7.4243433359e-01 -3.2387176896e-02
7.4192737310e-01 -3.2439423359e-02
7.4142040909e-01 -3.2491635606e-02
7.4091344155e-01 -3.2543813627e-02
7.4040647049e-01 -3.2595957411e-02
7.3989949590e-01 -3.2648066947e-02
7.3939251780e-01 -3.2700142226e-02
7.3888553617e-01 -3.2752183236e-02
7.3837855103e-01 -3.2804189966e-02
7.3787156237e-01 -3.2856162407e-02
7.3736457020e-01 -3.2908100547e-02
7.3685757451e-01 -3.2960004377e-02
7.3635057531e-01 -3.3011873884e-02
7.3584357259e-01 -3.3063709060e-02
7.3533656637e-01 -3.3115509893e-02
7.3482955663e-01 -3.3167276372e-02
7.3432254339e-01 -3.3219008488e-02
7.3381552664e-01 -3.3270706227e-02
7.3330850638e-01 -3.3322369574e-02
7.3280148262e-01 -3.3373998512e-02
7.3229445535e-01 -3.3425593027e-02
7.3178742458e-01 -3.3477153101e-02
7.3128039031e-01 -3.3528678720e-02
7.3077335253e-01 -3.3580169866e-02
7.3026631126e-01 -3.3631626525e-02
7.2975926648e-01 -3.3683048680e-02
7.2925221820e-01 -3.3734436315e-02
7.2874516642e-01 -3.3785789415e-02
7.2823811114e-01 -3.3837107964e-02
7.2773105237e-01 -3.3888391945e-02
7.2722399010e-01 -3.3939641343e-02
7.2671692433e-01 -3.3990856141e-02
7.2620985507e-01 -3.4042036324e-02
7.2570278231e-01 -3.4093181876e-02
7.2519570606e-01 -3.4144292782e-02
7.2468862632e-01 -3.4195369024e-02
7.2418154308e-01 -3.4246410587e-02
7.2367445635e-01 -3.4297417456e-02
7.2316736614e-01 -3.4348389614e-02
7.2266027243e-01 -3.4399327045e-02
7.2215317523e-01 -3.4450229734e-02
7.2164607455e-01 -3.4501097664e-02
7.2113897038e-01 -3.4551930820e-02
7.2063186272e-01 -3.4602729185e-02
7.2012475157e-01 -3.4653492745e-02
7.1961763694e-01 -3.4704221482e-02
7.1911051883e-01 -3.4754915381e-02
7.1860339723e-01 -3.4805574426e-02
7.1809627215e-01 -3.4856198601e-02
7.1758914359e-01 -3.4906787890e-02
7.1708201155e-01 -3.4957342278e-02
7.1657487603e-01 -3.5007861748e-02
7.1606773703e-01 -3.5058346284e-02
7.1556059455e-01 -3.5108795870e-02
7.1505344859e-01 -3.5159210492e-02
7.1454629915e-01 -3.5209590131e-02
7.1403914624e-01 -3.5259934774e-02
7.1353198985e-01 -3.5310244403e-02
7.1302482999e-01 -3.5360519003e-02
7.1251766666e-01 -3.5410758558e-02
7.1201049985e-01 -3.5460963049e-02
7.1150332956e-01 -3.5511132454e-02
7.1099615581e-01 -3.5561266752e-02
7.1048897858e-01 -3.5611365921e-02
7.0998179788e-01 -3.5661429940e-02
7.0947461371e-01 -3.5711458787e-02
7.0896742607e-01 -3.5761452440e-02
7.0846023496e-01 -3.5811410879e-02
7.0795304038e-01 -3.5861334081e-02
7.0744584233e-01 -3.5911222025e-02
7.0693864081e-01 -3.5961074690e-02
7.0643143582e-01 -3.6010892054e-02
7.0592422736e-01 -3.6060674095e-02
7.0541701544e-01 -3.6110420792e-02
7.0490980004e-01 -3.6160132123e-02
7.0440258118e-01 -3.6209808067e-02
7.0389535886e-01 -3.6259448603e-02
7.0338813306e-01 -3.6309053708e-02
7.0288090380e-01 -3.6358623361e-02
7.0237367108e-01 -3.6408157541e-02
7.0186643489e-01 -3.6457656226e-02
7.0135919523e-01 -3.6507119394e-02
7.0085195211e-01 -3.6556547025e-02
7.0034470553e-01 -3.6605939096e-02
6.9983745548e-01 -3.6655295586e-02
6.9933020197e-01 -3.6704616473e-02
6.9882294499e-01 -3.6753901736e-02
6.9831568456e-01 -3.6803151354e-02
6.9780842066e-01 -3.6852365304e-02
6.9730115330e-01 -3.6901543566e-02
6.9679388248e-01 -3.6950686117e-02
6.9628660820e-01 -3.6999792937e-02
6.9577933046e-01 -3.7048864003e-02
6.9527204925e-01 -3.7097899294e-02
6.9476476459e-01 -3.7146898789e-02
6.9425747647e-01 -3.7195862466e-02
6.9375018489e-01 -3.7244790303e-02
6.9324288985e-01 -3.7293682279e-02
6.9273559136e-01 -3.7342538373e-02
6.9222828940e-01 -3.7391358562e-02
6.9172098399e-01 -3.7440142826e-02
6.9121367513e-01 -3.7488891143e-02
6.9070636280e-01 -3.7537603491e-02
6.9019904702e-01 -3.7586279848e-02
6.8969172779e-01 -3.7634920193e-02
6.8918440510e-01 -3.7683524496e-02
6.8867707895e-01 -3.7732092731e-02
6.8816974935e-01 -3.7780624870e-02
6.8766241629e-01 -3.7829120884e-02
6.8715507978e-01 -3.7877580746e-02
6.8664773981e-01 -3.7926004427e-02
6.8614039638e-01 -3.7974391901e-02
6.8563304951e-01 -3.8022743138e-02
6.8512569917e-01 -3.8071058111e-02
6.8461834538e-01 -3.8119336792e-02
6.8411098814e-01 -3.8167579153e-02
6.8360362744e-01 -3.8215785167e-02
6.8309626328e-01 -3.8263954804e-02
6.8258889567e-01 -3.8312088038e-02
6.8208152460e-01 -3.8360184840e-02
6.8157415008e-01 -3.8408245183e-02
6.8106677211e-01 -3.8456269038e-02
6.8055939068e-01 -3.8504256378e-02
6.8005200579e-01 -3.8552207175e-02
6.7954461745e-01 -3.8600121400e-02
6.7903722565e-01 -3.8647999026e-02
6.7852983040e-01 -3.8695840025e-02
6.7802243169e-01 -3.8743644369e-02
6.7751502953e-01 -3.8791412030e-02
6.7700762392e-01 -3.8839142980e-02
6.7650021485e-01 -3.8886837191e-02
6.7599280232e-01 -3.8934494636e-02
6.7548538634e-01 -3.8982115286e-02
6.7497796691e-01 -3.9029699113e-02
6.7447054402e-01 -3.9077246090e-02
6.7396311767e-01 -3.9124756188e-02
6.7345568787e-01 -3.9172229380e-02
6.7294825462e-01 -3.9219665638e-02
6.7244081791e-01 -3.9267064933e-02
6.7193337775e-01 -3.9314427238e-02
6.7142593413e-01 -3.9361752525e-02
6.7091848706e-01 -3.9409040766e-02
6.7041103653e-01 -3.9456291934e-02
6.6990358255e-01 -3.9503505999e-02
6.6939612511e-01 -3.9550682934e-02
6.6888866422e-01 -3.9597822712e-02
6.6838119988e-01 -3.9644925304e-02
6.6787373208e-01 -3.9691990683e-02
6.6736626083e-01 -3.9739018820e-02
6.6685878612e-01 -3.9786009687e-02
6.6635130796e-01 -3.9832963256e-02
6.6584382634e-01 -3.9879879492e-02
6.6533634127e-01 -3.9926758360e-02
6.6482885274e-01 -3.9973599827e-02
6.6432136076e-01 -4.0020403858e-02
6.6381386532e-01 -4.0067170419e-02
6.6330636643e-01 -4.0113899475e-02
6.6279886408e-01 -4.0160590992e-02
6.6229135828e-01 -4.0207244936e-02
6.6178384902e-01 -4.0253861272e-02
6.6127633630e-01 -4.0300439966e-02
6.6076882012e-01 -4.0346980983e-02
6.6026130049e-01 -4.0393484290e-02
6.5975377740e-01 -4.0439949852e-02
6.5924625085e-01 -4.0486377634e-02
6.5873872084e-01 -4.0532767602e-02
6.5823118738e-01 -4.0579119722e-02
6.5772365046e-01 -4.0625433960e-02
6.5721611007e-01 -4.0671710280e-02
6.5670856623e-01 -4.0717948649e-02
6.5620101893e-01 -4.0764149033e-02
6.5569346817e-01 -4.0810311396e-02
6.5518591395e-01 -4.0856435705e-02
6.5467835628e-01 -4.0902521925e-02
6.5417079514e-01 -4.0948570023e-02
6.5366323054e-01 -4.0994579962e-02
6.5315566247e-01 -4.1040551710e-02
6.5264809095e-01 -4.1086485232e-02
6.5214051597e-01 -4.1132380493e-02
6.5163293753e-01 -4.1178237459e-02
6.5112535562e-01 -4.1224056096e-02
6.5061777025e-01 -4.1269836370e-02
6.5011018142e-01 -4.1315578245e-02
6.4960258913e-01 -4.1361281688e-02
6.4909499337e-01 -4.1406946664e-02
6.4858739415e-01 -4.1452573139e-02
6.4807979147e-01 -4.1498161079e-02
6.4757218533e-01 -4.1543710449e-02
6.4706457572e-01 -4.1589221215e-02
6.4655696264e-01 -4.1634693342e-02
6.4604934611e-01 -4.1680126797e-02
6.4554172611e-01 -4.1725521544e-02
6.4503410264e-01 -4.1770877549e-02
6.4452647571e-01 -4.1816194779e-02
6.4401884531e-01 -4.1861473198e-02
6.4351121145e-01 -4.1906712773e-02
6.4300357412e-01 -4.1951913468e-02
6.4249593333e-01 -4.1997075250e-02
6.4198828907e-01 -4.2042198078e-02
6.4148064134e-01 -4.2087281911e-02
6.4097299015e-01 -4.2132326707e-02
6.4046533549e-01 -4.2177332424e-02
6.3995767736e-01 -4.2222299020e-02
6.3945001576e-01 -4.2267226454e-02
6.3894235069e-01 -4.2312114683e-02
6.3843468215e-01 -4.2356963666e-02
6.3792701014e-01 -4.2401773361e-02
6.3741933466e-01 -4.2446543726e-02
6.3691165571e-01 -4.2491274720e-02
6.3640397329e-01 -4.2535966300e-02
6.3589628740e-01 -4.2580618424e-02
6.3538859803e-01 -4.2625231051e-02
6.3488090519e-01 -4.2669804140e-02
6.3437320888e-01 -4.2714337647e-02
6.3386550909e-01 -4.2758831532e-02
6.3335780582e-01 -4.2803285753e-02
6.3285009909e-01 -4.2847700267e-02
6.3234238887e-01 -4.2892075033e-02
6.3183467518e-01 -4.2936410009e-02
6.3132695802e-01 -4.2980705153e-02
6.3081923737e-01 -4.3024960424e-02
6.3031151325e-01 -4.3069175779e-02
6.2980378565e-01 -4.3113351177e-02
6.2929605457e-01 -4.3157486575e-02
6.2878832002e-01 -4.3201581933e-02
6.2828058198e-01 -4.3245637209e-02
6.2777284046e-01 -4.3289652359e-02
6.2726509546e-01 -4.3333627343e-02
6.2675734699e-01 -4.3377562120e-02
6.2624959502e-01 -4.3421456646e-02
6.2574183958e-01 -4.3465310880e-02
6.2523408066e-01 -4.3509124780e-02
6.2472631825e-01 -4.3552898305e-02
6.2421855236e-01 -4.3596631413e-02
6.2371078298e-01 -4.3640324061e-02
6.2320301012e-01 -4.3683976208e-02
6.2269523378e-01 -4.3727587813e-02
6.2218745395e-01 -4.3771158833e-02
6.2167967063e-01 -4.3814689226e-02
6.2117188383e-01 -4.3858178952e-02
6.2066409354e-01 -4.3901627967e-02
6.2015629976e-01 -4.3945036230e-02
6.1964850250e-01 -4.3988403699e-02
6.1914070174e-01 -4.4031730333e-02
6.1863289750e-01 -4.4075016089e-02
6.1812508977e-01 -4.4118260926e-02
6.1761727854e-01 -4.4161464801e-02
6.1710946383e-01 -4.4204627664e-02
6.1660164563e-01 -4.4247749467e-02
6.1609382393e-01 -4.4290830159e-02
6.1558599875e-01 -4.4333869691e-02
6.1507817006e-01 -4.4376868014e-02
6.1457033789e-01 -4.4419825076e-02
6.1406250222e-01 -4.4462740829e-02
6.1355466306e-01 -4.4505615223e-02
6.1304682040e-01 -4.4548448207e-02
6.1253897424e-01 -4.4591239733e-02
6.1203112459e-01 -4.4633989751e-02
6.1152327144e-01 -4.4676698210e-02
6.1101541479e-01 -4.4719365062e-02
6.1050755465e-01 -4.4761990256e-02
6.0999969100e-01 -4.4804573742e-02
6.0949182386e-01 -4.4847115471e-02
6.0898395321e-01 -4.4889615393e-02
6.0847607907e-01 -4.4932073459e-02
6.0796820142e-01 -4.4974489618e-02
6.0746032027e-01 -4.5016863821e-02
6.0695243562e-01 -4.5059196018e-02
6.0644454746e-01 -4.5101486159e-02
6.0593665580e-01 -4.5143734195e-02
6.0542876064e-01 -4.5185940076e-02
6.0492086196e-01 -4.5228103752e-02
6.0441295979e-01 -4.5270225173e-02
6.0390505410e-01 -4.5312304290e-02
6.0339714491e-01 -4.5354341053e-02
6.0288923222e-01 -4.5396335412e-02
6.0238131601e-01 -4.5438287317e-02
6.0187339629e-01 -4.5480196719e-02
6.0136547307e-01 -4.5522063568e-02
6.0085754633e-01 -4.5563887814e-02
6.0034961608e-01 -4.5605669407e-02
5.9984168233e-01 -4.5647408298e-02
5.9933374506e-01 -4.5689104437e-02
5.9882580427e-01 -4.5730757774e-02
5.9831785998e-01 -4.5772368259e-02
5.9780991217e-01 -4.5813935843e-02
5.9730196084e-01 -4.5855460476e-02
5.9679400600e-01 -4.5896942108e-02
5.9628604764e-01 -4.5938380690e-02
5.9577808577e-01 -4.5979776171e-02
5.9527012038e-01 -4.6021128502e-02
5.9476215147e-01 -4.6062437633e-02
5.9425417905e-01 -4.6103703515e-02
5.9374620310e-01 -4.6144926098e-02
5.9323822364e-01 -4.6186105331e-02
5.9273024065e-01 -4.6227241166e-02
5.9222225415e-01 -4.6268333550e-02
5.9171426412e-01 -4.6309382427e-02
5.9120627057e-01 -4.6350387739e-02
5.9069827350e-01 -4.6391349427e-02
5.9019027290e-01 -4.6432267433e-02
5.8968226878e-01 -4.6473141700e-02
5.8917426114e-01 -4.6513972169e-02
5.8866624997e-01 -4.6554758783e-02
5.8815823528e-01 -4.6595501482e-02
5.8765021706e-01 -4.6636200209e-02
5.8714219531e-01 -4.6676854906e-02
5.8663417004e-01 -4.6717465515e-02
5.8612614124e-01 -4.6758031978e-02
5.8561810891e-01 -4.6798554236e-02
5.8511007305e-01 -4.6839032232e-02
5.8460203366e-01 -4.6879465907e-02
5.8409399074e-01 -4.6919855204e-02
5.8358594429e-01 -4.6960200064e-02
5.8307789431e-01 -4.7000500428e-02
5.8256984079e-01 -4.7040756240e-02
5.8206178375e-01 -4.7080967441e-02
5.8155372317e-01 -4.7121133973e-02
5.8104565905e-01 -4.7161255778e-02
5.8053759140e-01 -4.7201332797e-02
5.8002952022e-01 -4.7241364973e-02
5.7952144550e-01 -4.7281352247e-02
5.7901336725e-01 -4.7321294562e-02
5.7850528545e-01 -4.7361191859e-02
5.7799720012e-01 -4.7401044081e-02
5.7748911126e-01 -4.7440851168e-02
5.7698101885e-01 -4.7480613064e-02
5.7647292290e-01 -4.7520329709e-02
5.7596482342e-01 -4.7560001047e-02
5.7545672039e-01 -4.7599627018e-02
5.7494861383e-01 -4.7639207565e-02
5.7444050372e-01 -4.7678742630e-02
5.7393239007e-01 -4.7718232154e-02
5.7342427287e-01 -4.7757676079e-02
5.7291615214e-01 -4.7797074348e-02
5.7240802785e-01 -4.7836426902e-02
5.7189990003e-01 -4.7875733683e-02
5.7139176866e-01 -4.7914994633e-02
5.7088363374e-01 -4.7954209695e-02
5.7037549528e-01 -4.7993378809e-02
5.6986735327e-01 -4.8032501917e-02
5.6935920771e-01 -4.8071578963e-02
5.6885105860e-01 -4.8110609887e-02
5.6834290595e-01 -4.8149594632e-02
5.6783474975e-01 -4.8188533139e-02
5.6732658999e-01 -4.8227425350e-02
5.6681842669e-01 -4.8266271208e-02
5.6631025983e-01 -4.8305070652e-02
5.6580208942e-01 -4.8343823616e-02
5.6529391547e-01 -4.8382530033e-02
5.6478573795e-01 -4.8421189836e-02
5.6427755689e-01 -4.8459802958e-02
5.6376937227e-01 -4.8498369331e-02
5.6326118410e-01 -4.8536888888e-02
5.6275299238e-01 -4.8575361562e-02
5.6224479710e-01 -4.8613787285e-02
5.6173659826e-01 -4.8652165991e-02
5.6122839587e-01 -4.8690497613e-02
5.6072018993e-01 -4.8728782082e-02
5.6021198043e-01 -4.8767019332e-02
5.5970376737e-01 -4.8805209296e-02
5.5919555075e-01 -4.8843351906e-02
5.5868733058e-01 -4.8881447096e-02
5.5817910685e-01 -4.8919494797e-02
5.5767087957e-01 -4.8957494943e-02
5.5716264872e-01 -4.8995447467e-02
5.5665441431e-01 -4.9033352301e-02
5.5614617635e-01 -4.9071209378e-02
5.5563793483e-01 -4.9109018631e-02
5.5512968974e-01 -4.9146779992e-02
5.5462144110e-01 -4.9184493395e-02
5.5411318889e-01 -4.9222158773e-02
5.5360493312e-01 -4.9259776057e-02
5.5309667379e-01 -4.9297345181e-02
5.5258841090e-01 -4.9334866077e-02
5.5208014445e-01 -4.9372338679e-02
5.5157187443e-01 -4.9409762919e-02
5.5106360085e-01 -4.9447138730e-02
5.5055532371e-01 -4.9484466045e-02
5.5004704300e-01 -4.9521744796e-02
5.4953875872e-01 -4.9558974917e-02
5.4903047089e-01 -4.9596156339e-02
5.4852217948e-01 -4.9633288997e-02
5.4801388451e-01 -4.9670372821e-02
5.4750558598e-01 -4.9707407747e-02
5.4699728387e-01 -4.9744393705e-02
5.4648897820e-01 -4.9781330630e-02
5.4598066897e-01 -4.9818218453e-02
5.4547235616e-01 -4.9855057108e-02
5.4496403979e-01 -4.9891846527e-02
5.4445571984e-01 -4.9928586643e-02
5.4394739633e-01 -4.9965277389e-02
5.4343906925e-01 -5.0001918698e-02
5.4293073860e-01 -5.0038510502e-02
5.4242240438e-01 -5.0075052734e-02
5.4191406658e-01 -5.0111545328e-02
5.4140572522e-01 -5.0147988215e-02
5.4089738028e-01 -5.0184381328e-02
5.4038903177e-01 -5.0220724601e-02
5.3988067969e-01 -5.0257017964e-02
5.3937232404e-01 -5.0293261338e-02
5.3886396481e-01 -5.0329454646e-02
5.3835560202e-01 -5.0365597810e-02
5.3784723565e-01 -5.0401690750e-02
5.3733886570e-01 -5.0437733390e-02
5.3683049218e-01 -5.0473725650e-02
5.3632211510e-01 -5.0509667452e-02
5.3581373443e-01 -5.0545558718e-02
5.3530535020e-01 -5.0581399370e-02
5.3479696239e-01 -5.0617189330e-02
5.3428857100e-01 -5.0652928518e-02
5.3378017605e-01 -5.0688616857e-02
5.3327177752e-01 -5.0724254269e-02
5.3276337542e-01 -5.0759840675e-02
5.3225496974e-01 -5.0795375997e-02
5.3174656049e-01 -5.0830860156e-02
5.3123814766e-01 -5.0866293075e-02
5.3072973126e-01 -5.0901674675e-02
5.3022131129e-01 -5.0937004878e-02
5.2971288775e-01 -5.0972283605e-02
5.2920446063e-01 -5.1007510779e-02
5.2869602993e-01 -5.1042686320e-02
5.2818759566e-01 -5.1077810151e-02
5.2767915782e-01 -5.1112882193e-02
5.2717071640e-01 -5.1147902368e-02
5.2666227141e-01 -5.1182870598e-02
5.2615382284e-01 -5.1217786805e-02
5.2564537070e-01 -5.1252650909e-02
5.2513691498e-01 -5.1287462834e-02
5.2462845569e-01 -5.1322222500e-02
5.2411999282e-01 -5.1356929829e-02
5.2361152638e-01 -5.1391584743e-02
5.2310305637e-01 -5.1426187164e-02
5.2259458277e-01 -5.1460737014e-02
5.2208610561e-01 -5.1495234213e-02
5.2157762486e-01 -5.1529678685e-02
5.2106914055e-01 -5.1564070349e-02
5.2056065265e-01 -5.1598409129e-02
5.2005216118e-01 -5.1632694946e-02
5.1954366614e-01 -5.1666927722e-02
5.1903516752e-01 -5.1701107378e-02
5.1852666532e-01 -5.1735233836e-02
5.1801815955e-01 -5.1769307018e-02
5.1750965020e-01 -5.1803326845e-02
5.1700113728e-01 -5.1837293240e-02
5.1649262078e-01 -5.1871206123e-02
5.1598410070e-01 -5.1905065417e-02
5.1547557705e-01 -5.1938871044e-02
5.1496704982e-01 -5.1972622924e-02
5.1445851901e-01 -5.2006320980e-02
5.1394998463e-01 -5.2039965134e-02
5.1344144667e-01 -5.2073555306e-02
5.1293290513e-01 -5.2107091414e-02
5.1242436002e-01 -5.2140573369e-02
5.1191581133e-01 -5.2174001081e-02
5.1140725907e-01 -5.2207374462e-02
5.1089870324e-01 -5.2240693424e-02
5.1039014383e-01 -5.2273957876e-02
5.0988158085e-01 -5.2307167731e-02
5.0937301430e-01 -5.2340322900e-02
5.0886444417e-01 -5.2373423293e-02
5.0835587048e-01 -5.2406468821e-02
5.0784729321e-01 -5.2439459397e-02
5.0733871238e-01 -5.2472394931e-02
5.0683012797e-01 -5.2505275333e-02
5.0632154000e-01 -5.2538100516e-02
5.0581294846e-01 -5.2570870391e-02
5.0530435336e-01 -5.2603584868e-02
5.0479575468e-01 -5.2636243859e-02
5.0428715245e-01 -5.2668847274e-02
5.0377854664e-01 -5.2701395026e-02
5.0326993727e-01 -5.2733887025e-02
5.0276132434e-01 -5.2766323181e-02
5.0225270785e-01 -5.2798703408e-02
5.0174408779e-01 -5.2831027614e-02
5.0123546417e-01 -5.2863295713e-02
5.0072683699e-01 -5.2895507614e-02
5.0021820625e-01 -5.2927663229e-02
4.9970957195e-01 -5.2959762469e-02
4.9920093409e-01 -5.2991805245e-02
4.9869229267e-01 -5.3023791469e-02
4.9818364769e-01 -5.3055721051e-02
4.9767499916e-01 -5.3087593902e-02
4.9716634706e-01 -5.3119409934e-02
4.9665769142e-01 -5.3151169058e-02
4.9614903221e-01 -5.3182871185e-02
4.9564036945e-01 -5.3214516227e-02
4.9513170314e-01 -5.3246104093e-02
4.9462303327e-01 -5.3277634696e-02
4.9411435985e-01 -5.3309107946e-02
4.9360568288e-01 -5.3340523755e-02
4.9309700236e-01 -5.3371882034e-02
4.9258831828e-01 -5.3403182693e-02
4.9207963065e-01 -5.3434425645e-02
4.9157093948e-01 -5.3465610800e-02
4.9106224475e-01 -5.3496738069e-02
4.9055354648e-01 -5.3527807364e-02
4.9004484465e-01 -5.3558818595e-02
4.8953613928e-01 -5.3589771674e-02
4.8902743037e-01 -5.3620666512e-02
4.8851871790e-01 -5.3651503020e-02
4.8801000189e-01 -5.3682281109e-02
4.8750128234e-01 -5.3713000690e-02
4.8699255924e-01 -5.3743661674e-02
4.8648383260e-01 -5.3774263973e-02
4.8597510242e-01 -5.3804807494e-02
4.8546636869e-01 -5.3835292134e-02
4.8495763143e-01 -5.3865717791e-02
4.8444889062e-01 -5.3896084363e-02
4.8394014628e-01 -5.3926391747e-02
4.8343139841e-01 -5.3956639841e-02
4.8292264700e-01 -5.3986828543e-02
4.8241389206e-01 -5.4016957750e-02
4.8190513359e-01 -5.4047027360e-02
4.8139637159e-01 -5.4077037270e-02
4.8088760606e-01 -5.4106987377e-02
4.8037883701e-01 -5.4136877581e-02
4.7987006444e-01 -5.4166707777e-02
4.7936128834e-01 -5.4196477864e-02
4.7885250872e-01 -5.4226187739e-02
4.7834372559e-01 -5.4255837299e-02
4.7783493893e-01 -5.4285426443e-02
4.7732614876e-01 -5.4314955068e-02
4.7681735508e-01 -5.4344423071e-02
4.7630855788e-01 -5.4373830351e-02
4.7579975717e-01 -5.4403176804e-02
4.7529095295e-01 -5.4432462328e-02
4.7478214522e-01 -5.4461686821e-02
4.7427333399e-01 -5.4490850180e-02
4.7376451925e-01 -5.4519952303e-02
4.7325570101e-01 -5.4548993088e-02
4.7274687927e-01 -5.4577972432e-02
4.7223805403e-01 -5.4606890232e-02
4.7172922528e-01 -5.4635746387e-02
4.7122039305e-01 -5.4664540794e-02
4.7071155731e-01 -5.4693273349e-02
4.7020271808e-01 -5.4721943952e-02
4.6969387536e-01 -5.4750552500e-02
4.6918502915e-01 -5.4779098889e-02
4.6867617945e-01 -5.4807583018e-02
4.6816732627e-01 -5.4836004785e-02
4.6765846959e-01 -5.4864364086e-02
4.6714960944e-01 -5.4892660820e-02
4.6664074580e-01 -5.4920894884e-02
4.6613187867e-01 -5.4949066175e-02
4.6562300807e-01 -5.4977174591e-02
4.6511413399e-01 -5.5005220030e-02
4.6460525644e-01 -5.5033202390e-02
4.6409637541e-01 -5.5061121567e-02
4.6358749090e-01 -5.5088977460e-02
4.6307860293e-01 -5.5116769966e-02
4.6256971148e-01 -5.5144498982e-02
4.6206081657e-01 -5.5172164407e-02
4.6155191819e-01 -5.5199766138e-02
4.6104301634e-01 -5.5227304071e-02
4.6053411103e-01 -5.5254778106e-02
4.6002520226e-01 -5.5282188139e-02
4.5951629003e-01 -5.5309534069e-02
4.5900737433e-01 -5.5336815791e-02
4.5849845518e-01 -5.5364033195e-02
4.5798953258e-01 -5.5391186165e-02
4.5748060653e-01 -5.5418274583e-02
4.5697167703e-01 -5.5445298333e-02
4.5646274409e-01 -5.5472257297e-02
4.5595380770e-01 -5.5499151359e-02
4.5544486788e-01 -5.5525980402e-02
4.5493592462e-01 -5.5552744309e-02
4.5442697792e-01 -5.5579442963e-02
4.5391802780e-01 -5.5606076247e-02
4.5340907426e-01 -5.5632644045e-02
4.5290011729e-01 -5.5659146240e-02
4.5239115689e-01 -5.5685582714e-02
4.5188219309e-01 -5.5711953350e-02
4.5137322586e-01 -5.5738258033e-02
4.5086425523e-01 -5.5764496645e-02
4.5035528119e-01 -5.5790669069e-02
4.4984630375e-01 -5.5816775188e-02
4.4933732290e-01 -5.5842814885e-02
4.4882833865e-01 -5.5868788044e-02
4.4831935101e-01 -5.5894694548e-02
4.4781035997e-01 -5.5920534280e-02
4.4730136555e-01 -5.5946307122e-02
4.4679236774e-01 -5.5972012958e-02
4.4628336654e-01 -5.5997651672e-02
4.4577436196e-01 -5.6023223146e-02
4.4526535401e-01 -5.6048727263e-02
4.4475634268e-01 -5.6074163906e-02
4.4424732798e-01 -5.6099532960e-02
4.4373830991e-01 -5.6124834306e-02
4.4322928848e-01 -5.6150067828e-02
4.4272026368e-01 -5.6175233409e-02
4.4221123552e-01 -5.6200330932e-02
4.4170220401e-01 -5.6225360280e-02
4.4119316914e-01 -5.6250321337e-02
4.4068413093e-01 -5.6275213986e-02
4.4017508936e-01 -5.6300038108e-02
4.3966604445e-01 -5.6324793589e-02
4.3915699620e-01 -5.6349480311e-02
4.3864794462e-01 -5.6374098156e-02
4.3813888969e-01 -5.6398647009e-02
4.3762983144e-01 -5.6423126752e-02
4.3712076985e-01 -5.6447537268e-02
4.3661170494e-01 -5.6471878441e-02
4.3610263671e-01 -5.6496150154e-02
4.3559356516e-01 -5.6520352289e-02
4.3508449029e-01 -5.6544484730e-02
4.3457541210e-01 -5.6568547360e-02
4.3406633061e-01 -5.6592540062e-02
4.3355724580e-01 -5.6616462720e-02
4.3304815770e-01 -5.6640315215e-02
4.3253906629e-01 -5.6664097433e-02
4.3202997158e-01 -5.6687809255e-02
4.3152087357e-01 -5.6711450563e-02
4.3101177228e-01 -5.6735021229e-02
4.3050266770e-01 -5.6758521119e-02
4.2999355983e-01 -5.6781950098e-02
4.2948444869e-01 -5.6805308034e-02
4.2897533428e-01 -5.6828594792e-02
4.2846621661e-01 -5.6851810238e-02
4.2795709567e-01 -5.6874954238e-02
4.2744797148e-01 -5.6898026659e-02
4.2693884404e-01 -5.6921027367e-02
4.2642971335e-01 -5.6943956227e-02
4.2592057942e-01 -5.6966813107e-02
4.2541144225e-01 -5.6989597872e-02
4.2490230186e-01 -5.7012310388e-02
4.2439315824e-01 -5.7034950521e-02
4.2388401139e-01 -5.7057518138e-02
4.2337486134e-01 -5.7080013105e-02
4.2286570807e-01 -5.7102435287e-02
4.2235655159e-01 -5.7124784551e-02
4.2184739192e-01 -5.7147060764e-02
4.2133822905e-01 -5.7169263791e-02
4.2082906299e-01 -5.7191393498e-02
4.2031989375e-01 -5.7213449751e-02
4.1981072132e-01 -5.7235432417e-02
4.1930154572e-01 -5.7257341362e-02
4.1879236695e-01 -5.7279176452e-02
4.1828318502e-01 -5.7300937553e-02
4.1777399992e-01 -5.7322624531e-02
4.1726481167e-01 -5.7344237253e-02
4.1675562027e-01 -5.7365775583e-02
4.1624642572e-01 -5.7387239390e-02
4.1573722804e-01 -5.7408628538e-02
4.1522802722e-01 -5.7429942894e-02
4.1471882327e-01 -5.7451182324e-02
4.1420961619e-01 -5.7472346695e-02
4.1370040600e-01 -5.7493435871e-02
4.1319119269e-01 -5.7514449720e-02
4.1268197627e-01 -5.7535388108e-02
4.1217275675e-01 -5.7556250900e-02
4.1166353413e-01 -5.7577037963e-02
4.1115430841e-01 -5.7597749163e-02
4.1064507960e-01 -5.7618384366e-02
4.1013584771e-01 -5.7638943439e-02
4.0962661274e-01 -5.7659426247e-02
4.0911737470e-01 -5.7679832656e-02
4.0860813358e-01 -5.7700162533e-02
4.0809888940e-01 -5.7720415744e-02
4.0758964217e-01 -5.7740592154e-02
4.0708039188e-01 -5.7760691631e-02
4.0657113854e-01 -5.7780714040e-02
4.0606188215e-01 -5.7800659248e-02
4.0555262273e-01 -5.7820527120e-02
4.0504336027e-01 -5.7840317522e-02
4.0453409478e-01 -5.7860030321e-02
4.0402482627e-01 -5.7879665381e-02
4.0351555475e-01 -5.7899222551e-02
4.0300628021e-01 -5.7918701679e-02
4.0249700268e-01 -5.7938102610e-02
4.0198772215e-01 -5.7957425191e-02
4.0147843863e-01 -5.7976669267e-02
4.0096915214e-01 -5.7995834686e-02
4.0045986268e-01 -5.8014921294e-02
3.9995057026e-01 -5.8033928936e-02
3.9944127488e-01 -5.8052857460e-02
3.9893197656e-01 -5.8071706711e-02
3.9842267530e-01 -5.8090476536e-02
3.9791337111e-01 -5.8109166781e-02
3.9740406400e-01 -5.8127777293e-02
3.9689475397e-01 -5.8146307917e-02
3.9638544104e-01 -5.8164758500e-02
3.9587612520e-01 -5.8183128888e-02
3.9536680648e-01 -5.8201418928e-02
3.9485748487e-01 -5.8219628466e-02
3.9434816038e-01 -5.8237757348e-02
3.9383883303e-01 -5.8255805420e-02
3.9332950282e-01 -5.8273772529e-02
3.9282016975e-01 -5.8291658521e-02
3.9231083384e-01 -5.8309463243e-02
3.9180149510e-01 -5.8327186540e-02
3.9129215352e-01 -5.8344828259e-02
3.9078280913e-01 -5.8362388246e-02
3.9027346192e-01 -5.8379866348e-02
3.8976411190e-01 -5.8397262410e-02
3.8925475909e-01 -5.8414576280e-02
3.8874540349e-01 -5.8431807803e-02
3.8823604510e-01 -5.8448956826e-02
3.8772668394e-01 -5.8466023194e-02
3.8721732002e-01 -5.8483006755e-02
3.8670795334e-01 -5.8499907355e-02
3.8619858390e-01 -5.8516724839e-02
3.8568921172e-01 -5.8533459055e-02
3.8517983681e-01 -5.8550109848e-02
3.8467045917e-01 -5.8566677065e-02
3.8416107881e-01 -5.8583160552e-02
3.8365169574e-01 -5.8599560155e-02
3.8314230997e-01 -5.8615875721e-02
3.8263292150e-01 -5.8632107096e-02
3.8212353034e-01 -5.8648254126e-02
3.8161413650e-01 -5.8664316658e-02
3.8110473998e-01 -5.8680294537e-02
3.8059534081e-01 -5.8696187611e-02
3.8008593897e-01 -5.8711995725e-02
3.7957653449e-01 -5.8727718726e-02
3.7906712736e-01 -5.8743356460e-02
3.7855771760e-01 -5.8758908773e-02
3.7804830522e-01 -5.8774375512e-02
3.7753889022e-01 -5.8789756522e-02
3.7702947260e-01 -5.8805051651e-02
3.7652005239e-01 -5.8820260737e-02
3.7601062958e-01 -5.8835383605e-02
3.7550120420e-01 -5.8850420078e-02
3.7499177625e-01 -5.8865369980e-02
3.7448234575e-01 -5.8880233133e-02
3.7397291270e-01 -5.8895009360e-02
3.7346347712e-01 -5.8909698485e-02
3.7295403902e-01 -5.8924300330e-02
3.7244459841e-01 -5.8938814719e-02
3.7193515530e-01 -5.8953241475e-02
3.7142570971e-01 -5.8967580421e-02
3.7091626164e-01 -5.8981831380e-02
3.7040681111e-01 -5.8995994175e-02
3.6989735813e-01 -5.9010068629e-02
3.6938790271e-01 -5.9024054566e-02
3.6887844486e-01 -5.9037951808e-02
3.6836898460e-01 -5.9051760178e-02
3.6785952193e-01 -5.9065479500e-02
3.6735005687e-01 -5.9079109597e-02
3.6684058942e-01 -5.9092650291e-02
3.6633111961e-01 -5.9106101406e-02
3.6582164744e-01 -5.9119462766e-02
3.6531217292e-01 -5.9132734192e-02
3.6480269606e-01 -5.9145915509e-02
3.6429321688e-01 -5.9159006538e-02
3.6378373539e-01 -5.9172007105e-02
3.6327425160e-01 -5.9184917030e-02
3.6276476552e-01 -5.9197736138e-02
3.6225527717e-01 -5.9210464252e-02
3.6174578654e-01 -5.9223101195e-02
3.6123629366e-01 -5.9235646789e-02
3.6072679854e-01 -5.9248100858e-02
3.6021730119e-01 -5.9260463226e-02
3.5970780162e-01 -5.9272733714e-02
3.5919829984e-01 -5.9284912147e-02
3.5868879587e-01 -5.9296998347e-02
3.5817928971e-01 -5.9308992137e-02
3.5766978137e-01 -5.9320893341e-02
3.5716027088e-01 -5.9332701781e-02
3.5665075823e-01 -5.9344417282e-02
3.5614124345e-01 -5.9356039665e-02
3.5563172654e-01 -5.9367568753e-02
3.5512220751e-01 -5.9379004371e-02
3.5461268638e-01 -5.9390346341e-02
3.5410316316e-01 -5.9401594486e-02
3.5359363785e-01 -5.9412748630e-02
3.5308411048e-01 -5.9423808594e-02
3.5257458105e-01 -5.9434774204e-02
3.5206504958e-01 -5.9445645280e-02
3.5155551607e-01 -5.9456421648e-02
3.5104598053e-01 -5.9467103129e-02
3.5053644299e-01 -5.9477689547e-02
3.5002690344e-01 -5.9488180725e-02
3.4951736191e-01 -5.9498576482e-02
3.4900781841e-01 -5.9508876617e-02
3.4849827295e-01 -5.9519080924e-02
3.4798872556e-01 -5.9529189197e-02
3.4747917624e-01 -5.9539201229e-02
3.4696962501e-01 -5.9549116814e-02
3.4646007190e-01 -5.9558935745e-02
3.4595051692e-01 -5.9568657817e-02
3.4544096008e-01 -5.9578282823e-02
3.4493140140e-01 -5.9587810556e-02
3.4442184091e-01 -5.9597240810e-02
3.4391227860e-01 -5.9606573379e-02
3.4340271451e-01 -5.9615808057e-02
3.4289314865e-01 -5.9624944637e-02
3.4238358103e-01 -5.9633982912e-02
3.4187401167e-01 -5.9642922677e-02
3.4136444059e-01 -5.9651763725e-02
3.4085486781e-01 -5.9660505850e-02
3.4034529334e-01 -5.9669148846e-02
3.3983571719e-01 -5.9677692505e-02
3.3932613939e-01 -5.9686136622e-02
3.3881655995e-01 -5.9694480991e-02
3.3830697889e-01 -5.9702725405e-02
3.3779739623e-01 -5.9710869657e-02
3.3728781198e-01 -5.9718913541e-02
3.3677822615e-01 -5.9726856852e-02
3.3626863877e-01 -5.9734699382e-02
3.3575904985e-01 -5.9742440926e-02
3.3524945941e-01 -5.9750081277e-02
3.3473986747e-01 -5.9757620228e-02
3.3423027403e-01 -5.9765057573e-02
3.3372067913e-01 -5.9772393107e-02
3.3321108277e-01 -5.9779626622e-02
3.3270148497e-01 -5.9786757912e-02
3.3219188575e-01 -5.9793786771e-02
3.3168228512e-01 -5.9800712993e-02
3.3117268311e-01 -5.9807536371e-02
3.3066307972e-01 -5.9814256698e-02
3.3015347498e-01 -5.9820873770e-02
3.2964386890e-01 -5.9827387378e-02
3.2913426150e-01 -5.9833797317e-02
3.2862465279e-01 -5.9840103381e-02
3.2811504279e-01 -5.9846305363e-02
3.2760543153e-01 -5.9852403056e-02
3.2709581900e-01 -5.9858396256e-02
3.2658620524e-01 -5.9864284754e-02
3.2607659026e-01 -5.9870068345e-02
3.2556697407e-01 -5.9875746822e-02
3.2505735670e-01 -5.9881319979e-02
3.2454773815e-01 -5.9886787610e-02
3.2403811844e-01 -5.9892149509e-02
3.2352849760e-01 -5.9897405468e-02
3.2301887564e-01 -5.9902555282e-02
3.2250925257e-01 -5.9907598734e-02
3.2199962842e-01 -5.9912535585e-02
3.2149000322e-01 -5.9917365596e-02
3.2098037698e-01 -5.9922088527e-02
3.2047074974e-01 -5.9926704136e-02
3.1996112151e-01 -5.9931212184e-02
3.1945149232e-01 -5.9935612430e-02
3.1894186219e-01 -5.9939904635e-02
3.1843223114e-01 -5.9944088558e-02
3.1792259920e-01 -5.9948163958e-02
3.1741296640e-01 -5.9952130596e-02
3.1690333275e-01 -5.9955988230e-02
3.1639369828e-01 -5.9959736622e-02
3.1588406302e-01 -5.9963375530e-02
3.1537442698e-01 -5.9966904714e-02
3.1486479020e-01 -5.9970323935e-02
3.1435515268e-01 -5.9973632951e-02
3.1384551447e-01 -5.9976831522e-02
3.1333587557e-01 -5.9979919409e-02
3.1282623603e-01 -5.9982896370e-02
3.1231659585e-01 -5.9985762167e-02
3.1180695506e-01 -5.9988516557e-02
3.1129731369e-01 -5.9991159302e-02
3.1078767175e-01 -5.9993690161e-02
3.1027802929e-01 -5.9996108893e-02
3.0976838630e-01 -5.9998415258e-02
3.0925874283e-01 -6.0000609017e-02
3.0874909889e-01 -6.0002689928e-02
3.0823945451e-01 -6.0004657751e-02
3.0772980971e-01 -6.0006512247e-02
3.0722016452e-01 -6.0008253175e-02
3.0671051895e-01 -6.0009880294e-02
3.0620087303e-01 -6.0011393365e-02
3.0569122680e-01 -6.0012792146e-02
3.0518158025e-01 -6.0014076399e-02
3.0467193344e-01 -6.0015245882e-02
3.0416228637e-01 -6.0016300356e-02
3.0365263906e-01 -6.0017239579e-02
3.0314299156e-01 -6.0018063312e-02
3.0263334387e-01 -6.0018771315e-02
3.0212369602e-01 -6.0019363347e-02
3.0161404803e-01 -6.0019839167e-02
3.0110439993e-01 -6.0020198537e-02
3.0059475175e-01 -6.0020441214e-02
3.0008510350e-01 -6.0020566960e-02
2.9957545521e-01 -6.0020575534e-02
2.9906580690e-01 -6.0020466695e-02
2.9855615859e-01 -6.0020240203e-02
2.9804651032e-01 -6.0019895819e-02
2.9753686210e-01 -6.0019433301e-02
2.9702721395e-01 -6.0018852410e-02
2.9651756591e-01 -6.0018152904e-02
2.9600791800e-01 -6.0017334527e-02
2.9549827024e-01 -6.0016396995e-02
2.9498862268e-01 -6.0015340021e-02
2.9447897534e-01 -6.0014163320e-02
2.9396932827e-01 -6.0012866606e-02
2.9345968148e-01 -6.0011449593e-02
2.9295003503e-01 -6.0009911995e-02
2.9244038893e-01 -6.0008253525e-02
2.9193074322e-01 -6.0006473899e-02
2.9142109794e-01 -6.0004572829e-02
2.9091145312e-01 -6.0002550031e-02
2.9040180879e-01 -6.0000405217e-02
2.8989216498e-01 -5.9998138103e-02
2.8938252174e-01 -5.9995748401e-02
2.8887287908e-01 -5.9993235827e-02
2.8836323704e-01 -5.9990600095e-02
2.8785359567e-01 -5.9987840917e-02
2.8734395498e-01 -5.9984958009e-02
2.8683431501e-01 -5.9981951084e-02
2.8632467581e-01 -5.9978819856e-02
2.8581503739e-01 -5.9975564040e-02
2.8530539979e-01 -5.9972183349e-02
2.8479576305e-01 -5.9968677498e-02
2.8428612720e-01 -5.9965046200e-02
2.8377649227e-01 -5.9961289170e-02
2.8326685830e-01 -5.9957406121e-02
2.8275722531e-01 -5.9953396768e-02
2.8224759335e-01 -5.9949260825e-02
2.8173796244e-01 -5.9944998005e-02
2.8122833261e-01 -5.9940608023e-02
2.8071870391e-01 -5.9936090593e-02
2.8020907636e-01 -5.9931445429e-02
2.7969945000e-01 -5.9926672245e-02
2.7918982485e-01 -5.9921770754e-02
2.7868020096e-01 -5.9916740672e-02
2.7817057836e-01 -5.9911581711e-02
2.7766095707e-01 -5.9906293586e-02
2.7715133714e-01 -5.9900876012e-02
2.7664171859e-01 -5.9895328702e-02
2.7613210146e-01 -5.9889651369e-02
2.7562248579e-01 -5.9883843729e-02
2.7511287160e-01 -5.9877905495e-02
2.7460325892e-01 -5.9871836381e-02
2.7409364780e-01 -5.9865636102e-02
2.7358403826e-01 -5.9859304371e-02
2.7307443033e-01 -5.9852840902e-02
2.7256482406e-01 -5.9846245410e-02
2.7205521947e-01 -5.9839517608e-02
2.7154561660e-01 -5.9832657210e-02
2.7103601548e-01 -5.9825663931e-02
2.7052641614e-01 -5.9818537484e-02
2.7001681862e-01 -5.9811277558e-02
2.6950722297e-01 -5.9803883813e-02
2.6899762923e-01 -5.9796355907e-02
2.6848803745e-01 -5.9788693498e-02
2.6797844768e-01 -5.9780896244e-02
2.6746885997e-01 -5.9772963802e-02
2.6695927435e-01 -5.9764895832e-02
2.6644969087e-01 -5.9756691991e-02
2.6594010959e-01 -5.9748351936e-02
2.6543053055e-01 -5.9739875327e-02
2.6492095379e-01 -5.9731261820e-02
2.6441137936e-01 -5.9722511075e-02
2.6390180730e-01 -5.9713622748e-02
2.6339223767e-01 -5.9704596499e-02
2.6288267051e-01 -5.9695431984e-02
2.6237310587e-01 -5.9686128863e-02
2.6186354378e-01 -5.9676686793e-02
2.6135398431e-01 -5.9667105431e-02
2.6084442749e-01 -5.9657384437e-02
2.6033487337e-01 -5.9647523468e-02
2.5982532199e-01 -5.9637522181e-02
2.5931577341e-01 -5.9627380236e-02
2.5880622767e-01 -5.9617097290e-02
2.5829668481e-01 -5.9606673001e-02
2.5778714489e-01 -5.9596107027e-02
2.5727760795e-01 -5.9585399026e-02
2.5676807402e-01 -5.9574548657e-02
2.5625854317e-01 -5.9563555576e-02
2.5574901544e-01 -5.9552419443e-02
2.5523949087e-01 -5.9541139914e-02
2.5472996951e-01 -5.9529716649e-02
2.5422045140e-01 -5.9518149305e-02
2.5371093660e-01 -5.9506437540e-02
2.5320142515e-01 -5.9494581012e-02
2.5269191709e-01 -5.9482579379e-02
2.5218241247e-01 -5.9470432300e-02
2.5167291134e-01 -5.9458139431e-02
2.5116341374e-01 -5.9445700432e-02
2.5065391972e-01 -5.9433114960e-02
2.5014442933e-01 -5.9420382674e-02
2.4963494261e-01 -5.9407503230e-02
2.4912545961e-01 -5.9394476288e-02
2.4861598037e-01 -5.9381301504e-02
2.4810650495e-01 -5.9367978538e-02
2.4759703338e-01 -5.9354507048e-02
2.4708756572e-01 -5.9340886690e-02
2.4657810200e-01 -5.9327117124e-02
2.4606864228e-01 -5.9313198007e-02
2.4555918661e-01 -5.9299128997e-02
2.4504973502e-01 -5.9284909748e-02
2.4454028759e-01 -5.9270539868e-02
2.4403084436e-01 -5.9256018938e-02
2.4352140542e-01 -5.9241346540e-02
2.4301197081e-01 -5.9226522254e-02
2.4250254062e-01 -5.9211545662e-02
2.4199311490e-01 -5.9196416346e-02
2.4148369371e-01 -5.9181133885e-02
2.4097427713e-01 -5.9165697863e-02
2.4046486522e-01 -5.9150107858e-02
2.3995545804e-01 -5.9134363454e-02
2.3944605565e-01 -5.9118464231e-02
2.3893665813e-01 -5.9102409770e-02
2.3842726554e-01 -5.9086199653e-02
2.3791787794e-01 -5.9069833460e-02
2.3740849539e-01 -5.9053310774e-02
2.3689911797e-01 -5.9036631174e-02
2.3638974574e-01 -5.9019794243e-02
2.3588037875e-01 -5.9002799561e-02
2.3537101709e-01 -5.8985646710e-02
2.3486166080e-01 -5.8968335271e-02
2.3435230997e-01 -5.8950864825e-02
2.3384296464e-01 -5.8933234953e-02
2.3333362489e-01 -5.8915445237e-02
2.3282429078e-01 -5.8897495258e-02
2.3231496238e-01 -5.8879384596e-02
2.3180563975e-01 -5.8861112834e-02
2.3129632296e-01 -5.8842679552e-02
2.3078701207e-01 -5.8824084331e-02
2.3027770714e-01 -5.8805326754e-02
2.2976840825e-01 -5.8786406400e-02
2.2925911545e-01 -5.8767322851e-02
2.2874982882e-01 -5.8748075689e-02
2.2824054840e-01 -5.8728664494e-02
2.2773127428e-01 -5.8709088848e-02
2.2722200652e-01 -5.8689348332e-02
2.2671274518e-01 -5.8669442527e-02
2.2620349032e-01 -5.8649371014e-02
2.2569424201e-01 -5.8629133375e-02
2.2518500032e-01 -5.8608729191e-02
2.2467576531e-01 -5.8588158042e-02
2.2416653704e-01 -5.8567419511e-02
2.2365731559e-01 -5.8546513178e-02
2.2314810101e-01 -5.8525438625e-02
2.2263889337e-01 -5.8504195432e-02
2.2212969273e-01 -5.8482783182e-02
2.2162049917e-01 -5.8461201454e-02
2.2111131274e-01 -5.8439449831e-02
2.2060213351e-01 -5.8417527892e-02
2.2009296156e-01 -5.8395435179e-02
2.1958379697e-01 -5.8373171175e-02
2.1907463984e-01 -5.8350735362e-02
2.1856549026e-01 -5.8328127219e-02
2.1805634832e-01 -5.8305346228e-02
2.1754721412e-01 -5.8282391869e-02
2.1703808774e-01 -5.8259263623e-02
2.1652896928e-01 -5.8235960970e-02
2.1601985883e-01 -5.8212483392e-02
2.1551075648e-01 -5.8188830368e-02
2.1500166232e-01 -5.8165001379e-02
2.1449257644e-01 -5.8140995906e-02
2.1398349894e-01 -5.8116813429e-02
2.1347442991e-01 -5.8092453430e-02
2.1296536944e-01 -5.8067915388e-02
2.1245631761e-01 -5.8043198785e-02
2.1194727453e-01 -5.8018303100e-02
2.1143824029e-01 -5.7993227815e-02
2.1092921497e-01 -5.7967972411e-02
2.1042019866e-01 -5.7942536367e-02
2.0991119147e-01 -5.7916919164e-02
2.0940219348e-01 -5.7891120284e-02
2.0889320478e-01 -5.7865139206e-02
2.0838422547e-01 -5.7838975411e-02
2.0787525563e-01 -5.7812628380e-02
2.0736629536e-01 -5.7786097594e-02
2.0685734475e-01 -5.7759382533e-02
2.0634840389e-01 -5.7732482677e-02
2.0583947287e-01 -5.7705397508e-02
2.0533055179e-01 -5.7678126506e-02
2.0482164074e-01 -5.7650669151e-02
2.0431273980e-01 -5.7623024925e-02
2.0380384908e-01 -5.7595193307e-02
2.0329496866e-01 -5.7567173779e-02
2.0278609863e-01 -5.7538965821e-02
2.0227723908e-01 -5.7510568914e-02
2.0176839011e-01 -5.7481982537e-02
2.0125955182e-01 -5.7453206173e-02
2.0075072428e-01 -5.7424239301e-02
2.0024190759e-01 -5.7395081402e-02
1.9973310185e-01 -5.7365731957e-02
1.9922430715e-01 -5.7336190447e-02
1.9871552357e-01 -5.7306456351e-02
1.9820675121e-01 -5.7276529151e-02
1.9769799016e-01 -5.7246408327e-02
1.9718924051e-01 -5.7216093360e-02
1.9668050236e-01 -5.7185583725e-02
1.9617177582e-01 -5.7154878818e-02
1.9566306103e-01 -5.7123977979e-02
1.9515435810e-01 -5.7092880544e-02
1.9464566719e-01 -5.7061585850e-02
1.9413698841e-01 -5.7030093235e-02
1.9362832190e-01 -5.6998402035e-02
1.9311966779e-01 -5.6966511589e-02
1.9261102621e-01 -5.6934421232e-02
1.9210239729e-01 -5.6902130302e-02
1.9159378117e-01 -5.6869638136e-02
1.9108517798e-01 -5.6836944072e-02
1.9057658785e-01 -5.6804047446e-02
1.9006801091e-01 -5.6770947595e-02
1.8955944729e-01 -5.6737643857e-02
1.8905089712e-01 -5.6704135569e-02
1.8854236054e-01 -5.6670422068e-02
1.8803383768e-01 -5.6636502691e-02
1.8752532866e-01 -5.6602376775e-02
1.8701683363e-01 -5.6568043658e-02
1.8650835270e-01 -5.6533502676e-02
1.8599988603e-01 -5.6498753166e-02
1.8549143372e-01 -5.6463794466e-02
1.8498299593e-01 -5.6428625913e-02
1.8447457277e-01 -5.6393246844e-02
1.8396616438e-01 -5.6357656596e-02
1.8345777090e-01 -5.6321854507e-02
1.8294939245e-01 -5.6285839912e-02
1.8244102916e-01 -5.6249612150e-02
1.8193268117e-01 -5.6213170558e-02
1.8142434862e-01 -5.6176514472e-02
1.8091603162e-01 -5.6139643230e-02
1.8040773031e-01 -5.6102556170e-02
1.7989944483e-01 -5.6065252627e-02
1.7939117530e-01 -5.6027731939e-02
1.7888292186e-01 -5.5989993444e-02
1.7837468464e-01 -5.5952036479e-02
1.7786646377e-01 -5.5913860380e-02
1.7735825938e-01 -5.5875464484e-02
1.7685007160e-01 -5.5836848130e-02
1.7634190057e-01 -5.5798010654e-02
1.7583374642e-01 -5.5758951392e-02
1.7532560927e-01 -5.5719669684e-02
1.7481748927e-01 -5.5680164864e-02
1.7430938654e-01 -5.5640436271e-02
1.7380130121e-01 -5.5600483234e-02
1.7329323346e-01 -5.5560304977e-02
1.7278518347e-01 -5.5519900638e-02
1.7227715143e-01 -5.5479269354e-02
1.7176913755e-01 -5.5438410260e-02
1.7126114201e-01 -5.5397322495e-02
1.7075316500e-01 -5.5356005194e-02
1.7024520671e-01 -5.5314457494e-02
1.6973726735e-01 -5.5272678531e-02
1.6922934710e-01 -5.5230667442e-02
1.6872144615e-01 -5.5188423364e-02
1.6821356469e-01 -5.5145945432e-02
1.6770570293e-01 -5.5103232785e-02
1.6719786104e-01 -5.5060284558e-02
1.6669003923e-01 -5.5017099887e-02
1.6618223769e-01 -5.4973677910e-02
1.6567445661e-01 -5.4930017763e-02
1.6516669617e-01 -5.4886118583e-02
1.6465895658e-01 -5.4841979505e-02
1.6415123802e-01 -5.4797599667e-02
1.6364354070e-01 -5.4752978205e-02
1.6313586479e-01 -5.4708114256e-02
1.6262821050e-01 -5.4663006956e-02
1.6212057801e-01 -5.4617655442e-02
1.6161296752e-01 -5.4572058851e-02
1.6110537922e-01 -5.4526216318e-02
1.6059781331e-01 -5.4480126981e-02
1.6009026997e-01 -5.4433789976e-02
1.5958274940e-01 -5.4387204440e-02
1.5907525179e-01 -5.4340369509e-02
1.5856777733e-01 -5.4293284319e-02
1.5806032622e-01 -5.4245948008e-02
1.5755289864e-01 -5.4198359712e-02
1.5704549480e-01 -5.4150518567e-02
1.5653811488e-01 -5.4102423711e-02
1.5603075907e-01 -5.4054074279e-02
1.5552342757e-01 -5.4005469408e-02
1.5501612058e-01 -5.3956608234e-02
1.5450883827e-01 -5.3907489895e-02
1.5400158085e-01 -5.3858113527e-02
1.5349434851e-01 -5.3808478266e-02
1.5298714144e-01 -5.3758583250e-02
1.5247995983e-01 -5.3708427613e-02
1.5197280387e-01 -5.3658010488e-02
1.5146567382e-01 -5.3607330868e-02
1.5095856994e-01 -5.3556387597e-02
1.5045149254e-01 -5.3505179513e-02
1.4994444190e-01 -5.3453705454e-02
1.4943741831e-01 -5.3401964259e-02
1.4893042205e-01 -5.3349954766e-02
1.4842345343e-01 -5.3297675812e-02
1.4791651272e-01 -5.3245126236e-02
1.4740960022e-01 -5.3192304876e-02
1.4690271621e-01 -5.3139210569e-02
1.4639586099e-01 -5.3085842154e-02
1.4588903484e-01 -5.3032198468e-02
1.4538223806e-01 -5.2978278351e-02
1.4487547092e-01 -5.2924080639e-02
1.4436873373e-01 -5.2869604172e-02
1.4386202677e-01 -5.2814847786e-02
1.4335535032e-01 -5.2759810321e-02
1.4284870469e-01 -5.2704490613e-02
1.4234209015e-01 -5.2648887502e-02
1.4183550699e-01 -5.2592999824e-02
1.4132895552e-01 -5.2536826419e-02
1.4082243600e-01 -5.2480366124e-02
1.4031594874e-01 -5.2423617778e-02
1.3980949403e-01 -5.2366580218e-02
1.3930307214e-01 -5.2309252282e-02
1.3879668338e-01 -5.2251632809e-02
1.3829032802e-01 -5.2193720636e-02
1.3778400637e-01 -5.2135514601e-02
1.3727771870e-01 -5.2077013544e-02
1.3677146531e-01 -5.2018216300e-02
1.3626524648e-01 -5.1959121710e-02
1.3575906251e-01 -5.1899728610e-02
1.3525291369e-01 -5.1840035839e-02
1.3474680030e-01 -5.1780042235e-02
1.3424072263e-01 -5.1719746635e-02
1.3373468097e-01 -5.1659147879e-02
1.3322867561e-01 -5.1598244803e-02
1.3272270684e-01 -5.1537036246e-02
1.3221677496e-01 -5.1475521047e-02
1.3171088024e-01 -5.1413698042e-02
1.3120502297e-01 -5.1351566066e-02
1.3069920353e-01 -5.1289123761e-02
1.3019342234e-01 -5.1226369530e-02
1.2968767987e-01 -5.1163301757e-02
1.2918197655e-01 -5.1099918826e-02
1.2867631283e-01 -5.1036219122e-02
1.2817068918e-01 -5.0972201031e-02
1.2766510603e-01 -5.0907862937e-02
1.2715956383e-01 -5.0843203225e-02
1.2665406303e-01 -5.0778220280e-02
1.2614860409e-01 -5.0712912486e-02
1.2564318744e-01 -5.0647278228e-02
1.2513781355e-01 -5.0581315892e-02
1.2463248286e-01 -5.0515023862e-02
1.2412719581e-01 -5.0448400523e-02
1.2362195286e-01 -5.0381444259e-02
1.2311675445e-01 -5.0314153456e-02
1.2261160104e-01 -5.0246526498e-02
1.2210649308e-01 -5.0178561770e-02
1.2160143100e-01 -5.0110257658e-02
1.2109641527e-01 -5.0041612545e-02
1.2059144633e-01 -4.9972624817e-02
1.2008652463e-01 -4.9903292858e-02
1.1958165061e-01 -4.9833615053e-02
1.1907682474e-01 -4.9763589788e-02
1.1857204745e-01 -4.9693215446e-02
1.1806731919e-01 -4.9622490414e-02
1.1756264042e-01 -4.9551413074e-02
1.1705801159e-01 -4.9479981813e-02
1.1655343314e-01 -4.9408195016e-02
1.1604890552e-01 -4.9336051066e-02
1.1554442917e-01 -4.9263548350e-02
1.1504000456e-01 -4.9190685251e-02
1.1453563213e-01 -4.9117460154e-02
1.1403131233e-01 -4.9043871445e-02
1.1352704560e-01 -4.8969917508e-02
1.1302283240e-01 -4.8895596728e-02
1.1251867317e-01 -4.8820907489e-02
1.1201456836e-01 -4.8745848178e-02
1.1151051844e-01 -4.8670417163e-02
1.1100652398e-01 -4.8594612474e-02
1.1050258570e-01 -4.8518431802e-02
1.0999870434e-01 -4.8441872824e-02
1.0949488060e-01 -4.8364933215e-02
1.0899111522e-01 -4.8287610652e-02
1.0848740893e-01 -4.8209902810e-02
1.0798376244e-01 -4.8131807367e-02
1.0748017649e-01 -4.8053321998e-02
1.0697665179e-01 -4.7974444380e-02
1.0647318907e-01 -4.7895172188e-02
1.0596978905e-01 -4.7815503100e-02
1.0546645247e-01 -4.7735434790e-02
1.0496318003e-01 -4.7654964936e-02
1.0445997248e-01 -4.7574091213e-02
1.0395683053e-01 -4.7492811298e-02
1.0345375490e-01 -4.7411122867e-02
1.0295074633e-01 -4.7329023596e-02
1.0244780553e-01 -4.7246511161e-02
1.0194493324e-01 -4.7163583239e-02
1.0144213017e-01 -4.7080237505e-02
1.0093939705e-01 -4.6996471637e-02
1.0043673460e-01 -4.6912283310e-02
9.9934143555e-02 -4.6827670200e-02
9.9431624631e-02 -4.6742629983e-02
9.8929178554e-02 -4.6657160336e-02
9.8426806050e-02 -4.6571258935e-02
9.7924507842e-02 -4.6484923456e-02
9.7422284655e-02 -4.6398151576e-02
9.6920137215e-02 -4.6310940970e-02
9.6418066244e-02 -4.6223289315e-02
9.5916072468e-02 -4.6135194287e-02
9.5414156612e-02 -4.6046653562e-02
9.4912319399e-02 -4.5957664816e-02
9.4410561554e-02 -4.5868225726e-02
9.3908883802e-02 -4.5778333967e-02
9.3407286867e-02 -4.5687987217e-02
9.2905771531e-02 -4.5597183017e-02
9.2404338908e-02 -4.5505918138e-02
9.1902990233e-02 -4.5414189069e-02
9.1401726740e-02 -4.5321992298e-02
9.0900549664e-02 -4.5229324314e-02
9.0399460240e-02 -4.5136181605e-02
8.9898459703e-02 -4.5042560661e-02
8.9397549287e-02 -4.4948457971e-02
8.8896730227e-02 -4.4853870023e-02
8.8396003757e-02 -4.4758793305e-02
8.7895371114e-02 -4.4663224307e-02
8.7394833530e-02 -4.4567159518e-02
8.6894392241e-02 -4.4470595426e-02
8.6394048482e-02 -4.4373528520e-02
8.5893803488e-02 -4.4275955289e-02
8.5393658492e-02 -4.4177872221e-02
8.4893614730e-02 -4.4079275806e-02
8.4393673437e-02 -4.3980162532e-02
8.3893835847e-02 -4.3880528887e-02
8.3394103196e-02 -4.3780371362e-02
8.2894476717e-02 -4.3679686444e-02
8.2394957645e-02 -4.3578470622e-02
8.1895547216e-02 -4.3476720385e-02
8.1396246663e-02 -4.3374432222e-02
8.0897057223e-02 -4.3271602621e-02
8.0397980128e-02 -4.3168228072e-02
7.9899016615e-02 -4.3064305063e-02
7.9400167918e-02 -4.2959830083e-02
7.8901435271e-02 -4.2854799621e-02
7.8402819910e-02 -4.2749210165e-02
7.7904323068e-02 -4.2643058204e-02
7.7405945982e-02 -4.2536340227e-02
7.6907689884e-02 -4.2429052723e-02
7.6409556011e-02 -4.2321192181e-02
7.5911545634e-02 -4.2212755013e-02
7.5413660558e-02 -4.2103736553e-02
7.4915902987e-02 -4.1994131318e-02
7.4418275137e-02 -4.1883933806e-02
7.3920779223e-02 -4.1773138516e-02
7.3423417459e-02 -4.1661739947e-02
7.2926192060e-02 -4.1549732598e-02
7.2429105242e-02 -4.1437110966e-02
7.1932159218e-02 -4.1323869551e-02
7.1435356205e-02 -4.1210002850e-02
7.0938698416e-02 -4.1095505364e-02
7.0442188067e-02 -4.0980371590e-02
6.9945827372e-02 -4.0864596026e-02
6.9449618547e-02 -4.0748173172e-02
6.8953563807e-02 -4.0631097526e-02
6.8457665365e-02 -4.0513363586e-02
6.7961925438e-02 -4.0394965851e-02
6.7466346239e-02 -4.0275898820e-02
6.6970929985e-02 -4.0156156992e-02
6.6475678889e-02 -4.0035734864e-02
6.5980595166e-02 -3.9914626935e-02
6.5485681032e-02 -3.9792827705e-02
6.4990938702e-02 -3.9670331671e-02
6.4496370389e-02 -3.9547133332e-02
6.4001978310e-02 -3.9423227188e-02
6.3507764679e-02 -3.9298607735e-02
6.3013731711e-02 -3.9173269473e-02
6.2519881620e-02 -3.9047206901e-02
6.2026216622e-02 -3.8920414516e-02
6.1532738931e-02 -3.8792886819e-02
6.1039450763e-02 -3.8664618306e-02
6.0546354332e-02 -3.8535603477e-02
6.0053452011e-02 -3.8405836550e-02
5.9560747485e-02 -3.8275309385e-02
5.9068245099e-02 -3.8144012671e-02
5.8575949199e-02 -3.8011937087e-02
5.8083864132e-02 -3.7879073313e-02
5.7591994247e-02 -3.7745412028e-02
5.7100343890e-02 -3.7610943912e-02
5.6608917408e-02 -3.7475659644e-02
5.6117719150e-02 -3.7339549903e-02
5.5626753462e-02 -3.7202605369e-02
5.5136024692e-02 -3.7064816722e-02
5.4645537186e-02 -3.6926174640e-02
5.4155295294e-02 -3.6786669804e-02
5.3665303361e-02 -3.6646292892e-02
5.3175565736e-02 -3.6505034584e-02
5.2686086765e-02 -3.6362885560e-02
5.2196870795e-02 -3.6219836499e-02
5.1707922176e-02 -3.6075878080e-02
5.1219245253e-02 -3.5931000983e-02
5.0730844373e-02 -3.5785195887e-02
5.0242723886e-02 -3.5638453472e-02
4.9754888137e-02 -3.5490764416e-02
4.9267341474e-02 -3.5342119401e-02
4.8780088244e-02 -3.5192509104e-02
4.8293132795e-02 -3.5041924206e-02
4.7806479474e-02 -3.4890355385e-02
4.7320132629e-02 -3.4737793322e-02
4.6834096607e-02 -3.4584228695e-02
4.6348375755e-02 -3.4429652185e-02
4.5862974460e-02 -3.4274054414e-02
4.5377898982e-02 -3.4117423313e-02
4.4893158249e-02 -3.3959742982e-02
4.4408761393e-02 -3.3800997230e-02
4.3924717543e-02 -3.3641169865e-02
4.3441035830e-02 -3.3480244696e-02
4.2957725385e-02 -3.3318205531e-02
4.2474795338e-02 -3.3155036179e-02
4.1992254821e-02 -3.2990720449e-02
4.1510112964e-02 -3.2825242148e-02
4.1028378897e-02 -3.2658585085e-02
4.0547061751e-02 -3.2490733069e-02
4.0066170658e-02 -3.2321669908e-02
3.9585714746e-02 -3.2151379411e-02
3.9105703149e-02 -3.1979845386e-02
3.8626144995e-02 -3.1807051642e-02
3.8147049415e-02 -3.1632981987e-02
3.7668425542e-02 -3.1457620230e-02
3.7190282504e-02 -3.1280950178e-02
3.6712629432e-02 -3.1102955642e-02
3.6235475458e-02 -3.0923620428e-02
3.5758829712e-02 -3.0742928346e-02
3.5282701325e-02 -3.0560863204e-02
3.4807099427e-02 -3.0377408811e-02
3.4332033149e-02 -3.0192548975e-02
3.3857511621e-02 -3.0006267504e-02
3.3383543975e-02 -2.9818548208e-02
3.2910139513e-02 -2.9629374682e-02
3.2437313277e-02 -2.9438723454e-02
3.1965087270e-02 -2.9246562475e-02
3.1493483912e-02 -2.9052859183e-02
3.1022525626e-02 -2.8857581014e-02
3.0552234831e-02 -2.8660695407e-02
3.0082633949e-02 -2.8462169797e-02
2.9613745401e-02 -2.8261971622e-02
2.9145591608e-02 -2.8060068319e-02
2.8678194990e-02 -2.7856427326e-02
2.8211577969e-02 -2.7651016078e-02
2.7745762966e-02 -2.7443802014e-02
2.7280772401e-02 -2.7234752570e-02
2.6816628696e-02 -2.7023835184e-02
2.6353354272e-02 -2.6811017292e-02
2.5890971549e-02 -2.6596266332e-02
2.5429502949e-02 -2.6379549741e-02
2.4968970892e-02 -2.6160834955e-02
2.4509397800e-02 -2.5940089412e-02
2.4050806094e-02 -2.5717280549e-02
2.3593218193e-02 -2.5492375804e-02
2.3136656521e-02 -2.5265342612e-02
2.2681143497e-02 -2.5036148411e-02
2.2226701542e-02 -2.4804760639e-02
2.1773353077e-02 -2.4571146732e-02
2.1321125401e-02 -2.4335270583e-02
2.0870070687e-02 -2.4097078004e-02
2.0420249016e-02 -2.3856509058e-02
1.9971720476e-02 -2.3613503805e-02
1.9524545153e-02 -2.3368002307e-02
1.9078783132e-02 -2.3119944624e-02
1.8634494501e-02 -2.2869270816e-02
1.8191739345e-02 -2.2615920945e-02
1.7750577751e-02 -2.2359835070e-02
1.7311069805e-02 -2.2100953253e-02
1.6873275593e-02 -2.1839215554e-02
1.6437255201e-02 -2.1574562033e-02
1.6003068716e-02 -2.1306932752e-02
1.5570776225e-02 -2.1036267771e-02
1.5140437812e-02 -2.0762507150e-02
1.4712113565e-02 -2.0485590950e-02
1.4285863569e-02 -2.0205459233e-02
1.3861747912e-02 -1.9922052057e-02
1.3439826679e-02 -1.9635309485e-02
1.3020159956e-02 -1.9345171577e-02
1.2602807830e-02 -1.9051578392e-02
1.2187830387e-02 -1.8754469993e-02
1.1775299667e-02 -1.8453779723e-02
1.1365377880e-02 -1.8149390268e-02
1.0958268372e-02 -1.7841161202e-02
1.0554174702e-02 -1.7528951978e-02
1.0153300427e-02 -1.7212622052e-02
9.7558491047e-03 -1.6892030880e-02
9.3620242920e-03 -1.6567037916e-02
8.9720295466e-03 -1.6237502616e-02
8.5860684261e-03 -1.5903284433e-02
8.2043444879e-03 -1.5564242825e-02
7.8270612895e-03 -1.5220237244e-02
7.4544223884e-03 -1.4871127148e-02
7.0866313421e-03 -1.4516771990e-02
6.7238917081e-03 -1.4157031225e-02
6.3664070439e-03 -1.3791764310e-02
6.0143809069e-03 -1.3420830698e-02
5.6680168546e-03 -1.3044089845e-02
5.3275184446e-03 -1.2661401206e-02
4.9930892343e-03 -1.2272624236e-02
4.6649327812e-03 -1.1877618390e-02
4.3433070976e-03 -1.1476278564e-02
4.0287019752e-03 -1.1068650502e-02
3.7216688610e-03 -1.0654820076e-02
3.4227592027e-03 -1.0234873159e-02
3.1325244478e-03 -9.8088956214e-03
2.8515160440e-03 -9.3769733361e-03
2.5802854389e-03 -8.9391921750e-03
2.3193840800e-03 -8.4956380100e-03
2.0693634150e-03 -8.0463967132e-03
1.8307748914e-03 -7.5915541567e-03
1.6041699570e-03 -7.1311962124e-03
1.3901000592e-03 -6.6654087523e-03
1.1891166458e-03 -6.1942776485e-03
1.0017711642e-03 -5.7178887729e-03
8.2861506215e-04 -5.2363279977e-03
6.7019978720e-04 -4.7496811948e-03
5.2707678696e-04 -4.2580342362e-03
3.9979148683e-04 -3.7614788860e-03
2.8865951893e-04 -3.2603317349e-03
1.9370048112e-04 -2.7551990096e-03
1.1491443383e-04 -2.2467060517e-03
5.2301437489e-05 -1.7354782033e-03
5.8615525317e-06 -1.2221408059e-03
-2.4405160608e-05 -7.0731920136e-04
-3.8498641497e-05 -1.9163873154e-04
-3.6418829702e-05 3.2427526182e-04
-1.8165664790e-05 8.3979743692e-04
1.6260913673e-05 1.3543024520e-03
6.6860966120e-05 1.8671649652e-03
1.3363455298e-04 2.3777596349e-03
2.1658173470e-04 2.8854611191e-03
3.1570257170e-04 3.3896440761e-03
4.3099712442e-04 3.8896831642e-03
5.6240809176e-04 4.3850089200e-03
7.0952081345e-04 4.8754000001e-03
8.7178324583e-04 5.3607688926e-03
1.0486430593e-03 5.8410283639e-03
1.2395479243e-03 6.3160911807e-03
1.4439455112e-03 6.7858701096e-03
1.6612834905e-03 7.2502779170e-03
1.8910095324e-03 7.7092273696e-03
2.1325713076e-03 8.1626312338e-03
2.3854164862e-03 8.6104022764e-03
2.6489927389e-03 9.0524532637e-03
2.9227477359e-03 9.4886969625e-03
3.2061291477e-03 9.9190461392e-03
3.4985846447e-03 1.0343413560e-02
3.7995618974e-03 1.0761711993e-02
4.1085085760e-03 1.1173854203e-02
4.4248723510e-03 1.1579752957e-02
4.7481047655e-03 1.1979323579e-02
5.0778021658e-03 1.2372577020e-02
5.4137457455e-03 1.2759646300e-02
5.7557287299e-03 1.3140672386e-02
6.1035443440e-03 1.3515796244e-02
6.4569858130e-03 1.3885158841e-02
6.8158463619e-03 1.4248901143e-02
7.1799192159e-03 1.4607164116e-02
7.5489976001e-03 1.4960088728e-02
7.9228747395e-03 1.5307815943e-02
8.3013438594e-03 1.5650486730e-02
8.6841981848e-03 1.5988242054e-02
9.0712309409e-03 1.6321222881e-02
9.4622353527e-03 1.6649570178e-02
9.8570046454e-03 1.6973424912e-02
1.0255332044e-02 1.7292928048e-02
1.0657010774e-02 1.7608220554e-02
1.1061834060e-02 1.7919443396e-02
1.1469595127e-02 1.8226737539e-02
1.1880087201e-02 1.8530243951e-02
1.2293119633e-02 1.8830094706e-02
1.2708596058e-02 1.9126369889e-02
1.3126454278e-02 1.9419130747e-02
1.3546632141e-02 1.9708438502e-02
1.3969067496e-02 1.9994354373e-02
1.4393698191e-02 2.0276939581e-02
1.4820462075e-02 2.0556255347e-02
1.5249296996e-02 2.0832362892e-02
1.5680140802e-02 2.1105323436e-02
1.6112931343e-02 2.1375198199e-02
1.6547606466e-02 2.1642048403e-02
1.6984104021e-02 2.1905935268e-02
1.7422361855e-02 2.2166920015e-02
1.7862317818e-02 2.2425063865e-02
1.8303909757e-02 2.2680428037e-02
1.8747075521e-02 2.2933073753e-02
1.9191752959e-02 2.3183062234e-02
1.9637879919e-02 2.3430454699e-02
2.0085394250e-02 2.3675312370e-02
2.0534233800e-02 2.3917696468e-02
2.0984336417e-02 2.4157668212e-02
2.1435640003e-02 2.4395288787e-02
2.1888093413e-02 2.4630611568e-02
2.2341669871e-02 2.4863672565e-02
2.2796345887e-02 2.5094505443e-02
2.3252097972e-02 2.5323143869e-02
2.3708902637e-02 2.5549621509e-02
2.4166736393e-02 2.5773972030e-02
2.4625575749e-02 2.5996229098e-02
2.5085397217e-02 2.6216426379e-02
2.5546177308e-02 2.6434597540e-02
2.6007892531e-02 2.6650776248e-02
2.6470519398e-02 2.6864996168e-02
2.6934034419e-02 2.7077290967e-02
2.7398414105e-02 2.7287694311e-02
2.7863634967e-02 2.7496239867e-02
2.8329673514e-02 2.7702961301e-02
2.8796506258e-02 2.7907892280e-02
2.9264109710e-02 2.8111066469e-02
2.9732460379e-02 2.8312517536e-02
3.0201534777e-02 2.8512279146e-02
3.0671309415e-02 2.8710384966e-02
3.1141760802e-02 2.8906868663e-02
3.1612865450e-02 2.9101763903e-02
3.2084599869e-02 2.9295104351e-02
3.2556940650e-02 2.9486923578e-02
3.3029869439e-02 2.9677249017e-02
3.3503375849e-02 2.9866098436e-02
3.3977450196e-02 3.0053488747e-02
3.4452082795e-02 3.0239436867e-02
3.4927263962e-02 3.0423959708e-02
3.5402984011e-02 3.0607074186e-02
3.5879233259e-02 3.0788797214e-02
3.6356002019e-02 3.0969145708e-02
3.6833280609e-02 3.1148136582e-02
3.7311059342e-02 3.1325786750e-02
3.7789328534e-02 3.1502113126e-02
3.8268078500e-02 3.1677132626e-02
3.8747299557e-02 3.1850862163e-02
3.9226982018e-02 3.2023318652e-02
3.9707116200e-02 3.2194519007e-02
4.0187692417e-02 3.2364480143e-02
4.0668700985e-02 3.2533218974e-02
4.1150132219e-02 3.2700752415e-02
4.1631976435e-02 3.2867097380e-02
4.2114223947e-02 3.3032270783e-02
4.2596865071e-02 3.3196289539e-02
4.3079890123e-02 3.3359170563e-02
4.3563289417e-02 3.3520930768e-02
4.4047053269e-02 3.3681587070e-02
4.4531171994e-02 3.3841156382e-02
4.5015635916e-02 3.3999655608e-02
4.5500436802e-02 3.4157099612e-02
4.5985569578e-02 3.4313498804e-02
4.6471029585e-02 3.4468863009e-02
4.6956812162e-02 3.4623202049e-02
4.7442912651e-02 3.4776525751e-02
4.7929326391e-02 3.4928843937e-02
4.8416048723e-02 3.5080166431e-02
4.8903074988e-02 3.5230503059e-02
4.9390400525e-02 3.5379863644e-02
4.9878020676e-02 3.5528258009e-02
5.0365930781e-02 3.5675695980e-02
5.0854126180e-02 3.5822187380e-02
5.1342602214e-02 3.5967742034e-02
5.1831354223e-02 3.6112369765e-02
5.2320377548e-02 3.6256080397e-02
5.2809667528e-02 3.6398883756e-02
5.3299219506e-02 3.6540789664e-02
5.3789028820e-02 3.6681807946e-02
5.4279090811e-02 3.6821948426e-02
5.4769400821e-02 3.6961220928e-02
5.5259954189e-02 3.7099635277e-02
5.5750746255e-02 3.7237201296e-02
5.6241772361e-02 3.7373928809e-02
5.6733027847e-02 3.7509827641e-02
5.7224508052e-02 3.7644907615e-02
5.7716208318e-02 3.7779178557e-02
5.8208123985e-02 3.7912650289e-02
5.8700250394e-02 3.8045332636e-02
5.9192583094e-02 3.8177235053e-02
5.9685119079e-02 3.8308364463e-02
6.0177855949e-02 3.8438726720e-02
6.0670791304e-02 3.8568327678e-02
6.1163922747e-02 3.8697173187e-02
6.1657247879e-02 3.8825269101e-02
6.2150764303e-02 3.8952621271e-02
6.2644469619e-02 3.9079235550e-02
6.3138361429e-02 3.9205117789e-02
6.3632437336e-02 3.9330273842e-02
6.4126694940e-02 3.9454709559e-02
6.4621131844e-02 3.9578430794e-02
6.5115745649e-02 3.9701443399e-02
6.5610533958e-02 3.9823753225e-02
6.6105494370e-02 3.9945366125e-02
6.6600624489e-02 4.0066287951e-02
6.7095921916e-02 4.0186524556e-02
6.7591384252e-02 4.0306081790e-02
6.8087009100e-02 4.0424965507e-02
6.8582794061e-02 4.0543181559e-02
6.9078736737e-02 4.0660735798e-02
6.9574834728e-02 4.0777634076e-02
7.0071085639e-02 4.0893882245e-02
7.0567487068e-02 4.1009486158e-02
7.1064036620e-02 4.1124451666e-02
7.1560731894e-02 4.1238784621e-02
7.2057570493e-02 4.1352490877e-02
7.2554550019e-02 4.1465576285e-02
7.3051668073e-02 4.1578046697e-02
7.3548922257e-02 4.1689907966e-02
7.4046310174e-02 4.1801165941e-02
7.4543829706e-02 4.1911825914e-02
7.5041479408e-02 4.2021891831e-02
7.5539257936e-02 4.2131367443e-02
7.6037163942e-02 4.2240256499e-02
7.6535196082e-02 4.2348562749e-02
7.7033353009e-02 4.2456289943e-02
7.7531633377e-02 4.2563441830e-02
7.8030035842e-02 4.2670022161e-02
7.8528559056e-02 4.2776034685e-02
7.9027201675e-02 4.2881483152e-02
7.9525962352e-02 4.2986371312e-02
8.0024839741e-02 4.3090702915e-02
8.0523832497e-02 4.3194481710e-02
8.1022939274e-02 4.3297711447e-02
8.1522158726e-02 4.3400395876e-02
8.2021489507e-02 4.3502538747e-02
8.2520930271e-02 4.3604143810e-02
8.3020479673e-02 4.3705214814e-02
8.3520136367e-02 4.3805755509e-02
8.4019899007e-02 4.3905769645e-02
8.4519766247e-02 4.4005260972e-02
8.5019736741e-02 4.4104233240e-02
8.5519809143e-02 4.4202690198e-02
8.6019982108e-02 4.4300635596e-02
8.6520254291e-02 4.4398073184e-02
8.7020624344e-02 4.4495006712e-02
8.7521090922e-02 4.4591439930e-02
8.8021652680e-02 4.4687376587e-02
8.8522308271e-02 4.4782820433e-02
8.9023056350e-02 4.4877775218e-02
8.9523895571e-02 4.4972244692e-02
9.0024824588e-02 4.5066232605e-02
9.0525842057e-02 4.5159742701e-02
9.1026946823e-02 4.5252778299e-02
9.1528138056e-02 4.5345341972e-02
9.2029414959e-02 4.5437436222e-02
9.2530776737e-02 4.5529063549e-02
9.3032222592e-02 4.5620226451e-02
9.3533751729e-02 4.5710927429e-02
9.4035363351e-02 4.5801168983e-02
9.4537056662e-02 4.5890953613e-02
9.5038830864e-02 4.5980283818e-02
9.5540685162e-02 4.6069162099e-02
9.6042618760e-02 4.6157590956e-02
9.6544630860e-02 4.6245572887e-02
9.7046720667e-02 4.6333110395e-02
9.7548887384e-02 4.6420205977e-02
9.8051130215e-02 4.6506862134e-02
9.8553448362e-02 4.6593081367e-02
9.9055841031e-02 4.6678866174e-02
9.9558307423e-02 4.6764219057e-02
1.0006084674e-01 4.6849142514e-02
1.0056345820e-01 4.6933639045e-02
1.0106614098e-01 4.7017711152e-02
1.0156889431e-01 4.7101361333e-02
1.0207171738e-01 4.7184592088e-02
1.0257460939e-01 4.7267405917e-02
1.0307756956e-01 4.7349805321e-02
1.0358059707e-01 4.7431792799e-02
1.0408369114e-01 4.7513370851e-02
1.0458685098e-01 4.7594541976e-02
1.0509007577e-01 4.7675308676e-02
1.0559336474e-01 4.7755673449e-02
1.0609671707e-01 4.7835638797e-02
1.0660013198e-01 4.7915207217e-02
1.0710360867e-01 4.7994381211e-02
1.0760714634e-01 4.8073163279e-02
1.0811074420e-01 4.8151555918e-02
1.0861440153e-01 4.8229561405e-02
1.0911811782e-01 4.8307181539e-02
1.0962189257e-01 4.8384418063e-02
1.1012572529e-01 4.8461272716e-02
1.1062961548e-01 4.8537747240e-02
1.1113356265e-01 4.8613843376e-02
1.1163756629e-01 4.8689562864e-02
1.1214162591e-01 4.8764907446e-02
1.1264574102e-01 4.8839878862e-02
1.1314991112e-01 4.8914478852e-02
1.1365413571e-01 4.8988709159e-02
1.1415841430e-01 4.9062571523e-02
1.1466274639e-01 4.9136067685e-02
1.1516713148e-01 4.9209199385e-02
1.1567156909e-01 4.9281968365e-02
1.1617605871e-01 4.9354376365e-02
1.1668059984e-01 4.9426425126e-02
1.1718519199e-01 4.9498116390e-02
1.1768983467e-01 4.9569451897e-02
1.1819452738e-01 4.9640433387e-02
1.1869926962e-01 4.9711062602e-02
1.1920406089e-01 4.9781341283e-02
1.1970890070e-01 4.9851271171e-02
1.2021378856e-01 4.9920854006e-02
1.2071872397e-01 4.9990091529e-02
1.2122370643e-01 5.0058985482e-02
1.2172873544e-01 5.0127537604e-02
1.2223381051e-01 5.0195749638e-02
1.2273893115e-01 5.0263623323e-02
1.2324409685e-01 5.0331160401e-02
1.2374930713e-01 5.0398362613e-02
1.2425456148e-01 5.0465231699e-02
1.2475985940e-01 5.0531769400e-02
1.2526520041e-01 5.0597977458e-02
1.2577058401e-01 5.0663857613e-02
1.2627600970e-01 5.0729411605e-02
1.2678147698e-01 5.0794641177e-02
1.2728698539e-01 5.0859547980e-02
1.2779253459e-01 5.0924133344e-02
1.2829812425e-01 5.0988398527e-02
1.2880375404e-01 5.1052344787e-02
1.2930942365e-01 5.1115973382e-02
1.2981513276e-01 5.1179285570e-02
1.3032088105e-01 5.1242282607e-02
1.3082666818e-01 5.1304965752e-02
1.3133249385e-01 5.1367336262e-02
1.3183835773e-01 5.1429395395e-02
1.3234425949e-01 5.1491144409e-02
1.3285019882e-01 5.1552584561e-02
1.3335617540e-01 5.1613717110e-02
1.3386218890e-01 5.1674543312e-02
1.3436823901e-01 5.1735064426e-02
1.3487432539e-01 5.1795281708e-02
1.3538044773e-01 5.1855196418e-02
1.3588660571e-01 5.1914809812e-02
1.3639279901e-01 5.1974123148e-02
1.3689902729e-01 5.2033137685e-02
1.3740529026e-01 5.2091854678e-02
1.3791158757e-01 5.2150275387e-02
1.3841791891e-01 5.2208401069e-02
1.3892428396e-01 5.2266232982e-02
1.3943068239e-01 5.2323772383e-02
1.3993711390e-01 5.2381020530e-02
1.4044357814e-01 5.2437978680e-02
1.4095007480e-01 5.2494648092e-02
1.4145660357e-01 5.2551030023e-02
1.4196316411e-01 5.2607125731e-02
1.4246975611e-01 5.2662936473e-02
1.4297637924e-01 5.2718463507e-02
1.4348303319e-01 5.2773708091e-02
1.4398971763e-01 5.2828671482e-02
1.4449643224e-01 5.2883354939e-02
1.4500317670e-01 5.2937759718e-02
1.4550995069e-01 5.2991887078e-02
1.4601675388e-01 5.3045738276e-02
1.4652358596e-01 5.3099314570e-02
1.4703044661e-01 5.3152617188e-02
1.4753733559e-01 5.3205647152e-02
1.4804425268e-01 5.3258405397e-02
1.4855119767e-01 5.3310892860e-02
1.4905817034e-01 5.3363110475e-02
1.4956517048e-01 5.3415059179e-02
1.5007219787e-01 5.3466739907e-02
1.5057925230e-01 5.3518153594e-02
1.5108633355e-01 5.3569301176e-02
1.5159344141e-01 5.3620183588e-02
1.5210057566e-01 5.3670801766e-02
1.5260773608e-01 5.3721156645e-02
1.5311492247e-01 5.3771249161e-02
1.5362213460e-01 5.3821080250e-02
1.5412937227e-01 5.3870650846e-02
1.5463663525e-01 5.3919961885e-02
1.5514392333e-01 5.3969014304e-02
1.5565123629e-01 5.4017809037e-02
1.5615857393e-01 5.4066347019e-02
1.5666593602e-01 5.4114629188e-02
1.5717332235e-01 5.4162656476e-02
1.5768073270e-01 5.4210429822e-02
1.5818816687e-01 5.4257950159e-02
1.5869562462e-01 5.4305218424e-02
1.5920310576e-01 5.4352235551e-02
1.5971061006e-01 5.4399002477e-02
1.6021813731e-01 5.4445520137e-02
1.6072568729e-01 5.4491789466e-02
1.6123325979e-01 5.4537811400e-02
1.6174085459e-01 5.4583586874e-02
1.6224847148e-01 5.4629116825e-02
1.6275611024e-01 5.4674402186e-02
1.6326377066e-01 5.4719443895e-02
1.6377145252e-01 5.4764242886e-02
1.6427915561e-01 5.4808800095e-02
1.6478687971e-01 5.4853116458e-02
1.6529462461e-01 5.4897192909e-02
1.6580239008e-01 5.4941030385e-02
1.6631017592e-01 5.4984629821e-02
1.6681798192e-01 5.5027992152e-02
1.6732580785e-01 5.5071118315e-02
1.6783365350e-01 5.5114009231e-02
1.6834151871e-01 5.5156665698e-02
1.6884940332e-01 5.5199088434e-02
1.6935730718e-01 5.5241278157e-02
1.6986523015e-01 5.5283235587e-02
1.7037317208e-01 5.5324961442e-02
1.7088113283e-01 5.5366456441e-02
1.7138911223e-01 5.5407721301e-02
1.7189711015e-01 5.5448756741e-02
1.7240512644e-01 5.5489563480e-02
1.7291316095e-01 5.5530142236e-02
1.7342121353e-01 5.5570493728e-02
1.7392928403e-01 5.5610618674e-02
1.7443737230e-01 5.5650517792e-02
1.7494547821e-01 5.5690191801e-02
1.7545360159e-01 5.5729641420e-02
1.7596174230e-01 5.5768867367e-02
1.7646990019e-01 5.5807870361e-02
1.7697807512e-01 5.5846651119e-02
1.7748626693e-01 5.5885210361e-02
1.7799447548e-01 5.5923548805e-02
1.7850270062e-01 5.5961667169e-02
1.7901094221e-01 5.5999566171e-02
1.7951920008e-01 5.6037246531e-02
1.8002747411e-01 5.6074708967e-02
1.8053576413e-01 5.6111954197e-02
1.8104407000e-01 5.6148982940e-02
1.8155239157e-01 5.6185795914e-02
1.8206072869e-01 5.6222393837e-02
1.8256908122e-01 5.6258777429e-02
1.8307744900e-01 5.6294947407e-02
1.8358583190e-01 5.6330904490e-02
1.8409422975e-01 5.6366649397e-02
1.8460264242e-01 5.6402182845e-02
1.8511106975e-01 5.6437505554e-02
1.8561951160e-01 5.6472618242e-02
1.8612796782e-01 5.6507521628e-02
1.8663643826e-01 5.6542216429e-02
1.8714492277e-01 5.6576703364e-02
1.8765342120e-01 5.6610983153e-02
1.8816193341e-01 5.6645056512e-02
1.8867045925e-01 5.6678924162e-02
1.8917899857e-01 5.6712586819e-02
1.8968755122e-01 5.6746045191e-02
1.9019611709e-01 5.6779299888e-02
1.9070469607e-01 5.6812351475e-02
1.9121328807e-01 5.6845200515e-02
1.9172189297e-01 5.6877847572e-02
1.9223051067e-01 5.6910293212e-02
1.9273914107e-01 5.6942537998e-02
1.9324778407e-01 5.6974582494e-02
1.9375643956e-01 5.7006427265e-02
1.9426510743e-01 5.7038072875e-02
1.9477378759e-01 5.7069519888e-02
1.9528247992e-01 5.7100768867e-02
1.9579118433e-01 5.7131820378e-02
1.9629990071e-01 5.7162674985e-02
1.9680862896e-01 5.7193333251e-02
1.9731736897e-01 5.7223795742e-02
1.9782612064e-01 5.7254063020e-02
1.9833488387e-01 5.7284135651e-02
1.9884365855e-01 5.7314014198e-02
1.9935244457e-01 5.7343699225e-02
1.9986124184e-01 5.7373191298e-02
2.0037005025e-01 5.7402490980e-02
2.0087886969e-01 5.7431598834e-02
2.0138770007e-01 5.7460515427e-02
2.0189654127e-01 5.7489241321e-02
2.0240539320e-01 5.7517777081e-02
2.0291425575e-01 5.7546123270e-02
2.0342312881e-01 5.7574280454e-02
2.0393201229e-01 5.7602249197e-02
2.0444090607e-01 5.7630030062e-02
2.0494981006e-01 5.7657623613e-02
2.0545872415e-01 5.7685030416e-02
2.0596764824e-01 5.7712251034e-02
2.0647658222e-01 5.7739286031e-02
2.0698552599e-01 5.7766135972e-02
2.0749447944e-01 5.7792801420e-02
2.0800344248e-01 5.7819282941e-02
2.0851241499e-01 5.7845581097e-02
2.0902139687e-01 5.7871696454e-02
2.0953038803e-01 5.7897629576e-02
2.1003938835e-01 5.7923381026e-02
2.1054839773e-01 5.7948951369e-02
2.1105741606e-01 5.7974341169e-02
2.1156644326e-01 5.7999550990e-02
2.1207547920e-01 5.8024581396e-02
2.1258452380e-01 5.8049432921e-02
2.1309357697e-01 5.8074106026e-02
2.1360263865e-01 5.8098601166e-02
2.1411170876e-01 5.8122918793e-02
2.1462078722e-01 5.8147059363e-02
2.1512987396e-01 5.8171023329e-02
2.1563896892e-01 5.8194811144e-02
2.1614807200e-01 5.8218423262e-02
2.1665718315e-01 5.8241860138e-02
2.1716630228e-01 5.8265122224e-02
2.1767542932e-01 5.8288209974e-02
2.1818456420e-01 5.8311123843e-02
2.1869370684e-01 5.8333864283e-02
2.1920285717e-01 5.8356431750e-02
2.1971201512e-01 5.8378826695e-02
2.2022118060e-01 5.8401049574e-02
2.2073035356e-01 5.8423100840e-02
2.2123953390e-01 5.8444980946e-02
2.2174872157e-01 5.8466690347e-02
2.2225791647e-01 5.8488229496e-02
2.2276711855e-01 5.8509598847e-02
2.2327632773e-01 5.8530798853e-02
2.2378554393e-01 5.8551829969e-02
2.2429476707e-01 5.8572692648e-02
2.2480399709e-01 5.8593387344e-02
2.2531323391e-01 5.8613914510e-02
2.2582247746e-01 5.8634274601e-02
2.2633172766e-01 5.8654468069e-02
2.2684098443e-01 5.8674495370e-02
2.2735024771e-01 5.8694356956e-02
2.2785951742e-01 5.8714053281e-02
2.2836879348e-01 5.8733584800e-02
2.2887807583e-01 5.8752951965e-02
2.2938736438e-01 5.8772155231e-02
2.2989665907e-01 5.8791195051e-02
2.3040595982e-01 5.8810071879e-02
2.3091526655e-01 5.8828786168e-02
2.3142457919e-01 5.8847338374e-02
2.3193389767e-01 5.8865728948e-02
2.3244322191e-01 5.8883958346e-02
2.3295255184e-01 5.8902027020e-02
2.3346188739e-01 5.8919935424e-02
2.3397122847e-01 5.8937684013e-02
2.3448057503e-01 5.8955273240e-02
2.3498992697e-01 5.8972703558e-02
2.3549928424e-01 5.8989975422e-02
2.3600864675e-01 5.9007089265e-02
2.3651801446e-01 5.9024045469e-02
2.3702738730e-01 5.9040844404e-02
2.3753676524e-01 5.9057486442e-02
2.3804614821e-01 5.9073971955e-02
2.3855553616e-01 5.9090301314e-02
2.3906492903e-01 5.9106474891e-02
2.3957432678e-01 5.9122493057e-02
2.4008372935e-01 5.9138356184e-02
2.4059313669e-01 5.9154064642e-02
2.4110254874e-01 5.9169618805e-02
2.4161196545e-01 5.9185019043e-02
2.4212138677e-01 5.9200265728e-02
2.4263081265e-01 5.9215359231e-02
2.4314024302e-01 5.9230299923e-02
2.4364967784e-01 5.9245088178e-02
2.4415911705e-01 5.9259724365e-02
2.4466856061e-01 5.9274208856e-02
2.4517800845e-01 5.9288542023e-02
2.4568746053e-01 5.9302724238e-02
2.4619691679e-01 5.9316755871e-02
2.4670637717e-01 5.9330637295e-02
2.4721584163e-01 5.9344368881e-02
2.4772531011e-01 5.9357951000e-02
2.4823478256e-01 5.9371384024e-02
2.4874425892e-01 5.9384668325e-02
2.4925373914e-01 5.9397804274e-02
2.4976322317e-01 5.9410792242e-02
2.5027271095e-01 5.9423632601e-02
2.5078220244e-01 5.9436325723e-02
2.5129169757e-01 5.9448871979e-02
2.5180119630e-01 5.9461271740e-02
2.5231069856e-01 5.9473525379e-02
2.5282020432e-01 5.9485633266e-02
2.5332971351e-01 5.9497595773e-02
2.5383922608e-01 5.9509413272e-02
2.5434874197e-01 5.9521086134e-02
2.5485826115e-01 5.9532614730e-02
2.5536778354e-01 5.9543999433e-02
2.5587730910e-01 5.9555240614e-02
2.5638683777e-01 5.9566338643e-02
2.5689636951e-01 5.9577293894e-02
2.5740590425e-01 5.9588106736e-02
2.5791544195e-01 5.9598777543e-02
2.5842498255e-01 5.9609306684e-02
2.5893452599e-01 5.9619694533e-02
2.5944407223e-01 5.9629941460e-02
2.5995362121e-01 5.9640047833e-02
2.6046317289e-01 5.9650013983e-02
2.6097272724e-01 5.9659840221e-02
2.6148228420e-01 5.9669526856e-02
2.6199184374e-01 5.9679074199e-02
2.6250140583e-01 5.9688482559e-02
2.6301097042e-01 5.9697752245e-02
2.6352053748e-01 5.9706883569e-02
2.6403010697e-01 5.9715876840e-02
2.6453967885e-01 5.9724732367e-02
2.6504925308e-01 5.9733450461e-02
2.6555882962e-01 5.9742031432e-02
2.6606840843e-01 5.9750475589e-02
2.6657798948e-01 5.9758783242e-02
2.6708757273e-01 5.9766954702e-02
2.6759715813e-01 5.9774990278e-02
2.6810674566e-01 5.9782890279e-02
2.6861633526e-01 5.9790655017e-02
2.6912592691e-01 5.9798284800e-02
2.6963552056e-01 5.9805779939e-02
2.7014511618e-01 5.9813140743e-02
2.7065471373e-01 5.9820367523e-02
2.7116431316e-01 5.9827460588e-02
2.7167391444e-01 5.9834420248e-02
2.7218351753e-01 5.9841246814e-02
2.7269312240e-01 5.9847940594e-02
2.7320272900e-01 5.9854501899e-02
2.7371233729e-01 5.9860931039e-02
2.7422194724e-01 5.9867228324e-02
2.7473155881e-01 5.9873394063e-02
2.7524117196e-01 5.9879428567e-02
2.7575078665e-01 5.9885332145e-02
2.7626040284e-01 5.9891105107e-02
2.7677002050e-01 5.9896747763e-02
2.7727963958e-01 5.9902260423e-02
2.7778926004e-01 5.9907643397e-02
2.7829888186e-01 5.9912896995e-02
2.7880850498e-01 5.9918021526e-02
2.7931812938e-01 5.9923017301e-02
2.7982775501e-01 5.9927884629e-02
2.8033738183e-01 5.9932623821e-02
2.8084700981e-01 5.9937235186e-02
2.8135663890e-01 5.9941719033e-02
2.8186626907e-01 5.9946075674e-02
2.8237590029e-01 5.9950305418e-02
2.8288553250e-01 5.9954408575e-02
2.8339516567e-01 5.9958385454e-02
2.8390479977e-01 5.9962236365e-02
2.8441443475e-01 5.9965961619e-02
2.8492407059e-01 5.9969561514e-02
2.8543370724e-01 5.9973036317e-02
2.8594334468e-01 5.9976386289e-02
2.8645298289e-01 5.9979611691e-02
2.8696262184e-01 5.9982712784e-02
2.8747226149e-01 5.9985689828e-02
2.8798190182e-01 5.9988543086e-02
2.8849154281e-01 5.9991272819e-02
2.8900118442e-01 5.9993879286e-02
2.8951082663e-01 5.9996362750e-02
2.9002046941e-01 5.9998723471e-02
2.9053011272e-01 6.0000961711e-02
2.9103975655e-01 6.0003077731e-02
2.9154940087e-01 6.0005071791e-02
2.9205904564e-01 6.0006944152e-02
2.9256869085e-01 6.0008695077e-02
2.9307833645e-01 6.0010324825e-02
2.9358798243e-01 6.0011833658e-02
2.9409762875e-01 6.0013221838e-02
2.9460727539e-01 6.0014489624e-02
2.9511692232e-01 6.0015637279e-02
2.9562656952e-01 6.0016665062e-02
2.9613621694e-01 6.0017573236e-02
2.9664586458e-01 6.0018362061e-02
2.9715551239e-01 6.0019031799e-02
2.9766516035e-01 6.0019582710e-02
2.9817480844e-01 6.0020015056e-02
2.9868445661e-01 6.0020329097e-02
2.9919410486e-01 6.0020525095e-02
2.9970375315e-01 6.0020603311e-02
3.0021340144e-01 6.0020564006e-02
3.0072304972e-01 6.0020407440e-02
3.0123269796e-01 6.0020133876e-02
3.0174234612e-01 6.0019743574e-02
3.0225199418e-01 6.0019236794e-02
3.0276164211e-01 6.0018613799e-02
3.0327128989e-01 6.0017874849e-02
3.0378093748e-01 6.0017020206e-02
3.0429058486e-01 6.0016050129e-02
3.0480023200e-01 6.0014964882e-02
3.0530987887e-01 6.0013764723e-02
3.0581952544e-01 6.0012449916e-02
3.0632917169e-01 6.0011020720e-02
3.0683881759e-01 6.0009477397e-02
3.0734846311e-01 6.0007820207e-02
3.0785810823e-01 6.0006049413e-02
3.0836775291e-01 6.0004165274e-02
3.0887739712e-01 6.0002168053e-02
3.0938704084e-01 6.0000058009e-02
3.0989668405e-01 5.9997835404e-02
3.1040632671e-01 5.9995500479e-02
3.1091596881e-01 5.9993053458e-02
3.1142561032e-01 5.9990494564e-02
3.1193525124e-01 5.9987824022e-02
3.1244489153e-01 5.9985042055e-02
3.1295453117e-01 5.9982148885e-02
3.1346417015e-01 5.9979144737e-02
3.1397380845e-01 5.9976029834e-02
3.1448344605e-01 5.9972804399e-02
3.1499308292e-01 5.9969468656e-02
3.1550271905e-01 5.9966022829e-02
3.1601235442e-01 5.9962467140e-02
3.1652198900e-01 5.9958801814e-02
3.1703162278e-01 5.9955027073e-02
3.1754125573e-01 5.9951143142e-02
3.1805088784e-01 5.9947150243e-02
3.1856051909e-01 5.9943048600e-02
3.1907014945e-01 5.9938838437e-02
3.1957977891e-01 5.9934519977e-02
3.2008940745e-01 5.9930093444e-02
3.2059903504e-01 5.9925559060e-02
3.2110866166e-01 5.9920917050e-02
3.2161828730e-01 5.9916167637e-02
3.2212791194e-01 5.9911311045e-02
3.2263753555e-01 5.9906347496e-02
3.2314715812e-01 5.9901277214e-02
3.2365677963e-01 5.9896100423e-02
3.2416640005e-01 5.9890817347e-02
3.2467601936e-01 5.9885428208e-02
3.2518563755e-01 5.9879933230e-02
3.2569525460e-01 5.9874332637e-02
3.2620487048e-01 5.9868626651e-02
3.2671448517e-01 5.9862815498e-02
3.2722409866e-01 5.9856899399e-02
3.2773371093e-01 5.9850878579e-02
3.2824332195e-01 5.9844753261e-02
3.2875293170e-01 5.9838523668e-02
3.2926254017e-01 5.9832190024e-02
3.2977214733e-01 5.9825752552e-02
3.3028175317e-01 5.9819211476e-02
3.3079135767e-01 5.9812567020e-02
3.3130096079e-01 5.9805819406e-02
3.3181056254e-01 5.9798968858e-02
3.3232016287e-01 5.9792015600e-02
3.3282976178e-01 5.9784959855e-02
3.3333935925e-01 5.9777801846e-02
3.3384895525e-01 5.9770541798e-02
3.3435854976e-01 5.9763179933e-02
3.3486814277e-01 5.9755716475e-02
3.3537773425e-01 5.9748151647e-02
3.3588732418e-01 5.9740485666e-02
3.3639691256e-01 5.9732718729e-02
3.3690649936e-01 5.9724851028e-02
3.3741608458e-01 5.9716882757e-02
3.3792566819e-01 5.9708814108e-02
3.3843525018e-01 5.9700645273e-02
3.3894483055e-01 5.9692376446e-02
3.3945440927e-01 5.9684007820e-02
3.3996398633e-01 5.9675539587e-02
3.4047356171e-01 5.9666971940e-02
3.4098313541e-01 5.9658305072e-02
3.4149270740e-01 5.9649539176e-02
3.4200227768e-01 5.9640674445e-02
3.4251184623e-01 5.9631711071e-02
3.4302141303e-01 5.9622649247e-02
3.4353097808e-01 5.9613489167e-02
3.4404054135e-01 5.9604231022e-02
3.4455010283e-01 5.9594875006e-02
3.4505966251e-01 5.9585421312e-02
3.4556922037e-01 5.9575870132e-02
3.4607877641e-01 5.9566221659e-02
3.4658833060e-01 5.9556476087e-02
3.4709788293e-01 5.9546633607e-02
3.4760743338e-01 5.9536694413e-02
3.4811698195e-01 5.9526658697e-02
3.4862652862e-01 5.9516526653e-02
3.4913607337e-01 5.9506298472e-02
3.4964561619e-01 5.9495974349e-02
3.5015515707e-01 5.9485554476e-02
3.5066469599e-01 5.9475039045e-02
3.5117423293e-01 5.9464428250e-02
3.5168376789e-01 5.9453722282e-02
3.5219330085e-01 5.9442921336e-02
3.5270283179e-01 5.9432025604e-02
3.5321236070e-01 5.9421035279e-02
3.5372188757e-01 5.9409950553e-02
3.5423141238e-01 5.9398771620e-02
3.5474093511e-01 5.9387498672e-02
3.5525045576e-01 5.9376131901e-02
3.5575997431e-01 5.9364671502e-02
3.5626949074e-01 5.9353117666e-02
3.5677900504e-01 5.9341470587e-02
3.5728851720e-01 5.9329730457e-02
3.5779802720e-01 5.9317897469e-02
3.5830753503e-01 5.9305971817e-02
3.5881704067e-01 5.9293953692e-02
3.5932654411e-01 5.9281843287e-02
3.5983604534e-01 5.9269640796e-02
3.6034554434e-01 5.9257346411e-02
3.6085504109e-01 5.9244960326e-02
3.6136453558e-01 5.9232482732e-02
3.6187402781e-01 5.9219913818e-02
3.6238351775e-01 5.9207253755e-02
3.6289300540e-01 5.9194502709e-02
3.6340249075e-01 5.9181660847e-02
3.6391197378e-01 5.9168728337e-02
3.6442145450e-01 5.9155705344e-02
3.6493093288e-01 5.9142592037e-02
3.6544040892e-01 5.9129388582e-02
3.6594988261e-01 5.9116095147e-02
3.6645935394e-01 5.9102711897e-02
3.6696882290e-01 5.9089238999e-02
3.6747828948e-01 5.9075676622e-02
3.6798775366e-01 5.9062024931e-02
3.6849721545e-01 5.9048284094e-02
3.6900667482e-01 5.9034454278e-02
3.6951613177e-01 5.9020535649e-02
3.7002558629e-01 5.9006528374e-02
3.7053503837e-01 5.8992432621e-02
3.7104448800e-01 5.8978248556e-02
3.7155393517e-01 5.8963976347e-02
3.7206337987e-01 5.8949616159e-02
3.7257282208e-01 5.8935168161e-02
3.7308226181e-01 5.8920632518e-02
3.7359169904e-01 5.8906009399e-02
3.7410113375e-01 5.8891298969e-02
3.7461056595e-01 5.8876501396e-02
3.7511999561e-01 5.8861616847e-02
3.7562942273e-01 5.8846645489e-02
3.7613884731e-01 5.8831587488e-02
3.7664826932e-01 5.8816443011e-02
3.7715768877e-01 5.8801212226e-02
3.7766710563e-01 5.8785895300e-02
3.7817651990e-01 5.8770492398e-02
3.7868593158e-01 5.8755003689e-02
3.7919534064e-01 5.8739429339e-02
3.7970474709e-01 5.8723769515e-02
3.8021415090e-01 5.8708024384e-02
3.8072355208e-01 5.8692194113e-02
3.8123295060e-01 5.8676278869e-02
3.8174234647e-01 5.8660278819e-02
3.8225173966e-01 5.8644194129e-02
3.8276113018e-01 5.8628024967e-02
3.8327051801e-01 5.8611771500e-02
3.8377990314e-01 5.8595433894e-02
3.8428928556e-01 5.8579012316e-02
3.8479866525e-01 5.8562506934e-02
3.8530804223e-01 5.8545917914e-02
3.8581741646e-01 5.8529245424e-02
3.8632678794e-01 5.8512489629e-02
3.8683615666e-01 5.8495650698e-02
3.8734552262e-01 5.8478728796e-02
3.8785488579e-01 5.8461724091e-02
3.8836424618e-01 5.8444636739e-02
3.8887360378e-01 5.8427466885e-02
3.8938295857e-01 5.8410214678e-02
3.8989231056e-01 5.8392880262e-02
3.9040165973e-01 5.8375463784e-02
3.9091100609e-01 5.8357965390e-02
3.9142034961e-01 5.8340385227e-02
3.9192969030e-01 5.8322723440e-02
3.9243902816e-01 5.8304980177e-02
3.9294836316e-01 5.8287155583e-02
3.9345769531e-01 5.8269249804e-02
3.9396702460e-01 5.8251262988e-02
3.9447635102e-01 5.8233195280e-02
3.9498567457e-01 5.8215046826e-02
3.9549499524e-01 5.8196817773e-02
3.9600431301e-01 5.8178508267e-02
3.9651362790e-01 5.8160118454e-02
3.9702293988e-01 5.8141648480e-02
3.9753224896e-01 5.8123098493e-02
3.9804155512e-01 5.8104468637e-02
3.9855085836e-01 5.8085759060e-02
3.9906015868e-01 5.8066969908e-02
3.9956945606e-01 5.8048101326e-02
4.0007875049e-01 5.8029153462e-02
4.0058804198e-01 5.8010126461e-02
4.0109733052e-01 5.7991020469e-02
4.0160661609e-01 5.7971835634e-02
4.0211589870e-01 5.7952572101e-02
4.0262517833e-01 5.7933230016e-02
4.0313445498e-01 5.7913809527e-02
4.0364372864e-01 5.7894310778e-02
4.0415299931e-01 5.7874733916e-02
4.0466226698e-01 5.7855079089e-02
4.0517153163e-01 5.7835346441e-02
4.0568079328e-01 5.7815536119e-02
4.0619005190e-01 5.7795648269e-02
4.0669930749e-01 5.7775683039e-02
4.0720856005e-01 5.7755640573e-02
4.0771780957e-01 5.7735521018e-02
4.0822705603e-01 5.7715324521e-02
4.0873629945e-01 5.7695051228e-02
4.0924553980e-01 5.7674701285e-02
4.0975477708e-01 5.7654274838e-02
4.1026401129e-01 5.7633772034e-02
4.1077324242e-01 5.7613193018e-02
4.1128247045e-01 5.7592537938e-02
4.1179169540e-01 5.7571806939e-02
4.1230091724e-01 5.7551000168e-02
4.1281013597e-01 5.7530117770e-02
4.1331935158e-01 5.7509159893e-02
4.1382856408e-01 5.7488126683e-02
4.1433777344e-01 5.7467018284e-02
4.1484697968e-01 5.7445834830e-02
4.1535618277e-01 5.7424576449e-02
4.1586538272e-01 5.7403243270e-02
4.1637457953e-01 5.7381835420e-02
4.1688377318e-01 5.7360353027e-02
4.1739296368e-01 5.7338796218e-02
4.1790215102e-01 5.7317165123e-02
4.1841133520e-01 5.7295459868e-02
4.1892051620e-01 5.7273680581e-02
4.1942969404e-01 5.7251827391e-02
4.1993886869e-01 5.7229900425e-02
4.2044804017e-01 5.7207899811e-02
4.2095720846e-01 5.7185825677e-02
4.2146637356e-01 5.7163678151e-02
4.2197553547e-01 5.7141457361e-02
4.2248469418e-01 5.7119163434e-02
4.2299384968e-01 5.7096796499e-02
4.2350300198e-01 5.7074356683e-02
4.2401215107e-01 5.7051844115e-02
4.2452129694e-01 5.7029258921e-02
4.2503043959e-01 5.7006601231e-02
4.2553957902e-01 5.6983871172e-02
4.2604871521e-01 5.6961068871e-02
4.2655784818e-01 5.6938194457e-02
4.2706697790e-01 5.6915248058e-02
4.2757610439e-01 5.6892229801e-02
4.2808522763e-01 5.6869139815e-02
4.2859434762e-01 5.6845978226e-02
4.2910346435e-01 5.6822745164e-02
4.2961257783e-01 5.6799440756e-02
4.3012168804e-01 5.6776065129e-02
4.3063079498e-01 5.6752618413e-02
4.3113989865e-01 5.6729100734e-02
4.3164899905e-01 5.6705512220e-02
4.3215809616e-01 5.6681853000e-02
4.3266718999e-01 5.6658123201e-02
4.3317628053e-01 5.6634322951e-02
4.3368536778e-01 5.6610452378e-02
4.3419445173e-01 5.6586511610e-02
4.3470353238e-01 5.6562500774e-02
4.3521260972e-01 5.6538420000e-02
4.3572168375e-01 5.6514269414e-02
4.3623075446e-01 5.6490049144e-02
4.3673982185e-01 5.6465759318e-02
4.3724888593e-01 5.6441400065e-02
4.3775794667e-01 5.6416971512e-02
4.3826700408e-01 5.6392473787e-02
4.3877605815e-01 5.6367907017e-02
4.3928510888e-01 5.6343271331e-02
4.3979415627e-01 5.6318566857e-02
4.4030320030e-01 5.6293793722e-02
4.4081224099e-01 5.6268952053e-02
4.4132127831e-01 5.6244041966e-02
4.4183031228e-01 5.6219063574e-02
4.4233934288e-01 5.6194016990e-02
4.4284837012e-01 5.6168902325e-02
4.4335739399e-01 5.6143719693e-02
4.4386641450e-01 5.6118469207e-02
4.4437543163e-01 5.6093150978e-02
4.4488444538e-01 5.6067765120e-02
4.4539345576e-01 5.6042311745e-02
4.4590246276e-01 5.6016790965e-02
4.4641146637e-01 5.5991202894e-02
4.4692046660e-01 5.5965547645e-02
4.4742946345e-01 5.5939825328e-02
4.4793845690e-01 5.5914036058e-02
4.4844744696e-01 5.5888179947e-02
4.4895643362e-01 5.5862257107e-02
4.4946541689e-01 5.5836267652e-02
4.4997439675e-01 5.5810211693e-02
4.5048337322e-01 5.5784089343e-02
4.5099234627e-01 5.5757900716e-02
4.5150131592e-01 5.5731645923e-02
4.5201028216e-01 5.5705325077e-02
4.5251924499e-01 5.5678938291e-02
4.5302820440e-01 5.5652485678e-02
4.5353716039e-01 5.5625967349e-02
4.5404611296e-01 5.5599383418e-02
4.5455506211e-01 5.5572733998e-02
4.5506400783e-01 5.5546019200e-02
4.5557295012e-01 5.5519239138e-02
4.5608188898e-01 5.5492393924e-02
4.5659082441e-01 5.5465483671e-02
4.5709975640e-01 5.5438508492e-02
4.5760868496e-01 5.5411468498e-02
4.5811761007e-01 5.5384363803e-02
4.5862653174e-01 5.5357194519e-02
4.5913544996e-01 5.5329960759e-02
4.5964436473e-01 5.5302662636e-02
4.6015327605e-01 5.5275300261e-02
4.6066218392e-01 5.5247873749e-02
4.6117108833e-01 5.5220383211e-02
4.6167998928e-01 5.5192828759e-02
4.6218888677e-01 5.5165210508e-02
4.6269778079e-01 5.5137528568e-02
4.6320667135e-01 5.5109783053e-02
4.6371555844e-01 5.5081974076e-02
4.6422444205e-01 5.5054101749e-02
4.6473332220e-01 5.5026166185e-02
4.6524219886e-01 5.4998167495e-02
4.6575107205e-01 5.4970105794e-02
4.6625994175e-01 5.4941981194e-02
4.6676880797e-01 5.4913793806e-02
4.6727767070e-01 5.4885543742e-02
4.6778652994e-01 5.4857231101e-02
4.6829538569e-01 5.4828855983e-02
4.6880423795e-01 5.4800418487e-02
4.6931308672e-01 5.4771918710e-02
4.6982193200e-01 5.4743356753e-02
4.7033077378e-01 5.4714732712e-02
4.7083961206e-01 5.4686046689e-02
4.7134844685e-01 5.4657298780e-02
4.7185727813e-01 5.4628489085e-02
4.7236610592e-01 5.4599617702e-02
4.7287493020e-01 5.4570684731e-02
4.7338375099e-01 5.4541690270e-02
4.7389256826e-01 5.4512634417e-02
4.7440138203e-01 5.4483517272e-02
4.7491019230e-01 5.4454338933e-02
4.7541899906e-01 5.4425099499e-02
4.7592780230e-01 5.4395799069e-02
4.7643660204e-01 5.4366437741e-02
4.7694539826e-01 5.4337015614e-02
4.7745419097e-01 5.4307532787e-02
4.7796298017e-01 5.4277989358e-02
4.7847176585e-01 5.4248385428e-02
4.7898054801e-01 5.4218721093e-02
4.7948932665e-01 5.4188996453e-02
4.7999810178e-01 5.4159211606e-02
4.8050687338e-01 5.4129366652e-02
4.8101564146e-01 5.4099461689e-02
4.8152440601e-01 5.4069496815e-02
4.8203316704e-01 5.4039472130e-02
4.8254192455e-01 5.4009387733e-02
4.8305067852e-01 5.3979243721e-02
4.8355942897e-01 5.3949040194e-02
4.8406817588e-01 5.3918777251e-02
4.8457691927e-01 5.3888454989e-02
4.8508565912e-01 5.3858073509e-02
4.8559439544e-01 5.3827632908e-02
4.8610312822e-01 5.3797133286e-02
4.8661185746e-01 5.3766574741e-02
4.8712058317e-01 5.3735957372e-02
4.8762930533e-01 5.3705281277e-02
4.8813802396e-01 5.3674546556e-02
4.8864673904e-01 5.3643753307e-02
4.8915545058e-01 5.3612901628e-02
4.8966415857e-01 5.3581991620e-02
4.9017286302e-01 5.3551023379e-02
4.9068156392e-01 5.3519997006e-02
4.9119026127e-01 5.3488912598e-02
4.9169895507e-01 5.3457770255e-02
4.9220764532e-01 5.3426570075e-02
4.9271633202e-01 5.3395312157e-02
4.9322501516e-01 5.3363996600e-02
4.9373369475e-01 5.3332623496e-02
4.9424237078e-01 5.3301192932e-02
4.9475104326e-01 5.3269704994e-02
4.9525971218e-01 5.3238159770e-02
4.9576837754e-01 5.3206557345e-02
4.9627703934e-01 5.3174897807e-02
4.9678569759e-01 5.3143181241e-02
4.9729435228e-01 5.3111407735e-02
4.9780300341e-01 5.3079577375e-02
4.9831165099e-01 5.3047690248e-02
4.9882029500e-01 5.3015746439e-02
4.9932893545e-01 5.2983746036e-02
4.9983757235e-01 5.2951689126e-02
5.0034620568e-01 5.2919575794e-02
5.0085483545e-01 5.2887406128e-02
5.0136346166e-01 5.2855180213e-02
5.0187208431e-01 5.2822898137e-02
5.0238070339e-01 5.2790559986e-02
5.0288931891e-01 5.2758165847e-02
5.0339793087e-01 5.2725715806e-02
5.0390653926e-01 5.2693209949e-02
5.0441514409e-01 5.2660648364e-02
5.0492374536e-01 5.2628031137e-02
5.0543234306e-01 5.2595358354e-02
5.0594093719e-01 5.2562630102e-02
5.0644952776e-01 5.2529846468e-02
5.0695811476e-01 5.2497007538e-02
5.0746669819e-01 5.2464113399e-02
5.0797527806e-01 5.2431164137e-02
5.0848385436e-01 5.2398159838e-02
5.0899242709e-01 5.2365100591e-02
5.0950099625e-01 5.2331986480e-02
5.1000956184e-01 5.2298817592e-02
5.1051812386e-01 5.2265594015e-02
5.1102668232e-01 5.2232315834e-02
5.1153523720e-01 5.2198983137e-02
5.1204378851e-01 5.2165596009e-02
5.1255233625e-01 5.2132154538e-02
5.1306088041e-01 5.2098658809e-02
5.1356942101e-01 5.2065108910e-02
5.1407795803e-01 5.2031504927e-02
5.1458649148e-01 5.1997846947e-02
5.1509502135e-01 5.1964135056e-02
5.1560354765e-01 5.1930369340e-02
5.1611207037e-01 5.1896549887e-02
5.1662058952e-01 5.1862676783e-02
5.1712910510e-01 5.1828750114e-02
5.1763761710e-01 5.1794769967e-02
5.1814612552e-01 5.1760736428e-02
5.1865463036e-01 5.1726649585e-02
5.1916313163e-01 5.1692509523e-02
5.1967162932e-01 5.1658316326e-02
5.2018012343e-01 5.1624070069e-02
5.2068861397e-01 5.1589770829e-02
5.2119710093e-01 5.1555418683e-02
5.2170558431e-01 5.1521013705e-02
5.2221406411e-01 5.1486555974e-02
5.2272254034e-01 5.1452045565e-02
5.2323101299e-01 5.1417482553e-02
5.2373948207e-01 5.1382867016e-02
5.2424794757e-01 5.1348199030e-02
5.2475640949e-01 5.1313478670e-02
5.2526486784e-01 5.1278706014e-02
5.2577332261e-01 5.1243881137e-02
5.2628177380e-01 5.1209004115e-02
5.2679022142e-01 5.1174075025e-02
5.2729866547e-01 5.1139093943e-02
5.2780710594e-01 5.1104060945e-02
5.2831554283e-01 5.1068976108e-02
5.2882397615e-01 5.1033839507e-02
5.2933240590e-01 5.0998651220e-02
5.2984083207e-01 5.0963411321e-02
5.3034925466e-01 5.0928119888e-02
5.3085767369e-01 5.0892776996e-02
5.3136608913e-01 5.0857382722e-02
5.3187450101e-01 5.0821937143e-02
5.3238290931e-01 5.0786440333e-02
5.3289131404e-01 5.0750892370e-02
5.3339971519e-01 5.0715293330e-02
5.3390811277e-01 5.0679643288e-02
5.3441650678e-01 5.0643942322e-02
5.3492489721e-01 5.0608190508e-02
5.3543328407e-01 5.0572387921e-02
5.3594166736e-01 5.0536534637e-02
5.3645004708e-01 5.0500630734e-02
5.3695842322e-01 5.0464676287e-02
5.3746679580e-01 5.0428671373e-02
5.3797516480e-01 5.0392616068e-02
5.3848353022e-01 5.0356510447e-02
5.3899189208e-01 5.0320354588e-02
5.3950025037e-01 5.0284148567e-02
5.4000860508e-01 5.0247892459e-02
5.4051695622e-01 5.0211586341e-02
5.4102530379e-01 5.0175230289e-02
5.4153364779e-01 5.0138824379e-02
5.4204198822e-01 5.0102368688e-02
5.4255032508e-01 5.0065863292e-02
5.4305865837e-01 5.0029308267e-02
5.4356698809e-01 4.9992703690e-02
5.4407531424e-01 4.9956049636e-02
5.4458363682e-01 4.9919346181e-02
5.4509195583e-01 4.9882593402e-02
5.4560027126e-01 4.9845791367e-02
5.4610858313e-01 4.9808940142e-02
5.4661689144e-01 4.9772039792e-02
5.4712519617e-01 4.9735090385e-02
5.4763349734e-01 4.9698091984e-02
5.4814179493e-01 4.9661044658e-02
5.4865008897e-01 4.9623948471e-02
5.4915837943e-01 4.9586803489e-02
5.4966666633e-01 4.9549609779e-02
5.5017494967e-01 4.9512367405e-02
5.5068322944e-01 4.9475076435e-02
5.5119150564e-01 4.9437736934e-02
5.5169977828e-01 4.9400348968e-02
5.5220804736e-01 4.9362912602e-02
5.5271631287e-01 4.9325427904e-02
5.5322457483e-01 4.9287894938e-02
5.5373283321e-01 4.9250313770e-02
5.5424108804e-01 4.9212684467e-02
5.5474933931e-01 4.9175007094e-02
5.5525758701e-01 4.9137281718e-02
5.5576583116e-01 4.9099508404e-02
5.5627407174e-01 4.9061687218e-02
5.5678230877e-01 4.9023818226e-02
5.5729054223e-01 4.8985901493e-02
5.5779877214e-01 4.8947937087e-02
5.5830699849e-01 4.8909925073e-02
5.5881522128e-01 4.8871865516e-02
5.5932344052e-01 4.8833758482e-02
5.5983165619e-01 4.8795604038e-02
5.6033986831e-01 4.8757402250e-02
5.6084807688e-01 4.8719153183e-02
5.6135628189e-01 4.8680856903e-02
5.6186448334e-01 4.8642513476e-02
5.6237268124e-01 4.8604122968e-02
5.6288087559e-01 4.8565685445e-02
5.6338906638e-01 4.8527200973e-02
5.6389725362e-01 4.8488669617e-02
5.6440543730e-01 4.8450091445e-02
5.6491361743e-01 4.8411466521e-02
5.6542179402e-01 4.8372794911e-02
5.6592996705e-01 4.8334076682e-02
5.6643813652e-01 4.8295311899e-02
5.6694630245e-01 4.8256500628e-02
5.6745446483e-01 4.8217642935e-02
5.6796262366e-01 4.8178738887e-02
5.6847077894e-01 4.8139788548e-02
5.6897893067e-01 4.8100791985e-02
5.6948707885e-01 4.8061749264e-02
5.6999522348e-01 4.8022660451e-02
5.7050336457e-01 4.7983525610e-02
5.7101150211e-01 4.7944344800e-02
5.7151963610e-01 4.7905118078e-02
5.7202776655e-01 4.7865845501e-02
5.7253589345e-01 4.7826527127e-02
5.7304401681e-01 4.7787163013e-02
5.7355213662e-01 4.7747753216e-02
5.7406025289e-01 4.7708297792e-02
5.7456836562e-01 4.7668796800e-02
5.7507647481e-01 4.7629250296e-02
5.7558458045e-01 4.7589658337e-02
5.7609268255e-01 4.7550020981e-02
5.7660078112e-01 4.7510338285e-02
5.7710887614e-01 4.7470610306e-02
5.7761696763e-01 4.7430837100e-02
5.7812505557e-01 4.7391018727e-02
5.7863313998e-01 4.7351155241e-02
5.7914122085e-01 4.7311246701e-02
5.7964929819e-01 4.7271293164e-02
5.8015737198e-01 4.7231294686e-02
5.8066544225e-01 4.7191251326e-02
5.8117350897e-01 4.7151163140e-02
5.8168157217e-01 4.7111030185e-02
5.8218963183e-01 4.7070852519e-02
5.8269768795e-01 4.7030630198e-02
5.8320574055e-01 4.6990363280e-02
5.8371378961e-01 4.6950051822e-02
5.8422183514e-01 4.6909695882e-02
5.8472987714e-01 4.6869295515e-02
5.8523791561e-01 4.6828850780e-02
5.8574595055e-01 4.6788361734e-02
5.8625398196e-01 4.6747828433e-02
5.8676200985e-01 4.6707250936e-02
5.8727003420e-01 4.6666629298e-02
5.8777805503e-01 4.6625963578e-02
5.8828607233e-01 4.6585253832e-02
5.8879408611e-01 4.6544500117e-02
5.8930209636e-01 4.6503702491e-02
5.8981010309e-01 4.6462861011e-02
5.9031810629e-01 4.6421975735e-02
5.9082610597e-01 4.6381046718e-02
5.9133410212e-01 4.6340074019e-02
5.9184209476e-01 4.6299057694e-02
5.9235008387e-01 4.6257997800e-02
5.9285806946e-01 4.6216894396e-02
5.9336605153e-01 4.6175747538e-02
5.9387403008e-01 4.6134557282e-02
5.9438200511e-01 4.6093323687e-02
5.9488997662e-01 4.6052046810e-02
5.9539794461e-01 4.6010726705e-02
5.9590590909e-01 4.5969363425e-02
5.9641387005e-01 4.5927957017e-02
5.9692182749e-01 4.5886507532e-02
5.9742978142e-01 4.5845015019e-02
5.9793773183e-01 4.5803479527e-02
5.9844567873e-01 4.5761901105e-02
5.9895362211e-01 4.5720279802e-02
5.9946156199e-01 4.5678615668e-02
5.9996949834e-01 4.5636908753e-02
6.0047743119e-01 4.5595159104e-02
6.0098536053e-01 4.5553366773e-02
6.0149328635e-01 4.5511531807e-02
6.0200120866e-01 4.5469654256e-02
6.0250912747e-01 4.5427734170e-02
6.0301704276e-01 4.5385771597e-02
6.0352495455e-01 4.5343766588e-02
6.0403286283e-01 4.5301719190e-02
6.0454076761e-01 4.5259629455e-02
6.0504866887e-01 4.5217497430e-02
6.0555656663e-01 4.5175323165e-02
6.0606446089e-01 4.5133106709e-02
6.0657235164e-01 4.5090848113e-02
6.0708023889e-01 4.5048547424e-02
6.0758812263e-01 4.5006204692e-02
6.0809600287e-01 4.4963819967e-02
6.0860387961e-01 4.4921393297e-02
6.0911175285e-01 4.4878924733e-02
6.0961962258e-01 4.4836414323e-02
6.1012748882e-01 4.4793862116e-02
6.1063535156e-01 4.4751268162e-02
6.1114321080e-01 4.4708632511e-02
6.1165106653e-01 4.4665955211e-02
6.1215891878e-01 4.4623236311e-02
6.1266676752e-01 4.4580475861e-02
6.1317461277e-01 4.4537673911e-02
6.1368245452e-01 4.4494830509e-02
6.1419029278e-01 4.4451945705e-02
6.1469812754e-01 4.4409019548e-02
6.1520595881e-01 4.4366052088e-02
6.1571378658e-01 4.4323043373e-02
6.1622161086e-01 4.4279993452e-02
6.1672943165e-01 4.4236902376e-02
6.1723724895e-01 4.4193770194e-02
6.1774506276e-01 4.4150596954e-02
6.1825287307e-01 4.4107382706e-02
6.1876067990e-01 4.4064127499e-02
6.1926848324e-01 4.4020831383e-02
6.1977628309e-01 4.3977494406e-02
6.2028407945e-01 4.3934116609e-02
6.2079187232e-01 4.3890698035e-02
6.2129966171e-01 4.3847238726e-02
6.2180744761e-01 4.3803738722e-02
6.2231523002e-01 4.3760198066e-02
6.2282300895e-01 4.3716616800e-02
6.2333078439e-01 4.3672994964e-02
6.2383855635e-01 4.3629332600e-02
6.2434632482e-01 4.3585629751e-02
6.2485408981e-01 4.3541886457e-02
6.2536185132e-01 4.3498102760e-02
6.2586960935e-01 4.3454278703e-02
6.2637736389e-01 4.3410414325e-02
6.2688511495e-01 4.3366509670e-02
6.2739286253e-01 4.3322564779e-02
6.2790060663e-01 4.3278579693e-02
6.2840834724e-01 4.3234554454e-02
6.2891608438e-01 4.3190489104e-02
6.2942381804e-01 4.3146383684e-02
6.2993154822e-01 4.3102238235e-02
6.3043927492e-01 4.3058052800e-02
6.3094699815e-01 4.3013827420e-02
6.3145471789e-01 4.2969562137e-02
6.3196243416e-01 4.2925256992e-02
6.3247014696e-01 4.2880912027e-02
6.3297785627e-01 4.2836527284e-02
6.3348556211e-01 4.2792102803e-02
6.3399326448e-01 4.2747638627e-02
6.3450096337e-01 4.2703134798e-02
6.3500865879e-01 4.2658591357e-02
6.3551635074e-01 4.2614008345e-02
6.3602403921e-01 4.2569385804e-02
6.3653172421e-01 4.2524723777e-02
6.3703940573e-01 4.2480022303e-02
6.3754708379e-01 4.2435281426e-02
6.3805475837e-01 4.2390501186e-02
6.3856242949e-01 4.2345681626e-02
6.3907009713e-01 4.2300822786e-02
6.3957776130e-01 4.2255924710e-02
6.4008542201e-01 4.2210987437e-02
6.4059307924e-01 4.2166011010e-02
6.4110073301e-01 4.2120995470e-02
6.4160838331e-01 4.2075940859e-02
6.4211603015e-01 4.2030847219e-02
6.4262367351e-01 4.1985714591e-02
6.4313131341e-01 4.1940543017e-02
6.4363894984e-01 4.1895332536e-02
6.4414658281e-01 4.1850083184e-02
6.4465421232e-01 4.1804794994e-02
6.4516183835e-01 4.1759468002e-02
6.4566946093e-01 4.1714102242e-02
6.4617708004e-01 4.1668697747e-02
6.4668469568e-01 4.1623254554e-02
6.4719230786e-01 4.1577772695e-02
6.4769991658e-01 4.1532252206e-02
6.4820752183e-01 4.1486693121e-02
6.4871512362e-01 4.1441095474e-02
6.4922272194e-01 4.1395459301e-02
6.4973031681e-01 4.1349784634e-02
6.5023790821e-01 4.1304071510e-02
6.5074549615e-01 4.1258319961e-02
6.5125308062e-01 4.1212530023e-02
6.5176066164e-01 4.1166701730e-02
6.5226823919e-01 4.1120835117e-02
6.5277581328e-01 4.1074930218e-02
6.5328338391e-01 4.1028987067e-02
6.5379095108e-01 4.0983005699e-02
6.5429851479e-01 4.0936986149e-02
6.5480607504e-01 4.0890928450e-02
6.5531363183e-01 4.0844832638e-02
6.5582118515e-01 4.0798698746e-02
6.5632873502e-01 4.0752526809e-02
6.5683628143e-01 4.0706316862e-02
6.5734382438e-01 4.0660068939e-02
6.5785136387e-01 4.0613783074e-02
6.5835889991e-01 4.0567459302e-02
6.5886643248e-01 4.0521097658e-02
6.5937396160e-01 4.0474698175e-02
6.5988148726e-01 4.0428260888e-02
6.6038900946e-01 4.0381785833e-02
6.6089652820e-01 4.0335273042e-02
6.6140404349e-01 4.0288722551e-02
6.6191155532e-01 4.0242134394e-02
6.6241906369e-01 4.0195508605e-02
6.6292656861e-01 4.0148845220e-02
6.6343407007e-01 4.0102144271e-02
6.6394156807e-01 4.0055405795e-02
6.6444906262e-01 4.0008629824e-02
6.6495655371e-01 3.9961816395e-02
6.6546404135e-01 3.9914965540e-02
6.6597152554e-01 3.9868077296e-02
6.6647900627e-01 3.9821151695e-02
6.6698648354e-01 3.9774188768e-02
6.6749395736e-01 3.9727188545e-02
6.6800142772e-01 3.9680151053e-02
6.6850889464e-01 3.9633076320e-02
6.6901635809e-01 3.9585964376e-02
6.6952381809e-01 3.9538815247e-02
6.7003127464e-01 3.9491628963e-02
6.7053872773e-01 3.9444405552e-02
6.7104617737e-01 3.9397145041e-02
6.7155362355e-01 3.9349847460e-02
6.7206106628e-01 3.9302512836e-02
6.7256850556e-01 3.9255141198e-02
6.7307594137e-01 3.9207732575e-02
6.7358337374e-01 3.9160286993e-02
6.7409080265e-01 3.9112804482e-02
6.7459822810e-01 3.9065285070e-02
6.7510565010e-01 3.9017728786e-02
6.7561306865e-01 3.8970135657e-02
6.7612048374e-01 3.8922505711e-02
6.7662789538e-01 3.8874838978e-02
6.7713530356e-01 3.8827135485e-02
6.7764270828e-01 3.8779395260e-02
6.7815010956e-01 3.8731618333e-02
6.7865750737e-01 3.8683804730e-02
6.7916490174e-01 3.8635954481e-02
6.7967229264e-01 3.8588067614e-02
6.8017968010e-01 3.8540144157e-02
6.8068706409e-01 3.8492184138e-02
6.8119444464e-01 3.8444187585e-02
6.8170182173e-01 3.8396154528e-02
6.8220919536e-01 3.8348084993e-02
6.8271656554e-01 3.8299979010e-02
6.8322393226e-01 3.8251836607e-02
6.8373129553e-01 3.8203657811e-02
6.8423865534e-01 3.8155442652e-02
6.8474601170e-01 3.8107191157e-02
6.8525336461e-01 3.8058903355e-02
6.8576071406e-01 3.8010579275e-02
6.8626806005e-01 3.7962218943e-02
6.8677540259e-01 3.7913822389e-02
6.8728274167e-01 3.7865389641e-02
6.8779007730e-01 3.7816920728e-02
6.8829740948e-01 3.7768415676e-02
6.8880473820e-01 3.7719874516e-02
6.8931206346e-01 3.7671297272e-02
6.8981938527e-01 3.7622683967e-02
6.9032670362e-01 3.7574034623e-02
6.9083401852e-01 3.7525349262e-02
6.9134132996e-01 3.7476627906e-02
6.9184863794e-01 3.7427870577e-02
6.9235594247e-01 3.7379077297e-02
6.9286324353e-01 3.7330248089e-02
6.9337054114e-01 3.7281382975e-02
6.9387783530e-01 3.7232481975e-02
6.9438512599e-01 3.7183545114e-02
6.9489241322e-01 3.7134572412e-02
6.9539969699e-01 3.7085563891e-02
6.9590697731e-01 3.7036519575e-02
6.9641425416e-01 3.6987439484e-02
6.9692152755e-01 3.6938323641e-02
6.9742879749e-01 3.6889172068e-02
6.9793606396e-01 3.6839984787e-02
6.9844332696e-01 3.6790761820e-02
6.9895058651e-01 3.6741503190e-02
6.9945784259e-01 3.6692208918e-02
6.9996509522e-01 3.6642879026e-02
7.0047234437e-01 3.6593513536e-02
7.0097959007e-01 3.6544112471e-02
7.0148683230e-01 3.6494675852e-02
7.0199407106e-01 3.6445203702e-02
7.0250130636e-01 3.6395696043e-02
7.0300853820e-01 3.6346152897e-02
7.0351576657e-01 3.6296574285e-02
7.0402299147e-01 3.6246960230e-02
7.0453021291e-01 3.6197310754e-02
7.0503743088e-01 3.6147625880e-02
7.0554464538e-01 3.6097905628e-02
7.0605185642e-01 3.6048150021e-02
7.0655906399e-01 3.5998359082e-02
7.0706626809e-01 3.5948532832e-02
7.0757346872e-01 3.5898671294e-02
7.0808066589e-01 3.5848774488e-02
7.0858785958e-01 3.5798842439e-02
7.0909504981e-01 3.5748875167e-02
7.0960223656e-01 3.5698872695e-02
7.1010941984e-01 3.5648835044e-02
7.1061659966e-01 3.5598762237e-02
7.1112377600e-01 3.5548654293e-02
7.1163094887e-01 3.5498511229e-02
7.1213811827e-01 3.5448333061e-02
7.1264528419e-01 3.5398119806e-02
7.1315244664e-01 3.5347871481e-02
7.1365960562e-01 3.5297588102e-02
7.1416676112e-01 3.5247269686e-02
7.1467391314e-01 3.5196916250e-02
7.1518106168e-01 3.5146527810e-02
7.1568820675e-01 3.5096104383e-02
7.1619534834e-01 3.5045645985e-02
7.1670248645e-01 3.4995152634e-02
7.1720962108e-01 3.4944624346e-02
7.1771675223e-01 3.4894061138e-02
7.1822387989e-01 3.4843463026e-02
7.1873100408e-01 3.4792830027e-02
7.1923812478e-01 3.4742162157e-02
7.1974524200e-01 3.4691459434e-02
7.2025235573e-01 3.4640721873e-02
7.2075946598e-01 3.4589949492e-02
7.2126657274e-01 3.4539142308e-02
7.2177367602e-01 3.4488300336e-02
7.2228077580e-01 3.4437423594e-02
7.2278787210e-01 3.4386512098e-02
7.2329496491e-01 3.4335565865e-02
7.2380205423e-01 3.4284584912e-02
7.2430914006e-01 3.4233569255e-02
7.2481622240e-01 3.4182518910e-02
7.2532330125e-01 3.4131433895e-02
7.2583037661e-01 3.4080314227e-02
7.2633744847e-01 3.4029159921e-02
7.2684451683e-01 3.3977970995e-02
7.2735158171e-01 3.3926747465e-02
7.2785864308e-01 3.3875489348e-02
7.2836570096e-01 3.3824196660e-02
7.2887275534e-01 3.3772869419e-02
7.2937980623e-01 3.3721507640e-02
7.2988685362e-01 3.3670111341e-02
7.3039389750e-01 3.3618680538e-02
7.3090093789e-01 3.3567215247e-02
7.3140797478e-01 3.3515715487e-02
7.3191500816e-01 3.3464181270e-02
7.3242203804e-01 3.3412612611e-02
7.3292906442e-01 3.3361009519e-02
7.3343608730e-01 3.3309372007e-02
7.3394310666e-01 3.3257700086e-02
7.3445012252e-01 3.3205993768e-02
7.3495713487e-01 3.3154253063e-02
7.3546414371e-01 3.3102477984e-02
7.3597114905e-01 3.3050668542e-02
7.3647815086e-01 3.2998824749e-02
7.3698514917e-01 3.2946946616e-02
7.3749214396e-01 3.2895034154e-02
7.3799913524e-01 3.2843087376e-02
7.3850612300e-01 3.2791106292e-02
7.3901310724e-01 3.2739090914e-02
7.3952008796e-01 3.2687041253e-02
7.4002706517e-01 3.2634957322e-02
7.4053403885e-01 3.2582839131e-02
7.4104100901e-01 3.2530686692e-02
7.4154797565e-01 3.2478500017e-02
7.4205493876e-01 3.2426279117e-02
7.4256189835e-01 3.2374024004e-02
7.4306885441e-01 3.2321734689e-02
7.4357580694e-01 3.2269411183e-02
7.4408275594e-01 3.2217053498e-02
7.4458970141e-01 3.2164661646e-02
7.4509664335e-01 3.2112235638e-02
7.4560358176e-01 3.2059775486e-02
7.4611051664e-01 3.2007281201e-02
7.4661744798e-01 3.1954752794e-02
7.4712437578e-01 3.1902190278e-02
7.4763130005e-01 3.1849593663e-02
7.4813822078e-01 3.1796962961e-02
7.4864513797e-01 3.1744298184e-02
7.4915205162e-01 3.1691599343e-02
7.4965896172e-01 3.1638866450e-02
7.5016586829e-01 3.1586099516e-02
7.5067277131e-01 3.1533298552e-02
7.5117967078e-01 3.1480463571e-02
7.5168656671e-01 3.1427594583e-02
7.5219345909e-01 3.1374691598e-02
7.5270034792e-01 3.1321754621e-02
7.5320723321e-01 3.1268783660e-02
7.5371411493e-01 3.1215778721e-02
7.5422099311e-01 3.1162739809e-02
7.5472786773e-01 3.1109666931e-02
7.5523473879e-01 3.1056560093e-02
7.5574160629e-01 3.1003419303e-02
7.5624847023e-01 3.0950244565e-02
7.5675533061e-01 3.0897035886e-02
7.5726218743e-01 3.0843793273e-02
7.5776904068e-01 3.0790516731e-02
7.5827589036e-01 3.0737206268e-02
7.5878273647e-01 3.0683861889e-02
7.5928957902e-01 3.0630483601e-02
7.5979641799e-01 3.0577071410e-02
7.6030325339e-01 3.0523625322e-02
7.6081008521e-01 3.0470145343e-02
7.6131691346e-01 3.0416631480e-02
7.6182373812e-01 3.0363083740e-02
7.6233055921e-01 3.0309502127e-02
7.6283737672e-01 3.0255886650e-02
7.6334419064e-01 3.0202237313e-02
7.6385100098e-01 3.0148554124e-02
7.6435780773e-01 3.0094837088e-02
7.6486461089e-01 3.0041086212e-02
7.6537141046e-01 2.9987301502e-02
7.6587820645e-01 2.9933482965e-02
7.6638499883e-01 2.9879630606e-02
7.6689178763e-01 2.9825744432e-02
7.6739857283e-01 2.9771824449e-02
7.6790535443e-01 2.9717870664e-02
7.6841213243e-01 2.9663883083e-02
7.6891890682e-01 2.9609861712e-02
7.6942567762e-01 2.9555806557e-02
7.6993244481e-01 2.9501717625e-02
7.7043920840e-01 2.9447594922e-02
7.7094596838e-01 2.9393438454e-02
7.7145272474e-01 2.9339248226e-02
7.7195947750e-01 2.9285024240e-02
7.7246622664e-01 2.9230766497e-02
7.7297297217e-01 2.9176474998e-02
7.7347971408e-01 2.9122149747e-02
7.7398645237e-01 2.9067790745e-02
7.7449318704e-01 2.9013397993e-02
7.7499991808e-01 2.8958971493e-02
7.7550664550e-01 2.8904511248e-02
7.7601336929e-01 2.8850017258e-02
7.7652008945e-01 2.8795489526e-02
7.7702680598e-01 2.8740928053e-02
7.7753351887e-01 2.8686332842e-02
7.7804022813e-01 2.8631703893e-02
7.7854693375e-01 2.8577041209e-02
7.7905363572e-01 2.8522344792e-02
7.7956033406e-01 2.8467614643e-02
7.8006702875e-01 2.8412850764e-02
7.8057371979e-01 2.8358053157e-02
7.8108040719e-01 2.8303221823e-02
7.8158709093e-01 2.8248356765e-02
7.8209377102e-01 2.8193457985e-02
7.8260044746e-01 2.8138525483e-02
7.8310712024e-01 2.8083559262e-02
7.8361378935e-01 2.8028559323e-02
7.8412045481e-01 2.7973525669e-02
7.8462711661e-01 2.7918458301e-02
7.8513377473e-01 2.7863357221e-02
7.8564042920e-01 2.7808222430e-02
7.8614707999e-01 2.7753053931e-02
7.8665372711e-01 2.7697851725e-02
7.8716037055e-01 2.7642615814e-02
7.8766701032e-01 2.7587346200e-02
7.8817364642e-01 2.7532042885e-02
7.8868027883e-01 2.7476705870e-02
7.8918690756e-01 2.7421335157e-02
7.8969353260e-01 2.7365930747e-02
7.9020015396e-01 2.7310492639e-02
7.9070677163e-01 2.7255020831e-02
7.9121338561e-01 2.7199515320e-02
7.9171999589e-01 2.7143976104e-02
7.9222660248e-01 2.7088403181e-02
7.9273320537e-01 2.7032796549e-02
7.9323980456e-01 2.6977156206e-02
7.9374640004e-01 2.6921482149e-02
7.9425299181e-01 2.6865774376e-02
7.9475957988e-01 2.6810032885e-02
7.9526616423e-01 2.6754257674e-02
7.9577274487e-01 2.6698448741e-02
7.9627932180e-01 2.6642606083e-02
7.9678589500e-01 2.6586729698e-02
7.9729246448e-01 2.6530819584e-02
7.9779903024e-01 2.6474875739e-02
7.9830559227e-01 2.6418898161e-02
7.9881215057e-01 2.6362886847e-02
7.9931870514e-01 2.6306841795e-02
7.9982525597e-01 2.6250763003e-02
8.0033180307e-01 2.6194650469e-02
8.0083834643e-01 2.6138504190e-02
8.0134488604e-01 2.6082324165e-02
8.0185142191e-01 2.6026110391e-02
8.0235795404e-01 2.5969862866e-02
8.0286448241e-01 2.5913581588e-02
8.0337100704e-01 2.5857266554e-02
8.0387752790e-01 2.5800917763e-02
8.0438404502e-01 2.5744535212e-02
8.0489055837e-01 2.5688118899e-02
8.0539706796e-01 2.5631668821e-02
8.0590357378e-01 2.5575184977e-02
8.0641007584e-01 2.5518667365e-02
8.0691657413e-01 2.5462115982e-02
8.0742306864e-01 2.5405530824e-02
8.0792955938e-01 2.5348911887e-02
8.0843604635e-01 2.5292259164e-02
8.0894252953e-01 2.5235572649e-02
8.0944900892e-01 2.5178852337e-02
8.0995548453e-01 2.5122098222e-02
8.1046195635e-01 2.5065310298e-02
8.1096842438e-01 2.5008488559e-02
8.1147488861e-01 2.4951633000e-02
8.1198134904e-01 2.4894743614e-02
8.1248780568e-01 2.4837820396e-02
8.1299425850e-01 2.4780863340e-02
8.1350070752e-01 2.4723872440e-02
8.1400715273e-01 2.4666847691e-02
8.1451359412e-01 2.4609789086e-02
8.1502003170e-01 2.4552696619e-02
8.1552646546e-01 2.4495570286e-02
8.1603289539e-01 2.4438410080e-02
8.1653932150e-01 2.4381215995e-02
8.1704574378e-01 2.4323988025e-02
8.1755216224e-01 2.4266726165e-02
8.1805857685e-01 2.4209430409e-02
8.1856498763e-01 2.4152100751e-02
8.1907139457e-01 2.4094737186e-02
8.1957779767e-01 2.4037339706e-02
8.2008419692e-01 2.3979908307e-02
8.2059059232e-01 2.3922442983e-02
8.2109698387e-01 2.3864943728e-02
8.2160337156e-01 2.3807410536e-02
8.2210975540e-01 2.3749843401e-02
8.2261613538e-01 2.3692242318e-02
8.2312251149e-01 2.3634607281e-02
8.2362888374e-01 2.3576938283e-02
8.2413525211e-01 2.3519235318e-02
8.2464161662e-01 2.3461498374e-02
8.2514797724e-01 2.3403727443e-02
8.2565433399e-01 2.3345922513e-02
8.2616068685e-01 2.3288083573e-02
8.2666703582e-01 2.3230210614e-02
8.2717338091e-01 2.3172303625e-02
8.2767972210e-01 2.3114362596e-02
8.2818605939e-01 2.3056387515e-02
8.2869239278e-01 2.2998378374e-02
8.2919872226e-01 2.2940335161e-02
8.2970504784e-01 2.2882257866e-02
8.3021136950e-01 2.2824146479e-02
8.3071768725e-01 2.2766000989e-02
8.3122400108e-01 2.2707821385e-02
8.3173031099e-01 2.2649607658e-02
8.3223661697e-01 2.2591359797e-02
8.3274291902e-01 2.2533077792e-02
8.3324921714e-01 2.2474761632e-02
8.3375551132e-01 2.2416411306e-02
8.3426180156e-01 2.2358026805e-02
8.3476808786e-01 2.2299608117e-02
8.3527437021e-01 2.2241155234e-02
8.3578064861e-01 2.2182668143e-02
8.3628692305e-01 2.2124146835e-02
8.3679319354e-01 2.2065591299e-02
8.3729946006e-01 2.2007001525e-02
8.3780572262e-01 2.1948377503e-02
8.3831198122e-01 2.1889719222e-02
8.3881823584e-01 2.1831026671e-02
8.3932448648e-01 2.1772299841e-02
8.3983073315e-01 2.1713538720e-02
8.4033697583e-01 2.1654743295e-02
8.4084321452e-01 2.1595913553e-02
8.4134944923e-01 2.1537049481e-02
8.4185567994e-01 2.1478151065e-02
8.4236190665e-01 2.1419218293e-02
8.4286812936e-01 2.1360251151e-02
8.4337434806e-01 2.1301249626e-02
8.4388056275e-01 2.1242213704e-02
8.4438677343e-01 2.1183143374e-02
8.4489298008e-01 2.1124038620e-02
8.4539918272e-01 2.1064899431e-02
8.4590538133e-01 2.1005725792e-02
8.4641157591e-01 2.0946517691e-02
8.4691776646e-01 2.0887275115e-02
8.4742395296e-01 2.0827998050e-02
8.4793013543e-01 2.0768686483e-02
8.4843631385e-01 2.0709340400e-02
8.4894248822e-01 2.0649959790e-02
8.4944865854e-01 2.0590544638e-02
8.4995482479e-01 2.0531094931e-02
8.5046098699e-01 2.0471610656e-02
8.5096714512e-01 2.0412091800e-02
8.5147329919e-01 2.0352538349e-02
8.5197944918e-01 2.0292950291e-02
8.5248559509e-01 2.0233327612e-02
8.5299173692e-01 2.0173670299e-02
8.5349787466e-01 2.0113978339e-02
8.5400400832e-01 2.0054251719e-02
8.5451013788e-01 1.9994490424e-02
8.5501626335e-01 1.9934694439e-02
8.5552238471e-01 1.9874863747e-02
8.5602850197e-01 1.9814998329e-02
8.5653461512e-01 1.9755098168e-02
8.5704072415e-01 1.9695163246e-02
8.5754682906e-01 1.9635193546e-02
8.5805292985e-01 1.9575189049e-02
8.5855902651e-01 1.9515149739e-02
8.5906511903e-01 1.9455075598e-02
8.5957120741e-01 1.9394966607e-02
8.6007729166e-01 1.9334822750e-02
8.6058337175e-01 1.9274644009e-02
8.6108944770e-01 1.9214430365e-02
8.6159551948e-01 1.9154181802e-02
8.6210158711e-01 1.9093898302e-02
8.6260765057e-01 1.9033579846e-02
8.6311370986e-01 1.8973226419e-02
8.6361976498e-01 1.8912838000e-02
8.6412581591e-01 1.8852414574e-02
8.6463186267e-01 1.8791956122e-02
8.6513790523e-01 1.8731462628e-02
8.6564394360e-01 1.8670934072e-02
8.6614997778e-01 1.8610370437e-02
8.6665600775e-01 1.8549771707e-02
8.6716203352e-01 1.8489137863e-02
8.6766805507e-01 1.8428468887e-02
8.6817407241e-01 1.8367764762e-02
8.6868008554e-01 1.8307025470e-02
8.6918609443e-01 1.8246250993e-02
8.6969209910e-01 1.8185441313e-02
8.7019809953e-01 1.8124596411e-02
8.7070409572e-01 1.8063716270e-02
8.7121008767e-01 1.8002800870e-02
8.7171607537e-01 1.7941850194e-02
8.7222205882e-01 1.7880864224e-02
8.7272803801e-01 1.7819842941e-02
8.7323401294e-01 1.7758786328e-02
8.7373998359e-01 1.7697694365e-02
8.7424594998e-01 1.7636567034e-02
8.7475191209e-01 1.7575404319e-02
8.7525786992e-01 1.7514206199e-02
8.7576382347e-01 1.7452972657e-02
8.7626977272e-01 1.7391703675e-02
8.7677571768e-01 1.7330399235e-02
8.7728165834e-01 1.7269059317e-02
8.7778759469e-01 1.7207683905e-02
8.7829352673e-01 1.7146272980e-02
8.7879945446e-01 1.7084826523e-02
8.7930537787e-01 1.7023344516e-02
8.7981129695e-01 1.6961826942e-02
8.8031721171e-01 1.6900273782e-02
8.8082312213e-01 1.6838685017e-02
8.8132902821e-01 1.6777060629e-02
8.8183492996e-01 1.6715400601e-02
8.8234082735e-01 1.6653704916e-02
8.8284672039e-01 1.6591973557e-02
8.8335260908e-01 1.6530206507e-02
8.8385849340e-01 1.6468403749e-02
8.8436437336e-01 1.6406565267e-02
8.8487024895e-01 1.6344691044e-02
8.8537612016e-01 1.6282781063e-02
8.8588198700e-01 1.6220835307e-02
8.8638784944e-01 1.6158853760e-02
8.8689370750e-01 1.6096836405e-02
8.8739956117e-01 1.6034783224e-02
8.8790541044e-01 1.5972694203e-02
8.8841125530e-01 1.5910569322e-02
8.8891709576e-01 1.5848408567e-02
8.8942293180e-01 1.5786211920e-02
8.8992876343e-01 1.5723979364e-02
8.9043459064e-01 1.5661710882e-02
8.9094041341e-01 1.5599406459e-02
8.9144623176e-01 1.5537066076e-02
8.9195204568e-01 1.5474689718e-02
8.9245785515e-01 1.5412277367e-02
8.9296366018e-01 1.5349829007e-02
8.9346946076e-01 1.5287344621e-02
8.9397525688e-01 1.5224824190e-02
8.9448104855e-01 1.5162267687e-02
8.9498683575e-01 1.5099675080e-02
8.9549261847e-01 1.5037046340e-02
8.9599839672e-01 1.4974381435e-02
8.9650417048e-01 1.4911680334e-02
8.9700993974e-01 1.4848943009e-02
8.9751570451e-01 1.4786169427e-02
8.9802146477e-01 1.4723359558e-02
8.9852722052e-01 1.4660513372e-02
8.9903297175e-01 1.4597630838e-02
8.9953871846e-01 1.4534711925e-02
9.0004446064e-01 1.4471756603e-02
9.0055019827e-01 1.4408764841e-02
9.0105593137e-01 1.4345736609e-02
9.0156165991e-01 1.4282671876e-02
9.0206738390e-01 1.4219570611e-02
9.0257310332e-01 1.4156432784e-02
9.0307881817e-01 1.4093258365e-02
9.0358452845e-01 1.4030047322e-02
9.0409023414e-01 1.3966799625e-02
9.0459593524e-01 1.3903515244e-02
9.0510163175e-01 1.3840194147e-02
9.0560732365e-01 1.3776836296e-02
9.0611301094e-01 1.3713441640e-02
9.0661869361e-01 1.3650010130e-02
9.0712437165e-01 1.3586541715e-02
9.0763004505e-01 1.3523036346e-02
9.0813571380e-01 1.3459493971e-02
9.0864137789e-01 1.3395914542e-02
9.0914703732e-01 1.3332298008e-02
9.0965269206e-01 1.3268644319e-02
9.1015834213e-01 1.3204953425e-02
9.1066398750e-01 1.3141225275e-02
9.1116962816e-01 1.3077459820e-02
9.1167526411e-01 1.3013657010e-02
9.1218089534e-01 1.2949816794e-02
9.1268652184e-01 1.2885939122e-02
9.1319214360e-01 1.2822023944e-02
9.1369776061e-01 1.2758071211e-02
9.1420337286e-01 1.2694080872e-02
9.1470898034e-01 1.2630052876e-02
9.1521458305e-01 1.2565987175e-02
9.1572018097e-01 1.2501883718e-02
9.1622577410e-01 1.2437742475e-02
9.1673136244e-01 1.2373563431e-02
9.1723694597e-01 1.2309346571e-02
9.1774252469e-01 1.2245091879e-02
9.1824809860e-01 1.2180799342e-02
9.1875366770e-01 1.2116468942e-02
9.1925923198e-01 1.2052100667e-02
9.1976479143e-01 1.1987694501e-02
9.2027034604e-01 1.1923250428e-02
9.2077589583e-01 1.1858768434e-02
9.2128144077e-01 1.1794248504e-02
9.2178698086e-01 1.1729690622e-02
9.2229251611e-01 1.1665094775e-02
9.2279804650e-01 1.1600460946e-02
9.2330357203e-01 1.1535789121e-02
9.2380909270e-01 1.1471079286e-02
9.2431460850e-01 1.1406331423e-02
9.2482011942e-01 1.1341545520e-02
9.2532562546e-01 1.1276721561e-02
9.2583112662e-01 1.1211859552e-02
9.2633662291e-01 1.1146959531e-02
9.2684211431e-01 1.1082021540e-02
9.2734760084e-01 1.1017045624e-02
9.2785308251e-01 1.0952031823e-02
9.2835855930e-01 1.0886980179e-02
9.2886403122e-01 1.0821890736e-02
9.2936949828e-01 1.0756763536e-02
9.2987496049e-01 1.0691598621e-02
9.3038041783e-01 1.0626396033e-02
9.3088587031e-01 1.0561155815e-02
9.3139131795e-01 1.0495878008e-02
9.3189676073e-01 1.0430562657e-02
9.3240219866e-01 1.0365209801e-02
9.3290763175e-01 1.0299819485e-02
9.3341306000e-01 1.0234391751e-02
9.3391848340e-01 1.0168926640e-02
9.3442390197e-01 1.0103424195e-02
9.3492931570e-01 1.0037884456e-02
9.3543472460e-01 9.9723074624e-03
9.3594012866e-01 9.9066932525e-03
9.3644552790e-01 9.8410418651e-03
9.3695092231e-01 9.7753533387e-03
9.3745631190e-01 9.7096277123e-03
9.3796169667e-01 9.6438650243e-03
9.3846707662e-01 9.5780653137e-03
9.3897245175e-01 9.5122286190e-03
9.3947782207e-01 9.4463549789e-03
9.3998318757e-01 9.3804444322e-03
9.4048854827e-01 9.3144970176e-03
9.4099390416e-01 9.2485127737e-03
9.4149925524e-01 9.1824917394e-03
9.4200460152e-01 9.1164339531e-03
9.4250994300e-01 9.0503394516e-03
9.4301527967e-01 8.9842081443e-03
9.4352061148e-01 8.9180397450e-03
9.4402593839e-01 8.8518339510e-03
9.4453126036e-01 8.7855904594e-03
9.4503657735e-01 8.7193089675e-03
9.4554188931e-01 8.6529891725e-03
9.4604719620e-01 8.5866307715e-03
9.4655249798e-01 8.5202334618e-03
9.4705779460e-01 8.4537969406e-03
9.4756308603e-01 8.3873209051e-03
9.4806837222e-01 8.3208050525e-03
9.4857365312e-01 8.2542490800e-03
9.4907892870e-01 8.1876526849e-03
9.4958419892e-01 8.1210155642e-03
9.5008946372e-01 8.0543374114e-03
9.5059472306e-01 7.9876178332e-03
9.5109997686e-01 7.9208563530e-03
9.5160522506e-01 7.8540524908e-03
9.5211046759e-01 7.7872057664e-03
9.5261570439e-01 7.7203156998e-03
9.5312093538e-01 7.6533818109e-03
9.5362616049e-01 7.5864036195e-03
9.5413137967e-01 7.5193806456e-03
9.5463659283e-01 7.4523124091e-03
9.5514179992e-01 7.3851984299e-03
9.5564700087e-01 7.3180382279e-03
9.5615219560e-01 7.2508313231e-03
9.5665738406e-01 7.1835772352e-03
9.5716256618e-01 7.1162756143e-03
9.5766774198e-01 7.0489265791e-03
9.5817291149e-01 6.9815303535e-03
9.5867807474e-01 6.9140871617e-03
9.5918323174e-01 6.8465972278e-03
9.5968838253e-01 6.7790607760e-03
9.6019352712e-01 6.7114780304e-03
9.6069866556e-01 6.6438492150e-03
9.6120379785e-01 6.5761745540e-03
9.6170892403e-01 6.5084542716e-03
9.6221404413e-01 6.4406885917e-03
9.6271915816e-01 6.3728777386e-03
9.6322426618e-01 6.3050220716e-03
9.6372936835e-01 6.2371228635e-03
9.6423446488e-01 6.1691817653e-03
9.6473955600e-01 6.1012004292e-03
9.6524464193e-01 6.0331805074e-03
9.6574972287e-01 5.9651236521e-03
9.6625479904e-01 5.8970315155e-03
9.6675987068e-01 5.8289057498e-03
9.6726493798e-01 5.7607480073e-03
9.6777000117e-01 5.6925599400e-03
9.6827506047e-01 5.6243432003e-03
9.6878011611e-01 5.5560995357e-03
9.6928516842e-01 5.4878313702e-03
9.6979021778e-01 5.4195414202e-03
9.7029526457e-01 5.3512324036e-03
9.7080030916e-01 5.2829070378e-03
9.7130535195e-01 5.2145680407e-03
9.7181039330e-01 5.1462181298e-03
9.7231543359e-01 5.0778600228e-03
9.7282047321e-01 5.0094964375e-03
9.7332551252e-01 4.9411300914e-03
9.7383055177e-01 4.8727626596e-03
9.7433559039e-01 4.8043902779e-03
9.7484062756e-01 4.7360072495e-03
9.7534566247e-01 4.6676078767e-03
9.7585069428e-01 4.5991864615e-03
9.7635572219e-01 4.5307373061e-03
9.7686074537e-01 4.4622547126e-03
9.7736576301e-01 4.3937329831e-03
9.7787077428e-01 4.3251664198e-03
9.7837577834e-01 4.2565488498e-03
9.7888077426e-01 4.1878723221e-03
9.7938576112e-01 4.1191284693e-03
9.7989073796e-01 4.0503089241e-03
9.8039570384e-01 3.9814053192e-03
9.8090065783e-01 3.9124092871e-03
9.8140559897e-01 3.8433124608e-03
9.8191052633e-01 3.7741064718e-03
9.8241543838e-01 3.7047804734e-03
9.8292033170e-01 3.6353156664e-03
9.8342520248e-01 3.5656916607e-03
9.8393004692e-01 3.4958880658e-03
9.8443486123e-01 3.4258844914e-03
9.8493964161e-01 3.3556605473e-03
9.8544438425e-01 3.2851958432e-03
9.8594908818e-01 3.2144848844e-03
9.8645376474e-01 3.1435868170e-03
9.8695842856e-01 3.0725783175e-03
9.8746309430e-01 3.0015360626e-03
9.8796777661e-01 2.9305367290e-03
9.8847249015e-01 2.8596569936e-03
9.8897724777e-01 2.7889669617e-03
9.8948203824e-01 2.7184486998e-03
9.8998683311e-01 2.6480214061e-03
9.9049160357e-01 2.5776029215e-03
9.9099632081e-01 2.5071110866e-03
9.9150095603e-01 2.4364637423e-03
9.9200550843e-01 2.3656849769e-03
9.9251010772e-01 2.2952935513e-03
9.9301492152e-01 2.2259520797e-03
9.9352011749e-01 2.1583231925e-03
9.9402586325e-01 2.0930695200e-03
9.9453220942e-01 2.0303037575e-03
9.9503845485e-01 1.9666062409e-03
9.9554360116e-01 1.8971606756e-03
9.9604664924e-01 1.8171473185e-03
9.9654660353e-01 1.7217637955e-03
9.9704303901e-01 1.6089913789e-03
9.9753672318e-01 1.4826298753e-03
9.9802857314e-01 1.3472089805e-03
9.9851950600e-01 1.2072583900e-03
