   ITER        TIME        AREA        FPRE_X        FPRE_Y        FPRE_Z        FTAU_X        FTAU_Y        FTAU_Z
       0 ,  0.00000E+00 ,  8.00771E+00 ,  0.00000E+00 ,  0.00000E+00 ,  0.00000E+00 , -8.35173E-11 ,  2.72420E-12 ,  7.60176E-11 ,  4.68711E-11 ,  6.81364E-10 , -6.37738E-11 
       1 ,  1.80761E-04 ,  8.00771E+00 , -1.97315E-04 ,  1.05629E-02 , -1.20850E-07 ,  1.11681E-09 , -9.41794E-10 ,  7.60857E-11 , -1.05485E-03 , -1.95880E-05 ,  1.08286E-02 
      11 ,  1.54948E-03 ,  8.00771E+00 ,  2.93887E-03 ,  5.85484E-02 ,  1.34251E-07 ,  1.49905E-08 , -1.81740E-09 ,  7.61102E-11 , -5.85700E-03 ,  2.93530E-04 ,  5.32825E-02 
      21 ,  2.58585E-03 ,  8.00771E+00 ,  1.57108E-02 ,  1.09200E-01 ,  1.06859E-07 ,  2.55298E-08 , -2.26736E-09 ,  7.60652E-11 , -1.09216E-02 ,  1.57082E-03 ,  1.07662E-01 
      31 ,  3.47134E-03 ,  8.00771E+00 ,  3.51161E-02 ,  1.57287E-01 , -2.00124E-08 ,  3.38498E-08 , -3.63051E-09 ,  7.61160E-11 , -1.57291E-02 ,  3.51054E-03 ,  1.66662E-01 
      41 ,  4.26509E-03 ,  8.00771E+00 ,  6.25741E-02 ,  1.94078E-01 , -1.01064E-07 ,  4.06500E-08 , -5.28909E-09 ,  7.61806E-11 , -1.94074E-02 ,  6.25602E-03 ,  2.24093E-01 
      51 ,  4.95561E-03 ,  8.00771E+00 ,  9.85018E-02 ,  2.23954E-01 , -8.96887E-08 ,  4.57472E-08 , -6.95315E-09 ,  7.61561E-11 , -2.23944E-02 ,  9.84825E-03 ,  2.83514E-01 
      61 ,  5.62516E-03 ,  8.00771E+00 ,  1.38138E-01 ,  2.52541E-01 , -1.99786E-08 ,  4.98533E-08 , -8.76409E-09 ,  7.62843E-11 , -2.52551E-02 ,  1.38136E-02 ,  3.44691E-01 
      71 ,  6.30918E-03 ,  8.00771E+00 , -3.43837E+00 ,  1.30528E-01 , -5.40092E-08 , -1.08830E-08 , -1.35187E-08 ,  7.59576E-11 , -1.30548E-02 , -3.43836E-01 ,  2.61792E-01 
      81 ,  7.05178E-03 ,  8.00771E+00 , -2.52732E+01 , -2.11856E+00 ,  3.21828E-06 ,  3.10281E-08 , -3.29783E-08 ,  7.04884E-11 ,  2.11801E-01 , -2.52730E+00 , -2.87001E+00 
      91 ,  7.84318E-03 ,  8.00771E+00 , -3.16224E+01 , -9.52693E+00 ,  9.18526E-06 ,  4.83365E-07 , -6.73553E-09 ,  7.31612E-11 ,  9.52582E-01 , -3.16218E+00 , -1.37683E+01 
     101 ,  8.70880E-03 ,  8.00771E+00 , -1.17025E+01 , -1.38435E+01 ,  7.57501E-06 ,  7.60365E-07 ,  1.78930E-07 ,  7.05257E-11 ,  1.38424E+00 , -1.17019E+00 , -2.19765E+01 
     111 ,  9.56347E-03 ,  8.00771E+00 ,  5.28199E+00 , -7.15672E+00 ,  3.93177E-06 ,  7.31079E-07 ,  3.67241E-07 ,  6.39676E-11 ,  7.15620E-01 ,  5.28215E-01 , -1.28656E+01 
     121 ,  1.04916E-02 ,  8.00771E+00 ,  1.45839E+01 ,  4.43925E-01 , -1.76308E-06 ,  5.88828E-07 ,  3.89494E-07 ,  6.42830E-11 , -4.43642E-02 ,  1.45837E+00 , -1.35520E+00 
     131 ,  1.14468E-02 ,  8.00771E+00 ,  1.89792E+01 ,  5.48368E+00 , -6.08800E-06 ,  3.66886E-07 ,  3.34318E-07 ,  6.45459E-11 , -5.48284E-01 ,  1.89789E+00 ,  6.70846E+00 
     141 ,  1.24077E-02 ,  8.00771E+00 ,  1.67058E+01 ,  9.60783E+00 , -6.65903E-06 ,  1.15481E-07 ,  2.32711E-07 ,  6.30538E-11 , -9.60683E-01 ,  1.67054E+00 ,  1.41853E+01 
     151 ,  1.34106E-02 ,  8.00771E+00 ,  8.59114E+00 ,  1.22095E+01 , -4.37687E-06 , -6.56344E-08 ,  6.97609E-08 ,  6.63564E-11 , -1.22087E+00 ,  8.59088E-01 ,  1.98867E+01 
     161 ,  1.43700E-02 ,  8.00771E+00 , -1.52809E+00 ,  1.19582E+01 , -3.38055E-06 , -1.12347E-07 , -1.12431E-07 ,  7.41016E-11 , -1.19577E+00 , -1.52837E-01 ,  2.10838E+01 
     171 ,  1.52378E-02 ,  8.00771E+00 , -1.00472E+01 ,  8.56863E+00 , -3.01773E-06 , -2.27334E-08 , -2.54594E-07 ,  7.76851E-11 , -8.56850E-01 , -1.00475E+00 ,  1.70712E+01 
     181 ,  1.60721E-02 ,  8.00771E+00 , -1.22406E+01 ,  2.76350E+00 , -1.02990E-06 ,  1.53570E-07 , -3.30271E-07 ,  8.34828E-11 , -2.76379E-01 , -1.22408E+00 ,  8.45444E+00 
     191 ,  1.68962E-02 ,  8.00771E+00 , -7.13502E+00 , -3.24659E+00 ,  9.13121E-07 ,  3.12371E-07 , -3.24286E-07 ,  8.82807E-11 ,  3.24603E-01 , -7.13498E-01 , -1.62851E+00 
     201 ,  1.77322E-02 ,  8.00771E+00 ,  8.74027E-01 , -7.52214E+00 ,  1.60192E-06 ,  3.65487E-07 , -2.50026E-07 ,  8.65355E-11 ,  7.52160E-01 ,  8.74180E-02 , -9.99986E+00 
     211 ,  1.86714E-02 ,  8.00771E+00 ,  6.25563E+00 , -9.13488E+00 ,  1.80107E-06 ,  3.07883E-07 , -1.27487E-07 ,  8.11399E-11 ,  9.13456E-01 ,  6.25582E-01 , -1.48741E+01 
     221 ,  1.97057E-02 ,  8.00771E+00 ,  9.44808E+00 , -8.59502E+00 ,  2.42739E-06 ,  1.97785E-07 ,  1.42361E-08 ,  7.52963E-11 ,  8.59494E-01 ,  9.44826E-01 , -1.70722E+01 
     231 ,  2.08388E-02 ,  8.00771E+00 ,  1.19832E+01 , -7.34799E+00 ,  2.75954E-06 ,  5.83020E-08 ,  1.48998E-07 ,  6.60414E-11 ,  7.34812E-01 ,  1.19834E+00 , -1.79204E+01 
     241 ,  2.20475E-02 ,  8.00771E+00 ,  1.11779E+01 , -5.80727E+00 ,  2.34619E-06 , -1.19969E-07 ,  2.81675E-07 ,  5.43731E-11 ,  5.80753E-01 ,  1.11781E+00 , -1.62260E+01 
     251 ,  2.32670E-02 ,  8.00771E+00 ,  3.61590E+00 , -2.15281E+00 ,  1.31574E-06 , -2.55277E-07 ,  3.91192E-07 ,  4.95932E-11 ,  2.15301E-01 ,  3.61608E-01 , -7.91218E+00 
     261 ,  2.45286E-02 ,  8.00771E+00 , -6.01174E+00 ,  2.61674E+00 , -2.07831E-07 , -2.36106E-07 ,  3.95501E-07 ,  5.28976E-11 , -2.61671E-01 , -6.01175E-01 ,  3.57331E+00 
     271 ,  2.57272E-02 ,  8.00771E+00 , -1.56025E+01 ,  6.51450E+00 , -3.10656E-07 , -7.01329E-08 ,  2.83721E-07 ,  6.18540E-11 , -6.51475E-01 , -1.56026E+00 ,  1.40343E+01 
     281 ,  2.67592E-02 ,  8.00771E+00 , -2.11094E+01 ,  7.88543E+00 ,  1.03531E-06 ,  1.92014E-07 ,  1.36480E-07 ,  7.48089E-11 , -7.88593E-01 , -2.11096E+00 ,  2.00469E+01 
     291 ,  2.76748E-02 ,  8.00771E+00 , -1.74660E+01 ,  7.30627E+00 , -2.86225E-07 ,  4.46067E-07 ,  5.18898E-09 ,  8.56168E-11 , -7.30675E-01 , -1.74662E+00 ,  2.09859E+01 
     301 ,  2.85869E-02 ,  8.00771E+00 , -7.14377E+00 ,  5.87442E+00 , -3.60362E-06 ,  5.86465E-07 , -1.07955E-07 ,  8.93953E-11 , -5.87453E-01 , -7.14415E-01 ,  1.75788E+01 
     311 ,  2.95891E-02 ,  8.00771E+00 ,  2.82226E+00 ,  3.84980E+00 , -5.27780E-06 ,  5.84174E-07 , -1.97453E-07 ,  8.64632E-11 , -3.84959E-01 ,  2.82187E-01 ,  1.07568E+01 
     321 ,  3.06432E-02 ,  8.00771E+00 ,  9.81387E+00 ,  1.16502E+00 , -4.92237E-06 ,  4.77916E-07 , -2.35776E-07 ,  7.74435E-11 , -1.16464E-01 ,  9.81360E-01 ,  1.67934E+00 
     331 ,  3.18108E-02 ,  8.00771E+00 ,  1.31770E+01 , -1.87158E+00 , -2.53326E-06 ,  3.14279E-07 , -2.10134E-07 ,  6.47199E-11 ,  1.87203E-01 ,  1.31769E+00 , -7.61379E+00 
     341 ,  3.30622E-02 ,  8.00771E+00 ,  1.28757E+01 , -3.82466E+00 ,  7.56442E-07 ,  1.15436E-07 , -1.18296E-07 ,  5.63931E-11 ,  3.82506E-01 ,  1.28759E+00 , -1.29672E+01 
     351 ,  3.43570E-02 ,  8.00771E+00 ,  7.98769E+00 , -3.63334E+00 ,  3.52432E-06 , -8.71164E-08 ,  7.93700E-09 ,  5.75086E-11 ,  3.63356E-01 ,  7.98797E-01 , -1.23815E+01 
     361 ,  3.57123E-02 ,  8.00771E+00 , -8.00196E-01 , -1.42327E+00 ,  4.62381E-06 , -1.84632E-07 ,  9.97706E-08 ,  6.59789E-11 ,  1.42318E-01 , -7.99919E-02 , -6.24438E+00 
     371 ,  3.70509E-02 ,  8.00771E+00 , -1.02664E+01 ,  1.49389E+00 ,  3.99076E-06 , -8.17704E-08 ,  1.09027E-07 ,  7.77971E-11 , -1.49421E-01 , -1.02662E+00 ,  2.39753E+00 
     381 ,  3.83195E-02 ,  8.00771E+00 , -1.46636E+01 ,  3.74473E+00 ,  1.27608E-06 ,  1.72868E-07 ,  4.27477E-08 ,  8.71626E-11 , -3.74512E-01 , -1.46636E+00 ,  9.98302E+00 
     391 ,  3.95687E-02 ,  8.00771E+00 , -1.00620E+01 ,  4.44126E+00 , -2.19240E-06 ,  4.40909E-07 , -6.85025E-08 ,  9.19660E-11 , -4.44151E-01 , -1.00623E+00 ,  1.33230E+01 
     401 ,  4.06993E-02 ,  8.00771E+00 ,  2.78593E+00 ,  3.28418E+00 , -5.11854E-06 ,  5.33376E-07 , -1.69502E-07 ,  9.29219E-11 , -3.28414E-01 ,  2.78556E-01 ,  1.12560E+01 
     411 ,  4.17764E-02 ,  8.00771E+00 ,  1.53251E+01 ,  7.80663E-01 , -6.39550E-06 ,  3.99789E-07 , -2.27563E-07 ,  8.93276E-11 , -7.80342E-02 ,  1.53247E+00 ,  5.18883E+00 
     421 ,  4.28674E-02 ,  8.00771E+00 ,  2.08382E+01 , -2.19770E+00 , -5.60631E-06 ,  1.17247E-07 , -2.26444E-07 ,  7.94134E-11 ,  2.19815E-01 ,  2.08379E+00 , -2.59699E+00 
     431 ,  4.39205E-02 ,  8.00771E+00 ,  1.73880E+01 , -4.87087E+00 , -2.45189E-06 , -1.70324E-07 , -1.66262E-07 ,  6.57998E-11 ,  4.87128E-01 ,  1.73880E+00 , -1.03155E+01 
     441 ,  4.50373E-02 ,  8.00771E+00 ,  8.04474E+00 , -6.45173E+00 ,  1.92767E-06 , -3.62624E-07 , -5.60360E-08 ,  5.33499E-11 ,  6.45190E-01 ,  8.04500E-01 , -1.55388E+01 
     451 ,  4.63202E-02 ,  8.00771E+00 , -2.79014E+00 , -7.02546E+00 ,  5.56957E-06 , -4.05830E-07 ,  9.19529E-08 ,  4.53399E-11 ,  7.02529E-01 , -2.78969E-01 , -1.72966E+01 
     461 ,  4.75836E-02 ,  8.00771E+00 , -1.39799E+01 , -6.93653E+00 ,  8.05589E-06 , -2.55858E-07 ,  2.40173E-07 ,  4.70240E-11 ,  6.93593E-01 , -1.39794E+00 , -1.59399E+01 
     471 ,  4.89134E-02 ,  8.00771E+00 , -2.01083E+01 , -5.59353E+00 ,  8.46529E-06 ,  7.43828E-08 ,  3.83440E-07 ,  5.98204E-11 ,  5.59267E-01 , -2.01078E+00 , -1.13852E+01 
     481 ,  5.03339E-02 ,  8.00771E+00 , -1.87061E+01 , -1.98585E+00 ,  6.11226E-06 ,  4.75885E-07 ,  4.80386E-07 ,  7.96524E-11 ,  1.98507E-01 , -1.87058E+00 , -2.79467E+00 
     491 ,  5.16480E-02 ,  8.00771E+00 , -9.13223E+00 ,  3.66137E+00 ,  5.04440E-07 ,  7.27172E-07 ,  4.59767E-07 ,  9.34616E-11 , -3.66165E-01 , -9.13228E-01 ,  8.78102E+00 
     501 ,  5.29132E-02 ,  8.00771E+00 ,  3.21262E+00 ,  9.06486E+00 , -6.01006E-06 ,  7.43616E-07 ,  3.17444E-07 ,  9.50803E-11 , -9.06443E-01 ,  3.21218E-01 ,  1.90923E+01 
     511 ,  5.40692E-02 ,  8.00771E+00 ,  1.38620E+01 ,  1.33082E+01 , -1.14644E-05 ,  5.39321E-07 ,  8.52563E-08 ,  8.40484E-11 , -1.33071E+00 ,  1.38613E+00 ,  2.69036E+01 
     521 ,  5.52938E-02 ,  8.00771E+00 ,  1.57670E+01 ,  1.37115E+01 , -1.21438E-05 ,  2.40158E-07 , -1.97155E-07 ,  6.86851E-11 , -1.37103E+00 ,  1.57662E+00 ,  2.73936E+01 
     531 ,  5.63890E-02 ,  8.00771E+00 ,  1.04717E+01 ,  1.02568E+01 , -8.57658E-06 ,  2.12191E-08 , -4.17156E-07 ,  5.95877E-11 , -1.02560E+00 ,  1.04711E+00 ,  2.04112E+01 
     541 ,  5.74972E-02 ,  8.00771E+00 ,  1.41524E+00 ,  3.89956E+00 , -2.41407E-06 , -6.81433E-08 , -5.40583E-07 ,  5.98842E-11 , -3.89937E-01 ,  1.41504E-01 ,  7.69604E+00 
     551 ,  5.86132E-02 ,  8.00771E+00 , -7.27283E+00 , -3.36874E+00 ,  4.10824E-06 , -2.38721E-09 , -5.24442E-07 ,  6.96764E-11 ,  3.36833E-01 , -7.27257E-01 , -6.85473E+00 
     561 ,  5.98719E-02 ,  8.00771E+00 , -1.16457E+01 , -8.84621E+00 ,  8.38117E-06 ,  1.83991E-07 , -3.72442E-07 ,  8.42746E-11 ,  8.84544E-01 , -1.16452E+00 , -1.78590E+01 
     571 ,  6.11766E-02 ,  8.00771E+00 , -1.07696E+01 , -1.12878E+01 ,  9.42293E-06 ,  4.04561E-07 , -1.33010E-07 ,  9.56070E-11 ,  1.12870E+00 , -1.07689E+00 , -2.28834E+01 
     581 ,  6.24998E-02 ,  8.00771E+00 , -5.18748E+00 , -1.04830E+01 ,  7.41801E-06 ,  5.59795E-07 ,  1.19901E-07 ,  9.66687E-11 ,  1.04825E+00 , -5.18696E-01 , -2.15480E+01 
     591 ,  6.39146E-02 ,  8.00771E+00 ,  2.59583E+00 , -6.81822E+00 ,  3.54519E-06 ,  5.81420E-07 ,  3.22270E-07 ,  8.73767E-11 ,  6.81804E-01 ,  2.59610E-01 , -1.44691E+01 
     601 ,  6.52804E-02 ,  8.00771E+00 ,  9.71503E+00 , -1.78144E+00 , -8.85622E-07 ,  4.51179E-07 ,  4.05732E-07 ,  7.43322E-11 ,  1.78169E-01 ,  9.71502E-01 , -4.38199E+00 
     611 ,  6.67545E-02 ,  8.00771E+00 ,  1.29601E+01 ,  2.52300E+00 , -4.47549E-06 ,  2.06240E-07 ,  3.73183E-07 ,  6.26086E-11 , -2.52248E-01 ,  1.29599E+00 ,  4.62181E+00 
     621 ,  6.82245E-02 ,  8.00771E+00 ,  1.17136E+01 ,  5.50612E+00 , -6.72893E-06 , -4.45760E-08 ,  2.51299E-07 ,  5.48513E-11 , -5.50554E-01 ,  1.17132E+00 ,  1.12795E+01 
     631 ,  6.96231E-02 ,  8.00771E+00 ,  5.69429E+00 ,  7.09552E+00 , -7.09561E-06 , -1.85057E-07 ,  7.94559E-08 ,  5.27767E-11 , -7.09508E-01 ,  5.69379E-01 ,  1.54363E+01 
     641 ,  7.09322E-02 ,  8.00771E+00 , -2.37723E+00 ,  5.84977E+00 , -4.23658E-06 , -1.84611E-07 , -8.26819E-08 ,  5.66647E-11 , -5.84967E-01 , -2.37758E-01 ,  1.36892E+01 
     651 ,  7.22420E-02 ,  8.00771E+00 , -8.58191E+00 ,  2.85438E+00 , -4.89167E-08 , -6.79364E-08 , -1.89365E-07 ,  6.55739E-11 , -2.85462E-01 , -8.58198E-01 ,  7.91534E+00 
     661 ,  7.35590E-02 ,  8.00771E+00 , -1.21305E+01 , -8.14155E-01 ,  4.00763E-06 ,  1.12178E-07 , -2.07573E-07 ,  7.57028E-11 ,  8.13681E-02 , -1.21303E+00 ,  1.43432E-01 
     671 ,  7.48025E-02 ,  8.00771E+00 , -1.18698E+01 , -3.66037E+00 ,  6.31394E-06 ,  2.98457E-07 , -1.41555E-07 ,  8.31693E-11 ,  3.65984E-01 , -1.18694E+00 , -6.78890E+00 
     681 ,  7.60827E-02 ,  8.00771E+00 , -6.71195E+00 , -4.48594E+00 ,  5.67636E-06 ,  4.43376E-07 , -2.96930E-08 ,  8.68716E-11 ,  4.48560E-01 , -6.71159E-01 , -1.04481E+01 
     691 ,  7.74067E-02 ,  8.00771E+00 ,  6.22442E-01 , -3.32536E+00 ,  2.93825E-06 ,  4.84999E-07 ,  8.03829E-08 ,  8.59850E-11 ,  3.32532E-01 ,  6.22678E-02 , -9.81187E+00 
     701 ,  7.88719E-02 ,  8.00771E+00 ,  6.79889E+00 , -1.16531E+00 , -3.08825E-07 ,  3.97239E-07 ,  1.53100E-07 ,  8.12979E-11 ,  1.16559E-01 ,  6.79896E-01 , -6.14382E+00 
     711 ,  8.03748E-02 ,  8.00771E+00 ,  8.87000E+00 ,  1.15595E+00 , -2.64906E-06 ,  2.24181E-07 ,  1.63702E-07 ,  7.48897E-11 , -1.15552E-01 ,  8.86990E-01 , -7.15941E-01 
     721 ,  8.19301E-02 ,  8.00771E+00 ,  6.10595E+00 ,  3.27350E+00 , -3.51185E-06 ,  5.71635E-08 ,  1.08389E-07 ,  6.91308E-11 , -3.27313E-01 ,  6.10575E-01 ,  5.59145E+00 
     731 ,  8.35064E-02 ,  8.00771E+00 ,  7.90270E-01 ,  4.51545E+00 , -3.03882E-06 , -1.81891E-08 ,  2.74411E-09 ,  6.61721E-11 , -4.51527E-01 ,  7.90045E-02 ,  1.03075E+01 
     741 ,  8.50970E-02 ,  8.00771E+00 , -4.80587E+00 ,  4.77117E+00 , -1.99484E-06 ,  2.74171E-08 , -1.31319E-07 ,  6.73008E-11 , -4.77123E-01 , -4.80612E-01 ,  1.26251E+01 
     751 ,  8.66560E-02 ,  8.00771E+00 , -7.55606E+00 ,  3.82236E+00 , -1.13246E-06 ,  1.67726E-07 , -2.59219E-07 ,  7.19908E-11 , -3.82256E-01 , -7.55627E-01 ,  1.12732E+01 
     761 ,  8.81475E-02 ,  8.00771E+00 , -7.01404E+00 ,  1.56000E+00 , -3.52387E-07 ,  3.33833E-07 , -3.38866E-07 ,  7.83117E-11 , -1.56024E-01 , -7.01414E-01 ,  6.02890E+00 
     771 ,  8.94869E-02 ,  8.00771E+00 , -2.68943E+00 , -1.81494E+00 ,  5.97195E-07 ,  4.46663E-07 , -3.41350E-07 ,  8.37323E-11 ,  1.81475E-01 , -2.68938E-01 , -2.59411E+00 
     781 ,  9.07507E-02 ,  8.00771E+00 ,  3.58551E+00 , -5.18576E+00 ,  1.74620E-06 ,  4.59167E-07 , -2.66135E-07 ,  8.62250E-11 ,  5.18567E-01 ,  3.58570E-01 , -1.14318E+01 
     791 ,  9.20623E-02 ,  8.00771E+00 ,  9.28257E+00 , -7.73732E+00 ,  2.99440E-06 ,  3.47693E-07 , -1.17716E-07 ,  8.41763E-11 ,  7.73730E-01 ,  9.28288E-01 , -1.81087E+01 
     801 ,  9.34069E-02 ,  8.00771E+00 ,  1.18113E+01 , -8.60384E+00 ,  3.76901E-06 ,  1.43853E-07 ,  7.66792E-08 ,  7.74899E-11 ,  8.60391E-01 ,  1.18117E+00 , -2.03730E+01 
     811 ,  9.48140E-02 ,  8.00771E+00 ,  1.05065E+01 , -7.42901E+00 ,  3.57769E-06 , -7.99492E-08 ,  2.73891E-07 ,  6.78698E-11 ,  7.42907E-01 ,  1.05068E+00 , -1.75301E+01 
     821 ,  9.62565E-02 ,  8.00771E+00 ,  5.65645E+00 , -4.18462E+00 ,  2.05356E-06 , -2.31691E-07 ,  4.12912E-07 ,  5.90850E-11 ,  4.18464E-01 ,  5.65663E-01 , -9.65796E+00 
     831 ,  9.77886E-02 ,  8.00771E+00 , -6.06780E-01 ,  1.61972E-01 , -3.51761E-07 , -2.60531E-07 ,  4.55217E-07 ,  5.49405E-11 , -1.62002E-02 , -6.06812E-02 ,  8.62170E-01 
     841 ,  9.93944E-02 ,  8.00771E+00 , -4.91710E+00 ,  3.64535E+00 , -2.24702E-06 , -1.58032E-07 ,  3.81159E-07 ,  5.82287E-11 , -3.64541E-01 , -4.91730E-01 ,  9.20999E+00 
     851 ,  1.01008E-01 ,  8.00771E+00 , -6.85536E+00 ,  6.12482E+00 , -3.35654E-06 ,  1.00355E-08 ,  2.23281E-07 ,  6.71216E-11 , -6.12486E-01 , -6.85563E-01 ,  1.48707E+01 
     861 ,  1.02661E-01 ,  8.00771E+00 , -6.04335E+00 ,  7.07412E+00 , -3.49112E-06 ,  1.72416E-07 ,  2.47097E-08 ,  7.76845E-11 , -7.07411E-01 , -6.04365E-01 ,  1.64481E+01 
     871 ,  1.04220E-01 ,  8.00771E+00 , -3.30912E+00 ,  6.48337E+00 , -2.87318E-06 ,  2.61749E-07 , -1.53978E-07 ,  8.43854E-11 , -6.48322E-01 , -3.30936E-01 ,  1.39968E+01 
     881 ,  1.05628E-01 ,  8.00771E+00 ,  1.05042E-01 ,  4.40813E+00 , -1.66871E-06 ,  2.64063E-07 , -2.69652E-07 ,  8.47813E-11 , -4.40787E-01 ,  1.04908E-02 ,  7.98680E+00 
     891 ,  1.07005E-01 ,  8.00771E+00 ,  2.31874E+00 ,  1.52156E+00 , -9.43188E-08 ,  2.01975E-07 , -3.11849E-07 ,  8.00650E-11 , -1.52130E-01 ,  2.31874E-01 ,  6.30906E-01 
     901 ,  1.08407E-01 ,  8.00771E+00 ,  2.08379E+00 , -1.14959E+00 ,  1.39363E-06 ,  1.26118E-07 , -2.87969E-07 ,  7.53068E-11 ,  1.14974E-01 ,  2.08393E-01 , -5.26050E+00 
     911 ,  1.09799E-01 ,  8.00771E+00 , -2.06937E-02 , -3.08339E+00 ,  2.59008E-06 ,  8.61612E-08 , -2.12458E-07 ,  7.42829E-11 ,  3.08335E-01 , -2.04655E-03 , -8.70547E+00 
     921 ,  1.11238E-01 ,  8.00771E+00 , -3.11885E+00 , -4.08196E+00 ,  3.30614E-06 ,  1.14044E-07 , -1.08534E-07 ,  7.78070E-11 ,  4.08173E-01 , -3.11859E-01 , -9.43600E+00 
     931 ,  1.12682E-01 ,  8.00771E+00 , -5.63578E+00 , -3.96470E+00 ,  3.25604E-06 ,  2.06504E-07 , -6.41448E-09 ,  8.31677E-11 ,  3.96434E-01 , -5.63556E-01 , -7.48637E+00 
     941 ,  1.14208E-01 ,  8.00771E+00 , -6.36855E+00 , -3.06277E+00 ,  2.42114E-06 ,  3.33351E-07 ,  7.12387E-08 ,  8.63385E-11 ,  3.06239E-01 , -6.36841E-01 , -4.20258E+00 
     951 ,  1.15835E-01 ,  8.00771E+00 , -4.58003E+00 , -1.29574E+00 ,  5.29367E-07 ,  4.52624E-07 ,  1.14461E-07 ,  8.41671E-11 ,  1.29550E-01 , -4.57998E-01 ,  2.38374E-01 
     961 ,  1.17507E-01 ,  8.00771E+00 , -2.15378E+00 , -1.04383E-02 , -8.56970E-07 ,  5.08998E-07 ,  1.06900E-07 ,  7.51847E-11 ,  1.03513E-03 , -2.15388E-01 ,  2.66389E+00 
     971 ,  1.19181E-01 ,  8.00771E+00 ,  6.94853E-01 ,  8.95390E-01 , -1.84137E-06 ,  5.04072E-07 ,  7.03689E-08 ,  6.51701E-11 , -8.95329E-02 ,  6.94726E-02 ,  3.58200E+00 
     981 ,  1.20821E-01 ,  8.00771E+00 ,  3.47559E+00 ,  1.23956E+00 , -2.12077E-06 ,  4.44316E-07 ,  2.48344E-08 ,  5.93439E-11 , -1.23939E-01 ,  3.47546E-01 ,  2.87078E+00 
     991 ,  1.22405E-01 ,  8.00771E+00 ,  5.34260E+00 ,  9.32591E-01 , -1.55577E-06 ,  3.47915E-07 , -8.17262E-09 ,  6.02993E-11 , -9.32380E-02 ,  5.34253E-01 ,  8.36558E-01 
    1001 ,  1.23962E-01 ,  8.00771E+00 ,  5.59374E+00 ,  1.79495E-01 , -4.01233E-07 ,  2.37937E-07 , -1.75400E-08 ,  6.62483E-11 , -1.79327E-02 ,  5.59374E-01 , -1.58823E+00 
    1011 ,  1.25436E-01 ,  8.00771E+00 ,  4.47326E+00 , -6.90206E-01 ,  8.22370E-07 ,  1.46533E-07 ,  3.05850E-10 ,  7.30985E-11 ,  6.90301E-02 ,  4.47334E-01 , -3.61666E+00 
    1021 ,  1.26871E-01 ,  8.00771E+00 ,  2.49899E+00 , -1.39117E+00 ,  1.70532E-06 ,  8.75498E-08 ,  3.71823E-08 ,  7.75593E-11 ,  1.39119E-01 ,  2.49912E-01 , -4.65824E+00 
    1031 ,  1.28333E-01 ,  8.00771E+00 ,  5.18573E-01 , -1.61322E+00 ,  1.89628E-06 ,  6.98694E-08 ,  8.43883E-08 ,  7.79916E-11 ,  1.61317E-01 ,  5.18696E-02 , -4.27709E+00 
    1041 ,  1.29795E-01 ,  8.00771E+00 , -6.89756E-01 , -1.03560E+00 ,  1.20770E-06 ,  8.37886E-08 ,  1.23949E-07 ,  7.54479E-11 ,  1.03553E-01 , -6.89688E-02 , -2.17502E+00 
    1051 ,  1.31299E-01 ,  8.00771E+00 , -9.63204E-01 ,  3.41134E-01 , -1.46145E-07 ,  1.12868E-07 ,  1.35989E-07 ,  7.25945E-11 , -3.41161E-02 , -9.63247E-02 ,  1.28141E+00 
    1061 ,  1.32875E-01 ,  8.00771E+00 , -5.57297E-01 ,  2.13806E+00 , -1.71818E-06 ,  1.42414E-07 ,  1.02277E-07 ,  7.15614E-11 , -2.13801E-01 , -5.57442E-02 ,  5.14222E+00 
    1071 ,  1.34507E-01 ,  8.00771E+00 ,  1.81637E-01 ,  3.63292E+00 , -2.86823E-06 ,  1.59787E-07 ,  2.06294E-08 ,  7.29043E-11 , -3.63277E-01 ,  1.81425E-02 ,  7.96664E+00 
    1081 ,  1.36160E-01 ,  8.00771E+00 ,  9.43665E-01 ,  4.29114E+00 , -3.18411E-06 ,  1.56570E-07 , -9.16135E-08 ,  7.51619E-11 , -4.29093E-01 ,  9.43444E-02 ,  8.87095E+00 
    1091 ,  1.37821E-01 ,  8.00771E+00 ,  1.31487E+00 ,  3.78795E+00 , -2.46307E-06 ,  1.31723E-07 , -2.01801E-07 ,  7.69931E-11 , -3.78773E-01 ,  1.31469E-01 ,  7.42206E+00 
    1101 ,  1.39478E-01 ,  8.00771E+00 ,  9.17289E-01 ,  2.26856E+00 , -9.53836E-07 ,  9.79238E-08 , -2.78046E-07 ,  7.78327E-11 , -2.26842E-01 ,  9.17201E-02 ,  4.08788E+00 
    1111 ,  1.41111E-01 ,  8.00771E+00 , -2.14391E-01 ,  2.47527E-01 ,  7.54766E-07 ,  7.63705E-08 , -3.01273E-07 ,  7.83726E-11 , -2.47521E-02 , -2.14357E-02 , -4.60214E-02 
    1121 ,  1.42704E-01 ,  8.00771E+00 , -1.85077E+00 , -2.06695E+00 ,  2.35357E-06 ,  8.72086E-08 , -2.65621E-07 ,  7.95300E-11 ,  2.06681E-01 , -1.85062E-01 , -4.57790E+00 
    1131 ,  1.44244E-01 ,  8.00771E+00 , -3.28096E+00 , -4.14483E+00 ,  3.31646E-06 ,  1.38470E-07 , -1.75687E-07 ,  8.14209E-11 ,  4.14457E-01 , -3.28073E-01 , -8.46007E+00 
    1141 ,  1.45709E-01 ,  8.00771E+00 , -3.51918E+00 , -5.00818E+00 ,  3.20505E-06 ,  2.09935E-07 , -6.07375E-08 ,  8.28873E-11 ,  5.00789E-01 , -3.51894E-01 , -9.87296E+00 
    1151 ,  1.47161E-01 ,  8.00771E+00 , -2.64007E+00 , -4.76069E+00 ,  2.32653E-06 ,  2.76319E-07 ,  5.31654E-08 ,  8.22458E-11 ,  4.76042E-01 , -2.63987E-01 , -9.05333E+00 
    1161 ,  1.48645E-01 ,  8.00771E+00 , -1.23291E+00 , -3.71426E+00 ,  1.24889E-06 ,  3.17885E-07 ,  1.45282E-07 ,  7.85005E-11 ,  3.71409E-01 , -1.23282E-01 , -6.71775E+00 
    1171 ,  1.50203E-01 ,  8.00771E+00 ,  2.43718E-01 , -2.25343E+00 ,  2.60658E-07 ,  3.26370E-07 ,  2.03581E-07 ,  7.20166E-11 ,  2.25336E-01 ,  2.43743E-02 , -3.64419E+00 
    1181 ,  1.51817E-01 ,  8.00771E+00 ,  1.36444E+00 , -8.09407E-01 , -4.52553E-07 ,  3.04167E-07 ,  2.23951E-07 ,  6.47409E-11 ,  8.09413E-02 ,  1.36443E-01 , -7.48450E-01 
    1191 ,  1.53460E-01 ,  8.00771E+00 ,  2.03160E+00 ,  3.88570E-01 , -9.34684E-07 ,  2.63032E-07 ,  2.12154E-07 ,  5.95503E-11 , -3.88508E-02 ,  2.03152E-01 ,  1.47215E+00 
    1201 ,  1.55123E-01 ,  8.00771E+00 ,  2.34582E+00 ,  1.30379E+00 , -1.26910E-06 ,  2.15486E-07 ,  1.77773E-07 ,  5.84202E-11 , -1.30369E-01 ,  2.34572E-01 ,  2.94347E+00 
    1211 ,  1.56787E-01 ,  8.00771E+00 ,  2.44136E+00 ,  2.03581E+00 , -1.46313E-06 ,  1.70786E-07 ,  1.28700E-07 ,  6.18175E-11 , -2.03569E-01 ,  2.44125E-01 ,  3.86663E+00 
    1221 ,  1.58434E-01 ,  8.00771E+00 ,  2.35912E+00 ,  2.50651E+00 , -1.38727E-06 ,  1.31755E-07 ,  7.29202E-08 ,  6.77533E-11 , -2.50637E-01 ,  2.35899E-01 ,  4.22286E+00 
    1231 ,  1.60055E-01 ,  8.00771E+00 ,  2.12024E+00 ,  2.75616E+00 , -1.05136E-06 ,  9.61642E-08 ,  1.56207E-08 ,  7.38723E-11 , -2.75601E-01 ,  2.12015E-01 ,  4.22963E+00 
    1241 ,  1.61638E-01 ,  8.00771E+00 ,  1.64540E+00 ,  2.78180E+00 , -5.74125E-07 ,  6.17570E-08 , -4.00636E-08 ,  7.83610E-11 , -2.78163E-01 ,  1.64533E-01 ,  4.02978E+00 
    1251 ,  1.63170E-01 ,  8.00771E+00 ,  9.36273E-01 ,  2.55567E+00 , -2.14217E-07 ,  3.18548E-08 , -9.11951E-08 ,  8.06082E-11 , -2.55552E-01 ,  9.36239E-02 ,  3.69400E+00 
    1261 ,  1.64640E-01 ,  8.00771E+00 ,  2.91161E-02 ,  2.01901E+00 , -9.33995E-08 ,  1.63922E-08 , -1.33892E-07 ,  8.13988E-11 , -2.01890E-01 ,  2.90920E-03 ,  3.11295E+00 
    1271 ,  1.66116E-01 ,  8.00771E+00 , -8.17288E-01 ,  1.17822E+00 , -1.95609E-07 ,  2.30825E-08 , -1.64573E-07 ,  8.18595E-11 , -1.17818E-01 , -8.17304E-02 ,  2.16516E+00 
    1281 ,  1.67592E-01 ,  8.00771E+00 , -1.30098E+00 ,  1.99186E-01 , -3.45670E-07 ,  5.27063E-08 , -1.77526E-07 ,  8.23414E-11 , -1.99211E-02 , -1.30100E-01 ,  9.19351E-01 
    1291 ,  1.69120E-01 ,  8.00771E+00 , -1.33382E+00 , -8.06770E-01 , -3.72572E-07 ,  9.51145E-08 , -1.70196E-07 ,  8.24620E-11 ,  8.06683E-02 , -1.33386E-01 , -5.62740E-01 
    1301 ,  1.70727E-01 ,  8.00771E+00 , -1.02818E+00 , -1.64283E+00 , -1.30721E-07 ,  1.36310E-07 , -1.41587E-07 ,  8.13209E-11 ,  1.64272E-01 , -1.02818E-01 , -2.04270E+00 
    1311 ,  1.72390E-01 ,  8.00771E+00 , -7.42449E-01 , -2.11093E+00 ,  3.66323E-07 ,  1.63138E-07 , -9.49036E-08 ,  7.81091E-11 ,  2.11081E-01 , -7.42416E-02 , -3.17449E+00 
    1321 ,  1.74072E-01 ,  8.00771E+00 , -7.88082E-01 , -2.18627E+00 ,  9.63041E-07 ,  1.74157E-07 , -3.98820E-08 ,  7.34136E-11 ,  2.18617E-01 , -7.88009E-02 , -3.81096E+00 
    1331 ,  1.75754E-01 ,  8.00771E+00 , -1.20315E+00 , -1.98787E+00 ,  1.41784E-06 ,  1.79340E-07 ,  1.40800E-08 ,  6.88749E-11 ,  1.98778E-01 , -1.20304E-01 , -3.94414E+00 
    1341 ,  1.77416E-01 ,  8.00771E+00 , -1.92060E+00 , -1.62051E+00 ,  1.66980E-06 ,  1.91691E-07 ,  6.02747E-08 ,  6.64384E-11 ,  1.62043E-01 , -1.92049E-01 , -3.64861E+00 
    1351 ,  1.79046E-01 ,  8.00771E+00 , -2.67630E+00 , -1.19921E+00 ,  1.66354E-06 ,  2.20275E-07 ,  9.49500E-08 ,  6.69415E-11 ,  1.19912E-01 , -2.67618E-01 , -2.96710E+00 
    1361 ,  1.80641E-01 ,  8.00771E+00 , -3.26074E+00 , -6.82542E-01 ,  1.37316E-06 ,  2.69040E-07 ,  1.15601E-07 ,  7.04191E-11 ,  6.82435E-02 , -3.26065E-01 , -1.74266E+00 
    1371 ,  1.82207E-01 ,  8.00771E+00 , -3.07564E+00 , -2.04532E-01 ,  8.52474E-07 ,  3.27563E-07 ,  1.22091E-07 ,  7.49205E-11 ,  2.04423E-02 , -3.07560E-01 , -3.21585E-01 
    1381 ,  1.83757E-01 ,  8.00771E+00 , -2.02481E+00 ,  2.35925E-01 ,  1.81276E-07 ,  3.75459E-07 ,  1.15298E-07 ,  7.80956E-11 , -2.36007E-02 , -2.02483E-01 ,  1.05153E+00 
    1391 ,  1.85293E-01 ,  8.00771E+00 , -3.60862E-01 ,  6.18814E-01 , -5.28928E-07 ,  3.94578E-07 ,  9.70885E-08 ,  7.85167E-11 , -6.18832E-02 , -3.60919E-02 ,  2.11116E+00 
    1401 ,  1.86861E-01 ,  8.00771E+00 ,  1.48271E+00 ,  9.26447E-01 , -1.16452E-06 ,  3.75186E-07 ,  6.97299E-08 ,  7.59351E-11 , -9.26396E-02 ,  1.48261E-01 ,  2.70084E+00 
    1411 ,  1.88463E-01 ,  8.00771E+00 ,  2.85696E+00 ,  1.11388E+00 , -1.53067E-06 ,  3.21758E-07 ,  3.81230E-08 ,  7.15899E-11 , -1.11376E-01 ,  2.85685E-01 ,  2.67429E+00 
    1421 ,  1.90096E-01 ,  8.00771E+00 ,  3.32703E+00 ,  1.19922E+00 , -1.51862E-06 ,  2.50401E-07 ,  8.07581E-09 ,  6.74330E-11 , -1.19907E-01 ,  3.32694E-01 ,  2.18130E+00 
    1431 ,  1.91753E-01 ,  8.00771E+00 ,  2.78164E+00 ,  1.23973E+00 , -1.13144E-06 ,  1.86143E-07 , -1.69002E-08 ,  6.57278E-11 , -1.23958E-01 ,  2.78156E-01 ,  1.56091E+00 
    1441 ,  1.93420E-01 ,  8.00771E+00 ,  1.63690E+00 ,  1.29330E+00 , -5.62184E-07 ,  1.46433E-07 , -3.76533E-08 ,  6.73718E-11 , -1.29317E-01 ,  1.63687E-01 ,  1.19949E+00 
    1451 ,  1.95083E-01 ,  8.00771E+00 ,  3.77013E-01 ,  1.36435E+00 , -2.50933E-08 ,  1.36384E-07 , -5.75459E-08 ,  7.17972E-11 , -1.36426E-01 ,  3.77014E-02 ,  1.22844E+00 
    1461 ,  1.96727E-01 ,  8.00771E+00 , -5.38385E-01 ,  1.39577E+00 ,  2.95285E-07 ,  1.50347E-07 , -8.01025E-08 ,  7.75257E-11 , -1.39572E-01 , -5.38368E-02 ,  1.57564E+00 
    1471 ,  1.98348E-01 ,  8.00771E+00 , -7.40156E-01 ,  1.27704E+00 ,  2.69703E-07 ,  1.73007E-07 , -1.05999E-07 ,  8.25500E-11 , -1.27702E-01 , -7.40157E-02 ,  1.97618E+00 
    1481 ,  1.99945E-01 ,  8.00771E+00 , -1.47480E-01 ,  8.79654E-01 , -5.62159E-08 ,  1.87313E-07 , -1.31755E-07 ,  8.52262E-11 , -8.79651E-02 , -1.47502E-02 ,  1.99159E+00 
    1491 ,  2.01527E-01 ,  8.00771E+00 ,  9.58277E-01 ,  1.22372E-01 , -4.81429E-07 ,  1.79778E-07 , -1.49153E-07 ,  8.48257E-11 , -1.22378E-02 ,  9.58230E-02 ,  1.21461E+00 
    1501 ,  2.03104E-01 ,  8.00771E+00 ,  1.87220E+00 , -8.64825E-01 , -6.64655E-07 ,  1.51053E-07 , -1.48728E-07 ,  8.18242E-11 ,  8.64807E-02 ,  1.87215E-01 , -3.88524E-01 
    1511 ,  2.04685E-01 ,  8.00771E+00 ,  2.13345E+00 , -1.93755E+00 , -4.44976E-07 ,  1.11240E-07 , -1.22359E-07 ,  7.72326E-11 ,  1.93751E-01 ,  2.13344E-01 , -2.53822E+00 
    1521 ,  2.06280E-01 ,  8.00771E+00 ,  1.47296E+00 , -2.84711E+00 ,  2.10553E-07 ,  7.73736E-08 , -6.85881E-08 ,  7.22929E-11 ,  2.84704E-01 ,  1.47299E-01 , -4.70900E+00 
    1531 ,  2.07894E-01 ,  8.00771E+00 ,  4.59800E-02 , -3.32369E+00 ,  1.11442E-06 ,  6.61695E-08 ,  7.24009E-09 ,  6.81164E-11 ,  3.32357E-01 ,  4.60929E-03 , -6.23249E+00 
    1541 ,  2.09525E-01 ,  8.00771E+00 , -1.54089E+00 , -3.19647E+00 ,  1.87891E-06 ,  8.60227E-08 ,  9.19803E-08 ,  6.55996E-11 ,  3.19632E-01 , -1.54073E-01 , -6.54595E+00 
    1551 ,  2.11169E-01 ,  8.00771E+00 , -2.96504E+00 , -2.33638E+00 ,  2.25707E-06 ,  1.34691E-07 ,  1.68091E-07 ,  6.53735E-11 ,  2.33622E-01 , -2.96489E-01 , -5.30734E+00 
    1561 ,  2.12818E-01 ,  8.00771E+00 , -3.42414E+00 , -1.13116E+00 ,  1.95973E-06 ,  2.02099E-07 ,  2.16327E-07 ,  6.74598E-11 ,  1.13104E-01 , -3.42401E-01 , -3.06245E+00 
    1571 ,  2.14462E-01 ,  8.00771E+00 , -2.93212E+00 ,  3.00072E-01 ,  1.06243E-06 ,  2.68358E-07 ,  2.27453E-07 ,  7.08457E-11 , -3.00135E-02 , -2.93205E-01 , -9.46909E-02 
    1581 ,  2.16092E-01 ,  8.00771E+00 , -1.50989E+00 ,  1.78744E+00 , -3.06995E-07 ,  3.14593E-07 ,  1.98162E-07 ,  7.43159E-11 , -1.78742E-01 , -1.50993E-01 ,  3.20008E+00 
    1591 ,  2.17706E-01 ,  8.00771E+00 ,  4.39609E-01 ,  3.00617E+00 , -1.73502E-06 ,  3.24967E-07 ,  1.31778E-07 ,  7.66469E-11 , -3.00606E-01 ,  4.39474E-02 ,  6.02185E+00 
    1601 ,  2.19303E-01 ,  8.00771E+00 ,  2.25846E+00 ,  3.69781E+00 , -2.74751E-06 ,  2.95044E-07 ,  4.11130E-08 ,  7.71380E-11 , -3.69761E-01 ,  2.25824E-01 ,  7.68089E+00 
    1611 ,  2.20887E-01 ,  8.00771E+00 ,  3.38947E+00 ,  3.72063E+00 , -3.02947E-06 ,  2.34280E-07 , -5.64033E-08 ,  7.59892E-11 , -3.72039E-01 ,  3.38925E-01 ,  7.78802E+00 
    1621 ,  2.22466E-01 ,  8.00771E+00 ,  3.39628E+00 ,  3.12063E+00 , -2.52943E-06 ,  1.59655E-07 , -1.42976E-07 ,  7.39667E-11 , -3.12040E-01 ,  3.39609E-01 ,  6.44106E+00 
    1631 ,  2.24047E-01 ,  8.00771E+00 ,  2.33950E+00 ,  1.91855E+00 , -1.35298E-06 ,  9.71930E-08 , -2.03191E-07 ,  7.27737E-11 , -1.91841E-01 ,  2.33941E-01 ,  3.74501E+00 
    1641 ,  2.25640E-01 ,  8.00771E+00 ,  8.79481E-01 ,  5.15911E-01 , -3.44221E-08 ,  6.64916E-08 , -2.26184E-07 ,  7.37144E-11 , -5.15862E-02 ,  8.79468E-02 ,  6.63930E-01 
    1651 ,  2.27247E-01 ,  8.00771E+00 , -4.14044E-01 , -9.01694E-01 ,  1.12833E-06 ,  7.13203E-08 , -2.10130E-07 ,  7.67481E-11 ,  9.01642E-02 , -4.13974E-02 , -2.35958E+00 
    1661 ,  2.28870E-01 ,  8.00771E+00 , -1.00707E+00 , -2.05051E+00 ,  1.83951E-06 ,  1.01821E-07 , -1.59257E-07 ,  8.07665E-11 ,  2.05039E-01 , -1.00694E-01 , -4.71201E+00 
    1671 ,  2.30508E-01 ,  8.00771E+00 , -5.39671E-01 , -2.75680E+00 ,  1.91336E-06 ,  1.36500E-07 , -8.59233E-08 ,  8.39693E-11 ,  2.75666E-01 , -5.39529E-02 , -6.01154E+00 
    1681 ,  2.32153E-01 ,  8.00771E+00 ,  4.97298E-01 , -2.70277E+00 ,  1.42608E-06 ,  1.51312E-07 , -7.38373E-09 ,  8.42514E-11 ,  2.70267E-01 ,  4.97400E-02 , -5.69516E+00 
    1691 ,  2.33796E-01 ,  8.00771E+00 ,  1.62438E+00 , -2.04974E+00 ,  5.89978E-07 ,  1.35312E-07 ,  5.55783E-08 ,  8.12940E-11 ,  2.04970E-01 ,  1.62444E-01 , -4.09871E+00 
    1701 ,  2.35429E-01 ,  8.00771E+00 ,  2.15944E+00 , -1.02544E+00 , -2.95739E-07 ,  9.36594E-08 ,  8.93137E-08 ,  7.59647E-11 ,  1.02547E-01 ,  2.15944E-01 , -1.71895E+00 
    1711 ,  2.37047E-01 ,  8.00771E+00 ,  1.62653E+00 , -2.99108E-02 , -8.77351E-07 ,  4.74112E-08 ,  9.13151E-08 ,  7.03915E-11 ,  2.99609E-03 ,  1.62648E-01 ,  5.73514E-01 
    1721 ,  2.38648E-01 ,  8.00771E+00 , -1.32706E-02 ,  6.78719E-01 , -9.89606E-07 ,  2.35512E-08 ,  6.87640E-08 ,  6.66612E-11 , -6.78688E-02 , -1.33576E-03 ,  2.22333E+00 
    1731 ,  2.40237E-01 ,  8.00771E+00 , -2.20109E+00 ,  8.34332E-01 , -5.70565E-07 ,  4.26967E-08 ,  3.55122E-08 ,  6.62140E-11 , -8.34362E-02 , -2.20115E-01 ,  2.62092E+00 
    1741 ,  2.41822E-01 ,  8.00771E+00 , -3.97850E+00 ,  4.74395E-01 ,  1.54449E-07 ,  1.06050E-07 ,  8.38310E-09 ,  6.85727E-11 , -4.74504E-02 , -3.97851E-01 ,  1.80440E+00 
    1751 ,  2.43409E-01 ,  8.00771E+00 , -4.87027E+00 , -1.83041E-01 ,  9.47907E-07 ,  1.97746E-07 , -1.22361E-10 ,  7.24001E-11 ,  1.82884E-02 , -4.87023E-01 ,  2.06323E-01 
    1761 ,  2.45005E-01 ,  8.00771E+00 , -4.54041E+00 , -7.71688E-01 ,  1.47160E-06 ,  2.91775E-07 ,  1.33977E-08 ,  7.57752E-11 ,  7.71525E-02 , -4.54033E-01 , -1.38437E+00 
    1771 ,  2.46614E-01 ,  8.00771E+00 , -3.16018E+00 , -1.01204E+00 ,  1.55698E-06 ,  3.61906E-07 ,  4.30499E-08 ,  7.74740E-11 ,  1.01193E-01 , -3.16008E-01 , -2.34338E+00 
    1781 ,  2.48235E-01 ,  8.00771E+00 , -1.22263E+00 , -7.07559E-01 ,  1.13270E-06 ,  3.91405E-07 ,  7.50840E-08 ,  7.69886E-11 ,  7.07525E-02 , -1.22255E-01 , -2.15506E+00 
    1791 ,  2.49864E-01 ,  8.00771E+00 ,  6.00434E-01 ,  1.08608E-01 ,  3.26297E-07 ,  3.77048E-07 ,  9.28128E-08 ,  7.50600E-11 , -1.08542E-02 ,  6.00457E-02 , -7.71076E-01 
    1801 ,  2.51496E-01 ,  8.00771E+00 ,  1.68975E+00 ,  1.21098E+00 , -6.07641E-07 ,  3.33243E-07 ,  8.32829E-08 ,  7.30421E-11 , -1.21085E-01 ,  1.68971E-01 ,  1.44983E+00 
    1811 ,  2.53125E-01 ,  8.00771E+00 ,  1.80446E+00 ,  2.27960E+00 , -1.40089E-06 ,  2.83124E-07 ,  4.13764E-08 ,  7.22345E-11 , -2.27943E-01 ,  1.80436E-01 ,  3.88683E+00 
    1821 ,  2.54745E-01 ,  8.00771E+00 ,  1.13244E+00 ,  2.85931E+00 , -1.76504E-06 ,  2.47194E-07 , -2.60792E-08 ,  7.31930E-11 , -2.85916E-01 ,  1.13231E-01 ,  5.52516E+00 
    1831 ,  2.56357E-01 ,  8.00771E+00 ,  1.65713E-01 ,  2.76638E+00 , -1.65526E-06 ,  2.36070E-07 , -1.02075E-07 ,  7.55047E-11 , -2.76629E-01 ,  1.65583E-02 ,  5.86650E+00 
    1841 ,  2.57959E-01 ,  8.00771E+00 , -5.37559E-01 ,  1.95594E+00 , -1.14565E-06 ,  2.46862E-07 , -1.67027E-07 ,  7.81476E-11 , -1.95592E-01 , -5.37664E-02 ,  4.66457E+00 
    1851 ,  2.59554E-01 ,  8.00771E+00 , -5.53970E-01 ,  5.80915E-01 , -4.08959E-07 ,  2.66323E-07 , -2.02273E-07 ,  8.01210E-11 , -5.80940E-02 , -5.54021E-02 ,  2.07887E+00 
    1861 ,  2.61147E-01 ,  8.00771E+00 ,  2.70302E-01 , -1.12549E+00 ,  3.79067E-07 ,  2.76471E-07 , -1.95144E-07 ,  8.05005E-11 ,  1.12542E-01 ,  2.70320E-02 , -1.51028E+00 
    1871 ,  2.62741E-01 ,  8.00771E+00 ,  1.51920E+00 , -2.48551E+00 ,  9.12481E-07 ,  2.64342E-07 , -1.47235E-07 ,  7.91944E-11 ,  2.48544E-01 ,  1.51928E-01 , -4.66893E+00 
    1881 ,  2.64341E-01 ,  8.00771E+00 ,  2.78110E+00 , -3.35973E+00 ,  1.19841E-06 ,  2.26250E-07 , -6.90345E-08 ,  7.65788E-11 ,  3.35967E-01 ,  2.78120E-01 , -6.98654E+00 
    1891 ,  2.65949E-01 ,  8.00771E+00 ,  3.41437E+00 , -3.52858E+00 ,  1.22873E-06 ,  1.67691E-07 ,  2.39770E-08 ,  7.32831E-11 ,  3.52855E-01 ,  3.41449E-01 , -7.74299E+00 
    1901 ,  2.67565E-01 ,  8.00771E+00 ,  3.19615E+00 , -2.96010E+00 ,  1.04849E-06 ,  1.04412E-07 ,  1.11918E-07 ,  7.01996E-11 ,  2.96010E-01 ,  3.19626E-01 , -6.79721E+00 
    1911 ,  2.69187E-01 ,  8.00771E+00 ,  2.14201E+00 , -1.87785E+00 ,  7.21969E-07 ,  5.50329E-08 ,  1.75237E-07 ,  6.81000E-11 ,  1.87785E-01 ,  2.14209E-01 , -4.48865E+00 
    1921 ,  2.70813E-01 ,  8.00771E+00 ,  5.44989E-01 , -5.12515E-01 ,  2.94245E-07 ,  3.34455E-08 ,  2.02523E-07 ,  6.73761E-11 ,  5.12518E-02 ,  5.45022E-02 , -1.33455E+00 
    1931 ,  2.72440E-01 ,  8.00771E+00 , -1.11870E+00 ,  8.70453E-01 , -2.01467E-07 ,  4.56072E-08 ,  1.90506E-07 ,  6.79928E-11 , -8.70462E-02 , -1.11872E-01 ,  1.97835E+00 
    1941 ,  2.74063E-01 ,  8.00771E+00 , -2.35573E+00 ,  2.01208E+00 , -7.01290E-07 ,  8.69046E-08 ,  1.43786E-07 ,  6.97475E-11 , -2.01209E-01 , -2.35582E-01 ,  4.72889E+00 
    1951 ,  2.75682E-01 ,  8.00771E+00 , -2.82081E+00 ,  2.68451E+00 , -1.08723E-06 ,  1.44023E-07 ,  7.39832E-08 ,  7.21584E-11 , -2.68452E-01 , -2.82093E-01 ,  6.27762E+00 
    1961 ,  2.77293E-01 ,  8.00771E+00 , -2.48861E+00 ,  2.86551E+00 , -1.29939E-06 ,  1.99955E-07 , -4.08724E-09 ,  7.47134E-11 , -2.86549E-01 , -2.48874E-01 ,  6.51412E+00 
    1971 ,  2.78897E-01 ,  8.00771E+00 , -1.51396E+00 ,  2.47661E+00 , -1.19670E-06 ,  2.39010E-07 , -7.43112E-08 ,  7.67800E-11 , -2.47656E-01 , -1.51406E-01 ,  5.28739E+00 
    1981 ,  2.80494E-01 ,  8.00771E+00 , -4.09560E-01 ,  1.69779E+00 , -7.94578E-07 ,  2.52950E-07 , -1.23202E-07 ,  7.79929E-11 , -1.69772E-01 , -4.09629E-02 ,  3.15427E+00 
    1991 ,  2.82087E-01 ,  8.00771E+00 ,  4.86218E-01 ,  7.06231E-01 , -1.90995E-07 ,  2.43822E-07 , -1.43968E-07 ,  7.83549E-11 , -7.06153E-02 ,  4.86205E-02 ,  6.30113E-01 
    2001 ,  2.83680E-01 ,  8.00771E+00 ,  8.84489E-01 , -2.30784E-01 ,  4.18550E-07 ,  2.21086E-07 , -1.36364E-07 ,  7.80650E-11 ,  2.30842E-02 ,  8.84515E-02 , -1.55851E+00 
    2011 ,  2.85277E-01 ,  8.00771E+00 ,  7.39276E-01 , -9.18494E-01 ,  8.48638E-07 ,  1.98498E-07 , -1.08101E-07 ,  7.76000E-11 ,  9.18513E-02 ,  7.39343E-02 , -2.91265E+00 
    2021 ,  2.86881E-01 ,  8.00771E+00 ,  2.50474E-01 , -1.25408E+00 ,  9.70835E-07 ,  1.88037E-07 , -6.95025E-08 ,  7.72884E-11 ,  1.25406E-01 ,  2.50538E-02 , -3.22651E+00 
    2031 ,  2.88494E-01 ,  8.00771E+00 , -2.05248E-01 , -1.22080E+00 ,  7.60158E-07 ,  1.94081E-07 , -3.23048E-08 ,  7.73136E-11 ,  1.22074E-01 , -2.05194E-02 , -2.59631E+00 
    2041 ,  2.90115E-01 ,  8.00771E+00 , -3.04187E-01 , -9.15406E-01 ,  2.94204E-07 ,  2.10586E-07 , -6.39914E-09 ,  7.73846E-11 ,  9.15350E-02 , -3.04155E-02 , -1.35838E+00 
    2051 ,  2.91742E-01 ,  8.00771E+00 ,  1.37256E-01 , -5.43782E-01 , -1.99565E-07 ,  2.24235E-07 ,  5.08186E-09 ,  7.69733E-11 ,  5.43731E-02 ,  1.37243E-02 , -1.99047E-01 
    2061 ,  2.93368E-01 ,  8.00771E+00 ,  1.01195E+00 , -2.41332E-01 , -5.86040E-07 ,  2.20863E-07 ,  4.40960E-09 ,  7.57595E-11 ,  2.41313E-02 ,  1.01189E-01 ,  5.37441E-01 
    2071 ,  2.94988E-01 ,  8.00771E+00 ,  1.98957E+00 , -1.32145E-01 , -7.26141E-07 ,  1.94003E-07 , -1.21098E-09 ,  7.38246E-11 ,  1.32172E-02 ,  1.98951E-01 ,  5.59629E-01 
    2081 ,  2.96599E-01 ,  8.00771E+00 ,  2.69222E+00 , -2.32071E-01 , -5.84301E-07 ,  1.45310E-07 , -4.39877E-09 ,  7.16665E-11 ,  2.32127E-02 ,  2.69219E-01 , -8.12274E-02 
    2091 ,  2.98201E-01 ,  8.00771E+00 ,  2.73048E+00 , -4.69340E-01 , -2.23007E-07 ,  8.77485E-08 ,  7.59459E-10 ,  7.02385E-11 ,  4.69409E-02 ,  2.73048E-01 , -1.04299E+00 
    2101 ,  2.99794E-01 ,  8.00771E+00 ,  2.01121E+00 , -7.41325E-01 ,  2.69355E-07 ,  3.91877E-08 ,  1.64676E-08 ,  7.00489E-11 ,  7.41368E-02 ,  2.01125E-01 , -1.99221E+00 
    2111 ,  3.01383E-01 ,  8.00771E+00 ,  7.17941E-01 , -8.99377E-01 ,  7.15142E-07 ,  1.44055E-08 ,  4.08483E-08 ,  7.12435E-11 ,  8.99373E-02 ,  7.18005E-02 , -2.50380E+00 
    2121 ,  3.02973E-01 ,  8.00771E+00 , -7.55472E-01 , -8.25198E-01 ,  9.57453E-07 ,  2.14149E-08 ,  6.79026E-08 ,  7.32881E-11 ,  8.25157E-02 , -7.55401E-02 , -2.30609E+00 
    2131 ,  3.04569E-01 ,  8.00771E+00 , -1.94163E+00 , -4.70214E-01 ,  8.89333E-07 ,  5.64008E-08 ,  8.89993E-08 ,  7.53043E-11 ,  4.70150E-02 , -1.94158E-01 , -1.35753E+00 
    2141 ,  3.06174E-01 ,  8.00771E+00 , -2.63022E+00 ,  1.58604E-01 ,  5.05595E-07 ,  1.09130E-07 ,  9.56332E-08 ,  7.63975E-11 , -1.58666E-02 , -2.63019E-01 ,  2.31917E-01 
    2151 ,  3.07790E-01 ,  8.00771E+00 , -2.71880E+00 ,  9.19366E-01 , -7.07191E-08 ,  1.65605E-07 ,  8.16497E-08 ,  7.62755E-11 , -9.19392E-02 , -2.71882E-01 ,  2.04400E+00 
    2161 ,  3.09415E-01 ,  8.00771E+00 , -2.35123E+00 ,  1.65738E+00 , -6.74743E-07 ,  2.13915E-07 ,  4.65878E-08 ,  7.53647E-11 , -1.65737E-01 , -2.35129E-01 ,  3.68833E+00 
    2171 ,  3.11043E-01 ,  8.00771E+00 , -1.78506E+00 ,  2.17820E+00 , -1.10392E-06 ,  2.48017E-07 , -5.72047E-09 ,  7.43954E-11 , -2.17815E-01 , -1.78515E-01 ,  4.74434E+00 
    2181 ,  3.12671E-01 ,  8.00771E+00 , -1.30913E+00 ,  2.28015E+00 , -1.17686E-06 ,  2.68161E-07 , -6.55208E-08 ,  7.42428E-11 , -2.28008E-01 , -1.30923E-01 ,  4.83575E+00 
    2191 ,  3.14292E-01 ,  8.00771E+00 , -1.03847E+00 ,  1.90528E+00 , -8.71170E-07 ,  2.78984E-07 , -1.19789E-07 ,  7.52487E-11 , -1.90522E-01 , -1.03855E-01 ,  3.91568E+00 
    2201 ,  3.15903E-01 ,  8.00771E+00 , -9.59702E-01 ,  1.03552E+00 , -2.27292E-07 ,  2.86469E-07 , -1.55459E-07 ,  7.70715E-11 , -1.03551E-01 , -9.59721E-02 ,  2.01409E+00 
    2211 ,  3.17505E-01 ,  8.00771E+00 , -9.65407E-01 , -9.74283E-02 ,  5.16339E-07 ,  2.94462E-07 , -1.63556E-07 ,  7.90283E-11 ,  9.73987E-03 , -9.65374E-02 , -3.29217E-01 
    2221 ,  3.19098E-01 ,  8.00771E+00 , -9.05726E-01 , -1.24812E+00 ,  1.14865E-06 ,  3.03813E-07 , -1.41886E-07 ,  8.02100E-11 ,  1.24805E-01 , -9.05651E-02 , -2.61081E+00 
    2231 ,  3.20688E-01 ,  8.00771E+00 , -6.53984E-01 , -2.23239E+00 ,  1.52923E-06 ,  3.12852E-07 , -9.35822E-08 ,  8.01419E-11 ,  2.23229E-01 , -6.53879E-02 , -4.48169E+00 
    2241 ,  3.22277E-01 ,  8.00771E+00 , -1.80413E-01 , -2.74449E+00 ,  1.52317E-06 ,  3.17693E-07 , -2.81759E-08 ,  7.87446E-11 ,  2.74437E-01 , -1.80306E-02 , -5.38244E+00 
    2251 ,  3.23870E-01 ,  8.00771E+00 ,  4.75687E-01 , -2.69386E+00 ,  1.14979E-06 ,  3.14373E-07 ,  4.03819E-08 ,  7.62355E-11 ,  2.69376E-01 ,  4.75779E-02 , -5.17948E+00 
    2261 ,  3.25471E-01 ,  8.00771E+00 ,  1.20820E+00 , -2.09087E+00 ,  5.05942E-07 ,  3.00209E-07 ,  9.76555E-08 ,  7.32786E-11 ,  2.09083E-01 ,  1.20827E-01 , -3.92791E+00 
    2271 ,  3.27080E-01 ,  8.00771E+00 ,  1.83016E+00 , -1.13572E+00 , -1.95666E-07 ,  2.74614E-07 ,  1.32329E-07 ,  7.05291E-11 ,  1.13573E-01 ,  1.83016E-01 , -2.03966E+00 
    2281 ,  3.28696E-01 ,  8.00771E+00 ,  2.19616E+00 , -1.10926E-01 , -7.55549E-07 ,  2.40081E-07 ,  1.40184E-07 ,  6.85109E-11 ,  1.10982E-02 ,  2.19611E-01 , -6.51317E-02 
    2291 ,  3.30317E-01 ,  8.00771E+00 ,  2.25434E+00 ,  7.76328E-01 , -1.07235E-06 ,  2.01082E-07 ,  1.23309E-07 ,  6.75190E-11 , -7.76234E-02 ,  2.25427E-01 ,  1.60132E+00 
    2301 ,  3.31939E-01 ,  8.00771E+00 ,  2.00761E+00 ,  1.33697E+00 , -1.10349E-06 ,  1.63163E-07 ,  9.01203E-08 ,  6.76331E-11 , -1.33686E-01 ,  2.00753E-01 ,  2.60406E+00 
    2311 ,  3.33558E-01 ,  8.00771E+00 ,  1.51666E+00 ,  1.57729E+00 , -9.09787E-07 ,  1.31723E-07 ,  5.01806E-08 ,  6.88389E-11 , -1.57719E-01 ,  1.51659E-01 ,  2.95873E+00 
    2321 ,  3.35171E-01 ,  8.00771E+00 ,  8.52839E-01 ,  1.54456E+00 , -5.76316E-07 ,  1.11471E-07 ,  1.18507E-08 ,  7.10637E-11 , -1.54448E-01 ,  8.52795E-02 ,  2.76184E+00 
    2331 ,  3.36777E-01 ,  8.00771E+00 ,  2.41966E-01 ,  1.34677E+00 , -2.69453E-07 ,  1.03180E-07 , -1.99904E-08 ,  7.38255E-11 , -1.34671E-01 ,  2.41939E-02 ,  2.26352E+00 
    2341 ,  3.38375E-01 ,  8.00771E+00 , -2.81118E-01 ,  1.07401E+00 , -4.25482E-08 ,  1.05572E-07 , -4.37487E-08 ,  7.65409E-11 , -1.07397E-01 , -2.81122E-02 ,  1.65730E+00 
    2351 ,  3.39967E-01 ,  8.00771E+00 , -5.86639E-01 ,  8.39737E-01 ,  4.57926E-08 ,  1.16087E-07 , -6.01791E-08 ,  7.86717E-11 , -8.39716E-02 , -5.86646E-02 ,  1.20367E+00 
    2361 ,  3.41559E-01 ,  8.00771E+00 , -7.36773E-01 ,  6.26627E-01 ,  3.53780E-08 ,  1.30655E-07 , -7.16913E-08 ,  7.98783E-11 , -6.26606E-02 , -7.36769E-02 ,  8.79299E-01 
    2371 ,  3.43153E-01 ,  8.00771E+00 , -7.75947E-01 ,  4.11488E-01 , -2.89354E-08 ,  1.46648E-07 , -7.99695E-08 ,  8.01182E-11 , -4.11480E-02 , -7.75948E-02 ,  6.36165E-01 
    2381 ,  3.44754E-01 ,  8.00771E+00 , -7.68100E-01 ,  1.51761E-01 , -9.15386E-08 ,  1.62743E-07 , -8.49384E-08 ,  7.94933E-11 , -1.51756E-02 , -7.68113E-02 ,  3.65135E-01 
    2391 ,  3.46364E-01 ,  8.00771E+00 , -7.57784E-01 , -1.39240E-01 , -9.98574E-08 ,  1.79022E-07 , -8.53125E-08 ,  7.83618E-11 ,  1.39223E-02 , -7.57797E-02 ,  1.17241E-02 
    2401 ,  3.47982E-01 ,  8.00771E+00 , -7.49071E-01 , -4.94005E-01 , -2.39349E-08 ,  1.95977E-07 , -7.90663E-08 ,  7.70099E-11 ,  4.93964E-02 , -7.49074E-02 , -5.15501E-01 
    2411 ,  3.49606E-01 ,  8.00771E+00 , -7.07684E-01 , -8.22257E-01 ,  1.31836E-07 ,  2.13302E-07 , -6.47701E-08 ,  7.56685E-11 ,  8.22206E-02 , -7.07682E-02 , -1.11416E+00 
    2421 ,  3.51230E-01 ,  8.00771E+00 , -5.79379E-01 , -1.09727E+00 ,  3.50254E-07 ,  2.28803E-07 , -4.25745E-08 ,  7.44993E-11 ,  1.09720E-01 , -5.79357E-02 , -1.73875E+00 
    2431 ,  3.52849E-01 ,  8.00771E+00 , -3.34695E-01 , -1.24588E+00 ,  5.55737E-07 ,  2.39400E-07 , -1.47356E-08 ,  7.35802E-11 ,  1.24582E-01 , -3.34661E-02 , -2.21340E+00 
    2441 ,  3.54459E-01 ,  8.00771E+00 ,  1.63958E-02 , -1.25389E+00 ,  6.88232E-07 ,  2.42411E-07 ,  1.53769E-08 ,  7.29418E-11 ,  1.25384E-01 ,  1.64292E-03 , -2.44671E+00 
    2451 ,  3.56057E-01 ,  8.00771E+00 ,  4.57813E-01 , -1.12164E+00 ,  6.99384E-07 ,  2.36047E-07 ,  4.42588E-08 ,  7.26455E-11 ,  1.12161E-01 ,  4.57857E-02 , -2.38636E+00 
    2461 ,  3.57647E-01 ,  8.00771E+00 ,  9.29658E-01 , -8.49357E-01 ,  5.47170E-07 ,  2.19937E-07 ,  6.79420E-08 ,  7.26956E-11 ,  8.49360E-02 ,  9.29711E-02 , -1.97102E+00 
    2471 ,  3.59230E-01 ,  8.00771E+00 ,  1.31002E+00 , -4.80394E-01 ,  2.44249E-07 ,  1.96676E-07 ,  8.30349E-08 ,  7.29849E-11 ,  4.80411E-02 ,  1.31005E-01 , -1.24010E+00 
    2481 ,  3.60814E-01 ,  8.00771E+00 ,  1.53210E+00 , -6.91575E-02 , -1.27870E-07 ,  1.70034E-07 ,  8.78607E-08 ,  7.33143E-11 ,  6.91949E-03 ,  1.53210E-01 , -3.29254E-01 
    2491 ,  3.62402E-01 ,  8.00771E+00 ,  1.58501E+00 ,  3.60428E-01 , -4.97103E-07 ,  1.43359E-07 ,  8.19044E-08 ,  7.34993E-11 , -3.60379E-02 ,  1.58498E-01 ,  6.56749E-01 
    2501 ,  3.64000E-01 ,  8.00771E+00 ,  1.45735E+00 ,  7.89328E-01 , -7.93823E-07 ,  1.18966E-07 ,  6.55896E-08 ,  7.34433E-11 , -7.89266E-02 ,  1.45728E-01 ,  1.61601E+00 
    2511 ,  3.65609E-01 ,  8.00771E+00 ,  1.15932E+00 ,  1.15649E+00 , -9.42545E-07 ,  9.90144E-08 ,  3.99197E-08 ,  7.32555E-11 , -1.15642E-01 ,  1.15924E-01 ,  2.36803E+00 
    2521 ,  3.67227E-01 ,  8.00771E+00 ,  7.15991E-01 ,  1.41286E+00 , -9.21040E-07 ,  8.54726E-08 ,  7.47401E-09 ,  7.32115E-11 , -1.41279E-01 ,  7.15929E-02 ,  2.79898E+00 
    2531 ,  3.68851E-01 ,  8.00771E+00 ,  1.32563E-01 ,  1.52362E+00 , -7.36940E-07 ,  8.05581E-08 , -2.79974E-08 ,  7.36699E-11 , -1.52355E-01 ,  1.32505E-02 ,  2.86140E+00 
    2541 ,  3.70475E-01 ,  8.00771E+00 , -5.10402E-01 ,  1.43247E+00 , -4.31759E-07 ,  8.57389E-08 , -6.19119E-08 ,  7.48250E-11 , -1.43242E-01 , -5.10461E-02 ,  2.51711E+00 
    2551 ,  3.72093E-01 ,  8.00771E+00 , -1.06616E+00 ,  1.16151E+00 , -1.06363E-07 ,  1.01545E-07 , -8.97047E-08 ,  7.66840E-11 , -1.16148E-01 , -1.06618E-01 ,  1.90074E+00 
    2561 ,  3.73703E-01 ,  8.00771E+00 , -1.51195E+00 ,  7.15261E-01 ,  2.07363E-07 ,  1.26273E-07 , -1.07834E-07 ,  7.88391E-11 , -7.15261E-02 , -1.51194E-01 ,  1.06114E+00 
    2571 ,  3.75303E-01 ,  8.00771E+00 , -1.79275E+00 ,  1.13398E-01 ,  4.72412E-07 ,  1.57324E-07 , -1.13224E-07 ,  8.07087E-11 , -1.13437E-02 , -1.79273E-01 ,  5.87999E-02 
    2581 ,  3.76895E-01 ,  8.00771E+00 , -1.84075E+00 , -5.11836E-01 ,  6.30060E-07 ,  1.90220E-07 , -1.05420E-07 ,  8.15474E-11 ,  5.11759E-02 , -1.84073E-01 , -8.94097E-01 
    2591 ,  3.78484E-01 ,  8.00771E+00 , -1.70735E+00 , -1.08825E+00 ,  6.96957E-07 ,  2.20707E-07 , -8.53187E-08 ,  8.09722E-11 ,  1.08816E-01 , -1.70730E-01 , -1.73338E+00 
    2601 ,  3.80074E-01 ,  8.00771E+00 , -1.49547E+00 , -1.51135E+00 ,  7.04437E-07 ,  2.46517E-07 , -5.53830E-08 ,  7.90538E-11 ,  1.51124E-01 , -1.49543E-01 , -2.35589E+00 
    2611 ,  3.81669E-01 ,  8.00771E+00 , -1.29527E+00 , -1.74281E+00 ,  6.96196E-07 ,  2.67386E-07 , -1.89618E-08 ,  7.63015E-11 ,  1.74270E-01 , -1.29522E-01 , -2.73888E+00 
    2621 ,  3.83271E-01 ,  8.00771E+00 , -1.14115E+00 , -1.76268E+00 ,  6.93196E-07 ,  2.84542E-07 ,  2.00566E-08 ,  7.33600E-11 ,  1.76259E-01 , -1.14109E-01 , -2.86314E+00 
    2631 ,  3.84881E-01 ,  8.00771E+00 , -1.02995E+00 , -1.55750E+00 ,  6.89999E-07 ,  2.99402E-07 ,  5.72859E-08 ,  7.09796E-11 ,  1.55741E-01 , -1.02988E-01 , -2.66985E+00 
    2641 ,  3.86495E-01 ,  8.00771E+00 , -8.84155E-01 , -1.15290E+00 ,  6.45921E-07 ,  3.12528E-07 ,  8.78316E-08 ,  6.97175E-11 ,  1.15284E-01 , -8.84103E-02 , -2.14430E+00 
    2651 ,  3.88111E-01 ,  8.00771E+00 , -6.02143E-01 , -5.88736E-01 ,  5.08060E-07 ,  3.22502E-07 ,  1.07532E-07 ,  6.96862E-11 ,  5.88700E-02 , -6.02113E-02 , -1.29266E+00 
    2661 ,  3.89724E-01 ,  8.00771E+00 , -1.54270E-01 ,  2.64433E-02 ,  2.56036E-07 ,  3.26173E-07 ,  1.13419E-07 ,  7.06192E-11 , -2.64450E-03 , -1.54255E-02 , -2.55321E-01 
    2671 ,  3.91331E-01 ,  8.00771E+00 ,  4.68206E-01 ,  6.55730E-01 , -1.15827E-07 ,  3.19785E-07 ,  1.04366E-07 ,  7.20225E-11 , -6.55694E-02 ,  4.68176E-02 ,  9.09587E-01 
    2681 ,  3.92931E-01 ,  8.00771E+00 ,  1.11099E+00 ,  1.16830E+00 , -5.21570E-07 ,  3.01341E-07 ,  8.12257E-08 ,  7.34493E-11 , -1.16823E-01 ,  1.11094E-01 ,  1.94276E+00 
    2691 ,  3.94525E-01 ,  8.00771E+00 ,  1.68879E+00 ,  1.54190E+00 , -9.15339E-07 ,  2.71686E-07 ,  4.70910E-08 ,  7.45374E-11 , -1.54179E-01 ,  1.68872E-01 ,  2.76852E+00 
    2701 ,  3.96114E-01 ,  8.00771E+00 ,  2.02084E+00 ,  1.69765E+00 , -1.17154E-06 ,  2.34857E-07 ,  6.73508E-09 ,  7.51098E-11 , -1.69752E-01 ,  2.02074E-01 ,  3.17833E+00 
    2711 ,  3.97703E-01 ,  8.00771E+00 ,  2.03357E+00 ,  1.62240E+00 , -1.22687E-06 ,  1.96928E-07 , -3.38017E-08 ,  7.52786E-11 , -1.62229E-01 ,  2.03348E-01 ,  3.10201E+00 
    2721 ,  3.99294E-01 ,  8.00771E+00 ,  1.74970E+00 ,  1.34656E+00 , -1.06754E-06 ,  1.64051E-07 , -6.88362E-08 ,  7.53652E-11 , -1.34648E-01 ,  1.74963E-01 ,  2.57212E+00 
    2731 ,  4.00890E-01 ,  8.00771E+00 ,  1.25288E+00 ,  8.99861E-01 , -7.17062E-07 ,  1.41134E-07 , -9.33777E-08 ,  7.56074E-11 , -8.99791E-02 ,  1.25286E-01 ,  1.65254E+00 
    2741 ,  4.02494E-01 ,  8.00771E+00 ,  7.08407E-01 ,  3.61611E-01 , -2.67847E-07 ,  1.29443E-07 , -1.05040E-07 ,  7.61228E-11 , -3.61575E-02 ,  7.08388E-02 ,  5.28264E-01 
    2751 ,  4.04104E-01 ,  8.00771E+00 ,  2.94208E-01 , -1.38391E-01 ,  1.33253E-07 ,  1.27447E-07 , -1.02930E-07 ,  7.68661E-11 ,  1.38394E-02 ,  2.94228E-02 , -4.96958E-01 
    2761 ,  4.05720E-01 ,  8.00771E+00 ,  2.96878E-02 , -5.83263E-01 ,  4.43088E-07 ,  1.31147E-07 , -8.89181E-08 ,  7.75652E-11 ,  5.83245E-02 ,  2.97132E-03 , -1.36249E+00 
    2771 ,  4.07338E-01 ,  8.00771E+00 , -8.53005E-02 , -9.30607E-01 ,  6.13165E-07 ,  1.36606E-07 , -6.62986E-08 ,  7.79720E-11 ,  9.30566E-02 , -8.52554E-03 , -1.96173E+00 
    2781 ,  4.08954E-01 ,  8.00771E+00 , -1.11299E-01 , -1.10318E+00 ,  6.22233E-07 ,  1.41357E-07 , -3.89762E-08 ,  7.77994E-11 ,  1.10313E-01 , -1.11244E-02 , -2.16810E+00 
    2791 ,  4.10565E-01 ,  8.00771E+00 , -1.46598E-01 , -1.12336E+00 ,  5.25910E-07 ,  1.44952E-07 , -1.15800E-08 ,  7.69910E-11 ,  1.12331E-01 , -1.46548E-02 , -2.05372E+00 
    2801 ,  4.12169E-01 ,  8.00771E+00 , -2.66440E-01 , -1.01842E+00 ,  3.83999E-07 ,  1.48904E-07 ,  1.24729E-08 ,  7.56614E-11 ,  1.01837E-01 , -2.66411E-02 , -1.70569E+00 
    2811 ,  4.13766E-01 ,  8.00771E+00 , -5.07305E-01 , -8.20908E-01 ,  2.50820E-07 ,  1.55814E-07 ,  3.09316E-08 ,  7.41741E-11 ,  8.20862E-02 , -5.07290E-02 , -1.22032E+00 
    2821 ,  4.15357E-01 ,  8.00771E+00 , -7.92517E-01 , -6.05016E-01 ,  1.76566E-07 ,  1.68082E-07 ,  4.33013E-08 ,  7.28905E-11 ,  6.04968E-02 , -7.92508E-02 , -7.75887E-01 
    2831 ,  4.16946E-01 ,  8.00771E+00 , -1.05181E+00 , -3.85686E-01 ,  1.55649E-07 ,  1.86128E-07 ,  5.05335E-08 ,  7.21076E-11 ,  3.85644E-02 , -1.05180E-01 , -4.08630E-01 
    2841 ,  4.18535E-01 ,  8.00771E+00 , -1.13411E+00 , -2.07407E-01 ,  1.60919E-07 ,  2.08381E-07 ,  5.38760E-08 ,  7.19436E-11 ,  2.07369E-02 , -1.13410E-01 , -1.84084E-01 
    2851 ,  4.20127E-01 ,  8.00771E+00 , -9.46457E-01 , -2.96347E-02 ,  1.43798E-07 ,  2.30490E-07 ,  5.47812E-08 ,  7.22803E-11 ,  2.96023E-03 , -9.46451E-02 , -1.90416E-02 
    2861 ,  4.21725E-01 ,  8.00771E+00 , -4.99206E-01 ,  1.54739E-01 ,  6.64057E-08 ,  2.46497E-07 ,  5.32676E-08 ,  7.29334E-11 , -1.54744E-02 , -4.99206E-02 ,  1.56796E-01 
    2871 ,  4.23328E-01 ,  8.00771E+00 ,  1.61074E-01 ,  3.91455E-01 , -8.81594E-08 ,  2.50803E-07 ,  4.84958E-08 ,  7.35533E-11 , -3.91430E-02 ,  1.61077E-02 ,  4.51423E-01 
    2881 ,  4.24935E-01 ,  8.00771E+00 ,  8.54584E-01 ,  6.81034E-01 , -2.99193E-07 ,  2.41010E-07 ,  3.83819E-08 ,  7.40470E-11 , -6.80976E-02 ,  8.54566E-02 ,  9.08323E-01 
    2891 ,  4.26544E-01 ,  8.00771E+00 ,  1.43126E+00 ,  1.00672E+00 , -5.31951E-07 ,  2.17160E-07 ,  2.10212E-08 ,  7.44182E-11 , -1.00664E-01 ,  1.43121E-01 ,  1.51030E+00 
    2901 ,  4.28152E-01 ,  8.00771E+00 ,  1.69613E+00 ,  1.28155E+00 , -7.12619E-07 ,  1.84469E-07 , -4.16176E-09 ,  7.48950E-11 , -1.28145E-01 ,  1.69608E-01 ,  2.09846E+00 
    2911 ,  4.29757E-01 ,  8.00771E+00 ,  1.60670E+00 ,  1.42763E+00 , -7.96822E-07 ,  1.50459E-07 , -3.55115E-08 ,  7.56553E-11 , -1.42753E-01 ,  1.60665E-01 ,  2.51150E+00 
    2921 ,  4.31358E-01 ,  8.00771E+00 ,  1.20463E+00 ,  1.35409E+00 , -7.47499E-07 ,  1.23110E-07 , -6.87395E-08 ,  7.67358E-11 , -1.35401E-01 ,  1.20458E-01 ,  2.54547E+00 
    2931 ,  4.32954E-01 ,  8.00771E+00 ,  6.54431E-01 ,  1.01993E+00 , -5.62706E-07 ,  1.07627E-07 , -9.76737E-08 ,  7.80104E-11 , -1.01988E-01 ,  6.54395E-02 ,  2.07174E+00 
    2941 ,  4.34547E-01 ,  8.00771E+00 ,  1.26782E-01 ,  4.49945E-01 , -2.72755E-07 ,  1.04843E-07 , -1.15659E-07 ,  7.91324E-11 , -4.49931E-02 ,  1.26759E-02 ,  1.09759E+00 
    2951 ,  4.36139E-01 ,  8.00771E+00 , -2.56813E-01 , -2.79289E-01 ,  7.82727E-08 ,  1.12152E-07 , -1.17475E-07 ,  7.97168E-11 ,  2.79260E-02 , -2.56811E-02 , -2.57347E-01 
    2961 ,  4.37733E-01 ,  8.00771E+00 , -4.53586E-01 , -1.04831E+00 ,  4.38759E-07 ,  1.24928E-07 , -1.00285E-07 ,  7.94445E-11 ,  1.04824E-01 , -4.53562E-02 , -1.77338E+00 
    2971 ,  4.39330E-01 ,  8.00771E+00 , -5.02965E-01 , -1.62823E+00 ,  7.17901E-07 ,  1.38467E-07 , -6.59981E-08 ,  7.82705E-11 ,  1.62815E-01 , -5.02903E-02 , -2.98793E+00 
    2981 ,  4.40932E-01 ,  8.00771E+00 , -5.32811E-01 , -1.93365E+00 ,  8.93921E-07 ,  1.50210E-07 , -2.04699E-08 ,  7.63342E-11 ,  1.93357E-01 , -5.32729E-02 , -3.69762E+00 
    2991 ,  4.42537E-01 ,  8.00771E+00 , -6.70308E-01 , -1.89954E+00 ,  9.48655E-07 ,  1.60954E-07 ,  2.81860E-08 ,  7.41706E-11 ,  1.89946E-01 , -6.70223E-02 , -3.73542E+00 
    3001 ,  4.44144E-01 ,  8.00771E+00 , -9.74972E-01 , -1.52309E+00 ,  8.72868E-07 ,  1.73878E-07 ,  7.06510E-08 ,  7.23320E-11 ,  1.52301E-01 , -9.74907E-02 , -3.03866E+00 
    3011 ,  4.45752E-01 ,  8.00771E+00 , -1.43031E+00 , -8.63806E-01 ,  6.79675E-07 ,  1.92719E-07 ,  9.88841E-08 ,  7.12515E-11 ,  8.63755E-02 , -1.43026E-01 , -1.70184E+00 
    3021 ,  4.47358E-01 ,  8.00771E+00 , -1.82334E+00 , -1.85741E-01 ,  4.41395E-07 ,  2.19391E-07 ,  1.08027E-07 ,  7.11680E-11 ,  1.85692E-02 , -1.82332E-01 , -2.72291E-01 
    3031 ,  4.48961E-01 ,  8.00771E+00 , -2.06122E+00 ,  4.75205E-01 ,  1.58374E-07 ,  2.51670E-07 ,  9.93260E-08 ,  7.19058E-11 , -4.75242E-02 , -2.06121E-01 ,  1.15210E+00 
    3041 ,  4.50560E-01 ,  8.00771E+00 , -2.01088E+00 ,  9.75959E-01 , -1.13859E-07 ,  2.85115E-07 ,  7.60048E-08 ,  7.31059E-11 , -9.75985E-02 , -2.01090E-01 ,  2.23040E+00 
    3051 ,  4.52154E-01 ,  8.00771E+00 , -1.57950E+00 ,  1.29434E+00 , -3.66701E-07 ,  3.13651E-07 ,  4.35360E-08 ,  7.43883E-11 , -1.29435E-01 , -1.57954E-01 ,  2.87139E+00 
    3061 ,  4.53746E-01 ,  8.00771E+00 , -9.32986E-01 ,  1.35037E+00 , -5.13206E-07 ,  3.30701E-07 ,  8.15164E-09 ,  7.53917E-11 , -1.35034E-01 , -9.33024E-02 ,  2.88982E+00 
    3071 ,  4.55336E-01 ,  8.00771E+00 , -1.43419E-01 ,  1.19887E+00 , -5.56291E-07 ,  3.33529E-07 , -2.38969E-08 ,  7.59847E-11 , -1.19882E-01 , -1.43469E-02 ,  2.39719E+00 
    3081 ,  4.56927E-01 ,  8.00771E+00 ,  5.79091E-01 ,  9.02519E-01 , -4.91455E-07 ,  3.22568E-07 , -4.77136E-08 ,  7.61990E-11 , -9.02458E-02 ,  5.79048E-02 ,  1.57261E+00 
    3091 ,  4.58520E-01 ,  8.00771E+00 ,  1.06926E+00 ,  5.65293E-01 , -3.57381E-07 ,  3.01597E-07 , -6.12896E-08 ,  7.62243E-11 , -5.65227E-02 ,  1.06923E-01 ,  7.05881E-01 
    3101 ,  4.60116E-01 ,  8.00771E+00 ,  1.33794E+00 ,  2.18374E-01 , -1.87896E-07 ,  2.75869E-07 , -6.49129E-08 ,  7.62550E-11 , -2.18323E-02 ,  1.33794E-01 , -1.01257E-01 
    3111 ,  4.61715E-01 ,  8.00771E+00 ,  1.37467E+00 , -5.73711E-02 , -4.60395E-08 ,  2.50516E-07 , -6.11111E-08 ,  7.63863E-11 ,  5.74168E-03 ,  1.37467E-01 , -6.32552E-01 
    3121 ,  4.63317E-01 ,  8.00771E+00 ,  1.28727E+00 , -2.45960E-01 ,  2.82099E-08 ,  2.28427E-07 , -5.26677E-08 ,  7.65698E-11 ,  2.45987E-02 ,  1.28727E-01 , -8.66510E-01 
    3131 ,  4.64922E-01 ,  8.00771E+00 ,  1.17549E+00 , -3.55890E-01 ,  2.34793E-08 ,  2.10349E-07 , -4.26479E-08 ,  7.66868E-11 ,  3.55906E-02 ,  1.17551E-01 , -8.49149E-01 
    3141 ,  4.66527E-01 ,  8.00771E+00 ,  1.12145E+00 , -4.03571E-01 , -4.34384E-08 ,  1.94722E-07 , -3.31844E-08 ,  7.65782E-11 ,  4.03573E-02 ,  1.12145E-01 , -6.94690E-01 
    3151 ,  4.68131E-01 ,  8.00771E+00 ,  1.13312E+00 , -4.29391E-01 , -1.24289E-07 ,  1.79187E-07 , -2.51194E-08 ,  7.61587E-11 ,  4.29388E-02 ,  1.13311E-01 , -5.54062E-01 
    3161 ,  4.69733E-01 ,  8.00771E+00 ,  1.16499E+00 , -4.71228E-01 , -1.71112E-07 ,  1.62002E-07 , -1.76905E-08 ,  7.54095E-11 ,  4.71224E-02 ,  1.16498E-01 , -5.40137E-01 
    3171 ,  4.71331E-01 ,  8.00771E+00 ,  1.12069E+00 , -5.41331E-01 , -1.29938E-07 ,  1.43625E-07 , -9.29050E-09 ,  7.44962E-11 ,  5.41326E-02 ,  1.12069E-01 , -7.11984E-01 
    3181 ,  4.72927E-01 ,  8.00771E+00 ,  9.18864E-01 , -6.28286E-01 ,  6.19247E-09 ,  1.26488E-07 ,  1.73060E-09 ,  7.36365E-11 ,  6.28282E-02 ,  9.18866E-02 , -1.01916E+00 
    3191 ,  4.74520E-01 ,  8.00771E+00 ,  5.37473E-01 , -6.90598E-01 ,  1.96124E-07 ,  1.14504E-07 ,  1.60546E-08 ,  7.30647E-11 ,  6.90583E-02 ,  5.37502E-02 , -1.32128E+00 
    3201 ,  4.76113E-01 ,  8.00771E+00 ,  3.15058E-03 , -6.77215E-01 ,  3.82183E-07 ,  1.11160E-07 ,  3.26706E-08 ,  7.28503E-11 ,  6.77202E-02 ,  3.17836E-04 , -1.45945E+00 
    3211 ,  4.77706E-01 ,  8.00771E+00 , -5.72198E-01 , -5.45787E-01 ,  4.89217E-07 ,  1.18891E-07 ,  4.88538E-08 ,  7.30113E-11 ,  5.45757E-02 , -5.72161E-02 , -1.30005E+00 
    3221 ,  4.79302E-01 ,  8.00771E+00 , -1.06457E+00 , -2.77673E-01 ,  4.65502E-07 ,  1.37370E-07 ,  6.06646E-08 ,  7.34761E-11 ,  2.77645E-02 , -1.06455E-01 , -7.87643E-01 
    3231 ,  4.80900E-01 ,  8.00771E+00 , -1.36944E+00 ,  1.26116E-01 ,  2.88266E-07 ,  1.63836E-07 ,  6.39171E-08 ,  7.40854E-11 , -1.26143E-02 , -1.36943E-01 ,  6.80132E-02 
    3241 ,  4.82500E-01 ,  8.00771E+00 , -1.39717E+00 ,  6.10572E-01 , -1.60087E-08 ,  1.93092E-07 ,  5.51090E-08 ,  7.47398E-11 , -6.10579E-02 , -1.39719E-01 ,  1.12784E+00 
    3251 ,  4.84102E-01 ,  8.00771E+00 , -1.14000E+00 ,  1.04759E+00 , -3.51087E-07 ,  2.18933E-07 ,  3.41005E-08 ,  7.52870E-11 , -1.04757E-01 , -1.14003E-01 ,  2.08794E+00 
    3261 ,  4.85704E-01 ,  8.00771E+00 , -7.05844E-01 ,  1.33983E+00 , -6.18425E-07 ,  2.36430E-07 ,  3.47920E-09 ,  7.56943E-11 , -1.33978E-01 , -7.05895E-02 ,  2.72076E+00 
    3271 ,  4.87305E-01 ,  8.00771E+00 , -2.13197E-01 ,  1.42349E+00 , -7.51298E-07 ,  2.43566E-07 , -3.15515E-08 ,  7.60301E-11 , -1.42343E-01 , -2.13259E-02 ,  2.88757E+00 
    3281 ,  4.88903E-01 ,  8.00771E+00 ,  2.81527E-01 ,  1.25304E+00 , -7.14705E-07 ,  2.40047E-07 , -6.48304E-08 ,  7.64204E-11 , -1.25298E-01 ,  2.81475E-02 ,  2.50202E+00 
    3291 ,  4.90498E-01 ,  8.00771E+00 ,  6.14352E-01 ,  8.51926E-01 , -5.07650E-07 ,  2.28319E-07 , -8.97547E-08 ,  7.68828E-11 , -8.51870E-02 ,  6.14318E-02 ,  1.63858E+00 
    3301 ,  4.92090E-01 ,  8.00771E+00 ,  7.87160E-01 ,  2.83052E-01 , -1.90005E-07 ,  2.12852E-07 , -1.01222E-07 ,  7.73794E-11 , -2.83022E-02 ,  7.87157E-02 ,  4.50116E-01 
    3311 ,  4.93680E-01 ,  8.00771E+00 ,  8.33491E-01 , -3.35202E-01 ,  1.48080E-07 ,  1.97237E-07 , -9.72627E-08 ,  7.78120E-11 ,  3.35207E-02 ,  8.33518E-02 , -8.03517E-01 
    3321 ,  4.95270E-01 ,  8.00771E+00 ,  8.25452E-01 , -8.87709E-01 ,  4.22920E-07 ,  1.83235E-07 , -7.88308E-08 ,  7.79559E-11 ,  8.87696E-02 ,  8.25495E-02 , -1.88507E+00 
    3331 ,  4.96861E-01 ,  8.00771E+00 ,  8.17340E-01 , -1.26703E+00 ,  5.72476E-07 ,  1.71017E-07 , -4.93604E-08 ,  7.76743E-11 ,  1.26700E-01 ,  8.17393E-02 , -2.58903E+00 
    3341 ,  4.98454E-01 ,  8.00771E+00 ,  8.24213E-01 , -1.41984E+00 ,  5.77101E-07 ,  1.59420E-07 , -1.45602E-08 ,  7.69630E-11 ,  1.41980E-01 ,  8.24264E-02 , -2.82119E+00 
    3351 ,  5.00049E-01 ,  8.00771E+00 ,  8.15459E-01 , -1.31549E+00 ,  4.38282E-07 ,  1.47965E-07 ,  1.92253E-08 ,  7.58054E-11 ,  1.31546E-01 ,  8.15493E-02 , -2.53020E+00 
    3361 ,  5.01648E-01 ,  8.00771E+00 ,  7.26672E-01 , -1.00037E+00 ,  2.32414E-07 ,  1.36820E-07 ,  4.60389E-08 ,  7.44107E-11 ,  1.00034E-01 ,  7.26696E-02 , -1.84372E+00 
    3371 ,  5.03249E-01 ,  8.00771E+00 ,  5.04585E-01 , -5.57148E-01 ,  2.15557E-08 ,  1.27782E-07 ,  6.19394E-08 ,  7.31568E-11 ,  5.57140E-02 ,  5.04584E-02 , -9.32258E-01 
    3381 ,  5.04850E-01 ,  8.00771E+00 ,  1.30094E-01 , -8.62120E-02 , -1.34229E-07 ,  1.23429E-07 ,  6.57133E-08 ,  7.23470E-11 ,  8.62122E-03 ,  1.30085E-02 ,  2.48046E-03 
    3391 ,  5.06451E-01 ,  8.00771E+00 , -3.66793E-01 ,  3.22311E-01 , -1.97474E-07 ,  1.26430E-07 ,  5.88524E-08 ,  7.21635E-11 , -3.22309E-02 , -3.66811E-02 ,  7.84585E-01 
    3401 ,  5.08050E-01 ,  8.00771E+00 , -8.91874E-01 ,  5.99152E-01 , -1.68941E-07 ,  1.38360E-07 ,  4.43123E-08 ,  7.26484E-11 , -5.99146E-02 , -8.91905E-02 ,  1.28606E+00 
    3411 ,  5.09646E-01 ,  8.00771E+00 , -1.35634E+00 ,  7.28088E-01 , -7.56260E-08 ,  1.58699E-07 ,  2.62009E-08 ,  7.36135E-11 , -7.28092E-02 , -1.35635E-01 ,  1.48354E+00 
    3421 ,  5.11241E-01 ,  8.00771E+00 , -1.68354E+00 ,  7.29905E-01 ,  4.45575E-08 ,  1.85415E-07 ,  8.23158E-09 ,  7.48132E-11 , -7.29918E-02 , -1.68354E-01 ,  1.42671E+00 
    3431 ,  5.12833E-01 ,  8.00771E+00 , -1.83002E+00 ,  6.48934E-01 ,  1.48392E-07 ,  2.15518E-07 , -7.21160E-09 ,  7.59767E-11 , -6.48945E-02 , -1.83002E-01 ,  1.21314E+00 
    3441 ,  5.14424E-01 ,  8.00771E+00 , -1.77274E+00 ,  5.28687E-01 ,  1.98886E-07 ,  2.45166E-07 , -1.91931E-08 ,  7.68719E-11 , -5.28700E-02 , -1.77272E-01 ,  9.40518E-01 
    3451 ,  5.16015E-01 ,  8.00771E+00 , -1.55328E+00 ,  4.16927E-01 ,  1.85872E-07 ,  2.71240E-07 , -2.79454E-08 ,  7.74151E-11 , -4.16941E-02 , -1.55327E-01 ,  7.12519E-01 
    3461 ,  5.17606E-01 ,  8.00771E+00 , -1.21354E+00 ,  3.19362E-01 ,  1.22850E-07 ,  2.91472E-07 , -3.43986E-08 ,  7.75665E-11 , -3.19374E-02 , -1.21355E-01 ,  5.45947E-01 
    3471 ,  5.19200E-01 ,  8.00771E+00 , -8.45057E-01 ,  2.34231E-01 ,  4.03051E-08 ,  3.04985E-07 , -3.93846E-08 ,  7.74608E-11 , -2.34231E-02 , -8.45069E-02 ,  4.31638E-01 
    3481 ,  5.20796E-01 ,  8.00771E+00 , -4.63797E-01 ,  1.31839E-01 , -3.00855E-08 ,  3.11907E-07 , -4.31232E-08 ,  7.71764E-11 , -1.31836E-02 , -4.63809E-02 ,  3.02271E-01 
    3491 ,  5.22394E-01 ,  8.00771E+00 , -1.07775E-01 , -6.08921E-03 , -6.07872E-08 ,  3.12985E-07 , -4.49714E-08 ,  7.68263E-11 ,  6.08901E-04 , -1.07789E-02 ,  1.01932E-01 
    3501 ,  5.23993E-01 ,  8.00771E+00 ,  2.21561E-01 , -1.87925E-01 , -4.26183E-08 ,  3.08756E-07 , -4.35901E-08 ,  7.64231E-11 ,  1.87924E-02 ,  2.21552E-02 , -2.06878E-01 
    3511 ,  5.25592E-01 ,  8.00771E+00 ,  5.23458E-01 , -3.95580E-01 ,  1.61067E-08 ,  2.99877E-07 , -3.77766E-08 ,  7.59951E-11 ,  3.95573E-02 ,  5.23455E-02 , -6.07256E-01 
    3521 ,  5.27189E-01 ,  8.00771E+00 ,  8.25222E-01 , -6.07791E-01 ,  9.27837E-08 ,  2.86524E-07 , -2.65954E-08 ,  7.55085E-11 ,  6.07780E-02 ,  8.25228E-02 , -1.06373E+00 
    3531 ,  5.28784E-01 ,  8.00771E+00 ,  1.09355E+00 , -7.58653E-01 ,  1.54198E-07 ,  2.68865E-07 , -1.06329E-08 ,  7.49734E-11 ,  7.58642E-02 ,  1.09356E-01 , -1.43798E+00 
    3541 ,  5.30376E-01 ,  8.00771E+00 ,  1.32991E+00 , -8.20088E-01 ,  1.78225E-07 ,  2.47412E-07 ,  8.45145E-09 ,  7.44148E-11 ,  8.20076E-02 ,  1.32992E-01 , -1.66066E+00 
    3551 ,  5.31965E-01 ,  8.00771E+00 ,  1.49797E+00 , -7.55357E-01 ,  1.42765E-07 ,  2.23038E-07 ,  2.77639E-08 ,  7.39000E-11 ,  7.55364E-02 ,  1.49798E-01 , -1.63118E+00 
    3561 ,  5.33553E-01 ,  8.00771E+00 ,  1.54898E+00 , -5.72160E-01 ,  5.12982E-08 ,  1.97276E-07 ,  4.38957E-08 ,  7.34859E-11 ,  5.72176E-02 ,  1.54897E-01 , -1.32903E+00 
    3571 ,  5.35141E-01 ,  8.00771E+00 ,  1.46118E+00 , -2.91152E-01 , -7.91428E-08 ,  1.72453E-07 ,  5.41477E-08 ,  7.32011E-11 ,  2.91185E-02 ,  1.46118E-01 , -7.82921E-01 
    3581 ,  5.36731E-01 ,  8.00771E+00 ,  1.23539E+00 ,  4.18377E-02 , -2.20772E-07 ,  1.51198E-07 ,  5.67207E-08 ,  7.30835E-11 , -4.17905E-03 ,  1.23537E-01 , -8.72316E-02 
    3591 ,  5.38324E-01 ,  8.00771E+00 ,  9.01896E-01 ,  3.79459E-01 , -3.45973E-07 ,  1.35568E-07 ,  5.07159E-08 ,  7.31391E-11 , -3.79405E-02 ,  9.01872E-02 ,  6.43742E-01 
    3601 ,  5.39921E-01 ,  8.00771E+00 ,  4.80930E-01 ,  6.90627E-01 , -4.34655E-07 ,  1.26751E-07 ,  3.66656E-08 ,  7.34464E-11 , -6.90589E-02 ,  4.80891E-02 ,  1.32493E+00 
    3611 ,  5.41520E-01 ,  8.00771E+00 ,  5.91078E-02 ,  9.10106E-01 , -4.62163E-07 ,  1.25441E-07 ,  1.63604E-08 ,  7.39977E-11 , -9.10070E-02 ,  5.90539E-03 ,  1.79762E+00 
    3621 ,  5.43122E-01 ,  8.00771E+00 , -3.14007E-01 ,  1.01441E+00 , -4.24735E-07 ,  1.31026E-07 , -7.40792E-09 ,  7.47844E-11 , -1.01439E-01 , -3.14047E-02 ,  2.00485E+00 
    3631 ,  5.44723E-01 ,  8.00771E+00 , -6.02224E-01 ,  9.88427E-01 , -3.25620E-07 ,  1.41938E-07 , -3.13332E-08 ,  7.57474E-11 , -9.88406E-02 , -6.02259E-02 ,  1.92085E+00 
    3641 ,  5.46322E-01 ,  8.00771E+00 , -7.77742E-01 ,  8.33831E-01 , -1.87774E-07 ,  1.56443E-07 , -5.21075E-08 ,  7.67682E-11 , -8.33817E-02 , -7.77764E-02 ,  1.56921E+00 
    3651 ,  5.47917E-01 ,  8.00771E+00 , -8.47446E-01 ,  5.44813E-01 , -1.99398E-08 ,  1.72314E-07 , -6.67375E-08 ,  7.77211E-11 , -5.44800E-02 , -8.47445E-02 ,  9.61493E-01 
    3661 ,  5.49509E-01 ,  8.00771E+00 , -8.13055E-01 ,  1.85246E-01 ,  1.31569E-07 ,  1.87992E-07 , -7.29473E-08 ,  7.84015E-11 , -1.85253E-02 , -8.13042E-02 ,  2.52010E-01 
    3671 ,  5.51098E-01 ,  8.00771E+00 , -6.97898E-01 , -1.95054E-01 ,  2.51000E-07 ,  2.02234E-07 , -7.02321E-08 ,  7.86563E-11 ,  1.95039E-02 , -6.97881E-02 , -4.52019E-01 
    3681 ,  5.52684E-01 ,  8.00771E+00 , -5.20455E-01 , -5.49042E-01 ,  3.23517E-07 ,  2.14059E-07 , -5.93389E-08 ,  7.84119E-11 ,  5.49017E-02 , -5.20440E-02 , -1.06279E+00 
    3691 ,  5.54271E-01 ,  8.00771E+00 , -3.10283E-01 , -8.08337E-01 ,  3.42403E-07 ,  2.22675E-07 , -4.20609E-08 ,  7.76638E-11 ,  8.08301E-02 , -3.10268E-02 , -1.47579E+00 
    3701 ,  5.55860E-01 ,  8.00771E+00 , -7.26408E-02 , -9.53967E-01 ,  3.18998E-07 ,  2.27501E-07 , -2.09327E-08 ,  7.65448E-11 ,  9.53927E-02 , -7.26067E-03 , -1.68135E+00 
    3711 ,  5.57451E-01 ,  8.00771E+00 ,  1.60705E-01 , -9.64634E-01 ,  2.71628E-07 ,  2.28086E-07 ,  1.16613E-09 ,  7.52432E-11 ,  9.64600E-02 ,  1.60727E-02 , -1.66920E+00 
    3721 ,  5.59044E-01 ,  8.00771E+00 ,  3.95914E-01 , -8.50484E-01 ,  2.07533E-07 ,  2.23905E-07 ,  2.13536E-08 ,  7.40348E-11 ,  8.50453E-02 ,  3.95922E-02 , -1.46761E+00 
    3731 ,  5.60640E-01 ,  8.00771E+00 ,  5.97870E-01 , -6.37042E-01 ,  1.35542E-07 ,  2.15154E-07 ,  3.72709E-08 ,  7.31502E-11 ,  6.37023E-02 ,  5.97870E-02 , -1.12310E+00 
    3741 ,  5.62236E-01 ,  8.00771E+00 ,  7.48384E-01 , -3.60560E-01 ,  5.78404E-08 ,  2.02686E-07 ,  4.74159E-08 ,  7.27375E-11 ,  3.60555E-02 ,  7.48381E-02 , -6.85955E-01 
    3751 ,  5.63832E-01 ,  8.00771E+00 ,  8.29925E-01 , -6.46343E-02 , -2.31259E-08 ,  1.87791E-07 ,  5.09831E-08 ,  7.28369E-11 ,  6.46483E-03 ,  8.29927E-02 , -2.11192E-01 
    3761 ,  5.65425E-01 ,  8.00771E+00 ,  8.30601E-01 ,  2.25385E-01 , -1.12049E-07 ,  1.71986E-07 ,  4.79740E-08 ,  7.33591E-11 , -2.25352E-02 ,  8.30595E-02 ,  2.75711E-01 
    3771 ,  5.67016E-01 ,  8.00771E+00 ,  7.36295E-01 ,  4.73848E-01 , -2.03681E-07 ,  1.57209E-07 ,  3.90504E-08 ,  7.41617E-11 , -4.73809E-02 ,  7.36263E-02 ,  7.26498E-01 
    3781 ,  5.68605E-01 ,  8.00771E+00 ,  5.44562E-01 ,  6.63888E-01 , -2.88324E-07 ,  1.45611E-07 ,  2.52712E-08 ,  7.50165E-11 , -6.63845E-02 ,  5.44525E-02 ,  1.10975E+00 
    3791 ,  5.70192E-01 ,  8.00771E+00 ,  2.61401E-01 ,  7.77007E-01 , -3.46893E-07 ,  1.38918E-07 ,  8.23830E-09 ,  7.57634E-11 , -7.76967E-02 ,  2.61365E-02 ,  1.38049E+00 
    3801 ,  5.71779E-01 ,  8.00771E+00 , -8.89216E-02 ,  7.99212E-01 , -3.55293E-07 ,  1.38310E-07 , -1.01888E-08 ,  7.63069E-11 , -7.99187E-02 , -8.89457E-03 ,  1.49052E+00 
    3811 ,  5.73367E-01 ,  8.00771E+00 , -4.39602E-01 ,  7.40289E-01 , -3.08815E-07 ,  1.44450E-07 , -2.79783E-08 ,  7.66410E-11 , -7.40273E-02 , -4.39622E-02 ,  1.43389E+00 
    3821 ,  5.74957E-01 ,  8.00771E+00 , -7.99113E-01 ,  6.02665E-01 , -2.02611E-07 ,  1.57053E-07 , -4.32180E-08 ,  7.68468E-11 , -6.02659E-02 , -7.99137E-02 ,  1.21099E+00 
    3831 ,  5.76551E-01 ,  8.00771E+00 , -1.11475E+00 ,  3.94862E-01 , -4.45427E-08 ,  1.75395E-07 , -5.41816E-08 ,  7.69845E-11 , -3.94875E-02 , -1.11478E-01 ,  8.32419E-01 
    3841 ,  5.78147E-01 ,  8.00771E+00 , -1.32932E+00 ,  1.46272E-01 ,  1.35224E-07 ,  1.97825E-07 , -5.94090E-08 ,  7.71221E-11 , -1.46298E-02 , -1.32932E-01 ,  3.59270E-01 
    3851 ,  5.79744E-01 ,  8.00771E+00 , -1.42452E+00 , -1.29656E-01 ,  3.12752E-07 ,  2.22115E-07 , -5.81194E-08 ,  7.72673E-11 ,  1.29615E-02 , -1.42449E-01 , -1.71457E-01 
    3861 ,  5.81341E-01 ,  8.00771E+00 , -1.38293E+00 , -3.73539E-01 ,  4.42492E-07 ,  2.45712E-07 , -5.08763E-08 ,  7.73615E-11 ,  3.73483E-02 , -1.38289E-01 , -6.35775E-01 
    3871 ,  5.82938E-01 ,  8.00771E+00 , -1.23213E+00 , -5.80089E-01 ,  5.19848E-07 ,  2.66235E-07 , -3.86975E-08 ,  7.72504E-11 ,  5.80039E-02 , -1.23210E-01 , -1.01812E+00 
    3881 ,  5.84531E-01 ,  8.00771E+00 , -9.99226E-01 , -7.30600E-01 ,  5.37807E-07 ,  2.82252E-07 , -2.29100E-08 ,  7.69454E-11 ,  7.30541E-02 , -9.99190E-02 , -1.28452E+00 
    3891 ,  5.86122E-01 ,  8.00771E+00 , -7.24111E-01 , -8.02343E-01 ,  4.95269E-07 ,  2.93240E-07 , -5.16177E-09 ,  7.63594E-11 ,  8.02292E-02 , -7.24076E-02 , -1.39971E+00 
    3901 ,  5.87710E-01 ,  8.00771E+00 , -4.35567E-01 , -7.88266E-01 ,  4.06295E-07 ,  2.99056E-07 ,  1.25622E-08 ,  7.55391E-11 ,  7.88224E-02 , -4.35548E-02 , -1.36217E+00 
    3911 ,  5.89296E-01 ,  8.00771E+00 , -1.53367E-01 , -6.90190E-01 ,  2.83886E-07 ,  3.00301E-07 ,  2.83277E-08 ,  7.46438E-11 ,  6.90163E-02 , -1.53343E-02 , -1.18582E+00 
    3921 ,  5.90880E-01 ,  8.00771E+00 ,  1.12661E-01 , -5.20882E-01 ,  1.46882E-07 ,  2.97810E-07 ,  4.06407E-08 ,  7.38341E-11 ,  5.20857E-02 ,  1.12663E-02 , -9.00113E-01 
    3931 ,  5.92465E-01 ,  8.00771E+00 ,  3.76733E-01 , -2.99542E-01 ,  5.53934E-09 ,  2.91813E-07 ,  4.83675E-08 ,  7.32435E-11 ,  2.99535E-02 ,  3.76734E-02 , -5.38340E-01 
    3941 ,  5.94052E-01 ,  8.00771E+00 ,  6.42970E-01 , -4.90261E-02 , -1.32819E-07 ,  2.82177E-07 ,  5.08407E-08 ,  7.29406E-11 ,  4.90462E-03 ,  6.42973E-02 , -1.34471E-01 
    3951 ,  5.95640E-01 ,  8.00771E+00 ,  9.05255E-01 ,  2.09114E-01 , -2.61651E-07 ,  2.68496E-07 ,  4.79185E-08 ,  7.29412E-11 , -2.09075E-02 ,  9.05246E-02 ,  2.81945E-01 
    3961 ,  5.97231E-01 ,  8.00771E+00 ,  1.14305E+00 ,  4.55850E-01 , -3.76670E-07 ,  2.50727E-07 ,  3.96437E-08 ,  7.31946E-11 , -4.55795E-02 ,  1.14304E-01 ,  6.88265E-01 
    3971 ,  5.98824E-01 ,  8.00771E+00 ,  1.30866E+00 ,  6.57503E-01 , -4.63851E-07 ,  2.29262E-07 ,  2.66116E-08 ,  7.36405E-11 , -6.57440E-02 ,  1.30863E-01 ,  1.03343E+00 
    3981 ,  6.00418E-01 ,  8.00771E+00 ,  1.37485E+00 ,  8.08878E-01 , -5.20411E-07 ,  2.05618E-07 ,  9.87003E-09 ,  7.42231E-11 , -8.08807E-02 ,  1.37482E-01 ,  1.31011E+00 
    3991 ,  6.02012E-01 ,  8.00771E+00 ,  1.31002E+00 ,  8.81652E-01 , -5.34724E-07 ,  1.82116E-07 , -9.23443E-09 ,  7.48994E-11 , -8.81586E-02 ,  1.30997E-01 ,  1.46731E+00 
    4001 ,  6.03604E-01 ,  8.00771E+00 ,  1.11056E+00 ,  8.61509E-01 , -4.98003E-07 ,  1.61510E-07 , -2.87793E-08 ,  7.56286E-11 , -8.61447E-02 ,  1.11052E-01 ,  1.47338E+00 
    4011 ,  6.05196E-01 ,  8.00771E+00 ,  8.01260E-01 ,  7.35417E-01 , -4.05981E-07 ,  1.46288E-07 , -4.65272E-08 ,  7.64149E-11 , -7.35363E-02 ,  8.01221E-02 ,  1.29590E+00 
    4021 ,  6.06785E-01 ,  8.00771E+00 ,  4.48539E-01 ,  5.11908E-01 , -2.73707E-07 ,  1.37667E-07 , -6.03135E-08 ,  7.71252E-11 , -5.11879E-02 ,  4.48515E-02 ,  9.37429E-01 
    4031 ,  6.08373E-01 ,  8.00771E+00 ,  9.49759E-02 ,  2.05122E-01 , -1.09277E-07 ,  1.36154E-07 , -6.79739E-08 ,  7.76490E-11 , -2.05116E-02 ,  9.49585E-03 ,  4.15989E-01 
    4041 ,  6.09961E-01 ,  8.00771E+00 , -1.82200E-01 , -1.17864E-01 ,  5.27821E-08 ,  1.40885E-07 , -6.80858E-08 ,  7.78685E-11 ,  1.17852E-02 , -1.82181E-02 , -1.54734E-01 
    4051 ,  6.11549E-01 ,  8.00771E+00 , -4.05975E-01 , -4.82281E-01 ,  2.26835E-07 ,  1.50280E-07 , -6.01662E-08 ,  7.77071E-11 ,  4.82254E-02 , -4.05959E-02 , -8.21054E-01 
    4061 ,  6.13139E-01 ,  8.00771E+00 , -5.23034E-01 , -7.66284E-01 ,  3.58497E-07 ,  1.62383E-07 , -4.45884E-08 ,  7.71751E-11 ,  7.66240E-02 , -5.22998E-02 , -1.35864E+00 
    4071 ,  6.14729E-01 ,  8.00771E+00 , -5.60718E-01 , -9.41005E-01 ,  4.40975E-07 ,  1.75200E-07 , -2.36651E-08 ,  7.63417E-11 ,  9.40956E-02 , -5.60681E-02 , -1.70636E+00 
    4081 ,  6.16321E-01 ,  8.00771E+00 , -5.48324E-01 , -9.86813E-01 ,  4.71965E-07 ,  1.87419E-07 , -2.31363E-10 ,  7.53627E-11 ,  9.86756E-02 , -5.48274E-02 , -1.82036E+00 
    4091 ,  6.17913E-01 ,  8.00771E+00 , -5.05627E-01 , -8.80818E-01 ,  4.41406E-07 ,  1.98291E-07 ,  2.21438E-08 ,  7.44391E-11 ,  8.80775E-02 , -5.05591E-02 , -1.64687E+00 
    4101 ,  6.19505E-01 ,  8.00771E+00 , -4.44564E-01 , -6.40918E-01 ,  3.51876E-07 ,  2.07457E-07 ,  3.97227E-08 ,  7.37663E-11 ,  6.40886E-02 , -4.44528E-02 , -1.20960E+00 
    4111 ,  6.21095E-01 ,  8.00771E+00 , -3.63317E-01 , -3.23003E-01 ,  2.17497E-07 ,  2.14744E-07 ,  5.00673E-08 ,  7.34657E-11 ,  3.22988E-02 , -3.63282E-02 , -6.09173E-01 
    4121 ,  6.22684E-01 ,  8.00771E+00 , -2.50988E-01 ,  1.16195E-02 ,  6.05865E-08 ,  2.19872E-07 ,  5.20372E-08 ,  7.35067E-11 , -1.16209E-03 , -2.50961E-02 ,  3.42128E-02 
    4131 ,  6.24270E-01 ,  8.00771E+00 , -9.10612E-02 ,  3.24094E-01 , -1.06460E-07 ,  2.22429E-07 ,  4.60508E-08 ,  7.38557E-11 , -3.24084E-02 , -9.10525E-03 ,  6.38990E-01 
    4141 ,  6.25854E-01 ,  8.00771E+00 ,  1.08383E-01 ,  5.60505E-01 , -2.54113E-07 ,  2.21714E-07 ,  3.35716E-08 ,  7.43629E-11 , -5.60480E-02 ,  1.08375E-02 ,  1.09206E+00 
    4151 ,  6.27438E-01 ,  8.00771E+00 ,  3.42206E-01 ,  7.08482E-01 , -3.69288E-07 ,  2.17065E-07 ,  1.70585E-08 ,  7.49279E-11 , -7.08446E-02 ,  3.42167E-02 ,  1.35993E+00 
    4161 ,  6.29022E-01 ,  8.00771E+00 ,  5.63229E-01 ,  7.48985E-01 , -4.25473E-07 ,  2.08350E-07 , -8.16419E-10 ,  7.54232E-11 , -7.48939E-02 ,  5.63200E-02 ,  1.40110E+00 
    4171 ,  6.30606E-01 ,  8.00771E+00 ,  7.07028E-01 ,  7.02704E-01 , -4.19941E-07 ,  1.96365E-07 , -1.76586E-08 ,  7.58184E-11 , -7.02655E-02 ,  7.07006E-02 ,  1.26510E+00 
    4181 ,  6.32193E-01 ,  8.00771E+00 ,  7.48128E-01 ,  5.88431E-01 , -3.55619E-07 ,  1.82856E-07 , -3.17537E-08 ,  7.61489E-11 , -5.88390E-02 ,  7.48106E-02 ,  9.96082E-01 
    4191 ,  6.33781E-01 ,  8.00771E+00 ,  6.67057E-01 ,  4.35613E-01 , -2.52242E-07 ,  1.69992E-07 , -4.18831E-08 ,  7.64326E-11 , -4.35576E-02 ,  6.67047E-02 ,  6.68641E-01 
    4201 ,  6.35371E-01 ,  8.00771E+00 ,  4.65964E-01 ,  2.59544E-01 , -1.21878E-07 ,  1.60178E-07 , -4.76930E-08 ,  7.66969E-11 , -2.59519E-02 ,  4.65969E-02 ,  3.26322E-01 
    4211 ,  6.36962E-01 ,  8.00771E+00 ,  1.64284E-01 ,  6.97184E-02 ,  1.81903E-08 ,  1.55588E-07 , -4.91194E-08 ,  7.69668E-11 , -6.97084E-03 ,  1.64288E-02 , -1.36369E-03 
    4221 ,  6.38553E-01 ,  8.00771E+00 , -1.51079E-01 , -1.01100E-01 ,  1.30146E-07 ,  1.56970E-07 , -4.68362E-08 ,  7.72021E-11 ,  1.01095E-02 , -1.51070E-02 , -2.56325E-01 
    4231 ,  6.40145E-01 ,  8.00771E+00 , -4.46860E-01 , -2.59075E-01 ,  2.13838E-07 ,  1.63914E-07 , -4.15292E-08 ,  7.73206E-11 ,  2.59060E-02 , -4.46853E-02 , -4.61686E-01 
    4241 ,  6.41735E-01 ,  8.00771E+00 , -6.97040E-01 , -4.07519E-01 ,  2.72680E-07 ,  1.75498E-07 , -3.36560E-08 ,  7.72227E-11 ,  4.07485E-02 , -6.97021E-02 , -6.41195E-01 
    4251 ,  6.43324E-01 ,  8.00771E+00 , -8.62071E-01 , -5.24496E-01 ,  3.10140E-07 ,  1.90132E-07 , -2.35691E-08 ,  7.68731E-11 ,  5.24458E-02 , -8.62036E-02 , -7.88209E-01 
    4261 ,  6.44911E-01 ,  8.00771E+00 , -9.63020E-01 , -6.10660E-01 ,  3.39708E-07 ,  2.06303E-07 , -1.15557E-08 ,  7.62407E-11 ,  6.10607E-02 , -9.62994E-02 , -9.15771E-01 
    4271 ,  6.46498E-01 ,  8.00771E+00 , -1.01615E+00 , -6.53179E-01 ,  3.66994E-07 ,  2.22861E-07 ,  1.78243E-09 ,  7.54560E-11 ,  6.53116E-02 , -1.01611E-01 , -1.00858E+00 
    4281 ,  6.48083E-01 ,  8.00771E+00 , -1.03452E+00 , -6.39768E-01 ,  3.87709E-07 ,  2.39081E-07 ,  1.55799E-08 ,  7.46439E-11 ,  6.39716E-02 , -1.03448E-01 , -1.03219E+00 
    4291 ,  6.49669E-01 ,  8.00771E+00 , -1.02589E+00 , -5.59555E-01 ,  3.94466E-07 ,  2.54660E-07 ,  2.85433E-08 ,  7.39913E-11 ,  5.59511E-02 , -1.02588E-01 , -9.58505E-01 
    4301 ,  6.51254E-01 ,  8.00771E+00 , -9.75655E-01 , -4.10588E-01 ,  3.68974E-07 ,  2.69380E-07 ,  3.91705E-08 ,  7.36239E-11 ,  4.10546E-02 , -9.75638E-02 , -7.55880E-01 
    4311 ,  6.52840E-01 ,  8.00771E+00 , -8.64075E-01 , -1.97809E-01 ,  2.95037E-07 ,  2.82608E-07 ,  4.59165E-08 ,  7.35529E-11 ,  1.97782E-02 , -8.64048E-02 , -4.14659E-01 
    4321 ,  6.54427E-01 ,  8.00771E+00 , -6.64731E-01 ,  7.37642E-02 ,  1.61709E-07 ,  2.93136E-07 ,  4.69992E-08 ,  7.37966E-11 , -7.37754E-03 , -6.64722E-02 ,  6.50974E-02 
    4331 ,  6.56015E-01 ,  8.00771E+00 , -3.87322E-01 ,  3.51182E-01 , -1.47827E-08 ,  2.99468E-07 ,  4.16619E-08 ,  7.41813E-11 , -3.51176E-02 , -3.87320E-02 ,  5.87850E-01 
    4341 ,  6.57602E-01 ,  8.00771E+00 , -6.50555E-02 ,  5.87844E-01 , -1.98046E-07 ,  3.00578E-07 ,  3.01211E-08 ,  7.46306E-11 , -5.87824E-02 , -6.50636E-03 ,  1.05256E+00 
    4351 ,  6.59190E-01 ,  8.00771E+00 ,  2.97321E-01 ,  7.69709E-01 , -3.75154E-07 ,  2.95823E-07 ,  1.34541E-08 ,  7.50921E-11 , -7.69668E-02 ,  2.97298E-02 ,  1.41993E+00 
    4361 ,  6.60776E-01 ,  8.00771E+00 ,  6.59355E-01 ,  8.58468E-01 , -5.09754E-07 ,  2.84897E-07 , -6.46753E-09 ,  7.55025E-11 , -8.58421E-02 ,  6.59319E-02 ,  1.60313E+00 
    4371 ,  6.62362E-01 ,  8.00771E+00 ,  9.57685E-01 ,  8.23476E-01 , -5.64975E-07 ,  2.68773E-07 , -2.67937E-08 ,  7.58425E-11 , -8.23427E-02 ,  9.57645E-02 ,  1.53302E+00 
    4381 ,  6.63947E-01 ,  8.00771E+00 ,  1.16197E+00 ,  6.60057E-01 , -5.28654E-07 ,  2.49078E-07 , -4.42160E-08 ,  7.60915E-11 , -6.60004E-02 ,  1.16192E-01 ,  1.19949E+00 
    4391 ,  6.65532E-01 ,  8.00771E+00 ,  1.24590E+00 ,  4.01658E-01 , -4.11680E-07 ,  2.27983E-07 , -5.59151E-08 ,  7.62865E-11 , -4.01622E-02 ,  1.24589E-01 ,  6.75420E-01 
    4401 ,  6.67116E-01 ,  8.00771E+00 ,  1.22560E+00 ,  6.89511E-02 , -2.31654E-07 ,  2.07564E-07 , -5.98721E-08 ,  7.64271E-11 , -6.89196E-03 ,  1.22559E-01 ,  9.67241E-03 
    4411 ,  6.68701E-01 ,  8.00771E+00 ,  1.12384E+00 , -2.58178E-01 , -4.17498E-08 ,  1.89290E-07 , -5.54970E-08 ,  7.64536E-11 ,  2.58197E-02 ,  1.12384E-01 , -6.30716E-01 
    4421 ,  6.70287E-01 ,  8.00771E+00 ,  9.73669E-01 , -5.22467E-01 ,  1.15752E-07 ,  1.73894E-07 , -4.40991E-08 ,  7.63296E-11 ,  5.22464E-02 ,  9.73673E-02 , -1.12845E+00 
    4431 ,  6.71874E-01 ,  8.00771E+00 ,  7.93720E-01 , -6.96172E-01 ,  2.21420E-07 ,  1.61815E-07 , -2.77459E-08 ,  7.60536E-11 ,  6.96169E-02 ,  7.93752E-02 , -1.43015E+00 
    4441 ,  6.73462E-01 ,  8.00771E+00 ,  5.84974E-01 , -7.56651E-01 ,  2.65036E-07 ,  1.53163E-07 , -9.25690E-09 ,  7.56541E-11 ,  7.56630E-02 ,  5.85006E-02 , -1.49463E+00 
    4451 ,  6.75051E-01 ,  8.00771E+00 ,  3.71718E-01 , -6.96009E-01 ,  2.46103E-07 ,  1.48137E-07 ,  8.28794E-09 ,  7.51633E-11 ,  6.95985E-02 ,  3.71759E-02 , -1.32183E+00 
    4461 ,  6.76639E-01 ,  8.00771E+00 ,  1.35050E-01 , -5.31642E-01 ,  1.81643E-07 ,  1.46827E-07 ,  2.20984E-08 ,  7.46570E-11 ,  5.31623E-02 ,  1.35075E-02 , -9.52657E-01 
    4471 ,  6.78228E-01 ,  8.00771E+00 , -1.17587E-01 , -3.01508E-01 ,  9.91968E-08 ,  1.49317E-07 ,  3.04071E-08 ,  7.42626E-11 ,  3.01493E-02 , -1.17572E-02 , -4.73735E-01 
    4481 ,  6.79815E-01 ,  8.00771E+00 , -3.42625E-01 , -8.08591E-02 ,  3.15642E-08 ,  1.55537E-07 ,  3.29106E-08 ,  7.40583E-11 ,  8.08523E-03 , -3.42626E-02 , -3.88692E-02 
    4491 ,  6.81401E-01 ,  8.00771E+00 , -5.53735E-01 ,  1.29684E-01 , -1.99815E-08 ,  1.65346E-07 ,  3.02311E-08 ,  7.40794E-11 , -1.29689E-02 , -5.53729E-02 ,  3.51831E-01 
    4501 ,  6.82986E-01 ,  8.00771E+00 , -7.01712E-01 ,  2.87478E-01 , -4.72717E-08 ,  1.78058E-07 ,  2.36183E-08 ,  7.43322E-11 , -2.87479E-02 , -7.01732E-02 ,  6.20295E-01 
    4511 ,  6.84570E-01 ,  8.00771E+00 , -7.62497E-01 ,  3.87837E-01 , -5.66068E-08 ,  1.92434E-07 ,  1.47037E-08 ,  7.47393E-11 , -3.87835E-02 , -7.62517E-02 ,  7.64908E-01 
    4521 ,  6.86153E-01 ,  8.00771E+00 , -7.18916E-01 ,  4.37670E-01 , -5.94012E-08 ,  2.06740E-07 ,  4.87496E-09 ,  7.52252E-11 , -4.37668E-02 , -7.18933E-02 ,  8.06186E-01 
    4531 ,  6.87735E-01 ,  8.00771E+00 , -5.72484E-01 ,  4.40746E-01 , -6.67834E-08 ,  2.18967E-07 , -4.71013E-09 ,  7.56884E-11 , -4.40734E-02 , -5.72496E-02 ,  7.68705E-01 
    4541 ,  6.89318E-01 ,  8.00771E+00 , -3.48023E-01 ,  4.17260E-01 , -8.31150E-08 ,  2.27313E-07 , -1.35250E-08 ,  7.60838E-11 , -4.17247E-02 , -3.48027E-02 ,  6.96381E-01 
    4551 ,  6.90901E-01 ,  8.00771E+00 , -7.70267E-02 ,  3.74588E-01 , -1.06807E-07 ,  2.30620E-07 , -2.13660E-08 ,  7.63618E-11 , -3.74566E-02 , -7.70286E-03 ,  6.08434E-01 
    4561 ,  6.92485E-01 ,  8.00771E+00 ,  1.84874E-01 ,  3.16201E-01 , -1.30657E-07 ,  2.28773E-07 , -2.80994E-08 ,  7.65563E-11 , -3.16185E-02 ,  1.84878E-02 ,  5.12412E-01 
    4571 ,  6.94070E-01 ,  8.00771E+00 ,  3.91160E-01 ,  2.40823E-01 , -1.42859E-07 ,  2.22584E-07 , -3.36053E-08 ,  7.66568E-11 , -2.40807E-02 ,  3.91159E-02 ,  4.00564E-01 
    4581 ,  6.95655E-01 ,  8.00771E+00 ,  5.29632E-01 ,  1.38118E-01 , -1.34673E-07 ,  2.13468E-07 , -3.74634E-08 ,  7.67027E-11 , -1.38100E-02 ,  5.29626E-02 ,  2.46002E-01 
    4591 ,  6.97241E-01 ,  8.00771E+00 ,  5.86184E-01 ,  1.07115E-02 , -9.99744E-08 ,  2.02929E-07 , -3.90513E-08 ,  7.66889E-11 , -1.06994E-03 ,  5.86175E-02 ,  4.14805E-02 
    4601 ,  6.98826E-01 ,  8.00771E+00 ,  5.67908E-01 , -1.39134E-01 , -3.87201E-08 ,  1.92495E-07 , -3.76717E-08 ,  7.66390E-11 ,  1.39135E-02 ,  5.67916E-02 , -2.16991E-01 
    4611 ,  7.00411E-01 ,  8.00771E+00 ,  4.83435E-01 , -3.11383E-01 ,  4.75473E-08 ,  1.83498E-07 , -3.25835E-08 ,  7.64922E-11 ,  3.11388E-02 ,  4.83453E-02 , -5.33766E-01 
    4621 ,  7.01996E-01 ,  8.00771E+00 ,  3.55392E-01 , -4.63190E-01 ,  1.36774E-07 ,  1.76826E-07 , -2.35404E-08 ,  7.62351E-11 ,  4.63174E-02 ,  3.55406E-02 , -8.29838E-01 
    4631 ,  7.03579E-01 ,  8.00771E+00 ,  1.84033E-01 , -5.75972E-01 ,  2.18699E-07 ,  1.73070E-07 , -1.12759E-08 ,  7.58694E-11 ,  5.75954E-02 ,  1.84057E-02 , -1.06581E+00 
    4641 ,  7.05163E-01 ,  8.00771E+00 , -6.45141E-03 , -6.10098E-01 ,  2.70501E-07 ,  1.72514E-07 ,  2.75340E-09 ,  7.54448E-11 ,  6.10075E-02 , -6.42247E-04 , -1.15421E+00 
    4651 ,  7.06746E-01 ,  8.00771E+00 , -2.20796E-01 , -5.58386E-01 ,  2.86557E-07 ,  1.75364E-07 ,  1.65630E-08 ,  7.50059E-11 ,  5.58366E-02 , -2.20779E-02 , -1.07247E+00 
    4661 ,  7.08329E-01 ,  8.00771E+00 , -4.45555E-01 , -4.24072E-01 ,  2.64899E-07 ,  1.81757E-07 ,  2.80003E-08 ,  7.46133E-11 ,  4.24051E-02 , -4.45528E-02 , -8.17723E-01 
    4671 ,  7.09912E-01 ,  8.00771E+00 , -6.68230E-01 , -2.26809E-01 ,  2.12801E-07 ,  1.91623E-07 ,  3.51840E-08 ,  7.43655E-11 ,  2.26778E-02 , -6.68197E-02 , -4.25336E-01 
    4681 ,  7.11496E-01 ,  8.00771E+00 , -8.73677E-01 ,  8.95418E-03 ,  1.39576E-07 ,  2.04841E-07 ,  3.68598E-08 ,  7.43061E-11 , -8.97932E-04 , -8.73689E-02 ,  5.45314E-02 
    4691 ,  7.13082E-01 ,  8.00771E+00 , -1.04033E+00 ,  2.59430E-01 ,  5.42699E-08 ,  2.20712E-07 ,  3.25898E-08 ,  7.44405E-11 , -2.59443E-02 , -1.04035E-01 ,  5.69116E-01 
    4701 ,  7.14667E-01 ,  8.00771E+00 , -1.11769E+00 ,  4.39671E-01 , -1.31896E-08 ,  2.38215E-07 ,  2.29638E-08 ,  7.47400E-11 , -4.39672E-02 , -1.11769E-01 ,  9.37236E-01 
    4711 ,  7.16253E-01 ,  8.00771E+00 , -1.11135E+00 ,  5.61721E-01 , -6.38359E-08 ,  2.55850E-07 ,  9.89971E-09 ,  7.51618E-11 , -5.61724E-02 , -1.11137E-01 ,  1.17787E+00 
    4721 ,  7.17838E-01 ,  8.00771E+00 , -1.00911E+00 ,  6.01145E-01 , -8.82013E-08 ,  2.71927E-07 , -4.74364E-09 ,  7.56553E-11 , -6.01153E-02 , -1.00911E-01 ,  1.23759E+00 
    4731 ,  7.19422E-01 ,  8.00771E+00 , -8.04021E-01 ,  5.51414E-01 , -8.78609E-08 ,  2.84774E-07 , -1.86929E-08 ,  7.61449E-11 , -5.51414E-02 , -8.04020E-02 ,  1.10358E+00 
    4741 ,  7.21006E-01 ,  8.00771E+00 , -5.37232E-01 ,  4.27545E-01 , -6.69132E-08 ,  2.93225E-07 , -2.98994E-08 ,  7.65805E-11 , -4.27547E-02 , -5.37226E-02 ,  8.17481E-01 
    4751 ,  7.22588E-01 ,  8.00771E+00 , -2.26804E-01 ,  2.49329E-01 , -3.57917E-08 ,  2.96658E-07 , -3.68763E-08 ,  7.68857E-11 , -2.49323E-02 , -2.26810E-02 ,  4.29116E-01 
    4761 ,  7.24168E-01 ,  8.00771E+00 ,  9.33228E-02 ,  4.69207E-02 , -2.12580E-09 ,  2.95113E-07 , -3.90033E-08 ,  7.70012E-11 , -4.69122E-03 ,  9.33276E-03 ,  9.22676E-03 
    4771 ,  7.25749E-01 ,  8.00771E+00 ,  3.84499E-01 , -1.41702E-01 ,  2.20507E-08 ,  2.88922E-07 , -3.64472E-08 ,  7.69416E-11 ,  1.41706E-02 ,  3.84505E-02 , -3.61779E-01 
    4781 ,  7.27329E-01 ,  8.00771E+00 ,  6.59619E-01 , -3.13179E-01 ,  3.10138E-08 ,  2.78745E-07 , -2.99537E-08 ,  7.66846E-11 ,  3.13183E-02 ,  6.59632E-02 , -6.77618E-01 
    4791 ,  7.28910E-01 ,  8.00771E+00 ,  8.73110E-01 , -4.27056E-01 ,  2.39437E-08 ,  2.65216E-07 , -2.04509E-08 ,  7.62429E-11 ,  4.27056E-02 ,  8.73123E-02 , -8.69732E-01 
    4801 ,  7.30492E-01 ,  8.00771E+00 ,  1.02660E+00 , -4.78196E-01 ,  4.19142E-09 ,  2.49255E-07 , -9.50367E-09 ,  7.56725E-11 ,  4.78194E-02 ,  1.02660E-01 , -9.38281E-01 
    4811 ,  7.32076E-01 ,  8.00771E+00 ,  1.11119E+00 , -4.66756E-01 , -2.29669E-08 ,  2.31717E-07 ,  1.40166E-09 ,  7.50946E-11 ,  4.66760E-02 ,  1.11119E-01 , -8.96207E-01 
    4821 ,  7.33660E-01 ,  8.00771E+00 ,  1.13531E+00 , -3.95378E-01 , -5.45906E-08 ,  2.13487E-07 ,  1.09948E-08 ,  7.46096E-11 ,  3.95391E-02 ,  1.13531E-01 , -7.54715E-01 
    4831 ,  7.35245E-01 ,  8.00771E+00 ,  1.08901E+00 , -2.74603E-01 , -8.43989E-08 ,  1.95727E-07 ,  1.81285E-08 ,  7.42803E-11 ,  2.74618E-02 ,  1.08902E-01 , -5.37630E-01 
    4841 ,  7.36829E-01 ,  8.00771E+00 ,  9.80234E-01 , -1.36931E-01 , -1.05276E-07 ,  1.79538E-07 ,  2.21739E-08 ,  7.41434E-11 ,  1.36945E-02 ,  9.80240E-02 , -2.99589E-01 
    4851 ,  7.38413E-01 ,  8.00771E+00 ,  8.06880E-01 ,  1.09790E-02 , -1.18923E-07 ,  1.65989E-07 ,  2.29909E-08 ,  7.42315E-11 , -1.09573E-03 ,  8.06872E-02 , -4.56440E-02 
    4861 ,  7.39996E-01 ,  8.00771E+00 ,  5.89176E-01 ,  1.46798E-01 , -1.27514E-07 ,  1.56003E-07 ,  2.06769E-08 ,  7.45221E-11 , -1.46770E-02 ,  5.89174E-02 ,  1.92671E-01 
    4871 ,  7.41578E-01 ,  8.00771E+00 ,  3.28233E-01 ,  2.66480E-01 , -1.32087E-07 ,  1.50293E-07 ,  1.56696E-08 ,  7.49225E-11 , -2.66451E-02 ,  3.28228E-02 ,  4.14146E-01 
    4881 ,  7.43159E-01 ,  8.00771E+00 ,  6.44615E-02 ,  3.53380E-01 , -1.33284E-07 ,  1.49304E-07 ,  8.54124E-09 ,  7.53787E-11 , -3.53360E-02 ,  6.44504E-03 ,  5.90558E-01 
    4891 ,  7.44740E-01 ,  8.00771E+00 , -1.90187E-01 ,  4.08207E-01 , -1.30733E-07 ,  1.53006E-07 , -9.53799E-11 ,  7.58406E-11 , -4.08191E-02 , -1.90191E-02 ,  7.21087E-01 
    4901 ,  7.46321E-01 ,  8.00771E+00 , -4.11381E-01 ,  4.26446E-01 , -1.23097E-07 ,  1.60793E-07 , -9.49693E-09 ,  7.62322E-11 , -4.26433E-02 , -4.11399E-02 ,  7.91044E-01 
    4911 ,  7.47903E-01 ,  8.00771E+00 , -5.61118E-01 ,  4.05280E-01 , -1.04634E-07 ,  1.71717E-07 , -1.88171E-08 ,  7.65385E-11 , -4.05282E-02 , -5.61143E-02 ,  7.82749E-01 
    4921 ,  7.49485E-01 ,  8.00771E+00 , -6.38878E-01 ,  3.47524E-01 , -7.44287E-08 ,  1.84338E-07 , -2.72089E-08 ,  7.67713E-11 , -3.47524E-02 , -6.38902E-02 ,  6.95788E-01 
    4931 ,  7.51068E-01 ,  8.00771E+00 , -6.42192E-01 ,  2.46857E-01 , -2.88097E-08 ,  1.97256E-07 , -3.37050E-08 ,  7.69383E-11 , -2.46868E-02 , -6.42201E-02 ,  5.15911E-01 
    4941 ,  7.52652E-01 ,  8.00771E+00 , -5.67082E-01 ,  1.11792E-01 ,  2.64252E-08 ,  2.09010E-07 , -3.73513E-08 ,  7.70446E-11 , -1.11802E-02 , -5.67073E-02 ,  2.57536E-01 
    4951 ,  7.54235E-01 ,  8.00771E+00 , -4.33866E-01 , -3.61797E-02 ,  8.17913E-08 ,  2.18356E-07 , -3.76230E-08 ,  7.70721E-11 ,  3.61695E-03 , -4.33858E-02 , -3.37086E-02 
    4961 ,  7.55817E-01 ,  8.00771E+00 , -2.60562E-01 , -1.87646E-01 ,  1.32250E-07 ,  2.24509E-07 , -3.43948E-08 ,  7.70164E-11 ,  1.87633E-02 , -2.60563E-02 , -3.34423E-01 
    4971 ,  7.57399E-01 ,  8.00771E+00 , -6.24427E-02 , -3.31123E-01 ,  1.70735E-07 ,  2.26980E-07 , -2.77125E-08 ,  7.68613E-11 ,  3.31106E-02 , -6.24326E-03 , -6.18035E-01 
    4981 ,  7.58979E-01 ,  8.00771E+00 ,  1.27762E-01 , -4.37696E-01 ,  1.87712E-07 ,  2.25983E-07 , -1.83264E-08 ,  7.65735E-11 ,  4.37685E-02 ,  1.27796E-02 , -8.26585E-01 
    4991 ,  7.60558E-01 ,  8.00771E+00 ,  2.76656E-01 , -4.88290E-01 ,  1.82306E-07 ,  2.21893E-07 , -7.33170E-09 ,  7.61855E-11 ,  4.88284E-02 ,  2.76678E-02 , -9.23543E-01 
    5001 ,  7.62136E-01 ,  8.00771E+00 ,  3.80731E-01 , -4.81503E-01 ,  1.55563E-07 ,  2.15612E-07 ,  3.88324E-09 ,  7.57309E-11 ,  4.81492E-02 ,  3.80740E-02 , -9.08937E-01 
    5011 ,  7.63715E-01 ,  8.00771E+00 ,  4.33060E-01 , -4.16887E-01 ,  1.11464E-07 ,  2.08019E-07 ,  1.39687E-08 ,  7.52891E-11 ,  4.16876E-02 ,  4.33061E-02 , -7.85026E-01 
    5021 ,  7.65293E-01 ,  8.00771E+00 ,  4.30173E-01 , -2.94647E-01 ,  5.33122E-08 ,  2.00271E-07 ,  2.16489E-08 ,  7.49188E-11 ,  2.94640E-02 ,  4.30166E-02 , -5.54668E-01 
    5031 ,  7.66872E-01 ,  8.00771E+00 ,  3.71884E-01 , -1.35429E-01 , -7.19515E-09 ,  1.93356E-07 ,  2.58399E-08 ,  7.47028E-11 ,  1.35439E-02 ,  3.71896E-02 , -2.58614E-01 
    5041 ,  7.68453E-01 ,  8.00771E+00 ,  2.66063E-01 ,  3.82173E-02 , -6.08010E-08 ,  1.88078E-07 ,  2.61617E-08 ,  7.46468E-11 , -3.82016E-03 ,  2.66064E-02 ,  6.16592E-02 
    5051 ,  7.70034E-01 ,  8.00771E+00 ,  1.03658E-01 ,  2.23587E-01 , -1.05788E-07 ,  1.84992E-07 ,  2.24602E-08 ,  7.47798E-11 , -2.23572E-02 ,  1.03654E-02 ,  4.02730E-01 
    5061 ,  7.71616E-01 ,  8.00771E+00 , -7.05708E-02 ,  3.62850E-01 , -1.28419E-07 ,  1.84772E-07 ,  1.50628E-08 ,  7.50892E-11 , -3.62834E-02 , -7.05709E-03 ,  6.60448E-01 
    5071 ,  7.73199E-01 ,  8.00771E+00 , -2.64216E-01 ,  4.57550E-01 , -1.31263E-07 ,  1.87590E-07 ,  5.16172E-09 ,  7.55076E-11 , -4.57532E-02 , -2.64218E-02 ,  8.39919E-01 
    5081 ,  7.74781E-01 ,  8.00771E+00 , -4.56263E-01 ,  4.92870E-01 , -1.11225E-07 ,  1.93484E-07 , -5.96170E-09 ,  7.59797E-11 , -4.92856E-02 , -4.56280E-02 ,  9.14691E-01 
    5091 ,  7.76363E-01 ,  8.00771E+00 , -6.43750E-01 ,  4.66820E-01 , -7.10574E-08 ,  2.02547E-07 , -1.69749E-08 ,  7.64153E-11 , -4.66807E-02 , -6.43754E-02 ,  8.81882E-01 
    5101 ,  7.77944E-01 ,  8.00771E+00 , -7.92471E-01 ,  3.84757E-01 , -1.57864E-08 ,  2.14363E-07 , -2.65552E-08 ,  7.68019E-11 , -3.84759E-02 , -7.92490E-02 ,  7.48375E-01 
    5111 ,  7.79525E-01 ,  8.00771E+00 , -8.98265E-01 ,  2.49903E-01 ,  5.21878E-08 ,  2.28248E-07 , -3.34463E-08 ,  7.70781E-11 , -2.49908E-02 , -8.98264E-02 ,  5.17710E-01 
    5121 ,  7.81104E-01 ,  8.00771E+00 , -9.35140E-01 ,  8.81953E-02 ,  1.19579E-07 ,  2.43123E-07 , -3.68929E-08 ,  7.72254E-11 , -8.82203E-03 , -9.35127E-02 ,  2.32941E-01 
    5131 ,  7.82683E-01 ,  8.00771E+00 , -8.98192E-01 , -9.18204E-02 ,  1.83423E-07 ,  2.57758E-07 , -3.63888E-08 ,  7.72100E-11 ,  9.17996E-03 , -8.98174E-02 , -9.25090E-02 
    5141 ,  7.84262E-01 ,  8.00771E+00 , -7.89756E-01 , -2.60207E-01 ,  2.33243E-07 ,  2.70912E-07 , -3.18592E-08 ,  7.70349E-11 ,  2.60168E-02 , -7.89742E-02 , -4.05475E-01 
    5151 ,  7.85842E-01 ,  8.00771E+00 , -5.98688E-01 , -4.12851E-01 ,  2.65046E-07 ,  2.81322E-07 , -2.37596E-08 ,  7.67090E-11 ,  4.12812E-02 , -5.98674E-02 , -6.99757E-01 
    5161 ,  7.87422E-01 ,  8.00771E+00 , -3.80817E-01 , -5.02316E-01 ,  2.69466E-07 ,  2.87943E-07 , -1.29889E-08 ,  7.62497E-11 ,  5.02280E-02 , -3.80789E-02 , -8.84063E-01 
    5171 ,  7.89002E-01 ,  8.00771E+00 , -1.36193E-01 , -5.32407E-01 ,  2.45874E-07 ,  2.90463E-07 , -9.80214E-10 ,  7.57205E-11 ,  5.32380E-02 , -1.36164E-02 , -9.64180E-01 
    5181 ,  7.90582E-01 ,  8.00771E+00 ,  1.20850E-01 , -4.95600E-01 ,  1.92036E-07 ,  2.88676E-07 ,  1.07581E-08 ,  7.52039E-11 ,  4.95584E-02 ,  1.20867E-02 , -9.23840E-01 
    5191 ,  7.92162E-01 ,  8.00771E+00 ,  3.66520E-01 , -3.95337E-01 ,  1.12940E-07 ,  2.82718E-07 ,  2.07028E-08 ,  7.47433E-11 ,  3.95330E-02 ,  3.66533E-02 , -7.65020E-01 
    5201 ,  7.93742E-01 ,  8.00771E+00 ,  5.70596E-01 , -2.52096E-01 ,  1.92264E-08 ,  2.73308E-07 ,  2.76611E-08 ,  7.44095E-11 ,  2.52093E-02 ,  5.70622E-02 , -5.20649E-01 
    5211 ,  7.95320E-01 ,  8.00771E+00 ,  7.43005E-01 , -7.23854E-02 , -8.72376E-08 ,  2.61222E-07 ,  3.07855E-08 ,  7.42035E-11 ,  7.24056E-03 ,  7.43003E-02 , -2.02526E-01 
    5221 ,  7.96898E-01 ,  8.00771E+00 ,  8.66593E-01 ,  1.07250E-01 , -1.87519E-07 ,  2.47115E-07 ,  2.96526E-08 ,  7.41800E-11 , -1.07225E-02 ,  8.66581E-02 ,  1.22631E-01 
    5231 ,  7.98476E-01 ,  8.00771E+00 ,  9.46990E-01 ,  2.76065E-01 , -2.77789E-07 ,  2.31781E-07 ,  2.44881E-08 ,  7.42994E-11 , -2.76031E-02 ,  9.46981E-02 ,  4.33186E-01 
    5241 ,  8.00053E-01 ,  8.00771E+00 ,  9.76789E-01 ,  4.04325E-01 , -3.41285E-07 ,  2.15935E-07 ,  1.60073E-08 ,  7.45636E-11 , -4.04281E-02 ,  9.76773E-02 ,  6.71828E-01 
    5251 ,  8.01630E-01 ,  8.00771E+00 ,  9.53842E-01 ,  4.86644E-01 , -3.73015E-07 ,  2.00422E-07 ,  5.33271E-09 ,  7.49161E-11 , -4.86599E-02 ,  9.53821E-02 ,  8.26321E-01 
    5261 ,  8.03208E-01 ,  8.00771E+00 ,  8.72315E-01 ,  5.10840E-01 , -3.65925E-07 ,  1.86192E-07 , -6.22238E-09 ,  7.53061E-11 , -5.10799E-02 ,  8.72285E-02 ,  8.72790E-01 
    5271 ,  8.04788E-01 ,  8.00771E+00 ,  7.33210E-01 ,  4.78641E-01 , -3.21279E-07 ,  1.74141E-07 , -1.72774E-08 ,  7.57236E-11 , -4.78612E-02 ,  7.33190E-02 ,  8.14876E-01 
    5281 ,  8.06367E-01 ,  8.00771E+00 ,  5.49922E-01 ,  4.01628E-01 , -2.47885E-07 ,  1.65178E-07 , -2.66497E-08 ,  7.61140E-11 , -4.01610E-02 ,  5.49906E-02 ,  6.75471E-01 
    5291 ,  8.07948E-01 ,  8.00771E+00 ,  3.29640E-01 ,  2.88635E-01 , -1.53863E-07 ,  1.59896E-07 , -3.35080E-08 ,  7.64721E-11 , -2.88629E-02 ,  3.29636E-02 ,  4.73804E-01 
    5301 ,  8.09529E-01 ,  8.00771E+00 ,  8.84113E-02 ,  1.49324E-01 , -5.09866E-08 ,  1.58741E-07 , -3.72115E-08 ,  7.67811E-11 , -1.49323E-02 ,  8.84102E-03 ,  2.30587E-01 
    5311 ,  8.11111E-01 ,  8.00771E+00 , -1.32465E-01 ,  5.56090E-03 ,  4.38490E-08 ,  1.61647E-07 , -3.77001E-08 ,  7.69946E-11 , -5.56109E-04 , -1.32468E-02 , -1.35877E-02 
    5321 ,  8.12691E-01 ,  8.00771E+00 , -3.04929E-01 , -1.26722E-01 ,  1.17000E-07 ,  1.67946E-07 , -3.53784E-08 ,  7.71040E-11 ,  1.26712E-02 , -3.04918E-02 , -2.31710E-01 
    5331 ,  8.14271E-01 ,  8.00771E+00 , -4.26978E-01 , -2.49072E-01 ,  1.71126E-07 ,  1.76735E-07 , -3.04333E-08 ,  7.70702E-11 ,  2.49052E-02 , -4.26950E-02 , -4.29593E-01 
    5341 ,  8.15849E-01 ,  8.00771E+00 , -4.87795E-01 , -3.48387E-01 ,  2.02969E-07 ,  1.86934E-07 , -2.33239E-08 ,  7.68855E-11 ,  3.48356E-02 , -4.87762E-02 , -5.88847E-01 
    5351 ,  8.17427E-01 ,  8.00771E+00 , -4.89967E-01 , -4.22720E-01 ,  2.18183E-07 ,  1.97324E-07 , -1.45936E-08 ,  7.65538E-11 ,  4.22688E-02 , -4.89942E-02 , -7.10234E-01 
    5361 ,  8.19003E-01 ,  8.00771E+00 , -4.39562E-01 , -4.54901E-01 ,  2.17758E-07 ,  2.06787E-07 , -4.85163E-09 ,  7.61093E-11 ,  4.54873E-02 , -4.39547E-02 , -7.68131E-01 
    5371 ,  8.20579E-01 ,  8.00771E+00 , -3.52370E-01 , -4.40225E-01 ,  2.02636E-07 ,  2.14503E-07 ,  5.04458E-09 ,  7.55907E-11 ,  4.40204E-02 , -3.52343E-02 , -7.54382E-01 
    5381 ,  8.22155E-01 ,  8.00771E+00 , -2.43940E-01 , -3.76107E-01 ,  1.74287E-07 ,  2.20020E-07 ,  1.40042E-08 ,  7.51154E-11 ,  3.76098E-02 , -2.43920E-02 , -6.60862E-01 
    5391 ,  8.23732E-01 ,  8.00771E+00 , -1.28324E-01 , -2.64629E-01 ,  1.31762E-07 ,  2.23169E-07 ,  2.09917E-08 ,  7.47649E-11 ,  2.64631E-02 , -1.28310E-02 , -4.85498E-01 
    5401 ,  8.25309E-01 ,  8.00771E+00 , -1.83626E-02 , -1.21955E-01 ,  7.72907E-08 ,  2.23955E-07 ,  2.50211E-08 ,  7.45997E-11 ,  1.21955E-02 , -1.83467E-03 , -2.49336E-01 
    5411 ,  8.26886E-01 ,  8.00771E+00 ,  9.16562E-02 ,  5.23244E-02 ,  4.86820E-09 ,  2.22586E-07 ,  2.53725E-08 ,  7.46508E-11 , -5.23096E-03 ,  9.16754E-03 ,  5.17889E-02 
    5421 ,  8.28463E-01 ,  8.00771E+00 ,  1.84324E-01 ,  2.27900E-01 , -7.55766E-08 ,  2.19241E-07 ,  2.17036E-08 ,  7.49130E-11 , -2.27880E-02 ,  1.84328E-02 ,  3.68607E-01 
    5431 ,  8.30040E-01 ,  8.00771E+00 ,  2.50007E-01 ,  3.73386E-01 , -1.51688E-07 ,  2.14427E-07 ,  1.43897E-08 ,  7.53106E-11 , -3.73360E-02 ,  2.49997E-02 ,  6.42550E-01 
    5441 ,  8.31617E-01 ,  8.00771E+00 ,  2.82772E-01 ,  4.72032E-01 , -2.12246E-07 ,  2.08839E-07 ,  4.26717E-09 ,  7.57557E-11 , -4.72002E-02 ,  2.82756E-02 ,  8.38932E-01 
    5451 ,  8.33194E-01 ,  8.00771E+00 ,  2.75144E-01 ,  5.14115E-01 , -2.46184E-07 ,  2.03215E-07 , -7.43236E-09 ,  7.61831E-11 , -5.14085E-02 ,  2.75124E-02 ,  9.35734E-01 
    5461 ,  8.34771E-01 ,  8.00771E+00 ,  2.18153E-01 ,  4.87160E-01 , -2.42238E-07 ,  1.98313E-07 , -1.91896E-08 ,  7.65607E-11 , -4.87129E-02 ,  2.18125E-02 ,  9.03840E-01 
    5471 ,  8.36347E-01 ,  8.00771E+00 ,  1.06982E-01 ,  3.89611E-01 , -1.96803E-07 ,  1.95203E-07 , -2.92926E-08 ,  7.68371E-11 , -3.89589E-02 ,  1.06955E-02 ,  7.36421E-01 
    5481 ,  8.37924E-01 ,  8.00771E+00 , -4.78255E-02 ,  2.34520E-01 , -1.09221E-07 ,  1.94683E-07 , -3.62376E-08 ,  7.69935E-11 , -2.34510E-02 , -4.78480E-03 ,  4.54294E-01 
    5491 ,  8.39501E-01 ,  8.00771E+00 , -2.15443E-01 ,  5.75098E-02 , -4.67409E-10 ,  1.97193E-07 , -3.90216E-08 ,  7.70134E-11 , -5.75109E-03 , -2.15454E-02 ,  1.25615E-01 
    5501 ,  8.41078E-01 ,  8.00771E+00 , -4.06482E-01 , -1.49129E-01 ,  1.31216E-07 ,  2.02870E-07 , -3.72298E-08 ,  7.69581E-11 ,  1.49107E-02 , -4.06485E-02 , -2.59704E-01 
    5511 ,  8.42655E-01 ,  8.00771E+00 , -5.62140E-01 , -3.20740E-01 ,  2.42015E-07 ,  2.11634E-07 , -3.09793E-08 ,  7.68103E-11 ,  3.20713E-02 , -5.62145E-02 , -5.77641E-01 
    5521 ,  8.44233E-01 ,  8.00771E+00 , -6.70869E-01 , -4.40487E-01 ,  3.18396E-07 ,  2.22449E-07 , -2.13988E-08 ,  7.65854E-11 ,  4.40456E-02 , -6.70853E-02 , -7.93938E-01 
    5531 ,  8.45811E-01 ,  8.00771E+00 , -7.37442E-01 , -5.09714E-01 ,  3.60344E-07 ,  2.34391E-07 , -9.85187E-09 ,  7.62741E-11 ,  5.09679E-02 , -7.37418E-02 , -9.09093E-01 
    5541 ,  8.47389E-01 ,  8.00771E+00 , -7.43487E-01 , -5.06809E-01 ,  3.53926E-07 ,  2.46445E-07 ,  1.97464E-09 ,  7.59204E-11 ,  5.06777E-02 , -7.43481E-02 , -8.87752E-01 
    5551 ,  8.48967E-01 ,  8.00771E+00 , -6.99232E-01 , -4.41759E-01 ,  3.07888E-07 ,  2.57714E-07 ,  1.25122E-08 ,  7.55498E-11 ,  4.41724E-02 , -6.99235E-02 , -7.50808E-01 
    5561 ,  8.50544E-01 ,  8.00771E+00 , -6.11040E-01 , -3.27449E-01 ,  2.32736E-07 ,  2.67330E-07 ,  2.05180E-08 ,  7.51801E-11 ,  3.27412E-02 , -6.11023E-02 , -5.28659E-01 
    5571 ,  8.52120E-01 ,  8.00771E+00 , -4.89725E-01 , -1.85687E-01 ,  1.43852E-07 ,  2.74845E-07 ,  2.51788E-08 ,  7.48740E-11 ,  1.85668E-02 , -4.89701E-02 , -2.67245E-01 
    5581 ,  8.53695E-01 ,  8.00771E+00 , -3.38301E-01 , -3.37920E-02 ,  5.04827E-08 ,  2.79945E-07 ,  2.62848E-08 ,  7.46892E-11 ,  3.37888E-03 , -3.38284E-02 , -3.54798E-04 
    5591 ,  8.55270E-01 ,  8.00771E+00 , -1.64325E-01 ,  1.06679E-01 , -3.51128E-08 ,  2.82331E-07 ,  2.40877E-08 ,  7.46139E-11 , -1.06682E-02 , -1.64313E-02 ,  2.32975E-01 
    5601 ,  8.56844E-01 ,  8.00771E+00 ,  3.03856E-02 ,  2.24877E-01 , -1.08726E-07 ,  2.81792E-07 ,  1.92761E-08 ,  7.46842E-11 , -2.24866E-02 ,  3.03887E-03 ,  4.15538E-01 
    5611 ,  8.58418E-01 ,  8.00771E+00 ,  2.30165E-01 ,  3.08213E-01 , -1.65948E-07 ,  2.78227E-07 ,  1.26108E-08 ,  7.48577E-11 , -3.08197E-02 ,  2.30144E-02 ,  5.31318E-01 
    5621 ,  8.59992E-01 ,  8.00771E+00 ,  4.39183E-01 ,  3.60840E-01 , -2.12490E-07 ,  2.71528E-07 ,  4.85964E-09 ,  7.51001E-11 , -3.60818E-02 ,  4.39156E-02 ,  5.91957E-01 
    5631 ,  8.61567E-01 ,  8.00771E+00 ,  6.23770E-01 ,  3.79170E-01 , -2.44320E-07 ,  2.61824E-07 , -3.26303E-09 ,  7.53771E-11 , -3.79143E-02 ,  6.23753E-02 ,  5.99942E-01 
    5641 ,  8.63142E-01 ,  8.00771E+00 ,  7.75337E-01 ,  3.69368E-01 , -2.61839E-07 ,  2.49646E-07 , -1.11602E-08 ,  7.56399E-11 , -3.69338E-02 ,  7.75333E-02 ,  5.69442E-01 
    5651 ,  8.64718E-01 ,  8.00771E+00 ,  8.91270E-01 ,  3.30807E-01 , -2.67512E-07 ,  2.35433E-07 , -1.83954E-08 ,  7.58880E-11 , -3.30771E-02 ,  8.91268E-02 ,  5.00224E-01 
    5661 ,  8.66294E-01 ,  8.00771E+00 ,  9.43876E-01 ,  2.61849E-01 , -2.53156E-07 ,  2.20186E-07 , -2.44238E-08 ,  7.61011E-11 , -2.61824E-02 ,  9.43888E-02 ,  3.88394E-01 
    5671 ,  8.67871E-01 ,  8.00771E+00 ,  9.24746E-01 ,  1.75273E-01 , -2.21346E-07 ,  2.05047E-07 , -2.87737E-08 ,  7.62528E-11 , -1.75246E-02 ,  9.24738E-02 ,  2.50717E-01 
    5681 ,  8.69447E-01 ,  8.00771E+00 ,  8.39112E-01 ,  6.88262E-02 , -1.70338E-07 ,  1.91320E-07 , -3.10077E-08 ,  7.63166E-11 , -6.88077E-03 ,  8.39100E-02 ,  7.90040E-02 
    5691 ,  8.71023E-01 ,  8.00771E+00 ,  6.88346E-01 , -5.97820E-02 , -9.75437E-08 ,  1.80175E-07 , -3.06551E-08 ,  7.63331E-11 ,  5.97853E-03 ,  6.88342E-02 , -1.34474E-01 
    5701 ,  8.72600E-01 ,  8.00771E+00 ,  5.18366E-01 , -1.77748E-01 , -2.21530E-08 ,  1.72237E-07 , -2.75363E-08 ,  7.62816E-11 ,  1.77745E-02 ,  5.18366E-02 , -3.36884E-01 
    5711 ,  8.74175E-01 ,  8.00771E+00 ,  3.16508E-01 , -2.92179E-01 ,  5.84579E-08 ,  1.67695E-07 , -2.18173E-08 ,  7.61482E-11 ,  2.92166E-02 ,  3.16517E-02 , -5.39713E-01 
    5721 ,  8.75751E-01 ,  8.00771E+00 ,  1.26080E-01 , -3.70338E-01 ,  1.25608E-07 ,  1.66689E-07 , -1.38861E-08 ,  7.59811E-11 ,  3.70318E-02 ,  1.26091E-02 , -6.83109E-01 
    5731 ,  8.77326E-01 ,  8.00771E+00 , -4.38406E-02 , -4.03075E-01 ,  1.70965E-07 ,  1.68701E-07 , -4.72276E-09 ,  7.57650E-11 ,  4.03053E-02 , -4.38175E-03 , -7.46973E-01 
    5741 ,  8.78900E-01 ,  8.00771E+00 , -1.96384E-01 , -3.84159E-01 ,  1.91562E-07 ,  1.73305E-07 ,  4.48919E-09 ,  7.55142E-11 ,  3.84126E-02 , -1.96379E-02 , -7.15636E-01 
    5751 ,  8.80475E-01 ,  8.00771E+00 , -3.15776E-01 , -3.11436E-01 ,  1.82444E-07 ,  1.79844E-07 ,  1.25247E-08 ,  7.52913E-11 ,  3.11410E-02 , -3.15773E-02 , -5.81236E-01 
    5761 ,  8.82050E-01 ,  8.00771E+00 , -4.01404E-01 , -1.94808E-01 ,  1.47620E-07 ,  1.87783E-07 ,  1.81364E-08 ,  7.51264E-11 ,  1.94780E-02 , -4.01392E-02 , -3.60399E-01 
    5771 ,  8.83624E-01 ,  8.00771E+00 , -4.50641E-01 , -4.91377E-02 ,  9.25765E-08 ,  1.96380E-07 ,  2.04982E-08 ,  7.50689E-11 ,  4.91244E-03 , -4.50642E-02 , -8.10200E-02 
    5781 ,  8.85199E-01 ,  8.00771E+00 , -4.59671E-01 ,  1.14319E-01 ,  2.26028E-08 ,  2.05078E-07 ,  1.91584E-08 ,  7.51363E-11 , -1.14324E-02 , -4.59673E-02 ,  2.34363E-01 
    5791 ,  8.86773E-01 ,  8.00771E+00 , -4.26142E-01 ,  2.58116E-01 , -4.57235E-08 ,  2.13211E-07 ,  1.40591E-08 ,  7.53169E-11 , -2.58116E-02 , -4.26148E-02 ,  5.10822E-01 
    5801 ,  8.88347E-01 ,  8.00771E+00 , -3.50213E-01 ,  3.65223E-01 , -1.03352E-07 ,  2.20010E-07 ,  6.15640E-09 ,  7.55802E-11 , -3.65218E-02 , -3.50235E-02 ,  7.13232E-01 
    5811 ,  8.89921E-01 ,  8.00771E+00 , -2.39110E-01 ,  4.19875E-01 , -1.41216E-07 ,  2.24842E-07 , -3.47191E-09 ,  7.59020E-11 , -4.19868E-02 , -2.39127E-02 ,  8.09709E-01 
    5821 ,  8.91495E-01 ,  8.00771E+00 , -1.07045E-01 ,  4.13019E-01 , -1.52813E-07 ,  2.27324E-07 , -1.33293E-08 ,  7.62181E-11 , -4.12998E-02 , -1.07052E-02 ,  7.82867E-01 
    5831 ,  8.93067E-01 ,  8.00771E+00 ,  1.95318E-02 ,  3.52352E-01 , -1.41102E-07 ,  2.27397E-07 , -2.20070E-08 ,  7.65002E-11 , -3.52331E-02 ,  1.95180E-03 ,  6.50832E-01 
    5841 ,  8.94640E-01 ,  8.00771E+00 ,  1.39039E-01 ,  2.43303E-01 , -1.05514E-07 ,  2.25233E-07 , -2.83310E-08 ,  7.67138E-11 , -2.43284E-02 ,  1.39015E-02 ,  4.26536E-01 
    5851 ,  8.96213E-01 ,  8.00771E+00 ,  2.24587E-01 ,  1.08196E-01 , -5.44191E-08 ,  2.21331E-07 , -3.15133E-08 ,  7.68334E-11 , -1.08186E-02 ,  2.24583E-02 ,  1.58549E-01 
    5861 ,  8.97786E-01 ,  8.00771E+00 ,  2.62718E-01 , -2.99638E-02 ,  1.35603E-09 ,  2.16579E-07 , -3.14629E-08 ,  7.68663E-11 ,  2.99697E-03 ,  2.62730E-02 , -1.05404E-01 
    5871 ,  8.99359E-01 ,  8.00771E+00 ,  2.51366E-01 , -1.58067E-01 ,  5.45057E-08 ,  2.11748E-07 , -2.83504E-08 ,  7.68094E-11 ,  1.58072E-02 ,  2.51393E-02 , -3.38378E-01 
    5881 ,  9.00932E-01 ,  8.00771E+00 ,  1.92213E-01 , -2.60885E-01 ,  1.00635E-07 ,  2.07717E-07 , -2.28020E-08 ,  7.66499E-11 ,  2.60880E-02 ,  1.92227E-02 , -5.12435E-01 
    5891 ,  9.02506E-01 ,  8.00771E+00 ,  9.22676E-02 , -3.28912E-01 ,  1.34233E-07 ,  2.05304E-07 , -1.56262E-08 ,  7.64145E-11 ,  3.28906E-02 ,  9.22647E-03 , -6.13360E-01 
    5901 ,  9.04081E-01 ,  8.00771E+00 , -3.40076E-02 , -3.55431E-01 ,  1.52469E-07 ,  2.04995E-07 , -7.70290E-09 ,  7.61393E-11 ,  3.55415E-02 , -3.39955E-03 , -6.35086E-01 
    5911 ,  9.05655E-01 ,  8.00771E+00 , -1.75919E-01 , -3.41395E-01 ,  1.60510E-07 ,  2.06961E-07 ,  2.27407E-12 ,  7.58473E-11 ,  3.41378E-02 , -1.75908E-02 , -5.85534E-01 
    5921 ,  9.07230E-01 ,  8.00771E+00 , -3.15239E-01 , -2.94448E-01 ,  1.59792E-07 ,  2.11235E-07 ,  6.68408E-09 ,  7.55777E-11 ,  2.94427E-02 , -3.15234E-02 , -4.84346E-01 
    5931 ,  9.08804E-01 ,  8.00771E+00 , -4.36120E-01 , -2.26025E-01 ,  1.50577E-07 ,  2.17607E-07 ,  1.18360E-08 ,  7.53573E-11 ,  2.26005E-02 , -4.36093E-02 , -3.54390E-01 
    5941 ,  9.10378E-01 ,  8.00771E+00 , -5.42467E-01 , -1.37659E-01 ,  1.36390E-07 ,  2.25453E-07 ,  1.52025E-08 ,  7.52133E-11 ,  1.37644E-02 , -5.42460E-02 , -1.97899E-01 
    5951 ,  9.11951E-01 ,  8.00771E+00 , -6.15786E-01 , -4.43974E-02 ,  1.21257E-07 ,  2.34676E-07 ,  1.66430E-08 ,  7.51527E-11 ,  4.43795E-03 , -6.15787E-02 , -3.80818E-02 
    5961 ,  9.13524E-01 ,  8.00771E+00 , -6.55569E-01 ,  5.38336E-02 ,  9.64374E-08 ,  2.44550E-07 ,  1.59718E-08 ,  7.51919E-11 , -5.38431E-03 , -6.55541E-02 ,  1.28796E-01 
    5971 ,  9.15097E-01 ,  8.00771E+00 , -6.53066E-01 ,  1.42181E-01 ,  6.68276E-08 ,  2.54473E-07 ,  1.32919E-08 ,  7.53135E-11 , -1.42190E-02 , -6.53049E-02 ,  2.80267E-01 
    5981 ,  9.16669E-01 ,  8.00771E+00 , -6.04723E-01 ,  2.14089E-01 ,  3.14476E-08 ,  2.63849E-07 ,  8.90947E-09 ,  7.55098E-11 , -2.14092E-02 , -6.04720E-02 ,  4.06263E-01 
    5991 ,  9.18241E-01 ,  8.00771E+00 , -5.09274E-01 ,  2.66463E-01 , -9.09156E-09 ,  2.71786E-07 ,  3.25938E-09 ,  7.57320E-11 , -2.66463E-02 , -5.09270E-02 ,  5.01036E-01 
    6001 ,  9.19814E-01 ,  8.00771E+00 , -3.68152E-01 ,  2.92432E-01 , -4.90507E-08 ,  2.77655E-07 , -3.19067E-09 ,  7.59475E-11 , -2.92431E-02 , -3.68147E-02 ,  5.49460E-01 
    6011 ,  9.21386E-01 ,  8.00771E+00 , -1.72429E-01 ,  2.87439E-01 , -8.84726E-08 ,  2.80660E-07 , -9.84660E-09 ,  7.61336E-11 , -2.87435E-02 , -1.72436E-02 ,  5.39486E-01 
    6021 ,  9.22958E-01 ,  8.00771E+00 ,  3.48022E-02 ,  2.50919E-01 , -1.15554E-07 ,  2.80396E-07 , -1.59652E-08 ,  7.62718E-11 , -2.50912E-02 ,  3.47958E-03 ,  4.66545E-01 
    6031 ,  9.24531E-01 ,  8.00771E+00 ,  2.43985E-01 ,  1.85988E-01 , -1.27111E-07 ,  2.76822E-07 , -2.08126E-08 ,  7.63429E-11 , -1.85972E-02 ,  2.43990E-02 ,  3.34766E-01 
    6041 ,  9.26103E-01 ,  8.00771E+00 ,  4.46991E-01 ,  9.64984E-02 , -1.25146E-07 ,  2.70148E-07 , -2.37023E-08 ,  7.63327E-11 , -9.64924E-03 ,  4.46997E-02 ,  1.51836E-01 
    6051 ,  9.27675E-01 ,  8.00771E+00 ,  6.28242E-01 , -8.99681E-03 , -1.07318E-07 ,  2.60553E-07 , -2.42602E-08 ,  7.62998E-11 ,  9.01037E-04 ,  6.28258E-02 , -6.31032E-02 
    6061 ,  9.29247E-01 ,  8.00771E+00 ,  7.64897E-01 , -1.13937E-01 , -8.09310E-08 ,  2.48676E-07 , -2.22986E-08 ,  7.61915E-11 ,  1.13956E-02 ,  7.64919E-02 , -2.75308E-01 
    6071 ,  9.30819E-01 ,  8.00771E+00 ,  8.47557E-01 , -2.01792E-01 , -5.36133E-08 ,  2.35349E-07 , -1.80559E-08 ,  7.60192E-11 ,  2.01807E-02 ,  8.47579E-02 , -4.50075E-01 
    6081 ,  9.32391E-01 ,  8.00771E+00 ,  8.79368E-01 , -2.68203E-01 , -2.75705E-08 ,  2.21402E-07 , -1.20892E-08 ,  7.58211E-11 ,  2.68218E-02 ,  8.79378E-02 , -5.77887E-01 
    6091 ,  9.33963E-01 ,  8.00771E+00 ,  8.53994E-01 , -2.97497E-01 , -9.97699E-09 ,  2.07781E-07 , -5.17158E-09 ,  7.56088E-11 ,  2.97511E-02 ,  8.53996E-02 , -6.28168E-01 
    6101 ,  9.35534E-01 ,  8.00771E+00 ,  7.74745E-01 , -2.83606E-01 , -3.97577E-09 ,  1.95477E-07 ,  1.74919E-09 ,  7.54106E-11 ,  2.83614E-02 ,  7.74748E-02 , -5.91129E-01 
    6111 ,  9.37106E-01 ,  8.00771E+00 ,  6.50937E-01 , -2.27296E-01 , -9.89896E-09 ,  1.85238E-07 ,  7.60772E-09 ,  7.52543E-11 ,  2.27303E-02 ,  6.50932E-02 , -4.70756E-01 
    6121 ,  9.38678E-01 ,  8.00771E+00 ,  4.97316E-01 , -1.38999E-01 , -2.49467E-08 ,  1.77606E-07 ,  1.15835E-08 ,  7.51607E-11 ,  1.39006E-02 ,  4.97316E-02 , -2.90232E-01 
    6131 ,  9.40250E-01 ,  8.00771E+00 ,  3.22704E-01 , -3.00180E-02 , -4.54860E-08 ,  1.72961E-07 ,  1.31634E-08 ,  7.51481E-11 ,  3.00190E-03 ,  3.22699E-02 , -7.30214E-02 
    6141 ,  9.41822E-01 ,  8.00771E+00 ,  1.37280E-01 ,  8.53428E-02 , -6.43680E-08 ,  1.71301E-07 ,  1.21236E-08 ,  7.52507E-11 , -8.53380E-03 ,  1.37267E-02 ,  1.52406E-01 
    6151 ,  9.43394E-01 ,  8.00771E+00 , -4.07636E-02 ,  1.86559E-01 , -7.76504E-08 ,  1.72561E-07 ,  8.63115E-09 ,  7.54399E-11 , -1.86564E-02 , -4.07879E-03 ,  3.47458E-01 
    6161 ,  9.44967E-01 ,  8.00771E+00 , -2.06774E-01 ,  2.65016E-01 , -8.17740E-08 ,  1.76622E-07 ,  3.13880E-09 ,  7.57156E-11 , -2.65024E-02 , -2.06785E-02 ,  4.96906E-01 
    6171 ,  9.46539E-01 ,  8.00771E+00 , -3.30092E-01 ,  3.04032E-01 , -7.60533E-08 ,  1.82866E-07 , -3.50050E-09 ,  7.60139E-11 , -3.04035E-02 , -3.30098E-02 ,  5.69984E-01 
    6181 ,  9.48111E-01 ,  8.00771E+00 , -4.16247E-01 ,  3.05817E-01 , -6.13829E-08 ,  1.90728E-07 , -1.04169E-08 ,  7.63269E-11 , -3.05813E-02 , -4.16233E-02 ,  5.73505E-01 
    6191 ,  9.49682E-01 ,  8.00771E+00 , -4.61602E-01 ,  2.69295E-01 , -3.65909E-08 ,  1.99467E-07 , -1.67605E-08 ,  7.66014E-11 , -2.69284E-02 , -4.61590E-02 ,  5.06667E-01 
    6201 ,  9.51253E-01 ,  8.00771E+00 , -4.59966E-01 ,  2.03787E-01 , -7.82495E-09 ,  2.08276E-07 , -2.17611E-08 ,  7.67953E-11 , -2.03786E-02 , -4.59953E-02 ,  3.87362E-01 
    6211 ,  9.52823E-01 ,  8.00771E+00 , -4.12579E-01 ,  1.12640E-01 ,  2.18389E-08 ,  2.16413E-07 , -2.48947E-08 ,  7.69292E-11 , -1.12642E-02 , -4.12582E-02 ,  2.21666E-01 
    6221 ,  9.54393E-01 ,  8.00771E+00 , -3.28804E-01 ,  1.27027E-02 ,  4.99159E-08 ,  2.23073E-07 , -2.58128E-08 ,  7.69723E-11 , -1.27068E-03 , -3.28800E-02 ,  3.89582E-02 
    6231 ,  9.55963E-01 ,  8.00771E+00 , -2.25578E-01 , -8.08636E-02 ,  7.30685E-08 ,  2.27831E-07 , -2.45272E-08 ,  7.69076E-11 ,  8.08525E-03 , -2.25572E-02 , -1.33279E-01 
    6241 ,  9.57533E-01 ,  8.00771E+00 , -1.03306E-01 , -1.69746E-01 ,  9.21063E-08 ,  2.30412E-07 , -2.12888E-08 ,  7.67726E-11 ,  1.69728E-02 , -1.03316E-02 , -2.98313E-01 
    6251 ,  9.59104E-01 ,  8.00771E+00 ,  1.55105E-02 , -2.38359E-01 ,  1.02993E-07 ,  2.30725E-07 , -1.64148E-08 ,  7.65739E-11 ,  2.38351E-02 ,  1.55276E-03 , -4.27548E-01 
    6261 ,  9.60674E-01 ,  8.00771E+00 ,  1.10805E-01 , -2.78584E-01 ,  1.08086E-07 ,  2.29042E-07 , -1.04025E-08 ,  7.63195E-11 ,  2.78581E-02 ,  1.10827E-02 , -5.07304E-01 
    6271 ,  9.62245E-01 ,  8.00771E+00 ,  1.72617E-01 , -2.88061E-01 ,  1.05154E-07 ,  2.25825E-07 , -3.95260E-09 ,  7.60690E-11 ,  2.88051E-02 ,  1.72634E-02 , -5.30978E-01 
    6281 ,  9.63816E-01 ,  8.00771E+00 ,  1.97539E-01 , -2.66288E-01 ,  9.34382E-08 ,  2.21902E-07 ,  2.20613E-09 ,  7.58604E-11 ,  2.66279E-02 ,  1.97570E-02 , -4.97354E-01 
    6291 ,  9.65386E-01 ,  8.00771E+00 ,  1.83067E-01 , -2.16835E-01 ,  7.50334E-08 ,  2.17973E-07 ,  7.44562E-09 ,  7.56864E-11 ,  2.16831E-02 ,  1.83079E-02 , -4.10652E-01 
    6301 ,  9.66956E-01 ,  8.00771E+00 ,  1.28009E-01 , -1.37560E-01 ,  5.02175E-08 ,  2.14769E-07 ,  1.11115E-08 ,  7.55773E-11 ,  1.37557E-02 ,  1.28020E-02 , -2.66308E-01 
    6311 ,  9.68526E-01 ,  8.00771E+00 ,  4.60361E-02 , -4.81836E-02 ,  2.38555E-08 ,  2.13038E-07 ,  1.27419E-08 ,  7.55335E-11 ,  4.81810E-03 ,  4.60320E-03 , -9.95930E-02 
    6321 ,  9.70096E-01 ,  8.00771E+00 , -5.24775E-02 ,  4.04374E-02 , -1.38394E-09 ,  2.12907E-07 ,  1.23540E-08 ,  7.55581E-11 , -4.04383E-03 , -5.24776E-03 ,  6.93090E-02 
    6331 ,  9.71666E-01 ,  8.00771E+00 , -1.68815E-01 ,  1.26335E-01 , -2.35895E-08 ,  2.14539E-07 ,  1.01130E-08 ,  7.56327E-11 , -1.26329E-02 , -1.68806E-02 ,  2.37048E-01 
    6341 ,  9.73235E-01 ,  8.00771E+00 , -2.89316E-01 ,  1.96543E-01 , -3.63907E-08 ,  2.18113E-07 ,  6.12203E-09 ,  7.57983E-11 , -1.96536E-02 , -2.89324E-02 ,  3.77522E-01 
    6351 ,  9.74805E-01 ,  8.00771E+00 , -3.90692E-01 ,  2.37549E-01 , -3.71939E-08 ,  2.23476E-07 ,  8.95316E-10 ,  7.59853E-11 , -2.37544E-02 , -3.90706E-02 ,  4.62569E-01 
    6361 ,  9.76376E-01 ,  8.00771E+00 , -4.77621E-01 ,  2.51174E-01 , -2.66331E-08 ,  2.30446E-07 , -4.87718E-09 ,  7.61823E-11 , -2.51167E-02 , -4.77637E-02 ,  4.95513E-01 
    6371 ,  9.77946E-01 ,  8.00771E+00 , -5.35424E-01 ,  2.35309E-01 , -7.00706E-09 ,  2.38474E-07 , -1.04214E-08 ,  7.63664E-11 , -2.35311E-02 , -5.35448E-02 ,  4.69667E-01 
    6381 ,  9.79517E-01 ,  8.00771E+00 , -5.62800E-01 ,  1.92362E-01 ,  2.07652E-08 ,  2.47060E-07 , -1.51701E-08 ,  7.65272E-11 , -1.92370E-02 , -5.62820E-02 ,  3.90238E-01 
    6391 ,  9.81088E-01 ,  8.00771E+00 , -5.51296E-01 ,  1.24592E-01 ,  5.08087E-08 ,  2.55539E-07 , -1.85635E-08 ,  7.66684E-11 , -1.24604E-02 , -5.51305E-02 ,  2.62132E-01 
    6401 ,  9.82659E-01 ,  8.00771E+00 , -4.96446E-01 ,  4.05899E-02 ,  7.92100E-08 ,  2.63189E-07 , -2.01473E-08 ,  7.67581E-11 , -4.06073E-03 , -4.96440E-02 ,  1.01525E-01 
    6411 ,  9.84229E-01 ,  8.00771E+00 , -3.96373E-01 , -5.01196E-02 ,  9.95570E-08 ,  2.69508E-07 , -1.97675E-08 ,  7.67879E-11 ,  5.01046E-03 , -3.96361E-02 , -7.26742E-02 
    6421 ,  9.85799E-01 ,  8.00771E+00 , -2.66425E-01 , -1.30194E-01 ,  1.07530E-07 ,  2.73999E-07 , -1.74398E-08 ,  7.67049E-11 ,  1.30174E-02 , -2.66402E-02 , -2.27238E-01 
    6431 ,  9.87368E-01 ,  8.00771E+00 , -1.00806E-01 , -1.99898E-01 ,  1.02253E-07 ,  2.76010E-07 , -1.35415E-08 ,  7.65654E-11 ,  1.99885E-02 , -1.00784E-02 , -3.63483E-01 
    6441 ,  9.88937E-01 ,  8.00771E+00 ,  9.19501E-02 , -2.48181E-01 ,  8.15803E-08 ,  2.75291E-07 , -8.39113E-09 ,  7.63499E-11 ,  2.48170E-02 ,  9.19638E-03 , -4.61399E-01 
    6451 ,  9.90505E-01 ,  8.00771E+00 ,  2.66934E-01 , -2.65602E-01 ,  5.34268E-08 ,  2.71640E-07 , -2.61677E-09 ,  7.60616E-11 ,  2.65598E-02 ,  2.66940E-02 , -5.02528E-01 
    6461 ,  9.92073E-01 ,  8.00771E+00 ,  4.33780E-01 , -2.53465E-01 ,  1.83955E-08 ,  2.65359E-07 ,  3.14177E-09 ,  7.57385E-11 ,  2.53469E-02 ,  4.33771E-02 , -4.90797E-01 
    6471 ,  9.93641E-01 ,  8.00771E+00 ,  5.81380E-01 , -2.08518E-01 , -2.21306E-08 ,  2.56670E-07 ,  8.23341E-09 ,  7.54645E-11 ,  2.08526E-02 ,  5.81372E-02 , -4.22010E-01 
    6481 ,  9.95209E-01 ,  8.00771E+00 ,  6.83491E-01 , -1.39168E-01 , -6.48418E-08 ,  2.46015E-07 ,  1.19958E-08 ,  7.52359E-11 ,  1.39183E-02 ,  6.83482E-02 , -3.07541E-01 
    6491 ,  9.96778E-01 ,  8.00771E+00 ,  7.46521E-01 , -4.94990E-02 , -1.04597E-07 ,  2.34194E-07 ,  1.39217E-08 ,  7.51163E-11 ,  4.95158E-03 ,  7.46516E-02 , -1.55061E-01 
    6501 ,  9.98347E-01 ,  8.00771E+00 ,  7.66316E-01 ,  5.84474E-02 , -1.43448E-07 ,  2.21931E-07 ,  1.36636E-08 ,  7.51111E-11 , -5.84248E-03 ,  7.66305E-02 ,  3.40897E-02 
    6511 ,  9.99916E-01 ,  8.00771E+00 ,  7.41257E-01 ,  1.63937E-01 , -1.77150E-07 ,  2.09974E-07 ,  1.09887E-08 ,  7.52446E-11 , -1.63909E-02 ,  7.41254E-02 ,  2.25224E-01 
    6521 ,  1.00149E+00 ,  8.00771E+00 ,  6.78708E-01 ,  2.47902E-01 , -2.00754E-07 ,  1.99039E-07 ,  6.16570E-09 ,  7.54907E-11 , -2.47878E-02 ,  6.78715E-02 ,  3.84023E-01 
    6531 ,  1.00305E+00 ,  8.00771E+00 ,  5.75318E-01 ,  3.09872E-01 , -2.11875E-07 ,  1.89759E-07 , -2.29531E-10 ,  7.58231E-11 , -3.09855E-02 ,  5.75309E-02 ,  5.09247E-01 
    6541 ,  1.00462E+00 ,  8.00771E+00 ,  4.49591E-01 ,  3.33118E-01 , -2.06164E-07 ,  1.82671E-07 , -7.45674E-09 ,  7.61780E-11 , -3.33088E-02 ,  4.49562E-02 ,  5.66946E-01 
    6551 ,  1.00619E+00 ,  8.00771E+00 ,  3.00569E-01 ,  3.16079E-01 , -1.82233E-07 ,  1.78091E-07 , -1.46971E-08 ,  7.64959E-11 , -3.16061E-02 ,  3.00563E-02 ,  5.53090E-01 
    6561 ,  1.00776E+00 ,  8.00771E+00 ,  1.46186E-01 ,  2.62840E-01 , -1.39745E-07 ,  1.76276E-07 , -2.10239E-08 ,  7.67312E-11 , -2.62832E-02 ,  1.46163E-02 ,  4.71131E-01 
    6571 ,  1.00933E+00 ,  8.00771E+00 , -2.01343E-02 ,  1.71335E-01 , -7.80961E-08 ,  1.77157E-07 , -2.55933E-08 ,  7.69243E-11 , -1.71336E-02 , -2.01422E-03 ,  3.16621E-01 
    6581 ,  1.01090E+00 ,  8.00771E+00 , -1.59929E-01 ,  6.97133E-02 , -1.45023E-08 ,  1.80632E-07 , -2.78065E-08 ,  7.70267E-11 , -6.97235E-03 , -1.59932E-02 ,  1.39058E-01 
    6591 ,  1.01247E+00 ,  8.00771E+00 , -2.77799E-01 , -4.33744E-02 ,  5.54114E-08 ,  1.86267E-07 , -2.75731E-08 ,  7.70388E-11 ,  4.33580E-03 , -2.77814E-02 , -6.42663E-02 
    6601 ,  1.01404E+00 ,  8.00771E+00 , -3.59981E-01 , -1.48432E-01 ,  1.17065E-07 ,  1.93451E-07 , -2.47835E-08 ,  7.70020E-11 ,  1.48413E-02 , -3.59982E-02 , -2.56123E-01 
    6611 ,  1.01560E+00 ,  8.00771E+00 , -3.99837E-01 , -2.31942E-01 ,  1.62752E-07 ,  2.01413E-07 , -1.99498E-08 ,  7.68952E-11 ,  2.31929E-02 , -3.99839E-02 , -4.09766E-01 
    6621 ,  1.01717E+00 ,  8.00771E+00 , -3.99981E-01 , -2.87528E-01 ,  1.88587E-07 ,  2.09351E-07 , -1.36976E-08 ,  7.67453E-11 ,  2.87508E-02 , -3.99995E-02 , -5.11666E-01 
    6631 ,  1.01874E+00 ,  8.00771E+00 , -3.63300E-01 , -3.07717E-01 ,  1.92307E-07 ,  2.16533E-07 , -6.75118E-09 ,  7.65540E-11 ,  3.07690E-02 , -3.63293E-02 , -5.47387E-01 
    6641 ,  1.02031E+00 ,  8.00771E+00 , -3.01872E-01 , -2.91498E-01 ,  1.75735E-07 ,  2.22484E-07 ,  1.27824E-11 ,  7.63295E-11 ,  2.91486E-02 , -3.01854E-02 , -5.16065E-01 
    6651 ,  1.02188E+00 ,  8.00771E+00 , -2.13866E-01 , -2.38233E-01 ,  1.36622E-07 ,  2.26718E-07 ,  5.72219E-09 ,  7.61196E-11 ,  2.38222E-02 , -2.13852E-02 , -4.17031E-01 
    6661 ,  1.02344E+00 ,  8.00771E+00 , -1.27617E-01 , -1.62812E-01 ,  8.98466E-08 ,  2.29154E-07 ,  9.75020E-09 ,  7.59439E-11 ,  1.62816E-02 , -1.27621E-02 , -2.78695E-01 
    6671 ,  1.02501E+00 ,  8.00771E+00 , -5.05682E-02 , -7.57482E-02 ,  4.08484E-08 ,  2.30074E-07 ,  1.17604E-08 ,  7.58365E-11 ,  7.57439E-03 , -5.05674E-03 , -1.21334E-01 
    6681 ,  1.02658E+00 ,  8.00771E+00 ,  1.86126E-02 ,  2.05001E-02 , -8.40180E-09 ,  2.29551E-07 ,  1.16319E-08 ,  7.58139E-11 , -2.04931E-03 ,  1.85952E-03 ,  4.83620E-02 
    6691 ,  1.02814E+00 ,  8.00771E+00 ,  6.11167E-02 ,  1.01060E-01 , -4.41855E-08 ,  2.27949E-07 ,  9.71060E-09 ,  7.58524E-11 , -1.01047E-02 ,  6.11033E-03 ,  1.87965E-01 
    6701 ,  1.02971E+00 ,  8.00771E+00 ,  7.95335E-02 ,  1.68305E-01 , -7.16533E-08 ,  2.25936E-07 ,  6.30843E-09 ,  7.59551E-11 , -1.68290E-02 ,  7.95159E-03 ,  3.02624E-01 
    6711 ,  1.03127E+00 ,  8.00771E+00 ,  7.38992E-02 ,  2.14946E-01 , -8.53487E-08 ,  2.23934E-07 ,  1.78510E-09 ,  7.61315E-11 , -2.14935E-02 ,  7.38923E-03 ,  3.79556E-01 
    6721 ,  1.03284E+00 ,  8.00771E+00 ,  4.58659E-02 ,  2.37755E-01 , -8.74762E-08 ,  2.22299E-07 , -3.35961E-09 ,  7.63586E-11 , -2.37740E-02 ,  4.58577E-03 ,  4.16058E-01 
    6731 ,  1.03441E+00 ,  8.00771E+00 , -4.43753E-03 ,  2.34945E-01 , -7.73968E-08 ,  2.21406E-07 , -8.58332E-09 ,  7.65688E-11 , -2.34936E-02 , -4.43585E-04 ,  4.11321E-01 
    6741 ,  1.03598E+00 ,  8.00771E+00 , -7.14861E-02 ,  2.08599E-01 , -5.78148E-08 ,  2.21570E-07 , -1.33456E-08 ,  7.67615E-11 , -2.08590E-02 , -7.14735E-03 ,  3.69195E-01 
    6751 ,  1.03754E+00 ,  8.00771E+00 , -1.55223E-01 ,  1.59020E-01 , -2.92499E-08 ,  2.23075E-07 , -1.72225E-08 ,  7.69044E-11 , -1.59012E-02 , -1.55215E-02 ,  2.89563E-01 
    6761 ,  1.03911E+00 ,  8.00771E+00 , -2.39902E-01 ,  9.46562E-02 ,  5.27755E-09 ,  2.26008E-07 , -1.97752E-08 ,  7.70033E-11 , -9.46603E-03 , -2.39896E-02 ,  1.85169E-01 
    6771 ,  1.04068E+00 ,  8.00771E+00 , -3.33010E-01 ,  9.37693E-03 ,  5.00604E-08 ,  2.30476E-07 , -2.06449E-08 ,  7.70295E-11 , -9.38248E-04 , -3.32998E-02 ,  4.43157E-02 
    6781 ,  1.04225E+00 ,  8.00771E+00 , -4.02004E-01 , -7.20432E-02 ,  9.25703E-08 ,  2.36336E-07 , -1.97312E-08 ,  7.69929E-11 ,  7.20214E-03 , -4.01984E-02 , -9.38552E-02 
    6791 ,  1.04381E+00 ,  8.00771E+00 , -4.45511E-01 , -1.51688E-01 ,  1.30870E-07 ,  2.43100E-07 , -1.70573E-08 ,  7.69002E-11 ,  1.51671E-02 , -4.45494E-02 , -2.33332E-01 
    6801 ,  1.04538E+00 ,  8.00771E+00 , -4.58764E-01 , -2.20896E-01 ,  1.63045E-07 ,  2.50386E-07 , -1.27726E-08 ,  7.67579E-11 ,  2.20877E-02 , -4.58746E-02 , -3.59813E-01 
    6811 ,  1.04695E+00 ,  8.00771E+00 , -4.34480E-01 , -2.69813E-01 ,  1.81782E-07 ,  2.57435E-07 , -7.26735E-09 ,  7.65440E-11 ,  2.69791E-02 , -4.34457E-02 , -4.56333E-01 
    6821 ,  1.04851E+00 ,  8.00771E+00 , -3.75843E-01 , -2.87445E-01 ,  1.82619E-07 ,  2.63613E-07 , -1.04679E-09 ,  7.62992E-11 ,  2.87423E-02 , -3.75838E-02 , -4.99656E-01 
    6831 ,  1.05008E+00 ,  8.00771E+00 , -2.82596E-01 , -2.70906E-01 ,  1.64358E-07 ,  2.68359E-07 ,  5.16779E-09 ,  7.60496E-11 ,  2.70892E-02 , -2.82596E-02 , -4.83110E-01 
    6841 ,  1.05165E+00 ,  8.00771E+00 , -1.58017E-01 , -2.17053E-01 ,  1.24482E-07 ,  2.71174E-07 ,  1.05319E-08 ,  7.58213E-11 ,  2.17046E-02 , -1.58018E-02 , -3.99137E-01 
    6851 ,  1.05321E+00 ,  8.00771E+00 , -2.70827E-02 , -1.38220E-01 ,  6.88254E-08 ,  2.71781E-07 ,  1.42864E-08 ,  7.56527E-11 ,  1.38211E-02 , -2.70982E-03 , -2.66408E-01 
    6861 ,  1.05478E+00 ,  8.00771E+00 ,  1.15615E-01 , -3.61834E-02 , -2.42786E-10 ,  2.70179E-07 ,  1.58858E-08 ,  7.55414E-11 ,  3.61755E-03 ,  1.15606E-02 , -8.87399E-02 
    6871 ,  1.05635E+00 ,  8.00771E+00 ,  2.58683E-01 ,  7.26578E-02 , -7.14777E-08 ,  2.66503E-07 ,  1.49988E-08 ,  7.55074E-11 , -7.26511E-03 ,  2.58656E-02 ,  1.03376E-01 
    6881 ,  1.05791E+00 ,  8.00771E+00 ,  3.91120E-01 ,  1.72083E-01 , -1.39262E-07 ,  2.60500E-07 ,  1.18072E-08 ,  7.55672E-11 , -1.72070E-02 ,  3.91096E-02 ,  2.80202E-01 
    6891 ,  1.05948E+00 ,  8.00771E+00 ,  4.99131E-01 ,  2.46211E-01 , -1.91126E-07 ,  2.52725E-07 ,  6.70929E-09 ,  7.56759E-11 , -2.46195E-02 ,  4.99117E-02 ,  4.12531E-01 
    6901 ,  1.06104E+00 ,  8.00771E+00 ,  5.90009E-01 ,  2.93206E-01 , -2.28595E-07 ,  2.43615E-07 ,  3.01360E-10 ,  7.58498E-11 , -2.93183E-02 ,  5.89994E-02 ,  4.94322E-01 
    6911 ,  1.06261E+00 ,  8.00771E+00 ,  6.53374E-01 ,  3.02972E-01 , -2.42260E-07 ,  2.33511E-07 , -6.56153E-09 ,  7.60277E-11 , -3.02942E-02 ,  6.53355E-02 ,  5.06701E-01 
    6921 ,  1.06417E+00 ,  8.00771E+00 ,  6.82043E-01 ,  2.77793E-01 , -2.31662E-07 ,  2.22800E-07 , -1.30225E-08 ,  7.62276E-11 , -2.77755E-02 ,  6.82006E-02 ,  4.54739E-01 
    6931 ,  1.06574E+00 ,  8.00771E+00 ,  6.74901E-01 ,  2.18942E-01 , -2.00053E-07 ,  2.12173E-07 , -1.82680E-08 ,  7.64090E-11 , -2.18910E-02 ,  6.74877E-02 ,  3.41459E-01 
    6941 ,  1.06730E+00 ,  8.00771E+00 ,  6.26594E-01 ,  1.37365E-01 , -1.54252E-07 ,  2.02375E-07 , -2.17521E-08 ,  7.65658E-11 , -1.37333E-02 ,  6.26570E-02 ,  1.89670E-01 
    6951 ,  1.06887E+00 ,  8.00771E+00 ,  5.35361E-01 ,  4.09609E-02 , -9.47828E-08 ,  1.94039E-07 , -2.31096E-08 ,  7.66835E-11 , -4.09466E-03 ,  5.35345E-02 ,  1.54311E-02 
    6961 ,  1.07044E+00 ,  8.00771E+00 ,  4.23256E-01 , -4.40466E-02 , -3.90672E-08 ,  1.87726E-07 , -2.23193E-08 ,  7.67265E-11 ,  4.40523E-03 ,  4.23246E-02 , -1.32574E-01 
    6971 ,  1.07200E+00 ,  8.00771E+00 ,  2.89488E-01 , -1.17505E-01 ,  1.11980E-08 ,  1.83709E-07 , -1.97948E-08 ,  7.67272E-11 ,  1.17508E-02 ,  2.89499E-02 , -2.53775E-01 
    6981 ,  1.07357E+00 ,  8.00771E+00 ,  1.44856E-01 , -1.72263E-01 ,  5.19088E-08 ,  1.82093E-07 , -1.59953E-08 ,  7.66887E-11 ,  1.72260E-02 ,  1.44873E-02 , -3.36276E-01 
    6991 ,  1.07514E+00 ,  8.00771E+00 ,  6.80687E-03 , -2.03334E-01 ,  7.94201E-08 ,  1.82884E-07 , -1.14965E-08 ,  7.65989E-11 ,  2.03319E-02 ,  6.79891E-04 , -3.74136E-01 
    7001 ,  1.07670E+00 ,  8.00771E+00 , -1.20599E-01 , -2.12223E-01 ,  9.70457E-08 ,  1.85841E-07 , -6.77140E-09 ,  7.64780E-11 ,  2.12207E-02 , -1.20603E-02 , -3.73356E-01 
    7011 ,  1.07827E+00 ,  8.00771E+00 , -2.23848E-01 , -1.99478E-01 ,  1.05426E-07 ,  1.90626E-07 , -2.23735E-09 ,  7.63439E-11 ,  1.99451E-02 , -2.23840E-02 , -3.38629E-01 
    7021 ,  1.07983E+00 ,  8.00771E+00 , -3.03476E-01 , -1.64835E-01 ,  1.03648E-07 ,  1.96657E-07 ,  1.60584E-09 ,  7.62058E-11 ,  1.64812E-02 , -3.03468E-02 , -2.69430E-01 
    7031 ,  1.08140E+00 ,  8.00771E+00 , -3.48284E-01 , -1.19055E-01 ,  9.27209E-08 ,  2.03360E-07 ,  4.51911E-09 ,  7.60902E-11 ,  1.19033E-02 , -3.48265E-02 , -1.86619E-01 
    7041 ,  1.08296E+00 ,  8.00771E+00 , -3.64753E-01 , -6.01269E-02 ,  7.67124E-08 ,  2.10215E-07 ,  6.23263E-09 ,  7.60208E-11 ,  6.01207E-03 , -3.64745E-02 , -8.43927E-02 
    7051 ,  1.08453E+00 ,  8.00771E+00 , -3.54209E-01 ,  2.56521E-03 ,  5.60751E-08 ,  2.16680E-07 ,  6.58821E-09 ,  7.60000E-11 , -2.57422E-04 , -3.54177E-02 ,  2.25826E-02 
    7061 ,  1.08609E+00 ,  8.00771E+00 , -3.20075E-01 ,  6.48353E-02 ,  3.30115E-08 ,  2.22451E-07 ,  5.56720E-09 ,  7.60406E-11 , -6.48479E-03 , -3.20068E-02 ,  1.28136E-01 
    7071 ,  1.08765E+00 ,  8.00771E+00 , -2.69114E-01 ,  1.18023E-01 ,  8.62053E-09 ,  2.27201E-07 ,  3.30712E-09 ,  7.61132E-11 , -1.18027E-02 , -2.69115E-02 ,  2.18713E-01 
    7081 ,  1.08922E+00 ,  8.00771E+00 , -2.02413E-01 ,  1.60505E-01 , -1.45773E-08 ,  2.30809E-07 ,  1.21021E-10 ,  7.62283E-11 , -1.60501E-02 , -2.02418E-02 ,  2.92667E-01 
    7091 ,  1.09078E+00 ,  8.00771E+00 , -1.31727E-01 ,  1.85995E-01 , -3.71245E-08 ,  2.33012E-07 , -3.78081E-09 ,  7.63542E-11 , -1.85988E-02 , -1.31734E-02 ,  3.39088E-01 
    7101 ,  1.09235E+00 ,  8.00771E+00 , -6.02095E-02 ,  1.92240E-01 , -5.57214E-08 ,  2.33851E-07 , -8.06081E-09 ,  7.65066E-11 , -1.92237E-02 , -6.02223E-03 ,  3.52683E-01 
    7111 ,  1.09391E+00 ,  8.00771E+00 , -9.20312E-04 ,  1.75129E-01 , -6.16857E-08 ,  2.33569E-07 , -1.21546E-08 ,  7.66644E-11 , -1.75116E-02 , -9.21516E-05 ,  3.24771E-01 
    7121 ,  1.09547E+00 ,  8.00771E+00 ,  3.66862E-02 ,  1.36080E-01 , -5.46474E-08 ,  2.32416E-07 , -1.55722E-08 ,  7.67666E-11 , -1.36071E-02 ,  3.66646E-03 ,  2.54961E-01 
    7131 ,  1.09704E+00 ,  8.00771E+00 ,  5.20750E-02 ,  7.55283E-02 , -3.32268E-08 ,  2.31012E-07 , -1.77464E-08 ,  7.68098E-11 , -7.55295E-03 ,  5.20648E-03 ,  1.42543E-01 
    7141 ,  1.09860E+00 ,  8.00771E+00 ,  4.37330E-02 ,  4.33888E-03 , -4.32639E-09 ,  2.29824E-07 , -1.83500E-08 ,  7.68169E-11 , -4.33582E-04 ,  4.37118E-03 ,  9.62846E-03 
    7151 ,  1.10017E+00 ,  8.00771E+00 ,  7.96294E-03 , -7.69078E-02 ,  3.47904E-08 ,  2.29052E-07 , -1.72121E-08 ,  7.67607E-11 ,  7.69007E-03 ,  7.94982E-04 , -1.41582E-01 
    7161 ,  1.10173E+00 ,  8.00771E+00 , -4.67982E-02 , -1.47476E-01 ,  7.63745E-08 ,  2.28966E-07 , -1.44741E-08 ,  7.66387E-11 ,  1.47455E-02 , -4.67891E-03 , -2.71255E-01 
    7171 ,  1.10329E+00 ,  8.00771E+00 , -1.13935E-01 , -2.00327E-01 ,  1.10186E-07 ,  2.29994E-07 , -1.03691E-08 ,  7.64847E-11 ,  2.00315E-02 , -1.13922E-02 , -3.66387E-01 
    7181 ,  1.10486E+00 ,  8.00771E+00 , -1.87678E-01 , -2.31012E-01 ,  1.33365E-07 ,  2.32323E-07 , -5.41265E-09 ,  7.62987E-11 ,  2.31002E-02 , -1.87690E-02 , -4.18484E-01 
    7191 ,  1.10642E+00 ,  8.00771E+00 , -2.56652E-01 , -2.33873E-01 ,  1.45922E-07 ,  2.35840E-07 , -1.72354E-10 ,  7.61309E-11 ,  2.33849E-02 , -2.56643E-02 , -4.17522E-01 
    7201 ,  1.10799E+00 ,  8.00771E+00 , -3.16262E-01 , -2.07931E-01 ,  1.44684E-07 ,  2.40295E-07 ,  4.65564E-09 ,  7.59680E-11 ,  2.07904E-02 , -3.16238E-02 , -3.62618E-01 
    7211 ,  1.10955E+00 ,  8.00771E+00 , -3.58652E-01 , -1.56049E-01 ,  1.26629E-07 ,  2.45501E-07 ,  8.40103E-09 ,  7.58283E-11 ,  1.56026E-02 , -3.58628E-02 , -2.60359E-01 
    7221 ,  1.11111E+00 ,  8.00771E+00 , -3.76393E-01 , -8.31860E-02 ,  9.70510E-08 ,  2.51149E-07 ,  1.06189E-08 ,  7.57272E-11 ,  8.31724E-03 , -3.76377E-02 , -1.21352E-01 
    7231 ,  1.11268E+00 ,  8.00771E+00 , -3.63390E-01 , -3.04306E-04 ,  5.76136E-08 ,  2.56608E-07 ,  1.10883E-08 ,  7.56822E-11 ,  2.99203E-05 , -3.63387E-02 ,  3.17568E-02 
    7241 ,  1.11424E+00 ,  8.00771E+00 , -3.21103E-01 ,  7.73972E-02 ,  1.81004E-08 ,  2.61505E-07 ,  9.64640E-09 ,  7.56926E-11 , -7.73943E-03 , -3.21104E-02 ,  1.69870E-01 
    7251 ,  1.11581E+00 ,  8.00771E+00 , -2.51859E-01 ,  1.38863E-01 , -1.81945E-08 ,  2.65478E-07 ,  6.68818E-09 ,  7.57612E-11 , -1.38861E-02 , -2.51854E-02 ,  2.73841E-01 
    7261 ,  1.11737E+00 ,  8.00771E+00 , -1.56222E-01 ,  1.80268E-01 , -4.97883E-08 ,  2.68074E-07 ,  2.75153E-09 ,  7.58786E-11 , -1.80257E-02 , -1.56217E-02 ,  3.37628E-01 
    7271 ,  1.11893E+00 ,  8.00771E+00 , -3.86404E-02 ,  1.97671E-01 , -7.50095E-08 ,  2.68828E-07 , -1.65679E-09 ,  7.60400E-11 , -1.97657E-02 , -3.86517E-03 ,  3.55262E-01 
    7281 ,  1.12050E+00 ,  8.00771E+00 ,  9.49336E-02 ,  1.89931E-01 , -9.24038E-08 ,  2.67660E-07 , -5.96643E-09 ,  7.61844E-11 , -1.89918E-02 ,  9.49185E-03 ,  3.26704E-01 
    7291 ,  1.12206E+00 ,  8.00771E+00 ,  2.29146E-01 ,  1.63068E-01 , -1.01032E-07 ,  2.64411E-07 , -9.65816E-09 ,  7.62769E-11 , -1.63055E-02 ,  2.29134E-02 ,  2.64808E-01 
    7301 ,  1.12362E+00 ,  8.00771E+00 ,  3.57307E-01 ,  1.22282E-01 , -1.05024E-07 ,  2.59236E-07 , -1.24563E-08 ,  7.63504E-11 , -1.22266E-02 ,  3.57308E-02 ,  1.79680E-01 
    7311 ,  1.12519E+00 ,  8.00771E+00 ,  4.78519E-01 ,  7.16515E-02 , -1.07504E-07 ,  2.52387E-07 , -1.41801E-08 ,  7.63764E-11 , -7.16324E-03 ,  4.78535E-02 ,  8.03134E-02 
    7321 ,  1.12675E+00 ,  8.00771E+00 ,  5.75107E-01 ,  1.77385E-02 , -1.02452E-07 ,  2.43782E-07 , -1.47827E-08 ,  7.63526E-11 , -1.77168E-03 ,  5.75129E-02 , -2.12904E-02 
    7331 ,  1.12831E+00 ,  8.00771E+00 ,  6.37784E-01 , -3.43597E-02 , -9.18252E-08 ,  2.34126E-07 , -1.42260E-08 ,  7.63072E-11 ,  3.43703E-03 ,  6.37772E-02 , -1.16843E-01 
    7341 ,  1.12987E+00 ,  8.00771E+00 ,  6.64211E-01 , -7.80868E-02 , -8.08279E-08 ,  2.23987E-07 , -1.26045E-08 ,  7.62116E-11 ,  7.81040E-03 ,  6.64194E-02 , -1.94189E-01 
    7351 ,  1.13144E+00 ,  8.00771E+00 ,  6.51111E-01 , -1.12831E-01 , -6.50867E-08 ,  2.13975E-07 , -1.01615E-08 ,  7.60990E-11 ,  1.12847E-02 ,  6.51127E-02 , -2.53403E-01 
    7361 ,  1.13300E+00 ,  8.00771E+00 ,  5.98788E-01 , -1.33513E-01 , -4.55402E-08 ,  2.04751E-07 , -7.13922E-09 ,  7.60052E-11 ,  1.33523E-02 ,  5.98803E-02 , -2.86824E-01 
    7371 ,  1.13456E+00 ,  8.00771E+00 ,  5.10027E-01 , -1.36948E-01 , -2.79607E-08 ,  1.96903E-07 , -3.88537E-09 ,  7.59401E-11 ,  1.36941E-02 ,  5.10027E-02 , -2.88737E-01 
    7381 ,  1.13613E+00 ,  8.00771E+00 ,  3.91559E-01 , -1.23575E-01 , -1.34924E-08 ,  1.91057E-07 , -8.51494E-10 ,  7.58900E-11 ,  1.23572E-02 ,  3.91556E-02 , -2.59068E-01 
    7391 ,  1.13769E+00 ,  8.00771E+00 ,  2.59098E-01 , -9.45614E-02 , -2.50460E-09 ,  1.87464E-07 ,  1.61868E-09 ,  7.58821E-11 ,  9.45515E-03 ,  2.59097E-02 , -2.00224E-01 
    7401 ,  1.13925E+00 ,  8.00771E+00 ,  1.27237E-01 , -5.43604E-02 ,  4.16854E-09 ,  1.86029E-07 ,  3.21594E-09 ,  7.58963E-11 ,  5.43538E-03 ,  1.27222E-02 , -1.19792E-01 
    7411 ,  1.14082E+00 ,  8.00771E+00 , -8.21391E-03 , -5.42537E-03 ,  5.85291E-09 ,  1.86529E-07 ,  3.81692E-09 ,  7.59563E-11 ,  5.41371E-04 , -8.21415E-04 , -2.11175E-02 
    7421 ,  1.14238E+00 ,  8.00771E+00 , -1.30878E-01 ,  4.36335E-02 ,  3.31375E-09 ,  1.89188E-07 ,  3.17587E-09 ,  7.60340E-11 , -4.36469E-03 , -1.30884E-02 ,  7.88001E-02 
    7431 ,  1.14394E+00 ,  8.00771E+00 , -2.47094E-01 ,  9.58705E-02 , -2.94488E-09 ,  1.93892E-07 ,  1.31259E-09 ,  7.61336E-11 , -9.58696E-03 , -2.47093E-02 ,  1.86113E-01 
    7441 ,  1.14550E+00 ,  8.00771E+00 , -3.22751E-01 ,  1.29792E-01 , -5.10484E-09 ,  1.99878E-07 , -1.39165E-09 ,  7.62691E-11 , -1.29789E-02 , -3.22762E-02 ,  2.55998E-01 
    7451 ,  1.14707E+00 ,  8.00771E+00 , -3.70419E-01 ,  1.49787E-01 , -4.20916E-09 ,  2.06630E-07 , -4.68290E-09 ,  7.64054E-11 , -1.49783E-02 , -3.70411E-02 ,  2.97787E-01 
    7461 ,  1.14863E+00 ,  8.00771E+00 , -3.87437E-01 ,  1.51403E-01 , -1.88217E-09 ,  2.13629E-07 , -8.16720E-09 ,  7.65296E-11 , -1.51402E-02 , -3.87447E-02 ,  3.03746E-01 
    7471 ,  1.15019E+00 ,  8.00771E+00 , -3.74409E-01 ,  1.32893E-01 ,  5.66881E-09 ,  2.20366E-07 , -1.13668E-08 ,  7.66319E-11 , -1.32894E-02 , -3.74415E-02 ,  2.69799E-01 
    7481 ,  1.15175E+00 ,  8.00771E+00 , -3.33284E-01 ,  9.55396E-02 ,  1.83050E-08 ,  2.26442E-07 , -1.38511E-08 ,  7.66937E-11 , -9.55390E-03 , -3.33281E-02 ,  1.97624E-01 
    7491 ,  1.15331E+00 ,  8.00771E+00 , -2.75037E-01 ,  4.84229E-02 ,  3.30911E-08 ,  2.31363E-07 , -1.52847E-08 ,  7.67268E-11 , -4.84287E-03 , -2.75032E-02 ,  1.05419E-01 
    7501 ,  1.15488E+00 ,  8.00771E+00 , -2.04281E-01 , -7.02551E-03 ,  4.80004E-08 ,  2.34909E-07 , -1.55414E-08 ,  7.67251E-11 ,  7.01642E-04 , -2.04274E-02 , -2.75192E-03 
    7511 ,  1.15644E+00 ,  8.00771E+00 , -1.29803E-01 , -6.40399E-02 ,  6.06721E-08 ,  2.37138E-07 , -1.45963E-08 ,  7.66932E-11 ,  6.40307E-03 , -1.29800E-02 , -1.12676E-01 
    7521 ,  1.15800E+00 ,  8.00771E+00 , -6.06831E-02 , -1.14040E-01 ,  7.01529E-08 ,  2.38158E-07 , -1.24673E-08 ,  7.66165E-11 ,  1.14030E-02 , -6.06950E-03 , -2.08079E-01 
    7531 ,  1.15956E+00 ,  8.00771E+00 , -7.19814E-03 , -1.51972E-01 ,  7.55090E-08 ,  2.37892E-07 , -9.34711E-09 ,  7.64833E-11 ,  1.51976E-02 , -7.20756E-04 , -2.79630E-01 
    7541 ,  1.16112E+00 ,  8.00771E+00 ,  2.54672E-02 , -1.72473E-01 ,  7.64256E-08 ,  2.37004E-07 , -5.67513E-09 ,  7.63328E-11 ,  1.72467E-02 ,  2.54657E-03 , -3.16591E-01 
    7551 ,  1.16268E+00 ,  8.00771E+00 ,  3.61203E-02 , -1.73216E-01 ,  7.40739E-08 ,  2.35845E-07 , -1.87225E-09 ,  7.61759E-11 ,  1.73207E-02 ,  3.61181E-03 , -3.16648E-01 
    7561 ,  1.16425E+00 ,  8.00771E+00 ,  2.39869E-02 , -1.52009E-01 ,  6.43952E-08 ,  2.34713E-07 ,  1.60039E-09 ,  7.60200E-11 ,  1.51995E-02 ,  2.39932E-03 , -2.76083E-01 
    7571 ,  1.16581E+00 ,  8.00771E+00 , -1.06461E-02 , -1.11999E-01 ,  5.15434E-08 ,  2.34038E-07 ,  4.26455E-09 ,  7.58808E-11 ,  1.11989E-02 , -1.06462E-03 , -2.01427E-01 
    7581 ,  1.16737E+00 ,  8.00771E+00 , -6.07180E-02 , -6.11435E-02 ,  3.92114E-08 ,  2.34190E-07 ,  5.77125E-09 ,  7.57910E-11 ,  6.11315E-03 , -6.07101E-03 , -1.06887E-01 
    7591 ,  1.16893E+00 ,  8.00771E+00 , -1.21039E-01 , -5.80513E-03 ,  2.58634E-08 ,  2.35057E-07 ,  6.04236E-09 ,  7.57744E-11 ,  5.79728E-04 , -1.21027E-02 , -3.75590E-03 
    7601 ,  1.17049E+00 ,  8.00771E+00 , -1.81322E-01 ,  4.53368E-02 ,  1.51726E-08 ,  2.36822E-07 ,  5.31877E-09 ,  7.57991E-11 , -4.53371E-03 , -1.81314E-02 ,  9.12128E-02 
    7611 ,  1.17205E+00 ,  8.00771E+00 , -2.39632E-01 ,  9.19218E-02 ,  6.91314E-09 ,  2.39746E-07 ,  3.58229E-09 ,  7.58862E-11 , -9.19299E-03 , -2.39624E-02 ,  1.78373E-01 
    7621 ,  1.17362E+00 ,  8.00771E+00 , -2.83692E-01 ,  1.24669E-01 ,  1.20594E-09 ,  2.43601E-07 ,  9.51185E-10 ,  7.59962E-11 , -1.24668E-02 , -2.83691E-02 ,  2.41300E-01 
    7631 ,  1.17518E+00 ,  8.00771E+00 , -3.07250E-01 ,  1.41312E-01 , -1.56949E-09 ,  2.48046E-07 , -2.20000E-09 ,  7.61172E-11 , -1.41307E-02 , -3.07268E-02 ,  2.74132E-01 
    7641 ,  1.17674E+00 ,  8.00771E+00 , -3.09621E-01 ,  1.40443E-01 , -3.46092E-09 ,  2.52617E-07 , -5.45387E-09 ,  7.62221E-11 , -1.40433E-02 , -3.09626E-02 ,  2.74040E-01 
    7651 ,  1.17830E+00 ,  8.00771E+00 , -2.89560E-01 ,  1.21750E-01 ,  3.21576E-10 ,  2.56996E-07 , -8.42130E-09 ,  7.63148E-11 , -1.21741E-02 , -2.89564E-02 ,  2.40230E-01 
    7661 ,  1.17986E+00 ,  8.00771E+00 , -2.43501E-01 ,  8.67644E-02 ,  5.93880E-09 ,  2.60757E-07 , -1.07218E-08 ,  7.63858E-11 , -8.67590E-03 , -2.43499E-02 ,  1.74403E-01 
    7671 ,  1.18142E+00 ,  8.00771E+00 , -1.74568E-01 ,  4.16275E-02 ,  1.02715E-08 ,  2.63461E-07 , -1.20543E-08 ,  7.63967E-11 , -4.16184E-03 , -1.74548E-02 ,  8.72963E-02 
    7681 ,  1.18298E+00 ,  8.00771E+00 , -8.59276E-02 , -6.77764E-03 ,  1.53832E-08 ,  2.64815E-07 , -1.22409E-08 ,  7.63563E-11 ,  6.77989E-04 , -8.59106E-03 , -8.86869E-03 
    7691 ,  1.18454E+00 ,  8.00771E+00 ,  2.78285E-02 , -5.59754E-02 ,  1.82872E-08 ,  2.64685E-07 , -1.13235E-08 ,  7.62969E-11 ,  5.59682E-03 ,  2.78138E-03 , -1.09708E-01 
    7701 ,  1.18610E+00 ,  8.00771E+00 ,  1.45533E-01 , -9.40674E-02 ,  1.44000E-08 ,  2.62880E-07 , -9.53368E-09 ,  7.61908E-11 ,  9.40562E-03 ,  1.45512E-02 , -1.90559E-01 
    7711 ,  1.18766E+00 ,  8.00771E+00 ,  2.62011E-01 , -1.18896E-01 ,  4.98533E-09 ,  2.59394E-07 , -7.04396E-09 ,  7.60421E-11 ,  1.18888E-02 ,  2.61995E-02 , -2.45997E-01 
    7721 ,  1.18922E+00 ,  8.00771E+00 ,  3.74106E-01 , -1.28795E-01 , -8.54128E-09 ,  2.54232E-07 , -4.22209E-09 ,  7.58826E-11 ,  1.28798E-02 ,  3.74085E-02 , -2.72329E-01 
    7731 ,  1.19078E+00 ,  8.00771E+00 ,  4.72985E-01 , -1.21613E-01 , -2.97727E-08 ,  2.47337E-07 , -1.35017E-09 ,  7.57383E-11 ,  1.21619E-02 ,  4.72978E-02 , -2.65748E-01 
    7741 ,  1.19234E+00 ,  8.00771E+00 ,  5.42587E-01 , -9.81524E-02 , -5.29387E-08 ,  2.39187E-07 ,  1.12482E-09 ,  7.56208E-11 ,  9.81587E-03 ,  5.42577E-02 , -2.26855E-01 
    7751 ,  1.19390E+00 ,  8.00771E+00 ,  5.82471E-01 , -6.25370E-02 , -7.44584E-08 ,  2.30368E-07 ,  2.89166E-09 ,  7.55414E-11 ,  6.25455E-03 ,  5.82471E-02 , -1.63475E-01 
    7761 ,  1.19547E+00 ,  8.00771E+00 ,  5.90350E-01 , -1.76997E-02 , -9.20384E-08 ,  2.21301E-07 ,  3.70810E-09 ,  7.54989E-11 ,  1.77115E-03 ,  5.90340E-02 , -8.06761E-02 
    7771 ,  1.19703E+00 ,  8.00771E+00 ,  5.63054E-01 ,  3.09999E-02 , -1.06336E-07 ,  2.12608E-07 ,  3.48747E-09 ,  7.55145E-11 , -3.09856E-03 ,  5.63053E-02 ,  1.13158E-02 
    7781 ,  1.19859E+00 ,  8.00771E+00 ,  5.05122E-01 ,  7.87042E-02 , -1.16092E-07 ,  2.04865E-07 ,  2.15262E-09 ,  7.55844E-11 , -7.86922E-03 ,  5.05133E-02 ,  1.02972E-01 
    7791 ,  1.20015E+00 ,  8.00771E+00 ,  4.23038E-01 ,  1.18174E-01 , -1.17172E-07 ,  1.98416E-07 , -1.70108E-10 ,  7.57203E-11 , -1.18165E-02 ,  4.23036E-02 ,  1.80040E-01 
    7801 ,  1.20171E+00 ,  8.00771E+00 ,  3.19786E-01 ,  1.46065E-01 , -1.10875E-07 ,  1.93674E-07 , -3.15061E-09 ,  7.58971E-11 , -1.46060E-02 ,  3.19793E-02 ,  2.36251E-01 
    7811 ,  1.20327E+00 ,  8.00771E+00 ,  2.04695E-01 ,  1.58411E-01 , -9.57858E-08 ,  1.90822E-07 , -6.46789E-09 ,  7.60866E-11 , -1.58395E-02 ,  2.04690E-02 ,  2.64542E-01 
    7821 ,  1.20483E+00 ,  8.00771E+00 ,  8.28952E-02 ,  1.53753E-01 , -7.45298E-08 ,  1.89990E-07 , -9.77963E-09 ,  7.62733E-11 , -1.53743E-02 ,  8.28792E-03 ,  2.62908E-01 
    7831 ,  1.20639E+00 ,  8.00771E+00 , -3.44357E-02 ,  1.32599E-01 , -4.70917E-08 ,  1.91090E-07 , -1.26935E-08 ,  7.64527E-11 , -1.32593E-02 , -3.44521E-03 ,  2.32087E-01 
    7841 ,  1.20795E+00 ,  8.00771E+00 , -1.42239E-01 ,  9.81159E-02 , -1.75549E-08 ,  1.93970E-07 , -1.49392E-08 ,  7.66184E-11 , -9.81258E-03 , -1.42237E-02 ,  1.79091E-01 
    7851 ,  1.20951E+00 ,  8.00771E+00 , -2.29832E-01 ,  5.32980E-02 ,  1.30558E-08 ,  1.98405E-07 , -1.64052E-08 ,  7.67233E-11 , -5.33067E-03 , -2.29832E-02 ,  1.07155E-01 
    7861 ,  1.21107E+00 ,  8.00771E+00 , -2.95654E-01 ,  1.35496E-04 ,  4.57142E-08 ,  2.03925E-07 , -1.67821E-08 ,  7.67695E-11 , -1.43525E-05 , -2.95655E-02 ,  1.75787E-02 
    7871 ,  1.21263E+00 ,  8.00771E+00 , -3.33168E-01 , -5.19593E-02 ,  7.18712E-08 ,  2.10119E-07 , -1.60046E-08 ,  7.67649E-11 ,  5.19481E-03 , -3.33164E-02 , -7.23912E-02 
    7881 ,  1.21419E+00 ,  8.00771E+00 , -3.45209E-01 , -1.02760E-01 ,  9.61140E-08 ,  2.16526E-07 , -1.40456E-08 ,  7.67056E-11 ,  1.02749E-02 , -3.45223E-02 , -1.62224E-01 
    7891 ,  1.21575E+00 ,  8.00771E+00 , -3.32818E-01 , -1.41311E-01 ,  1.12786E-07 ,  2.22679E-07 , -1.11675E-08 ,  7.66050E-11 ,  1.41296E-02 , -3.32840E-02 , -2.32269E-01 
    7901 ,  1.21731E+00 ,  8.00771E+00 , -3.00317E-01 , -1.65962E-01 ,  1.20157E-07 ,  2.28143E-07 , -7.69011E-09 ,  7.65027E-11 ,  1.65942E-02 , -3.00311E-02 , -2.79525E-01 
    7911 ,  1.21887E+00 ,  8.00771E+00 , -2.51570E-01 , -1.73093E-01 ,  1.18098E-07 ,  2.32668E-07 , -3.92453E-09 ,  7.63867E-11 ,  1.73072E-02 , -2.51562E-02 , -2.97281E-01 
    7921 ,  1.22043E+00 ,  8.00771E+00 , -1.90307E-01 , -1.60066E-01 ,  1.06459E-07 ,  2.36006E-07 , -2.99884E-10 ,  7.62479E-11 ,  1.60056E-02 , -1.90305E-02 , -2.79806E-01 
    7931 ,  1.22198E+00 ,  8.00771E+00 , -1.32608E-01 , -1.30246E-01 ,  8.58955E-08 ,  2.38169E-07 ,  2.74951E-09 ,  7.61164E-11 ,  1.30246E-02 , -1.32595E-02 , -2.30974E-01 
    7941 ,  1.22354E+00 ,  8.00771E+00 , -7.53393E-02 , -8.34412E-02 ,  5.79152E-08 ,  2.39260E-07 ,  4.87534E-09 ,  7.60266E-11 ,  8.34480E-03 , -7.53436E-03 , -1.51203E-01 
    7951 ,  1.22510E+00 ,  8.00771E+00 , -3.16442E-02 , -2.60399E-02 ,  2.71467E-08 ,  2.39393E-07 ,  5.85936E-09 ,  7.59873E-11 ,  2.60422E-03 , -3.16421E-03 , -5.00416E-02 
    7961 ,  1.22666E+00 ,  8.00771E+00 , -7.82403E-03 ,  2.85947E-02 ,  5.39891E-10 ,  2.39124E-07 ,  5.55575E-09 ,  7.59978E-11 , -2.85990E-03 , -7.81820E-04 ,  4.90929E-02 
    7971 ,  1.22822E+00 ,  8.00771E+00 ,  1.34461E-03 ,  8.05005E-02 , -2.50951E-08 ,  2.38569E-07 ,  4.04505E-09 ,  7.60460E-11 , -8.04924E-03 ,  1.35297E-04 ,  1.44949E-01 
    7981 ,  1.22978E+00 ,  8.00771E+00 , -5.52957E-03 ,  1.21260E-01 , -4.38644E-08 ,  2.37999E-07 ,  1.63584E-09 ,  7.61126E-11 , -1.21255E-02 , -5.52363E-04 ,  2.21727E-01 
    7991 ,  1.23134E+00 ,  8.00771E+00 , -2.84134E-02 ,  1.45310E-01 , -5.05715E-08 ,  2.37693E-07 , -1.45177E-09 ,  7.62053E-11 , -1.45305E-02 , -2.84237E-03 ,  2.67534E-01 
    8001 ,  1.23290E+00 ,  8.00771E+00 , -6.31011E-02 ,  1.49513E-01 , -4.64482E-08 ,  2.37920E-07 , -4.83799E-09 ,  7.63113E-11 , -1.49511E-02 , -6.31015E-03 ,  2.76749E-01 
    8011 ,  1.23446E+00 ,  8.00771E+00 , -1.06047E-01 ,  1.32999E-01 , -3.17218E-08 ,  2.38858E-07 , -7.98620E-09 ,  7.64090E-11 , -1.33001E-02 , -1.06048E-02 ,  2.48515E-01 
    8021 ,  1.23602E+00 ,  8.00771E+00 , -1.48742E-01 ,  1.00566E-01 , -1.25493E-08 ,  2.40493E-07 , -1.04455E-08 ,  7.65085E-11 , -1.00566E-02 , -1.48746E-02 ,  1.90683E-01 
    8031 ,  1.23758E+00 ,  8.00771E+00 , -1.88496E-01 ,  5.69474E-02 ,  1.16078E-08 ,  2.42764E-07 , -1.19332E-08 ,  7.65688E-11 , -5.69547E-03 , -1.88491E-02 ,  1.12187E-01 
    8041 ,  1.23914E+00 ,  8.00771E+00 , -2.24245E-01 ,  4.28872E-03 ,  4.02943E-08 ,  2.45609E-07 , -1.23049E-08 ,  7.65929E-11 , -4.30281E-04 , -2.24244E-02 ,  1.70814E-02 
    8051 ,  1.24069E+00 ,  8.00771E+00 , -2.46403E-01 , -4.72680E-02 ,  6.76726E-08 ,  2.49115E-07 , -1.15962E-08 ,  7.65674E-11 ,  4.72640E-03 , -2.46410E-02 , -7.62438E-02 
    8061 ,  1.24225E+00 ,  8.00771E+00 , -2.44878E-01 , -9.25708E-02 ,  8.40203E-08 ,  2.52778E-07 , -9.82578E-09 ,  7.64893E-11 ,  9.25726E-03 , -2.44877E-02 , -1.59240E-01 
    8071 ,  1.24381E+00 ,  8.00771E+00 , -2.25329E-01 , -1.24426E-01 ,  9.05340E-08 ,  2.56244E-07 , -7.34175E-09 ,  7.63659E-11 ,  1.24423E-02 , -2.25323E-02 , -2.17344E-01 
    8081 ,  1.24537E+00 ,  8.00771E+00 , -1.86680E-01 , -1.41325E-01 ,  8.99219E-08 ,  2.59300E-07 , -4.39458E-09 ,  7.62348E-11 ,  1.41315E-02 , -1.86680E-02 , -2.48928E-01 
    8091 ,  1.24693E+00 ,  8.00771E+00 , -1.24708E-01 , -1.41960E-01 ,  7.78937E-08 ,  2.61509E-07 , -1.35508E-09 ,  7.61152E-11 ,  1.41948E-02 , -1.24700E-02 , -2.52048E-01 
    8101 ,  1.24849E+00 ,  8.00771E+00 , -4.09718E-02 , -1.26199E-01 ,  5.37913E-08 ,  2.62496E-07 ,  1.42880E-09 ,  7.59853E-11 ,  1.26189E-02 , -4.09460E-03 , -2.27414E-01 
    8111 ,  1.25005E+00 ,  8.00771E+00 ,  4.87164E-02 , -9.86297E-02 ,  2.40090E-08 ,  2.62096E-07 ,  3.60368E-09 ,  7.58804E-11 ,  9.86218E-03 ,  4.87375E-03 , -1.83020E-01 
    8121 ,  1.25161E+00 ,  8.00771E+00 ,  1.54052E-01 , -5.82626E-02 , -9.84276E-09 ,  2.60196E-07 ,  4.90642E-09 ,  7.57975E-11 ,  5.82591E-03 ,  1.54070E-02 , -1.18346E-01 
    8131 ,  1.25316E+00 ,  8.00771E+00 ,  2.51857E-01 , -1.50369E-02 , -4.03373E-08 ,  2.56835E-07 ,  5.35418E-09 ,  7.57199E-11 ,  1.50354E-03 ,  2.51861E-02 , -4.90372E-02 
    8141 ,  1.25472E+00 ,  8.00771E+00 ,  3.42359E-01 ,  2.90580E-02 , -6.89540E-08 ,  2.52025E-07 ,  4.98825E-09 ,  7.56870E-11 , -2.90469E-03 ,  3.42368E-02 ,  2.16047E-02 
    8151 ,  1.25628E+00 ,  8.00771E+00 ,  4.20331E-01 ,  7.18920E-02 , -9.80076E-08 ,  2.45787E-07 ,  3.71977E-09 ,  7.57156E-11 , -7.18792E-03 ,  4.20341E-02 ,  9.06338E-02 
    8161 ,  1.25784E+00 ,  8.00771E+00 ,  4.77583E-01 ,  1.10927E-01 , -1.23175E-07 ,  2.38536E-07 ,  1.58225E-09 ,  7.57680E-11 , -1.10911E-02 ,  4.77593E-02 ,  1.54454E-01 
    8171 ,  1.25940E+00 ,  8.00771E+00 ,  5.12891E-01 ,  1.41891E-01 , -1.40052E-07 ,  2.30702E-07 , -1.26050E-09 ,  7.58617E-11 , -1.41870E-02 ,  5.12895E-02 ,  2.06746E-01 
    8181 ,  1.26095E+00 ,  8.00771E+00 ,  5.21721E-01 ,  1.58938E-01 , -1.47833E-07 ,  2.22719E-07 , -4.57081E-09 ,  7.59824E-11 , -1.58922E-02 ,  5.21728E-02 ,  2.38061E-01 
    8191 ,  1.26251E+00 ,  8.00771E+00 ,  5.02274E-01 ,  1.62478E-01 , -1.46359E-07 ,  2.14997E-07 , -8.08768E-09 ,  7.61154E-11 , -1.62461E-02 ,  5.02292E-02 ,  2.48952E-01 
    8201 ,  1.26407E+00 ,  8.00771E+00 ,  4.54039E-01 ,  1.48729E-01 , -1.34084E-07 ,  2.08045E-07 , -1.14364E-08 ,  7.62480E-11 , -1.48714E-02 ,  4.54048E-02 ,  2.31192E-01 
    8211 ,  1.26563E+00 ,  8.00771E+00 ,  3.80740E-01 ,  1.17074E-01 , -1.11940E-07 ,  2.02363E-07 , -1.42025E-08 ,  7.63559E-11 , -1.17058E-02 ,  3.80733E-02 ,  1.82659E-01 
    8221 ,  1.26719E+00 ,  8.00771E+00 ,  2.84979E-01 ,  6.86210E-02 , -7.88586E-08 ,  1.98257E-07 , -1.60358E-08 ,  7.64489E-11 , -6.86078E-03 ,  2.84976E-02 ,  1.03753E-01 
    8231 ,  1.26874E+00 ,  8.00771E+00 ,  1.85730E-01 ,  1.49641E-02 , -4.02459E-08 ,  1.95958E-07 , -1.66570E-08 ,  7.65116E-11 , -1.49652E-03 ,  1.85704E-02 ,  1.34502E-02 
    8241 ,  1.27030E+00 ,  8.00771E+00 ,  8.02428E-02 , -4.04056E-02 ,  5.52122E-10 ,  1.95419E-07 , -1.60881E-08 ,  7.65341E-11 ,  4.04050E-03 ,  8.02229E-03 , -8.14881E-02 
