   ITER        TIME        AREA        FPRE_X        FPRE_Y        FPRE_Z        FTAU_X        FTAU_Y        FTAU_Z
       0 ,  0.00000E+00 ,  9.26954E+00 ,  0.00000E+00 ,  0.00000E+00 ,  0.00000E+00 , -2.93617E-11 , -9.00874E-13 , -5.84376E-11 ,  5.66202E-11 ,  9.20577E-10 ,  3.86243E-10 
       1 ,  1.81485E-04 ,  9.26954E+00 ,  9.91987E-03 , -1.01617E-01 ,  4.43698E-07 ,  6.61130E-10 , -2.54892E-09 , -5.15795E-11 ,  1.01692E-02 ,  9.90619E-04 , -4.85451E-01 
      11 ,  1.72985E-03 ,  9.26954E+00 ,  9.60382E-03 , -9.83957E-02 ,  4.20965E-07 , -1.26806E-09 , -9.60262E-11 , -1.16268E-10 ,  9.84672E-03 ,  9.59080E-04 , -4.70165E-01 
      21 ,  3.02095E-03 ,  9.26954E+00 ,  9.40236E-03 , -9.63445E-02 ,  4.09076E-07 , -2.25863E-09 ,  1.77397E-09 , -1.40543E-10 ,  9.64139E-03 ,  9.38970E-04 , -4.60253E-01 
      31 ,  4.12781E-03 ,  9.26954E+00 ,  9.23545E-03 , -9.46414E-02 ,  4.01343E-07 , -2.55308E-09 ,  2.47343E-09 , -1.30947E-10 ,  9.47093E-03 ,  9.22302E-04 , -4.51939E-01 
      41 ,  5.11715E-03 ,  9.26954E+00 ,  9.08958E-03 , -9.31516E-02 ,  3.95955E-07 , -2.45559E-09 ,  2.92734E-09 , -1.06548E-10 ,  9.32191E-03 ,  9.07737E-04 , -4.44624E-01 
      51 ,  6.01861E-03 ,  9.26954E+00 ,  8.94897E-03 , -9.17163E-02 ,  3.90301E-07 , -2.10740E-09 ,  3.20683E-09 , -1.19659E-10 ,  9.17824E-03 ,  8.93690E-04 , -4.37619E-01 
      61 ,  6.87802E-03 ,  9.26954E+00 ,  8.81222E-03 , -9.03186E-02 ,  3.84942E-07 , -1.47713E-09 ,  3.35112E-09 , -1.07005E-10 ,  9.03836E-03 ,  8.80030E-04 , -4.30804E-01 
      71 ,  7.74938E-03 ,  9.26954E+00 ,  8.67377E-03 , -8.89083E-02 ,  3.79866E-07 , -7.52020E-10 ,  3.47289E-09 , -9.40303E-11 ,  8.89725E-03 ,  8.66202E-04 , -4.23935E-01 
      81 ,  8.65879E-03 ,  9.26954E+00 ,  8.52861E-03 , -8.74283E-02 ,  3.74838E-07 , -1.87160E-11 ,  3.61432E-09 , -1.67890E-10 ,  8.74919E-03 ,  8.51707E-04 , -4.16718E-01 
      91 ,  9.63269E-03 ,  9.26954E+00 ,  8.35381E-03 , -8.56477E-02 ,  3.66367E-07 ,  1.00621E-09 ,  3.75427E-09 , -1.49115E-10 ,  8.57100E-03 ,  8.34254E-04 , -4.08147E-01 
     101 ,  1.06287E-02 ,  9.26954E+00 ,  8.21273E-03 , -8.42086E-02 ,  3.66123E-07 ,  2.18237E-09 ,  3.93600E-09 , -1.52021E-10 ,  8.42709E-03 ,  8.20152E-04 , -4.00972E-01 
     111 ,  1.16552E-02 ,  9.26954E+00 ,  8.16002E-03 , -8.36742E-02 ,  3.73724E-07 ,  2.37146E-09 ,  4.78298E-09 , -1.90280E-10 ,  8.37378E-03 ,  8.14867E-04 , -3.97943E-01 
     121 ,  1.27731E-02 ,  9.26954E+00 ,  7.49096E-03 , -7.68993E-02 ,  2.76197E-07 ,  3.49094E-09 ,  4.13396E-09 , -1.94717E-10 ,  7.69460E-03 ,  7.48210E-04 , -3.68069E-01 
     131 ,  1.38904E-02 ,  9.26954E+00 ,  6.79830E-03 , -6.97218E-02 ,  2.51593E-07 ,  1.69687E-08 , -2.84887E-10 , -1.75430E-10 ,  6.97649E-03 ,  6.79027E-04 , -3.33952E-01 
     141 ,  1.50204E-02 ,  9.26954E+00 ,  7.54266E-03 , -7.24553E-02 ,  3.49165E-07 ,  1.88413E-08 ,  2.75695E-10 , -1.02647E-10 ,  7.25175E-03 ,  7.53317E-04 , -3.36108E-01 
     151 ,  1.61439E-02 ,  9.26954E+00 ,  8.56814E-03 , -7.83826E-02 ,  4.05116E-07 ,  1.27493E-08 ,  9.89378E-09 ,  4.58846E-12 ,  7.84567E-03 ,  8.55795E-04 , -3.55093E-01 
     161 ,  1.72599E-02 ,  9.26954E+00 ,  7.77774E-03 , -8.11105E-02 ,  4.12017E-07 ,  2.79749E-09 ,  2.01944E-08 , -8.63956E-11 ,  8.11797E-03 ,  7.76543E-04 , -3.85382E-01 
     171 ,  1.83722E-02 ,  9.26954E+00 ,  7.27707E-03 , -7.82619E-02 ,  3.42781E-07 , -3.22950E-09 ,  2.32143E-08 , -1.72066E-10 ,  7.83182E-03 ,  7.26626E-04 , -3.77097E-01 
     181 ,  1.94596E-02 ,  9.26954E+00 ,  6.50821E-03 , -7.05622E-02 ,  2.51636E-07 ,  2.53573E-09 ,  1.96817E-08 , -1.59923E-10 ,  7.06028E-03 ,  6.49960E-04 , -3.42719E-01 
     191 ,  2.05472E-02 ,  9.26954E+00 ,  5.36246E-03 , -6.02761E-02 ,  1.82417E-07 ,  1.54127E-08 ,  1.18537E-08 , -2.35262E-10 ,  6.03040E-03 ,  5.35542E-04 , -2.97587E-01 
     201 ,  2.16685E-02 ,  9.26954E+00 ,  4.45110E-03 , -5.05647E-02 ,  1.50649E-07 ,  3.15094E-08 ,  2.10391E-09 , -2.10801E-10 ,  5.05875E-03 ,  4.44506E-04 , -2.51412E-01 
     211 ,  2.28757E-02 ,  9.26954E+00 ,  4.13873E-03 , -4.50629E-02 ,  1.67036E-07 ,  4.40089E-08 , -5.62717E-09 , -1.85250E-10 ,  4.50897E-03 ,  4.13285E-04 , -2.20861E-01 
     221 ,  2.40988E-02 ,  9.26954E+00 ,  4.43668E-03 , -4.49023E-02 ,  2.11150E-07 ,  4.86794E-08 , -7.43752E-09 , -1.25680E-10 ,  4.49384E-03 ,  4.43032E-04 , -2.13399E-01 
     231 ,  2.53541E-02 ,  9.26954E+00 ,  5.03717E-03 , -4.89424E-02 ,  2.64353E-07 ,  4.50535E-08 , -3.07236E-09 , -1.69274E-10 ,  4.89888E-03 ,  5.02980E-04 , -2.27473E-01 
     241 ,  2.66124E-02 ,  9.26954E+00 ,  5.80097E-03 , -5.63200E-02 ,  3.25729E-07 ,  3.60553E-08 ,  5.66842E-09 , -2.67229E-10 ,  5.63771E-03 ,  5.79209E-04 , -2.59968E-01 
     251 ,  2.79305E-02 ,  9.26954E+00 ,  6.56558E-03 , -6.45732E-02 ,  3.68797E-07 ,  2.31168E-08 ,  1.65698E-08 , -2.94729E-10 ,  6.46372E-03 ,  6.55540E-04 , -2.98611E-01 
     261 ,  2.92418E-02 ,  9.26954E+00 ,  7.01163E-03 , -7.05790E-02 ,  3.78708E-07 ,  9.79701E-09 ,  2.63340E-08 , -3.04605E-10 ,  7.06437E-03 ,  7.00095E-04 , -3.29251E-01 
     271 ,  3.05488E-02 ,  9.26954E+00 ,  7.05501E-03 , -7.26734E-02 ,  3.56575E-07 ,  6.46970E-11 ,  3.26645E-08 , -3.30559E-10 ,  7.27336E-03 ,  7.04445E-04 , -3.42514E-01 
     281 ,  3.17862E-02 ,  9.26954E+00 ,  6.65893E-03 , -7.05162E-02 ,  3.09813E-07 , -7.89762E-10 ,  3.43844E-08 , -3.73362E-10 ,  7.05672E-03 ,  6.64930E-04 , -3.36504E-01 
     291 ,  3.30211E-02 ,  9.26954E+00 ,  5.79745E-03 , -6.39195E-02 ,  2.41350E-07 ,  7.13490E-09 ,  3.13704E-08 , -3.70283E-10 ,  6.39576E-03 ,  5.78920E-04 , -3.10322E-01 
     301 ,  3.43012E-02 ,  9.26954E+00 ,  4.64069E-03 , -5.33708E-02 ,  1.65707E-07 ,  2.07495E-08 ,  2.37036E-08 , -4.10637E-10 ,  5.33955E-03 ,  4.63424E-04 , -2.63963E-01 
     311 ,  3.56228E-02 ,  9.26954E+00 ,  3.64171E-03 , -4.12783E-02 ,  1.03573E-07 ,  3.81923E-08 ,  1.35940E-08 , -3.94869E-10 ,  4.12934E-03 ,  3.63728E-04 , -2.04850E-01 
     321 ,  3.69515E-02 ,  9.26954E+00 ,  3.20109E-03 , -3.23793E-02 ,  7.89396E-08 ,  5.50332E-08 ,  5.46950E-09 , -4.19166E-10 ,  3.23928E-03 ,  3.19828E-04 , -1.55861E-01 
     331 ,  3.82653E-02 ,  9.26954E+00 ,  3.10943E-03 , -2.85908E-02 ,  9.04986E-08 ,  6.64091E-08 ,  2.55534E-09 , -2.81669E-10 ,  2.86077E-03 ,  3.10686E-04 , -1.32728E-01 
     341 ,  3.95664E-02 ,  9.26954E+00 ,  3.09589E-03 , -2.83033E-02 ,  1.21276E-07 ,  7.13497E-08 ,  4.02930E-09 , -2.01988E-10 ,  2.83256E-03 ,  3.09271E-04 , -1.30163E-01 
     351 ,  4.08534E-02 ,  9.26954E+00 ,  3.35089E-03 , -3.04216E-02 ,  1.56919E-07 ,  7.07823E-08 ,  8.73731E-09 , -2.54094E-10 ,  3.04506E-03 ,  3.34697E-04 , -1.38358E-01 
     361 ,  4.21301E-02 ,  9.26954E+00 ,  3.84894E-03 , -3.50813E-02 ,  2.02689E-07 ,  6.57227E-08 ,  1.62407E-08 , -2.82164E-10 ,  3.51185E-03 ,  3.84398E-04 , -1.58498E-01 
     371 ,  4.34180E-02 ,  9.26954E+00 ,  4.27432E-03 , -4.14091E-02 ,  2.48999E-07 ,  5.71863E-08 ,  2.49609E-08 , -3.08385E-10 ,  4.14527E-03 ,  4.26773E-04 , -1.90560E-01 
     381 ,  4.47168E-02 ,  9.26954E+00 ,  4.65258E-03 , -4.81152E-02 ,  2.87215E-07 ,  4.69613E-08 ,  3.26904E-08 , -3.12697E-10 ,  4.81640E-03 ,  4.64431E-04 , -2.26046E-01 
     391 ,  4.60449E-02 ,  9.26954E+00 ,  5.05396E-03 , -5.35719E-02 ,  3.04715E-07 ,  3.67394E-08 ,  3.88407E-08 , -3.81391E-10 ,  5.36228E-03 ,  5.04495E-04 , -2.53645E-01 
     401 ,  4.73655E-02 ,  9.26954E+00 ,  5.21910E-03 , -5.58669E-02 ,  2.90804E-07 ,  2.89946E-08 ,  4.28256E-08 , -4.64768E-10 ,  5.59149E-03 ,  5.21025E-04 , -2.65770E-01 
     411 ,  4.87039E-02 ,  9.26954E+00 ,  5.05274E-03 , -5.37251E-02 ,  2.41733E-07 ,  2.69471E-08 ,  4.40002E-08 , -4.35196E-10 ,  5.37650E-03 ,  5.04516E-04 , -2.55953E-01 
     421 ,  5.00427E-02 ,  9.26954E+00 ,  4.46287E-03 , -4.69591E-02 ,  1.68702E-07 ,  3.25653E-08 ,  4.21205E-08 , -4.40057E-10 ,  4.69873E-03 ,  4.45742E-04 , -2.24301E-01 
     431 ,  5.13805E-02 ,  9.26954E+00 ,  3.54924E-03 , -3.69847E-02 ,  9.28029E-08 ,  4.51849E-08 ,  3.75929E-08 , -3.76068E-10 ,  3.70003E-03 ,  3.54594E-04 , -1.77778E-01 
     441 ,  5.27114E-02 ,  9.26954E+00 ,  2.67232E-03 , -2.73307E-02 ,  4.17242E-08 ,  6.15897E-08 ,  3.13295E-08 , -3.65526E-10 ,  2.73379E-03 ,  2.67064E-04 , -1.32186E-01 
     451 ,  5.40377E-02 ,  9.26954E+00 ,  2.15453E-03 , -2.12786E-02 ,  3.08914E-08 ,  7.76157E-08 ,  2.51866E-08 , -2.99798E-10 ,  2.12845E-03 ,  2.15336E-04 , -1.02533E-01 
     461 ,  5.53822E-02 ,  9.26954E+00 ,  2.01074E-03 , -1.94186E-02 ,  5.57210E-08 ,  8.94499E-08 ,  2.09845E-08 , -3.87978E-10 ,  1.94290E-03 ,  2.00909E-04 , -9.24129E-02 
     471 ,  5.67275E-02 ,  9.26954E+00 ,  2.07568E-03 , -2.06040E-02 ,  9.65489E-08 ,  9.45679E-08 ,  1.98732E-08 , -3.07539E-10 ,  2.06208E-03 ,  2.07288E-04 , -9.78483E-02 
     481 ,  5.80940E-02 ,  9.26954E+00 ,  2.25840E-03 , -2.37502E-02 ,  1.41626E-07 ,  9.31874E-08 ,  2.13648E-08 , -2.83762E-10 ,  2.37739E-03 ,  2.25424E-04 , -1.13740E-01 
     491 ,  5.94673E-02 ,  9.26954E+00 ,  2.63164E-03 , -2.85523E-02 ,  1.88048E-07 ,  8.61292E-08 ,  2.48330E-08 , -2.24412E-10 ,  2.85834E-03 ,  2.62603E-04 , -1.36903E-01 
     501 ,  6.08274E-02 ,  9.26954E+00 ,  3.14865E-03 , -3.39970E-02 ,  2.22336E-07 ,  7.54853E-08 ,  2.98243E-08 , -3.20118E-10 ,  3.40338E-03 ,  3.14197E-04 , -1.61922E-01 
     511 ,  6.22049E-02 ,  9.26954E+00 ,  3.63148E-03 , -3.82811E-02 ,  2.29657E-07 ,  6.44252E-08 ,  3.52463E-08 , -5.60085E-10 ,  3.83195E-03 ,  3.62475E-04 , -1.80699E-01 
     521 ,  6.35898E-02 ,  9.26954E+00 ,  3.89182E-03 , -3.97229E-02 ,  2.07066E-07 ,  5.70665E-08 ,  3.98184E-08 , -7.42574E-10 ,  3.97581E-03 ,  3.88591E-04 , -1.85868E-01 
     531 ,  6.49639E-02 ,  9.26954E+00 ,  3.82323E-03 , -3.79251E-02 ,  1.66904E-07 ,  5.59650E-08 ,  4.27617E-08 , -8.11340E-10 ,  3.79542E-03 ,  3.81857E-04 , -1.76419E-01 
     541 ,  6.63334E-02 ,  9.26954E+00 ,  3.37469E-03 , -3.28018E-02 ,  1.10446E-07 ,  6.11972E-08 ,  4.36412E-08 , -8.71922E-10 ,  3.28218E-03 ,  3.37159E-04 , -1.52637E-01 
     551 ,  6.76956E-02 ,  9.26954E+00 ,  2.63232E-03 , -2.55694E-02 ,  5.11584E-08 ,  7.18248E-08 ,  4.18476E-08 , -8.13906E-10 ,  2.55790E-03 ,  2.63080E-04 , -1.20501E-01 
     561 ,  6.90600E-02 ,  9.26954E+00 ,  1.87316E-03 , -1.85785E-02 ,  1.04110E-08 ,  8.63039E-08 ,  3.72204E-08 , -7.15045E-10 ,  1.85805E-03 ,  1.87255E-04 , -8.97486E-02 
     571 ,  7.04459E-02 ,  9.26954E+00 ,  1.32838E-03 , -1.40251E-02 ,  2.11092E-09 ,  1.01909E-07 ,  3.07847E-08 , -7.25732E-10 ,  1.40253E-03 ,  1.32799E-04 , -7.00553E-02 
     581 ,  7.18538E-02 ,  9.26954E+00 ,  1.09592E-03 , -1.29077E-02 ,  2.98227E-08 ,  1.13954E-07 ,  2.47265E-08 , -7.36634E-10 ,  1.29117E-03 ,  1.09466E-04 , -6.60628E-02 
     591 ,  7.32722E-02 ,  9.26954E+00 ,  1.15878E-03 , -1.44551E-02 ,  7.67421E-08 ,  1.18813E-07 ,  2.10238E-08 , -7.64796E-10 ,  1.44665E-03 ,  1.15618E-04 , -7.36332E-02 
     601 ,  7.47119E-02 ,  9.26954E+00 ,  1.46193E-03 , -1.74667E-02 ,  1.20331E-07 ,  1.15239E-07 ,  2.06056E-08 , -7.96042E-10 ,  1.74855E-03 ,  1.45818E-04 , -8.66040E-02 
     611 ,  7.61636E-02 ,  9.26954E+00 ,  1.90724E-03 , -2.13163E-02 ,  1.54714E-07 ,  1.05433E-07 ,  2.32856E-08 , -8.48015E-10 ,  2.13411E-03 ,  1.90263E-04 , -1.02702E-01 
     621 ,  7.75964E-02 ,  9.26954E+00 ,  2.39234E-03 , -2.56456E-02 ,  1.80482E-07 ,  9.26870E-08 ,  2.81054E-08 , -7.96972E-10 ,  2.56753E-03 ,  2.38716E-04 , -1.21307E-01 
     631 ,  7.90305E-02 ,  9.26954E+00 ,  2.92746E-03 , -3.01907E-02 ,  1.99059E-07 ,  7.94582E-08 ,  3.42448E-08 , -9.35921E-10 ,  3.02245E-03 ,  2.92194E-04 , -1.40587E-01 
     641 ,  8.04795E-02 ,  9.26954E+00 ,  3.38020E-03 , -3.34987E-02 ,  1.96452E-07 ,  6.89277E-08 ,  4.06669E-08 , -9.43539E-10 ,  3.35326E-03 ,  3.37487E-04 , -1.53971E-01 
     651 ,  8.19462E-02 ,  9.26954E+00 ,  3.52545E-03 , -3.40380E-02 ,  1.68533E-07 ,  6.43842E-08 ,  4.59457E-08 , -1.01437E-09 ,  3.40679E-03 ,  3.52104E-04 , -1.55648E-01 
     661 ,  8.34145E-02 ,  9.26954E+00 ,  3.29055E-03 , -3.13538E-02 ,  1.24432E-07 ,  6.75805E-08 ,  4.88721E-08 , -9.08281E-10 ,  3.13764E-03 ,  3.28734E-04 , -1.43681E-01 
     671 ,  8.48912E-02 ,  9.26954E+00 ,  2.75263E-03 , -2.59627E-02 ,  7.24967E-08 ,  7.77512E-08 ,  4.89982E-08 , -9.57593E-10 ,  2.59764E-03 ,  2.75084E-04 , -1.19798E-01 
     681 ,  8.63747E-02 ,  9.26954E+00 ,  2.19969E-03 , -2.01729E-02 ,  3.52449E-08 ,  9.15783E-08 ,  4.68746E-08 , -8.83847E-10 ,  2.01802E-03 ,  2.19889E-04 , -9.32326E-02 
     691 ,  8.78560E-02 ,  9.26954E+00 ,  1.79176E-03 , -1.58361E-02 ,  1.96090E-08 ,  1.05379E-07 ,  4.39114E-08 , -9.05524E-10 ,  1.58409E-03 ,  1.79153E-04 , -7.28692E-02 
     701 ,  8.93413E-02 ,  9.26954E+00 ,  1.55714E-03 , -1.40765E-02 ,  3.26064E-08 ,  1.16069E-07 ,  4.17048E-08 , -9.38434E-10 ,  1.40830E-03 ,  1.55651E-04 , -6.52252E-02 
     711 ,  9.08384E-02 ,  9.26954E+00 ,  1.43953E-03 , -1.46188E-02 ,  6.51669E-08 ,  1.20951E-07 ,  4.10415E-08 , -9.99521E-10 ,  1.46299E-03 ,  1.43776E-04 , -6.97667E-02 
     721 ,  9.23519E-02 ,  9.26954E+00 ,  1.41571E-03 , -1.67093E-02 ,  1.03494E-07 ,  1.19918E-07 ,  4.16943E-08 , -1.07357E-09 ,  1.67252E-03 ,  1.41257E-04 , -8.24433E-02 
     731 ,  9.38630E-02 ,  9.26954E+00 ,  1.51878E-03 , -1.94201E-02 ,  1.31600E-07 ,  1.14970E-07 ,  4.26724E-08 , -1.05469E-09 ,  1.94400E-03 ,  1.51451E-04 , -9.71760E-02 
     741 ,  9.53577E-02 ,  9.26954E+00 ,  1.71386E-03 , -2.17837E-02 ,  1.41233E-07 ,  1.09983E-07 ,  4.30930E-08 , -1.03223E-09 ,  2.18050E-03 ,  1.70916E-04 , -1.08585E-01 
     751 ,  9.68430E-02 ,  9.26954E+00 ,  1.92345E-03 , -2.26471E-02 ,  1.26718E-07 ,  1.08687E-07 ,  4.24916E-08 , -1.12276E-09 ,  2.26666E-03 ,  1.91928E-04 , -1.10817E-01 
     761 ,  9.83366E-02 ,  9.26954E+00 ,  1.99195E-03 , -2.14792E-02 ,  9.52911E-08 ,  1.12139E-07 ,  4.10496E-08 , -1.19819E-09 ,  2.14945E-03 ,  1.98897E-04 , -1.02964E-01 
     771 ,  9.98422E-02 ,  9.26954E+00 ,  1.90785E-03 , -1.85573E-02 ,  5.70505E-08 ,  1.18393E-07 ,  3.89303E-08 , -1.31115E-09 ,  1.85675E-03 ,  1.90635E-04 , -8.67435E-02 
     781 ,  1.01347E-01 ,  9.26954E+00 ,  1.68226E-03 , -1.49304E-02 ,  2.44635E-08 ,  1.23661E-07 ,  3.64031E-08 , -1.28949E-09 ,  1.49356E-03 ,  1.68194E-04 , -6.82979E-02 
     791 ,  1.02846E-01 ,  9.26954E+00 ,  1.43345E-03 , -1.18978E-02 ,  7.31485E-09 ,  1.26162E-07 ,  3.37779E-08 , -1.24170E-09 ,  1.19003E-03 ,  1.43361E-04 , -5.36176E-02 
     801 ,  1.04340E-01 ,  9.26954E+00 ,  1.27029E-03 , -1.06380E-02 ,  1.62572E-08 ,  1.22608E-07 ,  3.18650E-08 , -1.19260E-09 ,  1.06419E-03 ,  1.27019E-04 , -4.80906E-02 
     811 ,  1.05836E-01 ,  9.26954E+00 ,  1.28812E-03 , -1.15222E-02 ,  4.95711E-08 ,  1.10559E-07 ,  3.18533E-08 , -1.06644E-09 ,  1.15311E-03 ,  1.28711E-04 , -5.25442E-02 
     821 ,  1.07333E-01 ,  9.26954E+00 ,  1.46546E-03 , -1.43940E-02 ,  9.97532E-08 ,  9.43650E-08 ,  3.48487E-08 , -9.35506E-10 ,  1.44110E-03 ,  1.46293E-04 , -6.65388E-02 
     831 ,  1.08830E-01 ,  9.26954E+00 ,  1.73905E-03 , -1.85322E-02 ,  1.46856E-07 ,  7.96630E-08 ,  4.07791E-08 , -8.90637E-10 ,  1.85566E-03 ,  1.73505E-04 , -8.69967E-02 
     841 ,  1.10334E-01 ,  9.26954E+00 ,  2.02820E-03 , -2.30506E-02 ,  1.76028E-07 ,  7.53530E-08 ,  4.77730E-08 , -9.06865E-10 ,  2.30789E-03 ,  2.02314E-04 , -1.09951E-01 
     851 ,  1.11846E-01 ,  9.26954E+00 ,  2.19702E-03 , -2.58727E-02 ,  1.69371E-07 ,  8.95690E-08 ,  5.28645E-08 , -9.88521E-10 ,  2.58992E-03 ,  2.19169E-04 , -1.25000E-01 
     861 ,  1.13360E-01 ,  9.26954E+00 ,  2.08403E-03 , -2.49951E-02 ,  1.24875E-07 ,  1.22475E-07 ,  5.35201E-08 , -9.54279E-10 ,  2.50138E-03 ,  2.07980E-04 , -1.22322E-01 
     871 ,  1.14873E-01 ,  9.26954E+00 ,  1.66595E-03 , -2.01350E-02 ,  5.66181E-08 ,  1.64881E-07 ,  4.90395E-08 , -1.06854E-09 ,  2.01424E-03 ,  1.66360E-04 , -1.00218E-01 
     881 ,  1.16381E-01 ,  9.26954E+00 ,  1.17478E-03 , -1.36058E-02 , -3.98438E-09 ,  2.00194E-07 ,  4.03980E-08 , -1.05947E-09 ,  1.36040E-03 ,  1.17446E-04 , -6.86465E-02 
     891 ,  1.17895E-01 ,  9.26954E+00 ,  8.78148E-04 , -8.43890E-03 , -3.62281E-08 ,  2.14738E-07 ,  3.04445E-08 , -1.07027E-09 ,  8.43291E-04 ,  8.79120E-05 , -4.17038E-02 
     901 ,  1.19402E-01 ,  9.26954E+00 ,  8.82856E-04 , -6.47409E-03 , -2.86142E-08 ,  1.99952E-07 ,  2.25091E-08 , -1.07181E-09 ,  6.47030E-04 ,  8.84038E-05 , -2.89425E-02 
     911 ,  1.20905E-01 ,  9.26954E+00 ,  1.08064E-03 , -7.25783E-03 ,  8.71628E-09 ,  1.55734E-07 ,  1.97949E-08 , -1.00956E-09 ,  7.26100E-04 ,  1.08113E-04 , -2.96327E-02 
     921 ,  1.22409E-01 ,  9.26954E+00 ,  1.34415E-03 , -1.00204E-02 ,  6.45817E-08 ,  9.31682E-08 ,  2.30900E-08 , -7.72971E-10 ,  1.00331E-03 ,  1.34318E-04 , -4.13624E-02 
     931 ,  1.23918E-01 ,  9.26954E+00 ,  1.61492E-03 , -1.39211E-02 ,  1.19539E-07 ,  3.36199E-08 ,  3.14093E-08 , -6.45109E-10 ,  1.39426E-03 ,  1.61224E-04 , -6.02319E-02 
     941 ,  1.25432E-01 ,  9.26954E+00 ,  1.92542E-03 , -1.86490E-02 ,  1.61719E-07 ,  8.89854E-11 ,  4.27708E-08 , -6.84334E-10 ,  1.86768E-03 ,  1.92127E-04 , -8.39161E-02 
     951 ,  1.26951E-01 ,  9.26954E+00 ,  2.24699E-03 , -2.34368E-02 ,  1.82321E-07 ,  9.04222E-09 ,  5.35985E-08 , -7.18503E-10 ,  2.34671E-03 ,  2.24196E-04 , -1.08195E-01 
     961 ,  1.28469E-01 ,  9.26954E+00 ,  2.40803E-03 , -2.63972E-02 ,  1.72550E-07 ,  5.92149E-08 ,  6.11953E-08 , -7.01093E-10 ,  2.64252E-03 ,  2.40299E-04 , -1.24306E-01 
     971 ,  1.29983E-01 ,  9.26954E+00 ,  2.34681E-03 , -2.64010E-02 ,  1.41824E-07 ,  1.37978E-07 ,  6.41430E-08 , -7.46266E-10 ,  2.64238E-03 ,  2.34247E-04 , -1.26015E-01 
     981 ,  1.31497E-01 ,  9.26954E+00 ,  2.02251E-03 , -2.32507E-02 ,  9.42058E-08 ,  2.18381E-07 ,  6.24323E-08 , -7.01623E-10 ,  2.32651E-03 ,  2.01937E-04 , -1.12667E-01 
     991 ,  1.33004E-01 ,  9.26954E+00 ,  1.58730E-03 , -1.83567E-02 ,  4.64819E-08 ,  2.74326E-07 ,  5.72652E-08 , -7.81451E-10 ,  1.83632E-03 ,  1.58554E-04 , -9.02183E-02 
    1001 ,  1.34503E-01 ,  9.26954E+00 ,  1.20867E-03 , -1.36879E-02 ,  1.37506E-08 ,  2.80918E-07 ,  4.99755E-08 , -8.39099E-10 ,  1.36892E-03 ,  1.20792E-04 , -6.79091E-02 
    1011 ,  1.36007E-01 ,  9.26954E+00 ,  1.02831E-03 , -1.05736E-02 ,  7.77512E-10 ,  2.41527E-07 ,  4.22677E-08 , -8.09034E-10 ,  1.05733E-03 ,  1.02821E-04 , -5.16054E-02 
    1021 ,  1.37509E-01 ,  9.26954E+00 ,  1.01846E-03 , -9.18479E-03 ,  4.45213E-09 ,  1.67154E-07 ,  3.64368E-08 , -8.84947E-10 ,  9.18585E-04 ,  1.01841E-04 , -4.29265E-02 
    1031 ,  1.39009E-01 ,  9.26954E+00 ,  1.09662E-03 , -8.93702E-03 ,  1.62351E-08 ,  8.31294E-08 ,  3.33211E-08 , -7.76625E-10 ,  8.94097E-04 ,  1.09647E-04 , -3.97771E-02 
    1041 ,  1.40509E-01 ,  9.26954E+00 ,  1.16078E-03 , -9.40839E-03 ,  3.27965E-08 ,  1.55176E-08 ,  3.29029E-08 , -6.33730E-10 ,  9.41509E-04 ,  1.16019E-04 , -4.12837E-02 
    1051 ,  1.42012E-01 ,  9.26954E+00 ,  1.18736E-03 , -1.05181E-02 ,  5.49802E-08 , -9.49101E-09 ,  3.40753E-08 , -5.35325E-10 ,  1.05281E-03 ,  1.18608E-04 , -4.73055E-02 
    1061 ,  1.43519E-01 ,  9.26954E+00 ,  1.19961E-03 , -1.20370E-02 ,  7.74952E-08 ,  1.34632E-08 ,  3.59238E-08 , -4.16948E-10 ,  1.20501E-03 ,  1.19744E-04 , -5.61182E-02 
    1071 ,  1.45027E-01 ,  9.26954E+00 ,  1.24404E-03 , -1.39715E-02 ,  9.96663E-08 ,  7.40075E-08 ,  3.94510E-08 , -3.53176E-10 ,  1.39877E-03 ,  1.24112E-04 , -6.69861E-02 
    1081 ,  1.46536E-01 ,  9.26954E+00 ,  1.35087E-03 , -1.59453E-02 ,  1.13881E-07 ,  1.53247E-07 ,  4.36007E-08 , -3.51559E-10 ,  1.59634E-03 ,  1.34741E-04 , -7.72041E-02 
    1091 ,  1.48047E-01 ,  9.26954E+00 ,  1.50388E-03 , -1.74651E-02 ,  1.15462E-07 ,  2.26739E-07 ,  4.69201E-08 , -3.62724E-10 ,  1.74833E-03 ,  1.50041E-04 , -8.40634E-02 
    1101 ,  1.49563E-01 ,  9.26954E+00 ,  1.63606E-03 , -1.79496E-02 ,  1.02604E-07 ,  2.71595E-07 ,  4.93867E-08 , -4.64364E-10 ,  1.79663E-03 ,  1.63317E-04 , -8.51073E-02 
    1111 ,  1.51084E-01 ,  9.26954E+00 ,  1.65864E-03 , -1.70745E-02 ,  7.85501E-08 ,  2.75238E-07 ,  5.05502E-08 , -5.07501E-10 ,  1.70875E-03 ,  1.65651E-04 , -7.97387E-02 
    1121 ,  1.52604E-01 ,  9.26954E+00 ,  1.54986E-03 , -1.49733E-02 ,  4.87277E-08 ,  2.38747E-07 ,  4.86484E-08 , -6.09307E-10 ,  1.49823E-03 ,  1.54874E-04 , -6.90327E-02 
    1131 ,  1.54118E-01 ,  9.26954E+00 ,  1.31947E-03 , -1.23030E-02 ,  2.23267E-08 ,  1.75393E-07 ,  4.61269E-08 , -5.74692E-10 ,  1.23074E-03 ,  1.31900E-04 , -5.67244E-02 
    1141 ,  1.55627E-01 ,  9.26954E+00 ,  1.05498E-03 , -9.84870E-03 ,  5.50537E-09 ,  1.11098E-07 ,  4.24377E-08 , -5.58424E-10 ,  9.84994E-04 ,  1.05494E-04 , -4.61144E-02 
    1151 ,  1.57135E-01 ,  9.26954E+00 ,  8.32027E-04 , -8.44099E-03 ,  6.16874E-09 ,  6.45121E-08 ,  3.79769E-08 , -5.50243E-10 ,  8.44192E-04 ,  8.31777E-05 , -4.09743E-02 
    1161 ,  1.58645E-01 ,  9.26954E+00 ,  7.31167E-04 , -8.51354E-03 ,  2.65749E-08 ,  4.98532E-08 ,  3.35766E-08 , -5.67138E-10 ,  8.51724E-04 ,  7.30146E-05 , -4.26472E-02 
    1171 ,  1.60157E-01 ,  9.26954E+00 ,  7.66595E-04 , -9.80764E-03 ,  5.74644E-08 ,  6.78989E-08 ,  3.17007E-08 , -6.33349E-10 ,  9.81617E-04 ,  7.64697E-05 , -4.94969E-02 
    1181 ,  1.61675E-01 ,  9.26954E+00 ,  9.49672E-04 , -1.21061E-02 ,  9.20596E-08 ,  1.10209E-07 ,  3.24425E-08 , -7.39833E-10 ,  1.21204E-03 ,  9.46847E-05 , -6.01156E-02 
    1191 ,  1.63196E-01 ,  9.26954E+00 ,  1.25665E-03 , -1.49112E-02 ,  1.19066E-07 ,  1.59550E-07 ,  3.54920E-08 , -8.13963E-10 ,  1.49299E-03 ,  1.25322E-04 , -7.19946E-02 
    1201 ,  1.64714E-01 ,  9.26954E+00 ,  1.63315E-03 , -1.76839E-02 ,  1.31968E-07 ,  1.98872E-07 ,  4.03172E-08 , -9.15037E-10 ,  1.77053E-03 ,  1.62956E-04 , -8.27782E-02 
    1211 ,  1.66232E-01 ,  9.26954E+00 ,  1.95978E-03 , -1.94642E-02 ,  1.24903E-07 ,  2.15926E-07 ,  4.58888E-08 , -9.93916E-10 ,  1.94854E-03 ,  1.95666E-04 , -8.85814E-02 
    1221 ,  1.67752E-01 ,  9.26954E+00 ,  2.10199E-03 , -1.93522E-02 ,  9.86704E-08 ,  2.07395E-07 ,  5.09213E-08 , -1.00697E-09 ,  1.93700E-03 ,  2.09979E-04 , -8.60290E-02 
    1231 ,  1.69275E-01 ,  9.26954E+00 ,  1.99379E-03 , -1.71952E-02 ,  6.06178E-08 ,  1.80137E-07 ,  5.37027E-08 , -9.22177E-10 ,  1.72073E-03 ,  1.99276E-04 , -7.51247E-02 
    1241 ,  1.70802E-01 ,  9.26954E+00 ,  1.67972E-03 , -1.37880E-02 ,  2.33576E-08 ,  1.44654E-07 ,  5.42716E-08 , -8.37255E-10 ,  1.37937E-03 ,  1.67965E-04 , -5.98168E-02 
    1251 ,  1.72328E-01 ,  9.26954E+00 ,  1.26120E-03 , -1.01521E-02 , -5.47811E-09 ,  1.15246E-07 ,  5.22889E-08 , -8.18675E-10 ,  1.01527E-03 ,  1.26187E-04 , -4.46254E-02 
    1261 ,  1.73853E-01 ,  9.26954E+00 ,  8.48239E-04 , -7.51866E-03 , -1.57141E-08 ,  1.03682E-07 ,  4.84196E-08 , -6.94184E-10 ,  7.51628E-04 ,  8.48871E-05 , -3.51955E-02 
    1271 ,  1.75379E-01 ,  9.26954E+00 ,  5.45554E-04 , -6.30585E-03 , -7.97623E-09 ,  1.14987E-07 ,  4.29310E-08 , -5.69215E-10 ,  6.30370E-04 ,  5.45624E-05 , -3.24236E-02 
    1281 ,  1.76908E-01 ,  9.26954E+00 ,  3.93040E-04 , -6.30339E-03 ,  1.13605E-08 ,  1.43818E-07 ,  3.72120E-08 , -5.44845E-10 ,  6.30362E-04 ,  3.92370E-05 , -3.44868E-02 
    1291 ,  1.78441E-01 ,  9.26954E+00 ,  4.11727E-04 , -7.06857E-03 ,  3.37637E-08 ,  1.80760E-07 ,  3.26029E-08 , -5.92189E-10 ,  7.07237E-04 ,  4.10389E-05 , -3.84547E-02 
    1301 ,  1.79977E-01 ,  9.26954E+00 ,  5.64127E-04 , -8.19172E-03 ,  5.28482E-08 ,  2.13879E-07 ,  2.99970E-08 , -6.87156E-10 ,  8.19901E-04 ,  5.62369E-05 , -4.25163E-02 
    1311 ,  1.81513E-01 ,  9.26954E+00 ,  7.93988E-04 , -9.40744E-03 ,  6.56928E-08 ,  2.32919E-07 ,  2.97353E-08 , -6.51551E-10 ,  9.41770E-04 ,  7.92109E-05 , -4.59934E-02 
    1321 ,  1.83050E-01 ,  9.26954E+00 ,  1.03492E-03 , -1.05528E-02 ,  7.21350E-08 ,  2.31323E-07 ,  3.17587E-08 , -7.02259E-10 ,  1.05648E-03 ,  1.03311E-04 , -4.89673E-02 
    1331 ,  1.84586E-01 ,  9.26954E+00 ,  1.22808E-03 , -1.15086E-02 ,  7.35440E-08 ,  2.09982E-07 ,  3.49896E-08 , -6.83249E-10 ,  1.15215E-03 ,  1.22641E-04 , -5.16484E-02 
    1341 ,  1.86115E-01 ,  9.26954E+00 ,  1.33488E-03 , -1.20335E-02 ,  6.85211E-08 ,  1.75291E-07 ,  3.90283E-08 , -7.16366E-10 ,  1.20458E-03 ,  1.33343E-04 , -5.32136E-02 
    1351 ,  1.87653E-01 ,  9.26954E+00 ,  1.34942E-03 , -1.22252E-02 ,  6.29906E-08 ,  1.37125E-07 ,  4.26452E-08 , -6.25018E-10 ,  1.22363E-03 ,  1.34808E-04 , -5.42612E-02 
    1361 ,  1.89192E-01 ,  9.26954E+00 ,  1.27840E-03 , -1.18884E-02 ,  5.40678E-08 ,  1.07398E-07 ,  4.50353E-08 , -5.12109E-10 ,  1.18979E-03 ,  1.27721E-04 , -5.35185E-02 
    1371 ,  1.90732E-01 ,  9.26954E+00 ,  1.16210E-03 , -1.11893E-02 ,  4.46362E-08 ,  9.51441E-08 ,  4.59126E-08 , -4.70185E-10 ,  1.11970E-03 ,  1.16102E-04 , -5.12849E-02 
    1381 ,  1.92276E-01 ,  9.26954E+00 ,  1.01534E-03 , -1.03315E-02 ,  3.72412E-08 ,  1.05321E-07 ,  4.53044E-08 , -5.82060E-10 ,  1.03376E-03 ,  1.01435E-04 , -4.85180E-02 
    1391 ,  1.93821E-01 ,  9.26954E+00 ,  8.90299E-04 , -9.74643E-03 ,  3.67245E-08 ,  1.34136E-07 ,  4.37141E-08 , -5.07946E-10 ,  9.75188E-04 ,  8.89169E-05 , -4.69387E-02 
    1401 ,  1.95369E-01 ,  9.26954E+00 ,  8.10811E-04 , -9.69370E-03 ,  4.41905E-08 ,  1.72818E-07 ,  4.19185E-08 , -4.02129E-10 ,  9.69990E-04 ,  8.09426E-05 , -4.77534E-02 
    1411 ,  1.96917E-01 ,  9.26954E+00 ,  8.11128E-04 , -1.02109E-02 ,  5.66857E-08 ,  2.10294E-07 ,  4.05281E-08 , -3.86771E-10 ,  1.02190E-03 ,  8.09394E-05 , -5.06979E-02 
    1421 ,  1.98465E-01 ,  9.26954E+00 ,  8.91438E-04 , -1.12372E-02 ,  7.16408E-08 ,  2.36038E-07 ,  3.99146E-08 , -4.65603E-10 ,  1.12479E-03 ,  8.89279E-05 , -5.54502E-02 
    1431 ,  2.00010E-01 ,  9.26954E+00 ,  1.02426E-03 , -1.23181E-02 ,  8.02546E-08 ,  2.42196E-07 ,  4.01748E-08 , -5.97284E-10 ,  1.23305E-03 ,  1.02195E-04 , -5.98108E-02 
    1441 ,  2.01552E-01 ,  9.26954E+00 ,  1.17326E-03 , -1.30573E-02 ,  7.91541E-08 ,  2.26991E-07 ,  4.09459E-08 , -5.29342E-10 ,  1.30698E-03 ,  1.17103E-04 , -6.19759E-02 
    1451 ,  2.03091E-01 ,  9.26954E+00 ,  1.28430E-03 , -1.30195E-02 ,  6.67046E-08 ,  1.95282E-07 ,  4.16702E-08 , -5.54870E-10 ,  1.30305E-03 ,  1.28256E-04 , -6.01590E-02 
    1461 ,  2.04634E-01 ,  9.26954E+00 ,  1.29412E-03 , -1.20985E-02 ,  4.76298E-08 ,  1.56879E-07 ,  4.18851E-08 , -6.48306E-10 ,  1.21069E-03 ,  1.29310E-04 , -5.46452E-02 
    1471 ,  2.06177E-01 ,  9.26954E+00 ,  1.21473E-03 , -1.05361E-02 ,  2.72806E-08 ,  1.23226E-07 ,  4.14462E-08 , -7.15062E-10 ,  1.05414E-03 ,  1.21432E-04 , -4.66225E-02 
    1481 ,  2.07722E-01 ,  9.26954E+00 ,  1.08850E-03 , -8.87789E-03 ,  1.22757E-08 ,  1.01227E-07 ,  4.05070E-08 , -8.46300E-10 ,  8.88094E-04 ,  1.08862E-04 , -3.86504E-02 
    1491 ,  2.09270E-01 ,  9.26954E+00 ,  9.51052E-04 , -7.72847E-03 ,  8.74403E-09 ,  9.80586E-08 ,  3.93649E-08 , -7.67956E-10 ,  7.73089E-04 ,  9.51290E-05 , -3.37845E-02 
    1501 ,  2.10821E-01 ,  9.26954E+00 ,  8.51100E-04 , -7.45163E-03 ,  1.84660E-08 ,  1.15368E-07 ,  3.87548E-08 , -7.12659E-10 ,  7.45527E-04 ,  8.50957E-05 , -3.34644E-02 
    1511 ,  2.12374E-01 ,  9.26954E+00 ,  7.94677E-04 , -7.95506E-03 ,  3.64879E-08 ,  1.48484E-07 ,  3.89623E-08 , -7.60458E-10 ,  7.96105E-04 ,  7.93888E-05 , -3.71283E-02 
    1521 ,  2.13929E-01 ,  9.26954E+00 ,  7.83924E-04 , -8.98241E-03 ,  5.63059E-08 ,  1.87813E-07 ,  4.00390E-08 , -7.25963E-10 ,  8.99098E-04 ,  7.82455E-05 , -4.32810E-02 
    1531 ,  2.15481E-01 ,  9.26954E+00 ,  8.19582E-04 , -1.02494E-02 ,  7.22553E-08 ,  2.22446E-07 ,  4.16048E-08 , -7.27191E-10 ,  1.02602E-03 ,  8.17524E-05 , -5.02501E-02 
    1541 ,  2.17029E-01 ,  9.26954E+00 ,  8.90034E-04 , -1.13146E-02 ,  7.80965E-08 ,  2.46594E-07 ,  4.28432E-08 , -8.64507E-10 ,  1.13262E-03 ,  8.87800E-05 , -5.55961E-02 
    1551 ,  2.18574E-01 ,  9.26954E+00 ,  9.51263E-04 , -1.16261E-02 ,  6.91890E-08 ,  2.54568E-07 ,  4.30749E-08 , -9.56879E-10 ,  1.16364E-03 ,  9.49275E-05 , -5.67041E-02 
    1561 ,  2.20117E-01 ,  9.26954E+00 ,  9.72494E-04 , -1.09172E-02 ,  4.84253E-08 ,  2.44293E-07 ,  4.18659E-08 , -9.63790E-10 ,  1.09246E-03 ,  9.71176E-05 , -5.23638E-02 
    1571 ,  2.21659E-01 ,  9.26954E+00 ,  9.37484E-04 , -9.23719E-03 ,  2.10098E-08 ,  2.19265E-07 ,  3.91147E-08 , -1.06062E-09 ,  9.24042E-04 ,  9.37108E-05 , -4.30374E-02 
    1581 ,  2.23203E-01 ,  9.26954E+00 ,  8.67309E-04 , -7.24964E-03 , -2.07643E-09 ,  1.86736E-07 ,  3.54027E-08 , -1.13273E-09 ,  7.24959E-04 ,  8.67713E-05 , -3.22723E-02 
    1591 ,  2.24748E-01 ,  9.26954E+00 ,  7.92715E-04 , -5.76945E-03 , -1.17091E-08 ,  1.56224E-07 ,  3.18205E-08 , -1.22296E-09 ,  5.76843E-04 ,  7.93468E-05 , -2.44448E-02 
    1601 ,  2.26295E-01 ,  9.26954E+00 ,  7.45340E-04 , -5.29655E-03 , -4.34486E-09 ,  1.35300E-07 ,  2.96001E-08 , -1.14938E-09 ,  5.29696E-04 ,  7.45965E-05 , -2.20870E-02 
    1611 ,  2.27841E-01 ,  9.26954E+00 ,  7.37575E-04 , -5.84028E-03 ,  1.67078E-08 ,  1.25657E-07 ,  2.95069E-08 , -1.10483E-09 ,  5.84351E-04 ,  7.37513E-05 , -2.51360E-02 
    1621 ,  2.29391E-01 ,  9.26954E+00 ,  7.62002E-04 , -7.12517E-03 ,  4.42979E-08 ,  1.30268E-07 ,  3.14755E-08 , -1.10572E-09 ,  7.13292E-04 ,  7.61209E-05 , -3.21494E-02 
    1631 ,  2.30941E-01 ,  9.26954E+00 ,  8.14930E-04 , -8.74854E-03 ,  6.91539E-08 ,  1.49069E-07 ,  3.52838E-08 , -1.12673E-09 ,  8.75963E-04 ,  8.13243E-05 , -4.08598E-02 
    1641 ,  2.32489E-01 ,  9.26954E+00 ,  8.91438E-04 , -1.03798E-02 ,  8.51444E-08 ,  1.77397E-07 ,  3.98507E-08 , -1.16659E-09 ,  1.03933E-03 ,  8.89193E-05 , -4.93976E-02 
    1651 ,  2.34036E-01 ,  9.26954E+00 ,  9.81949E-04 , -1.16787E-02 ,  8.90402E-08 ,  2.07498E-07 ,  4.39427E-08 , -1.19569E-09 ,  1.16925E-03 ,  9.79521E-05 , -5.58663E-02 
    1661 ,  2.35583E-01 ,  9.26954E+00 ,  1.06089E-03 , -1.22720E-02 ,  8.03867E-08 ,  2.31848E-07 ,  4.65592E-08 , -1.19945E-09 ,  1.22843E-03 ,  1.05872E-04 , -5.83915E-02 
    1671 ,  2.37130E-01 ,  9.26954E+00 ,  1.08766E-03 , -1.21273E-02 ,  6.62823E-08 ,  2.44588E-07 ,  4.72253E-08 , -1.26238E-09 ,  1.21378E-03 ,  1.08603E-04 , -5.73241E-02 
    1681 ,  2.38678E-01 ,  9.26954E+00 ,  1.04815E-03 , -1.12095E-02 ,  4.78784E-08 ,  2.44211E-07 ,  4.61505E-08 , -1.22350E-09 ,  1.12170E-03 ,  1.04700E-04 , -5.26602E-02 
    1691 ,  2.40224E-01 ,  9.26954E+00 ,  9.77413E-04 , -1.01525E-02 ,  3.54508E-08 ,  2.29245E-07 ,  4.40160E-08 , -1.18476E-09 ,  1.01581E-03 ,  9.76633E-05 , -4.75456E-02 
    1701 ,  2.41769E-01 ,  9.26954E+00 ,  9.03771E-04 , -9.24129E-03 ,  2.89423E-08 ,  2.03423E-07 ,  4.13721E-08 , -1.16215E-09 ,  9.24594E-04 ,  9.03160E-05 , -4.32676E-02 
    1711 ,  2.43315E-01 ,  9.26954E+00 ,  8.54257E-04 , -8.75326E-03 ,  2.97101E-08 ,  1.73457E-07 ,  3.89248E-08 , -1.23519E-09 ,  8.75790E-04 ,  8.53591E-05 , -4.10668E-02 
    1721 ,  2.44863E-01 ,  9.26954E+00 ,  8.41474E-04 , -8.73411E-03 ,  3.61065E-08 ,  1.47679E-07 ,  3.73391E-08 , -1.30689E-09 ,  8.73955E-04 ,  8.40608E-05 , -4.10479E-02 
    1731 ,  2.46414E-01 ,  9.26954E+00 ,  8.61957E-04 , -9.11332E-03 ,  4.58180E-08 ,  1.31356E-07 ,  3.67867E-08 , -1.49083E-09 ,  9.12054E-04 ,  8.60835E-05 , -4.28745E-02 
    1741 ,  2.47969E-01 ,  9.26954E+00 ,  9.10425E-04 , -9.75364E-03 ,  5.60153E-08 ,  1.26171E-07 ,  3.74877E-08 , -1.50897E-09 ,  9.76256E-04 ,  9.09022E-05 , -4.58367E-02 
    1751 ,  2.49527E-01 ,  9.26954E+00 ,  9.81183E-04 , -1.05376E-02 ,  6.48717E-08 ,  1.34198E-07 ,  3.90809E-08 , -1.51919E-09 ,  1.05478E-03 ,  9.79558E-05 , -4.93366E-02 
    1761 ,  2.51087E-01 ,  9.26954E+00 ,  1.06415E-03 , -1.13066E-02 ,  7.03314E-08 ,  1.54442E-07 ,  4.14065E-08 , -1.41309E-09 ,  1.13178E-03 ,  1.06237E-04 , -5.25987E-02 
    1771 ,  2.52649E-01 ,  9.26954E+00 ,  1.14138E-03 , -1.18632E-02 ,  7.06576E-08 ,  1.81611E-07 ,  4.39512E-08 , -1.49199E-09 ,  1.18748E-03 ,  1.13972E-04 , -5.47376E-02 
    1781 ,  2.54213E-01 ,  9.26954E+00 ,  1.18543E-03 , -1.19839E-02 ,  6.46413E-08 ,  2.08377E-07 ,  4.60887E-08 , -1.51903E-09 ,  1.19948E-03 ,  1.18398E-04 , -5.48513E-02 
    1791 ,  2.55778E-01 ,  9.26954E+00 ,  1.17541E-03 , -1.15296E-02 ,  5.28247E-08 ,  2.28592E-07 ,  4.73923E-08 , -1.56235E-09 ,  1.15387E-03 ,  1.17434E-04 , -5.24189E-02 
    1801 ,  2.57343E-01 ,  9.26954E+00 ,  1.09654E-03 , -1.04836E-02 ,  3.69416E-08 ,  2.39903E-07 ,  4.73454E-08 , -1.51695E-09 ,  1.04900E-03 ,  1.09596E-04 , -4.75447E-02 
    1811 ,  2.58905E-01 ,  9.26954E+00 ,  9.51820E-04 , -8.99562E-03 ,  1.95384E-08 ,  2.40360E-07 ,  4.58827E-08 , -1.65043E-09 ,  8.99938E-04 ,  9.51712E-05 , -4.10523E-02 
    1821 ,  2.60465E-01 ,  9.26954E+00 ,  7.90646E-04 , -7.48545E-03 ,  6.43033E-09 ,  2.29638E-07 ,  4.30515E-08 , -1.69727E-09 ,  7.48671E-04 ,  7.90864E-05 , -3.46037E-02 
    1831 ,  2.62023E-01 ,  9.26954E+00 ,  6.38692E-04 , -6.23032E-03 , -7.83260E-10 ,  2.11386E-07 ,  3.92449E-08 , -1.71234E-09 ,  6.23009E-04 ,  6.39056E-05 , -2.94565E-02 
    1841 ,  2.63582E-01 ,  9.26954E+00 ,  5.38513E-04 , -5.54243E-03 ,  7.89622E-10 ,  1.91139E-07 ,  3.52389E-08 , -1.69603E-09 ,  5.54224E-04 ,  5.38788E-05 , -2.67890E-02 
    1851 ,  2.65141E-01 ,  9.26954E+00 ,  5.06541E-04 , -5.45449E-03 ,  9.51582E-09 ,  1.74381E-07 ,  3.19188E-08 , -1.77007E-09 ,  5.45577E-04 ,  5.06587E-05 , -2.65708E-02 
    1861 ,  2.66700E-01 ,  9.26954E+00 ,  5.46728E-04 , -6.04852E-03 ,  2.61248E-08 ,  1.64641E-07 ,  3.01828E-08 , -1.72726E-09 ,  6.05247E-04 ,  5.46266E-05 , -2.92416E-02 
    1871 ,  2.68261E-01 ,  9.26954E+00 ,  6.49988E-04 , -7.05011E-03 ,  4.39759E-08 ,  1.63464E-07 ,  3.04841E-08 , -1.67080E-09 ,  7.05702E-04 ,  6.49088E-05 , -3.33798E-02 
    1881 ,  2.69824E-01 ,  9.26954E+00 ,  7.95374E-04 , -8.33162E-03 ,  6.05142E-08 ,  1.69614E-07 ,  3.26981E-08 , -1.59928E-09 ,  8.34146E-04 ,  7.94073E-05 , -3.85891E-02 
    1891 ,  2.71389E-01 ,  9.26954E+00 ,  9.63214E-04 , -9.68422E-03 ,  7.20022E-08 ,  1.83005E-07 ,  3.64341E-08 , -1.59225E-09 ,  9.69600E-04 ,  9.61626E-05 , -4.39684E-02 
    1901 ,  2.72957E-01 ,  9.26954E+00 ,  1.11640E-03 , -1.08307E-02 ,  7.55452E-08 ,  2.00272E-07 ,  4.08848E-08 , -1.58331E-09 ,  1.08435E-03 ,  1.11486E-04 , -4.84668E-02 
    1911 ,  2.74527E-01 ,  9.26954E+00 ,  1.21205E-03 , -1.14926E-02 ,  7.09553E-08 ,  2.17311E-07 ,  4.50477E-08 , -1.73694E-09 ,  1.15050E-03 ,  1.21070E-04 , -5.10761E-02 
    1921 ,  2.76099E-01 ,  9.26954E+00 ,  1.21113E-03 , -1.13986E-02 ,  5.87818E-08 ,  2.30350E-07 ,  4.79912E-08 , -1.65007E-09 ,  1.14091E-03 ,  1.21004E-04 , -5.07537E-02 
    1931 ,  2.77670E-01 ,  9.26954E+00 ,  1.09303E-03 , -1.04521E-02 ,  4.07805E-08 ,  2.37060E-07 ,  4.90534E-08 , -1.56122E-09 ,  1.04592E-03 ,  1.09237E-04 , -4.72005E-02 
    1941 ,  2.79236E-01 ,  9.26954E+00 ,  8.94761E-04 , -9.02359E-03 ,  2.40150E-08 ,  2.36075E-07 ,  4.79150E-08 , -1.62303E-09 ,  9.02763E-04 ,  8.94494E-05 , -4.19569E-02 
    1951 ,  2.80800E-01 ,  9.26954E+00 ,  6.80956E-04 , -7.58157E-03 ,  1.27593E-08 ,  2.27836E-07 ,  4.48996E-08 , -1.47675E-09 ,  7.58309E-04 ,  6.80788E-05 , -3.67656E-02 
    1961 ,  2.82360E-01 ,  9.26954E+00 ,  5.08961E-04 , -6.57983E-03 ,  1.02090E-08 ,  2.13889E-07 ,  4.06670E-08 , -1.49635E-09 ,  6.58032E-04 ,  5.08683E-05 , -3.34300E-02 
    1971 ,  2.83920E-01 ,  9.26954E+00 ,  4.47443E-04 , -6.19569E-03 ,  1.50981E-08 ,  1.97999E-07 ,  3.63884E-08 , -1.50038E-09 ,  6.19705E-04 ,  4.47027E-05 , -3.19415E-02 
    1981 ,  2.85479E-01 ,  9.26954E+00 ,  4.81968E-04 , -6.39675E-03 ,  2.55126E-08 ,  1.84277E-07 ,  3.30668E-08 , -1.59620E-09 ,  6.40024E-04 ,  4.81294E-05 , -3.23861E-02 
    1991 ,  2.87040E-01 ,  9.26954E+00 ,  5.91437E-04 , -6.94291E-03 ,  3.63742E-08 ,  1.75516E-07 ,  3.13782E-08 , -1.62382E-09 ,  6.94835E-04 ,  5.90548E-05 , -3.37268E-02 
    2001 ,  2.88602E-01 ,  9.26954E+00 ,  7.33569E-04 , -7.57734E-03 ,  4.38192E-08 ,  1.73831E-07 ,  3.15047E-08 , -1.60572E-09 ,  7.58443E-04 ,  7.32734E-05 , -3.51447E-02 
    2011 ,  2.90169E-01 ,  9.26954E+00 ,  8.69915E-04 , -8.17785E-03 ,  4.76479E-08 ,  1.79739E-07 ,  3.31190E-08 , -1.65974E-09 ,  8.18620E-04 ,  8.69137E-05 , -3.65222E-02 
    2021 ,  2.91731E-01 ,  9.26954E+00 ,  9.59382E-04 , -8.60761E-03 ,  4.78651E-08 ,  1.92295E-07 ,  3.55052E-08 , -1.72350E-09 ,  8.61620E-04 ,  9.58688E-05 , -3.76916E-02 
    2031 ,  2.93297E-01 ,  9.26954E+00 ,  9.79529E-04 , -8.80196E-03 ,  4.56005E-08 ,  2.08313E-07 ,  3.81196E-08 , -1.73160E-09 ,  8.81007E-04 ,  9.78905E-05 , -3.86012E-02 
    2041 ,  2.94870E-01 ,  9.26954E+00 ,  9.41471E-04 , -8.78630E-03 ,  4.24910E-08 ,  2.23517E-07 ,  4.02735E-08 , -1.63524E-09 ,  8.79383E-04 ,  9.40776E-05 , -3.91902E-02 
    2051 ,  2.96443E-01 ,  9.26954E+00 ,  8.61650E-04 , -8.58971E-03 ,  3.91180E-08 ,  2.34139E-07 ,  4.15509E-08 , -1.66241E-09 ,  8.59630E-04 ,  8.61009E-05 , -3.93530E-02 
    2061 ,  2.98017E-01 ,  9.26954E+00 ,  7.72134E-04 , -8.30830E-03 ,  3.63910E-08 ,  2.38640E-07 ,  4.17135E-08 , -1.61808E-09 ,  8.31421E-04 ,  7.71544E-05 , -3.91348E-02 
    2071 ,  2.99589E-01 ,  9.26954E+00 ,  6.88728E-04 , -8.00733E-03 ,  3.44337E-08 ,  2.36361E-07 ,  4.09148E-08 , -1.61489E-09 ,  8.01243E-04 ,  6.87957E-05 , -3.86773E-02 
    2081 ,  3.01162E-01 ,  9.26954E+00 ,  6.36053E-04 , -7.74383E-03 ,  3.31583E-08 ,  2.28140E-07 ,  3.94163E-08 , -1.54041E-09 ,  7.74833E-04 ,  6.35251E-05 , -3.79279E-02 
    2091 ,  3.02734E-01 ,  9.26954E+00 ,  6.15374E-04 , -7.54630E-03 ,  3.24784E-08 ,  2.15760E-07 ,  3.75461E-08 , -1.55224E-09 ,  7.55068E-04 ,  6.14556E-05 , -3.70455E-02 
    2101 ,  3.04307E-01 ,  9.26954E+00 ,  6.30476E-04 , -7.42893E-03 ,  3.22388E-08 ,  2.02855E-07 ,  3.57109E-08 , -1.58242E-09 ,  7.43369E-04 ,  6.29760E-05 , -3.60593E-02 
    2111 ,  3.05881E-01 ,  9.26954E+00 ,  6.79803E-04 , -7.39805E-03 ,  3.23916E-08 ,  1.92882E-07 ,  3.42965E-08 , -1.66652E-09 ,  7.40302E-04 ,  6.79175E-05 , -3.50363E-02 
    2121 ,  3.07457E-01 ,  9.26954E+00 ,  7.40841E-04 , -7.42741E-03 ,  3.27390E-08 ,  1.88251E-07 ,  3.35829E-08 , -1.61940E-09 ,  7.43285E-04 ,  7.40323E-05 , -3.41909E-02 
    2131 ,  3.09032E-01 ,  9.26954E+00 ,  8.05643E-04 , -7.50028E-03 ,  3.31784E-08 ,  1.89539E-07 ,  3.36365E-08 , -1.55928E-09 ,  7.50591E-04 ,  8.05208E-05 , -3.35526E-02 
    2141 ,  3.10605E-01 ,  9.26954E+00 ,  8.59999E-04 , -7.59604E-03 ,  3.36931E-08 ,  1.95897E-07 ,  3.44554E-08 , -1.42373E-09 ,  7.60197E-04 ,  8.59625E-05 , -3.32296E-02 
    2151 ,  3.12177E-01 ,  9.26954E+00 ,  8.90038E-04 , -7.69134E-03 ,  3.42932E-08 ,  2.06178E-07 ,  3.58408E-08 , -1.43927E-09 ,  7.69764E-04 ,  8.89730E-05 , -3.33060E-02 
    2161 ,  3.13747E-01 ,  9.26954E+00 ,  8.98958E-04 , -7.75566E-03 ,  3.45545E-08 ,  2.17996E-07 ,  3.75074E-08 , -1.39573E-09 ,  7.76202E-04 ,  8.98682E-05 , -3.35462E-02 
    2171 ,  3.15324E-01 ,  9.26954E+00 ,  8.79840E-04 , -7.77104E-03 ,  3.45418E-08 ,  2.28304E-07 ,  3.92026E-08 , -1.33912E-09 ,  7.77738E-04 ,  8.79532E-05 , -3.39513E-02 
    2181 ,  3.16902E-01 ,  9.26954E+00 ,  8.41624E-04 , -7.72684E-03 ,  3.41251E-08 ,  2.34911E-07 ,  4.06252E-08 , -1.34099E-09 ,  7.73289E-04 ,  8.41256E-05 , -3.43080E-02 
    2191 ,  3.18480E-01 ,  9.26954E+00 ,  7.81725E-04 , -7.61432E-03 ,  3.33067E-08 ,  2.37027E-07 ,  4.15817E-08 , -1.35729E-09 ,  7.62019E-04 ,  7.81285E-05 , -3.46050E-02 
    2201 ,  3.20058E-01 ,  9.26954E+00 ,  7.18100E-04 , -7.46441E-03 ,  3.25057E-08 ,  2.34546E-07 ,  4.18919E-08 , -1.26835E-09 ,  7.46966E-04 ,  7.17570E-05 , -3.47291E-02 
    2211 ,  3.21637E-01 ,  9.26954E+00 ,  6.56880E-04 , -7.30305E-03 ,  3.18899E-08 ,  2.28832E-07 ,  4.15679E-08 , -1.13562E-09 ,  7.30793E-04 ,  6.56239E-05 , -3.47386E-02 
    2221 ,  3.23215E-01 ,  9.26954E+00 ,  6.07104E-04 , -7.16091E-03 ,  3.15944E-08 ,  2.21352E-07 ,  4.06622E-08 , -1.00187E-09 ,  7.16567E-04 ,  6.06394E-05 , -3.46731E-02 
    2231 ,  3.24793E-01 ,  9.26954E+00 ,  5.83532E-04 , -7.05908E-03 ,  3.14703E-08 ,  2.14157E-07 ,  3.93164E-08 , -1.00653E-09 ,  7.06359E-04 ,  5.82768E-05 , -3.44235E-02 
    2241 ,  3.26371E-01 ,  9.26954E+00 ,  5.82791E-04 , -6.98781E-03 ,  3.11946E-08 ,  2.09336E-07 ,  3.77550E-08 , -9.52650E-10 ,  6.99217E-04 ,  5.82018E-05 , -3.39927E-02 
    2251 ,  3.27951E-01 ,  9.26954E+00 ,  6.01385E-04 , -6.92836E-03 ,  3.04984E-08 ,  2.07850E-07 ,  3.61597E-08 , -9.83957E-10 ,  6.93287E-04 ,  6.00682E-05 , -3.33264E-02 
    2261 ,  3.29533E-01 ,  9.26954E+00 ,  6.29947E-04 , -6.84459E-03 ,  2.90201E-08 ,  2.09437E-07 ,  3.47625E-08 , -9.88838E-10 ,  6.84944E-04 ,  6.29370E-05 , -3.23609E-02 
    2271 ,  3.31104E-01 ,  9.26954E+00 ,  6.64627E-04 , -6.75281E-03 ,  2.74686E-08 ,  2.13571E-07 ,  3.36886E-08 , -1.07110E-09 ,  6.75759E-04 ,  6.64237E-05 , -3.12445E-02 
    2281 ,  3.32670E-01 ,  9.26954E+00 ,  6.77502E-04 , -6.70575E-03 ,  2.74756E-08 ,  2.19341E-07 ,  3.30747E-08 , -1.02071E-09 ,  6.71033E-04 ,  6.77029E-05 , -3.07345E-02 
    2291 ,  3.34240E-01 ,  9.26954E+00 ,  6.89906E-04 , -6.77360E-03 ,  2.96561E-08 ,  2.25389E-07 ,  3.30303E-08 , -1.07100E-09 ,  6.77860E-04 ,  6.89456E-05 , -3.08986E-02 
    2301 ,  3.35815E-01 ,  9.26954E+00 ,  7.03045E-04 , -7.00531E-03 ,  3.42975E-08 ,  2.30300E-07 ,  3.35615E-08 , -1.11181E-09 ,  7.01095E-04 ,  7.02455E-05 , -3.20158E-02 
    2311 ,  3.37396E-01 ,  9.26954E+00 ,  7.19472E-04 , -7.36544E-03 ,  3.98668E-08 ,  2.32847E-07 ,  3.46616E-08 , -1.15095E-09 ,  7.37188E-04 ,  7.18705E-05 , -3.38545E-02 
    2321 ,  3.38975E-01 ,  9.26954E+00 ,  7.48331E-04 , -7.86170E-03 ,  4.61402E-08 ,  2.32921E-07 ,  3.61981E-08 , -1.04135E-09 ,  7.86930E-04 ,  7.47335E-05 , -3.63179E-02 
    2331 ,  3.40564E-01 ,  9.26954E+00 ,  7.78816E-04 , -8.33415E-03 ,  5.00999E-08 ,  2.30712E-07 ,  3.79205E-08 , -1.11604E-09 ,  8.34219E-04 ,  7.77716E-05 , -3.86528E-02 
    2341 ,  3.42152E-01 ,  9.26954E+00 ,  8.08392E-04 , -8.64497E-03 ,  5.01126E-08 ,  2.27071E-07 ,  3.94544E-08 , -1.14817E-09 ,  8.65316E-04 ,  8.07273E-05 , -4.00794E-02 
    2351 ,  3.43740E-01 ,  9.26954E+00 ,  8.18274E-04 , -8.67857E-03 ,  4.59986E-08 ,  2.23080E-07 ,  4.04536E-08 , -1.16032E-09 ,  8.68600E-04 ,  8.17262E-05 , -4.01987E-02 
    2361 ,  3.45322E-01 ,  9.26954E+00 ,  7.95939E-04 , -8.34738E-03 ,  3.79247E-08 ,  2.19381E-07 ,  4.06079E-08 , -1.07012E-09 ,  8.35359E-04 ,  7.95180E-05 , -3.86718E-02 
    2371 ,  3.46905E-01 ,  9.26954E+00 ,  7.49154E-04 , -7.73088E-03 ,  2.83152E-08 ,  2.17215E-07 ,  3.98282E-08 , -9.85851E-10 ,  7.73549E-04 ,  7.48604E-05 , -3.58138E-02 
    2381 ,  3.48488E-01 ,  9.26954E+00 ,  6.84662E-04 , -6.97984E-03 ,  1.97096E-08 ,  2.16868E-07 ,  3.82100E-08 , -1.00685E-09 ,  6.98316E-04 ,  6.84334E-05 , -3.23949E-02 
    2391 ,  3.50059E-01 ,  9.26954E+00 ,  6.23109E-04 , -6.30519E-03 ,  1.44153E-08 ,  2.17940E-07 ,  3.61333E-08 , -1.08153E-09 ,  6.30726E-04 ,  6.22984E-05 , -2.93325E-02 
    2401 ,  3.51641E-01 ,  9.26954E+00 ,  5.83157E-04 , -5.88858E-03 ,  1.39748E-08 ,  2.20388E-07 ,  3.41041E-08 , -1.16798E-09 ,  5.89068E-04 ,  5.83076E-05 , -2.74131E-02 
    2411 ,  3.53221E-01 ,  9.26954E+00 ,  5.79652E-04 , -5.83048E-03 ,  1.85219E-08 ,  2.23816E-07 ,  3.26204E-08 , -1.08689E-09 ,  5.83343E-04 ,  5.79424E-05 , -2.70127E-02 
    2421 ,  3.54794E-01 ,  9.26954E+00 ,  6.12170E-04 , -6.16131E-03 ,  2.75209E-08 ,  2.27854E-07 ,  3.21375E-08 , -1.09138E-09 ,  6.16585E-04 ,  6.11701E-05 , -2.83408E-02 
    2431 ,  3.56371E-01 ,  9.26954E+00 ,  6.82897E-04 , -6.81920E-03 ,  3.87184E-08 ,  2.31847E-07 ,  3.29845E-08 , -1.09443E-09 ,  6.82565E-04 ,  6.82156E-05 , -3.10228E-02 
    2441 ,  3.57961E-01 ,  9.26954E+00 ,  7.81531E-04 , -7.71803E-03 ,  5.03163E-08 ,  2.34775E-07 ,  3.51050E-08 , -1.09600E-09 ,  7.72662E-04 ,  7.80569E-05 , -3.47301E-02 
    2451 ,  3.59556E-01 ,  9.26954E+00 ,  8.88844E-04 , -8.68018E-03 ,  5.89943E-08 ,  2.35972E-07 ,  3.82659E-08 , -9.52365E-10 ,  8.69043E-04 ,  8.87665E-05 , -3.87433E-02 
    2461 ,  3.61154E-01 ,  9.26954E+00 ,  9.86113E-04 , -9.55466E-03 ,  6.34668E-08 ,  2.35301E-07 ,  4.19318E-08 , -9.85441E-10 ,  9.56564E-04 ,  9.84810E-05 , -4.24625E-02 
    2471 ,  3.62749E-01 ,  9.26954E+00 ,  1.05076E-03 , -1.01666E-02 ,  6.30333E-08 ,  2.32630E-07 ,  4.54415E-08 , -8.49659E-10 ,  1.01773E-03 ,  1.04944E-04 , -4.51942E-02 
    2481 ,  3.64344E-01 ,  9.26954E+00 ,  1.05668E-03 , -1.03088E-02 ,  5.69497E-08 ,  2.28239E-07 ,  4.81321E-08 , -8.38181E-10 ,  1.03187E-03 ,  1.05555E-04 , -4.61027E-02 
    2491 ,  3.65935E-01 ,  9.26954E+00 ,  9.92746E-04 , -9.87621E-03 ,  4.59749E-08 ,  2.22978E-07 ,  4.94220E-08 , -7.21499E-10 ,  9.88418E-04 ,  9.91808E-05 , -4.47070E-02 
    2501 ,  3.67522E-01 ,  9.26954E+00 ,  8.66401E-04 , -8.93012E-03 ,  3.23246E-08 ,  2.18038E-07 ,  4.90214E-08 , -8.25760E-10 ,  8.93546E-04 ,  8.65752E-05 , -4.12151E-02 
    2511 ,  3.69106E-01 ,  9.26954E+00 ,  7.09703E-04 , -7.69357E-03 ,  1.89600E-08 ,  2.15004E-07 ,  4.69558E-08 , -9.02842E-10 ,  7.69641E-04 ,  7.09349E-05 , -3.64146E-02 
    2521 ,  3.70687E-01 ,  9.26954E+00 ,  5.59933E-04 , -6.45272E-03 ,  8.52264E-09 ,  2.14599E-07 ,  4.35556E-08 , -8.39548E-10 ,  6.45357E-04 ,  5.59731E-05 , -3.14052E-02 
    2531 ,  3.72269E-01 ,  9.26954E+00 ,  4.60047E-04 , -5.54834E-03 ,  4.41805E-09 ,  2.17228E-07 ,  3.94944E-08 , -7.73999E-10 ,  5.54862E-04 ,  4.59983E-05 , -2.75218E-02 
    2541 ,  3.73849E-01 ,  9.26954E+00 ,  4.30741E-04 , -5.13835E-03 ,  6.96698E-09 ,  2.23033E-07 ,  3.56596E-08 , -8.22945E-10 ,  5.13900E-04 ,  4.30606E-05 , -2.53985E-02 
    2551 ,  3.75429E-01 ,  9.26954E+00 ,  4.71955E-04 , -5.28829E-03 ,  1.60674E-08 ,  2.30911E-07 ,  3.29988E-08 , -7.94880E-10 ,  5.29049E-04 ,  4.71653E-05 , -2.54521E-02 
    2561 ,  3.77014E-01 ,  9.26954E+00 ,  5.57662E-04 , -5.82855E-03 ,  2.78029E-08 ,  2.39234E-07 ,  3.20575E-08 , -9.61783E-10 ,  5.83309E-04 ,  5.57157E-05 , -2.71410E-02 
    2571 ,  3.78597E-01 ,  9.26954E+00 ,  6.75323E-04 , -6.68691E-03 ,  4.08731E-08 ,  2.46083E-07 ,  3.30115E-08 , -8.87347E-10 ,  6.69387E-04 ,  6.74579E-05 , -3.02523E-02 
    2581 ,  3.80182E-01 ,  9.26954E+00 ,  7.85688E-04 , -7.60719E-03 ,  5.07251E-08 ,  2.49903E-07 ,  3.55256E-08 , -8.30004E-10 ,  7.61607E-04 ,  7.84716E-05 , -3.39337E-02 
    2591 ,  3.81776E-01 ,  9.26954E+00 ,  8.68646E-04 , -8.45894E-03 ,  5.64548E-08 ,  2.50506E-07 ,  3.88516E-08 , -7.44878E-10 ,  8.46862E-04 ,  8.67492E-05 , -3.77256E-02 
    2601 ,  3.83370E-01 ,  9.26954E+00 ,  9.09417E-04 , -9.03332E-03 ,  5.65010E-08 ,  2.48006E-07 ,  4.20874E-08 , -7.01856E-10 ,  9.04293E-04 ,  9.08223E-05 , -4.06080E-02 
    2611 ,  3.84963E-01 ,  9.26954E+00 ,  8.87221E-04 , -9.14494E-03 ,  5.06158E-08 ,  2.42694E-07 ,  4.43727E-08 , -6.63851E-10 ,  9.15336E-04 ,  8.86102E-05 , -4.17828E-02 
    2621 ,  3.86557E-01 ,  9.26954E+00 ,  8.16586E-04 , -8.77949E-03 ,  4.10909E-08 ,  2.35551E-07 ,  4.51001E-08 , -5.84304E-10 ,  8.78624E-04 ,  8.15675E-05 , -4.08763E-02 
    2631 ,  3.88148E-01 ,  9.26954E+00 ,  7.09892E-04 , -7.99846E-03 ,  2.96549E-08 ,  2.28230E-07 ,  4.41401E-08 , -6.83492E-10 ,  8.00292E-04 ,  7.09181E-05 , -3.80275E-02 
    2641 ,  3.89741E-01 ,  9.26954E+00 ,  5.97209E-04 , -7.05943E-03 ,  1.96197E-08 ,  2.22276E-07 ,  4.17618E-08 , -7.16659E-10 ,  7.06216E-04 ,  5.96718E-05 , -3.42675E-02 
    2651 ,  3.91334E-01 ,  9.26954E+00 ,  5.19122E-04 , -6.25050E-03 ,  1.36749E-08 ,  2.19590E-07 ,  3.85794E-08 , -8.11242E-10 ,  6.25210E-04 ,  5.18799E-05 , -3.06557E-02 
    2661 ,  3.92929E-01 ,  9.26954E+00 ,  4.96341E-04 , -5.75807E-03 ,  1.26910E-08 ,  2.20437E-07 ,  3.53915E-08 , -7.51812E-10 ,  5.75945E-04 ,  4.96077E-05 , -2.79889E-02 
    2671 ,  3.94523E-01 ,  9.26954E+00 ,  5.23664E-04 , -5.62486E-03 ,  1.59355E-08 ,  2.24189E-07 ,  3.29398E-08 , -7.23537E-10 ,  5.62699E-04 ,  5.23347E-05 , -2.66356E-02 
    2681 ,  3.96111E-01 ,  9.26954E+00 ,  5.82038E-04 , -5.76616E-03 ,  2.12192E-08 ,  2.30572E-07 ,  3.17070E-08 , -7.64873E-10 ,  5.76981E-04 ,  5.81750E-05 , -2.64307E-02 
    2691 ,  3.97696E-01 ,  9.26954E+00 ,  6.55191E-04 , -6.07900E-03 ,  2.69435E-08 ,  2.38726E-07 ,  3.17505E-08 , -7.77622E-10 ,  6.08388E-04 ,  6.54869E-05 , -2.70379E-02 
    2701 ,  3.99282E-01 ,  9.26954E+00 ,  7.19354E-04 , -6.41170E-03 ,  3.09027E-08 ,  2.47044E-07 ,  3.28744E-08 , -7.27129E-10 ,  6.41738E-04 ,  7.19009E-05 , -2.79525E-02 
    2711 ,  4.00864E-01 ,  9.26954E+00 ,  7.64839E-04 , -6.70879E-03 ,  3.31959E-08 ,  2.54044E-07 ,  3.46642E-08 , -7.09185E-10 ,  6.71501E-04 ,  7.64472E-05 , -2.89885E-02 
    2721 ,  4.02448E-01 ,  9.26954E+00 ,  7.79342E-04 , -6.88346E-03 ,  3.32905E-08 ,  2.58539E-07 ,  3.66825E-08 , -6.50209E-10 ,  6.88963E-04 ,  7.79003E-05 , -2.98209E-02 
    2731 ,  4.04034E-01 ,  9.26954E+00 ,  7.69716E-04 , -6.91611E-03 ,  3.16938E-08 ,  2.60037E-07 ,  3.84918E-08 , -5.69786E-10 ,  6.92175E-04 ,  7.69316E-05 , -3.02040E-02 
    2741 ,  4.05624E-01 ,  9.26954E+00 ,  7.36390E-04 , -6.82030E-03 ,  2.92798E-08 ,  2.58873E-07 ,  3.98137E-08 , -6.02832E-10 ,  6.82558E-04 ,  7.35998E-05 , -3.01990E-02 
    2751 ,  4.07212E-01 ,  9.26954E+00 ,  6.83245E-04 , -6.62560E-03 ,  2.66583E-08 ,  2.54931E-07 ,  4.05141E-08 , -7.99815E-10 ,  6.63044E-04 ,  6.82966E-05 , -2.99131E-02 
    2761 ,  4.08806E-01 ,  9.26954E+00 ,  6.36927E-04 , -6.42866E-03 ,  2.50184E-08 ,  2.48755E-07 ,  4.06143E-08 , -7.81395E-10 ,  6.43287E-04 ,  6.36596E-05 , -2.94822E-02 
    2771 ,  4.10401E-01 ,  9.26954E+00 ,  5.99560E-04 , -6.27981E-03 ,  2.46144E-08 ,  2.41496E-07 ,  4.02330E-08 , -7.96425E-10 ,  6.28387E-04 ,  5.99116E-05 , -2.91786E-02 
    2781 ,  4.11998E-01 ,  9.26954E+00 ,  5.75529E-04 , -6.22997E-03 ,  2.57607E-08 ,  2.34857E-07 ,  3.95787E-08 , -7.60909E-10 ,  6.23415E-04 ,  5.75011E-05 , -2.92406E-02 
    2791 ,  4.13594E-01 ,  9.26954E+00 ,  5.70715E-04 , -6.29033E-03 ,  2.80273E-08 ,  2.30149E-07 ,  3.89039E-08 , -8.21576E-10 ,  6.29477E-04 ,  5.70124E-05 , -2.96480E-02 
    2801 ,  4.15181E-01 ,  9.26954E+00 ,  5.80358E-04 , -6.45754E-03 ,  3.11438E-08 ,  2.28079E-07 ,  3.83503E-08 , -7.98323E-10 ,  6.46240E-04 ,  5.79683E-05 , -3.04646E-02 
    2811 ,  4.16765E-01 ,  9.26954E+00 ,  6.02744E-04 , -6.68524E-03 ,  3.41555E-08 ,  2.28516E-07 ,  3.80216E-08 , -6.88224E-10 ,  6.69051E-04 ,  6.01999E-05 , -3.14478E-02 
    2821 ,  4.18342E-01 ,  9.26954E+00 ,  6.35631E-04 , -6.94881E-03 ,  3.68102E-08 ,  2.31958E-07 ,  3.79628E-08 , -6.81507E-10 ,  6.95466E-04 ,  6.34765E-05 , -3.24858E-02 
    2831 ,  4.19911E-01 ,  9.26954E+00 ,  6.66691E-04 , -7.20090E-03 ,  3.86941E-08 ,  2.38123E-07 ,  3.81818E-08 , -7.50012E-10 ,  7.20693E-04 ,  6.65824E-05 , -3.34964E-02 
    2841 ,  4.21480E-01 ,  9.26954E+00 ,  6.96841E-04 , -7.40312E-03 ,  3.94099E-08 ,  2.45612E-07 ,  3.86384E-08 , -8.14559E-10 ,  7.40939E-04 ,  6.95989E-05 , -3.42322E-02 
    2851 ,  4.23038E-01 ,  9.26954E+00 ,  7.18318E-04 , -7.52142E-03 ,  3.88798E-08 ,  2.52725E-07 ,  3.92354E-08 , -8.81002E-10 ,  7.52726E-04 ,  7.17537E-05 , -3.46130E-02 
    2861 ,  4.24612E-01 ,  9.26954E+00 ,  7.31137E-04 , -7.58344E-03 ,  3.80722E-08 ,  2.58260E-07 ,  3.98444E-08 , -9.08908E-10 ,  7.58956E-04 ,  7.30383E-05 , -3.47920E-02 
    2871 ,  4.26198E-01 ,  9.26954E+00 ,  7.30735E-04 , -7.53230E-03 ,  3.60100E-08 ,  2.61108E-07 ,  4.04189E-08 , -8.53196E-10 ,  7.53816E-04 ,  7.30017E-05 , -3.45124E-02 
    2881 ,  4.27793E-01 ,  9.26954E+00 ,  7.22170E-04 , -7.40051E-03 ,  3.34751E-08 ,  2.60410E-07 ,  4.07817E-08 , -8.76221E-10 ,  7.40603E-04 ,  7.21533E-05 , -3.38781E-02 
    2891 ,  4.29398E-01 ,  9.26954E+00 ,  6.96985E-04 , -7.17614E-03 ,  3.03414E-08 ,  2.56222E-07 ,  4.08447E-08 , -9.03955E-10 ,  7.18116E-04 ,  6.96393E-05 , -3.29597E-02 
    2901 ,  4.31003E-01 ,  9.26954E+00 ,  6.66051E-04 , -6.89006E-03 ,  2.70066E-08 ,  2.49272E-07 ,  4.05417E-08 , -9.00167E-10 ,  6.89446E-04 ,  6.65577E-05 , -3.17607E-02 
    2911 ,  4.32609E-01 ,  9.26954E+00 ,  6.28120E-04 , -6.55951E-03 ,  2.36765E-08 ,  2.41674E-07 ,  3.98523E-08 , -8.41907E-10 ,  6.56340E-04 ,  6.27750E-05 , -3.04043E-02 
    2921 ,  4.34212E-01 ,  9.26954E+00 ,  5.86539E-04 , -6.20439E-03 ,  2.04885E-08 ,  2.35332E-07 ,  3.87792E-08 , -8.10088E-10 ,  6.20762E-04 ,  5.86202E-05 , -2.89543E-02 
    2931 ,  4.35814E-01 ,  9.26954E+00 ,  5.50836E-04 , -5.86181E-03 ,  1.78305E-08 ,  2.31959E-07 ,  3.73629E-08 , -7.77617E-10 ,  5.86451E-04 ,  5.50577E-05 , -2.74738E-02 
    2941 ,  4.37409E-01 ,  9.26954E+00 ,  5.23622E-04 , -5.57417E-03 ,  1.62014E-08 ,  2.32707E-07 ,  3.58116E-08 , -7.61528E-10 ,  5.57663E-04 ,  5.23440E-05 , -2.61715E-02 
    2951 ,  4.38993E-01 ,  9.26954E+00 ,  5.09225E-04 , -5.37355E-03 ,  1.58417E-08 ,  2.37690E-07 ,  3.43316E-08 , -7.68200E-10 ,  5.37604E-04 ,  5.09052E-05 , -2.51692E-02 
    2961 ,  4.40570E-01 ,  9.26954E+00 ,  5.12108E-04 , -5.28573E-03 ,  1.68651E-08 ,  2.45856E-07 ,  3.31200E-08 , -7.30766E-10 ,  5.28849E-04 ,  5.11949E-05 , -2.45501E-02 
    2971 ,  4.42145E-01 ,  9.26954E+00 ,  5.28576E-04 , -5.32969E-03 ,  1.94097E-08 ,  2.55725E-07 ,  3.23822E-08 , -6.94661E-10 ,  5.33276E-04 ,  5.28335E-05 , -2.44917E-02 
    2981 ,  4.43722E-01 ,  9.26954E+00 ,  5.59097E-04 , -5.50258E-03 ,  2.31432E-08 ,  2.65018E-07 ,  3.22709E-08 , -7.94303E-10 ,  5.50652E-04 ,  5.58850E-05 , -2.49752E-02 
    2991 ,  4.45305E-01 ,  9.26954E+00 ,  6.07577E-04 , -5.81675E-03 ,  2.81393E-08 ,  2.71654E-07 ,  3.28316E-08 , -7.94762E-10 ,  5.82173E-04 ,  6.07196E-05 , -2.60119E-02 
    3001 ,  4.46895E-01 ,  9.26954E+00 ,  6.47965E-04 , -6.15383E-03 ,  3.21484E-08 ,  2.74098E-07 ,  3.41114E-08 , -7.71005E-10 ,  6.15945E-04 ,  6.47540E-05 , -2.73436E-02 
    3011 ,  4.48494E-01 ,  9.26954E+00 ,  6.92270E-04 , -6.54422E-03 ,  3.59759E-08 ,  2.72249E-07 ,  3.58799E-08 , -7.83584E-10 ,  6.55028E-04 ,  6.91722E-05 , -2.89453E-02 
    3021 ,  4.50093E-01 ,  9.26954E+00 ,  7.24196E-04 , -6.88828E-03 ,  3.82330E-08 ,  2.66829E-07 ,  3.78855E-08 , -7.28671E-10 ,  6.89471E-04 ,  7.23531E-05 , -3.04965E-02 
    3031 ,  4.51696E-01 ,  9.26954E+00 ,  7.39813E-04 , -7.14015E-03 ,  3.87798E-08 ,  2.58641E-07 ,  3.98010E-08 , -9.07106E-10 ,  7.14653E-04 ,  7.39163E-05 , -3.17821E-02 
    3041 ,  4.53295E-01 ,  9.26954E+00 ,  7.41605E-04 , -7.27727E-03 ,  3.78790E-08 ,  2.49721E-07 ,  4.13476E-08 , -8.86068E-10 ,  7.28374E-04 ,  7.40971E-05 , -3.26165E-02 
    3051 ,  4.54889E-01 ,  9.26954E+00 ,  7.23428E-04 , -7.25742E-03 ,  3.54052E-08 ,  2.42298E-07 ,  4.23403E-08 , -9.13349E-10 ,  7.26323E-04 ,  7.22783E-05 , -3.28427E-02 
    3061 ,  4.56477E-01 ,  9.26954E+00 ,  6.91125E-04 , -7.11730E-03 ,  3.22968E-08 ,  2.37904E-07 ,  4.27267E-08 , -8.48936E-10 ,  7.12260E-04 ,  6.90570E-05 , -3.25725E-02 
    3071 ,  4.58053E-01 ,  9.26954E+00 ,  6.54722E-04 , -6.87343E-03 ,  2.86511E-08 ,  2.37484E-07 ,  4.25023E-08 , -8.90811E-10 ,  6.87799E-04 ,  6.54191E-05 , -3.17376E-02 
    3081 ,  4.59624E-01 ,  9.26954E+00 ,  6.19781E-04 , -6.60985E-03 ,  2.58953E-08 ,  2.40516E-07 ,  4.17701E-08 , -9.14381E-10 ,  6.61372E-04 ,  6.19320E-05 , -3.07393E-02 
    3091 ,  4.61200E-01 ,  9.26954E+00 ,  5.94833E-04 , -6.36898E-03 ,  2.40835E-08 ,  2.45676E-07 ,  4.07632E-08 , -8.02201E-10 ,  6.37253E-04 ,  5.94378E-05 , -2.96958E-02 
    3101 ,  4.62776E-01 ,  9.26954E+00 ,  5.83073E-04 , -6.21196E-03 ,  2.37785E-08 ,  2.52212E-07 ,  3.97771E-08 , -7.26145E-10 ,  6.21558E-04 ,  5.82660E-05 , -2.89221E-02 
    3111 ,  4.64350E-01 ,  9.26954E+00 ,  5.88082E-04 , -6.18299E-03 ,  2.52199E-08 ,  2.58658E-07 ,  3.90088E-08 , -9.10608E-10 ,  6.18670E-04 ,  5.87643E-05 , -2.86288E-02 
    3121 ,  4.65933E-01 ,  9.26954E+00 ,  6.07162E-04 , -6.30711E-03 ,  2.84678E-08 ,  2.63775E-07 ,  3.87206E-08 , -1.02156E-09 ,  6.31145E-04 ,  6.06713E-05 , -2.90151E-02 
    3131 ,  4.67521E-01 ,  9.26954E+00 ,  6.32497E-04 , -6.55245E-03 ,  3.26245E-08 ,  2.66606E-07 ,  3.89577E-08 , -9.77308E-10 ,  6.55767E-04 ,  6.31959E-05 , -3.00312E-02 
    3141 ,  4.69113E-01 ,  9.26954E+00 ,  6.64079E-04 , -6.89908E-03 ,  3.71903E-08 ,  2.66996E-07 ,  3.97037E-08 , -9.04301E-10 ,  6.90507E-04 ,  6.63418E-05 , -3.15636E-02 
    3151 ,  4.70714E-01 ,  9.26954E+00 ,  6.93479E-04 , -7.28132E-03 ,  4.10843E-08 ,  2.65215E-07 ,  4.08406E-08 , -9.14109E-10 ,  7.28787E-04 ,  6.92640E-05 , -3.33658E-02 
    3161 ,  4.72310E-01 ,  9.26954E+00 ,  7.12527E-04 , -7.62180E-03 ,  4.33801E-08 ,  2.61545E-07 ,  4.20759E-08 , -8.80090E-10 ,  7.62889E-04 ,  7.11606E-05 , -3.51121E-02 
    3171 ,  4.73906E-01 ,  9.26954E+00 ,  7.18108E-04 , -7.83344E-03 ,  4.33067E-08 ,  2.56919E-07 ,  4.30952E-08 , -8.17791E-10 ,  7.84035E-04 ,  7.17159E-05 , -3.63297E-02 
    3181 ,  4.75497E-01 ,  9.26954E+00 ,  7.02541E-04 , -7.83372E-03 ,  4.04408E-08 ,  2.52143E-07 ,  4.35829E-08 , -8.08001E-10 ,  7.84014E-04 ,  7.01690E-05 , -3.66435E-02 
    3191 ,  4.77088E-01 ,  9.26954E+00 ,  6.73015E-04 , -7.60431E-03 ,  3.52504E-08 ,  2.48266E-07 ,  4.33269E-08 , -7.27901E-10 ,  7.60975E-04 ,  6.72225E-05 , -3.58121E-02 
    3201 ,  4.78679E-01 ,  9.26954E+00 ,  6.36098E-04 , -7.21629E-03 ,  2.94059E-08 ,  2.45905E-07 ,  4.23686E-08 , -7.63951E-10 ,  7.22063E-04 ,  6.35437E-05 , -3.41351E-02 
    3211 ,  4.80265E-01 ,  9.26954E+00 ,  6.01159E-04 , -6.74562E-03 ,  2.38270E-08 ,  2.45466E-07 ,  4.08516E-08 , -7.47832E-10 ,  6.74905E-04 ,  6.00673E-05 , -3.19089E-02 
    3221 ,  4.81853E-01 ,  9.26954E+00 ,  5.86433E-04 , -6.33052E-03 ,  2.01553E-08 ,  2.46829E-07 ,  3.91119E-08 , -7.54823E-10 ,  6.33339E-04 ,  5.86090E-05 , -2.96550E-02 
    3231 ,  4.83440E-01 ,  9.26954E+00 ,  5.90081E-04 , -6.10003E-03 ,  1.98253E-08 ,  2.50083E-07 ,  3.76002E-08 , -5.93743E-10 ,  6.10314E-04 ,  5.89820E-05 , -2.81758E-02 
    3241 ,  4.85023E-01 ,  9.26954E+00 ,  6.16452E-04 , -6.08443E-03 ,  2.22380E-08 ,  2.54372E-07 ,  3.66756E-08 , -6.67912E-10 ,  6.08827E-04 ,  6.16211E-05 , -2.75979E-02 
    3251 ,  4.86614E-01 ,  9.26954E+00 ,  6.59148E-04 , -6.27028E-03 ,  2.66557E-08 ,  2.59245E-07 ,  3.66050E-08 , -6.33931E-10 ,  6.27483E-04 ,  6.58838E-05 , -2.79581E-02 
    3261 ,  4.88203E-01 ,  9.26954E+00 ,  7.07222E-04 , -6.59118E-03 ,  3.17150E-08 ,  2.63772E-07 ,  3.74202E-08 , -6.34137E-10 ,  6.59683E-04 ,  7.06823E-05 , -2.90517E-02 
    3271 ,  4.89786E-01 ,  9.26954E+00 ,  7.48393E-04 , -6.92953E-03 ,  3.54157E-08 ,  2.67597E-07 ,  3.89500E-08 , -7.28346E-10 ,  6.93581E-04 ,  7.47863E-05 , -3.03912E-02 
    3281 ,  4.91373E-01 ,  9.26954E+00 ,  7.71806E-04 , -7.20724E-03 ,  3.71943E-08 ,  2.70075E-07 ,  4.08659E-08 , -6.85893E-10 ,  7.21355E-04 ,  7.71214E-05 , -3.16842E-02 
    3291 ,  4.92964E-01 ,  9.26954E+00 ,  7.67790E-04 , -7.30303E-03 ,  3.58637E-08 ,  2.70922E-07 ,  4.26724E-08 , -6.72458E-10 ,  7.30940E-04 ,  7.67248E-05 , -3.23623E-02 
    3301 ,  4.94554E-01 ,  9.26954E+00 ,  7.39188E-04 , -7.16740E-03 ,  3.17259E-08 ,  2.69988E-07 ,  4.39225E-08 , -5.63334E-10 ,  7.17311E-04 ,  7.38752E-05 , -3.20681E-02 
    3311 ,  4.96145E-01 ,  9.26954E+00 ,  6.91623E-04 , -6.85289E-03 ,  2.65913E-08 ,  2.67266E-07 ,  4.43720E-08 , -5.63903E-10 ,  6.85741E-04 ,  6.91268E-05 , -3.10013E-02 
    3321 ,  4.97736E-01 ,  9.26954E+00 ,  6.37175E-04 , -6.41789E-03 ,  2.12229E-08 ,  2.63474E-07 ,  4.39824E-08 , -6.51758E-10 ,  6.42158E-04 ,  6.36923E-05 , -2.93088E-02 
    3331 ,  4.99325E-01 ,  9.26954E+00 ,  5.86402E-04 , -6.00615E-03 ,  1.76658E-08 ,  2.59660E-07 ,  4.29557E-08 , -5.82653E-10 ,  6.00907E-04 ,  5.86255E-05 , -2.76679E-02 
    3341 ,  5.00913E-01 ,  9.26954E+00 ,  5.53484E-04 , -5.72819E-03 ,  1.67939E-08 ,  2.56669E-07 ,  4.16141E-08 , -4.92053E-10 ,  5.73103E-04 ,  5.53363E-05 , -2.65102E-02 
    3351 ,  5.02498E-01 ,  9.26954E+00 ,  5.45763E-04 , -5.63831E-03 ,  1.85618E-08 ,  2.54853E-07 ,  4.03643E-08 , -5.26431E-10 ,  5.64120E-04 ,  5.45604E-05 , -2.60506E-02 
    3361 ,  5.04085E-01 ,  9.26954E+00 ,  5.60074E-04 , -5.77691E-03 ,  2.32173E-08 ,  2.55203E-07 ,  3.94953E-08 , -5.28384E-10 ,  5.78093E-04 ,  5.59739E-05 , -2.65866E-02 
    3371 ,  5.05665E-01 ,  9.26954E+00 ,  5.84748E-04 , -6.02239E-03 ,  2.77899E-08 ,  2.57980E-07 ,  3.92458E-08 , -4.93373E-10 ,  6.02686E-04 ,  5.84302E-05 , -2.76137E-02 
    3381 ,  5.07244E-01 ,  9.26954E+00 ,  6.17617E-04 , -6.35748E-03 ,  3.23517E-08 ,  2.62791E-07 ,  3.95493E-08 , -4.40450E-10 ,  6.36294E-04 ,  6.17068E-05 , -2.90581E-02 
    3391 ,  5.08823E-01 ,  9.26954E+00 ,  6.44596E-04 , -6.67553E-03 ,  3.54292E-08 ,  2.68479E-07 ,  4.02853E-08 , -4.13639E-10 ,  6.68123E-04 ,  6.44001E-05 , -3.05198E-02 
    3401 ,  5.10394E-01 ,  9.26954E+00 ,  6.60496E-04 , -6.89182E-03 ,  3.62029E-08 ,  2.73904E-07 ,  4.11696E-08 , -4.46415E-10 ,  6.89765E-04 ,  6.59794E-05 , -3.15752E-02 
    3411 ,  5.11972E-01 ,  9.26954E+00 ,  6.59307E-04 , -6.95401E-03 ,  3.47062E-08 ,  2.77835E-07 ,  4.18919E-08 , -3.29965E-10 ,  6.95945E-04 ,  6.58599E-05 , -3.19999E-02 
    3421 ,  5.13553E-01 ,  9.26954E+00 ,  6.43358E-04 , -6.83571E-03 ,  3.11568E-08 ,  2.79648E-07 ,  4.22720E-08 , -2.72804E-10 ,  6.84087E-04 ,  6.42750E-05 , -3.15885E-02 
    3431 ,  5.15135E-01 ,  9.26954E+00 ,  6.13596E-04 , -6.54349E-03 ,  2.61421E-08 ,  2.78964E-07 ,  4.21394E-08 , -2.60113E-10 ,  6.54759E-04 ,  6.13109E-05 , -3.03572E-02 
    3441 ,  5.16724E-01 ,  9.26954E+00 ,  5.73472E-04 , -6.13401E-03 ,  2.07951E-08 ,  2.75918E-07 ,  4.14465E-08 , -2.61178E-10 ,  6.13696E-04 ,  5.73083E-05 , -2.85792E-02 
    3451 ,  5.18316E-01 ,  9.26954E+00 ,  5.34352E-04 , -5.69662E-03 ,  1.62342E-08 ,  2.71283E-07 ,  4.02728E-08 , -1.79094E-10 ,  5.69914E-04 ,  5.34067E-05 , -2.65983E-02 
    3461 ,  5.19907E-01 ,  9.26954E+00 ,  5.01903E-04 , -5.33898E-03 ,  1.38077E-08 ,  2.66554E-07 ,  3.87965E-08 , -1.78713E-10 ,  5.34092E-04 ,  5.01654E-05 , -2.49629E-02 
    3471 ,  5.21500E-01 ,  9.26954E+00 ,  4.81815E-04 , -5.12796E-03 ,  1.38878E-08 ,  2.63095E-07 ,  3.72989E-08 , -2.17076E-10 ,  5.12986E-04 ,  4.81611E-05 , -2.39852E-02 
    3481 ,  5.23088E-01 ,  9.26954E+00 ,  4.78755E-04 , -5.09830E-03 ,  1.63581E-08 ,  2.61706E-07 ,  3.60277E-08 , -9.34451E-11 ,  5.10073E-04 ,  4.78411E-05 , -2.38047E-02 
    3491 ,  5.24677E-01 ,  9.26954E+00 ,  4.91885E-04 , -5.26690E-03 ,  2.11329E-08 ,  2.62761E-07 ,  3.51870E-08 , -1.68191E-10 ,  5.27015E-04 ,  4.91481E-05 , -2.45408E-02 
    3501 ,  5.26263E-01 ,  9.26954E+00 ,  5.21491E-04 , -5.58723E-03 ,  2.68571E-08 ,  2.66055E-07 ,  3.49158E-08 , -2.47006E-10 ,  5.59147E-04 ,  5.20972E-05 , -2.59252E-02 
    3511 ,  5.27844E-01 ,  9.26954E+00 ,  5.66860E-04 , -6.03671E-03 ,  3.31025E-08 ,  2.70944E-07 ,  3.53437E-08 , -3.04329E-10 ,  6.04196E-04 ,  5.66185E-05 , -2.78365E-02 
    3521 ,  5.29423E-01 ,  9.26954E+00 ,  6.23999E-04 , -6.52994E-03 ,  3.82441E-08 ,  2.76076E-07 ,  3.64357E-08 , -3.26189E-10 ,  6.53620E-04 ,  6.23235E-05 , -2.98414E-02 
    3531 ,  5.31003E-01 ,  9.26954E+00 ,  6.79863E-04 , -6.97378E-03 ,  4.12304E-08 ,  2.80043E-07 ,  3.79824E-08 , -4.27446E-10 ,  6.98057E-04 ,  6.79037E-05 , -3.15993E-02 
    3541 ,  5.32583E-01 ,  9.26954E+00 ,  7.28465E-04 , -7.30880E-03 ,  4.18458E-08 ,  2.81877E-07 ,  3.97338E-08 , -4.69661E-10 ,  7.31577E-04 ,  7.27666E-05 , -3.28466E-02 
    3551 ,  5.34166E-01 ,  9.26954E+00 ,  7.62683E-04 , -7.48306E-03 ,  4.01258E-08 ,  2.81243E-07 ,  4.14834E-08 , -4.31621E-10 ,  7.48995E-04 ,  7.61901E-05 , -3.33813E-02 
    3561 ,  5.35757E-01 ,  9.26954E+00 ,  7.77381E-04 , -7.48830E-03 ,  3.68464E-08 ,  2.78261E-07 ,  4.29792E-08 , -4.77399E-10 ,  7.49487E-04 ,  7.76788E-05 , -3.32250E-02 
    3571 ,  5.37347E-01 ,  9.26954E+00 ,  7.64005E-04 , -7.32062E-03 ,  3.25273E-08 ,  2.73484E-07 ,  4.40815E-08 , -4.99992E-10 ,  7.32618E-04 ,  7.63491E-05 , -3.24877E-02 
    3581 ,  5.38939E-01 ,  9.26954E+00 ,  7.32791E-04 , -7.05318E-03 ,  2.84200E-08 ,  2.67960E-07 ,  4.46557E-08 , -4.39249E-10 ,  7.05809E-04 ,  7.32388E-05 , -3.14286E-02 
    3591 ,  5.40532E-01 ,  9.26954E+00 ,  6.89987E-04 , -6.73364E-03 ,  2.48667E-08 ,  2.63316E-07 ,  4.47113E-08 , -4.67889E-10 ,  6.73794E-04 ,  6.89669E-05 , -3.02316E-02 
    3601 ,  5.42123E-01 ,  9.26954E+00 ,  6.45057E-04 , -6.43214E-03 ,  2.24952E-08 ,  2.60701E-07 ,  4.43270E-08 , -4.21048E-10 ,  6.43584E-04 ,  6.44744E-05 , -2.91612E-02 
    3611 ,  5.43714E-01 ,  9.26954E+00 ,  6.00803E-04 , -6.17737E-03 ,  2.12281E-08 ,  2.60546E-07 ,  4.36107E-08 , -4.82698E-10 ,  6.18072E-04 ,  6.00497E-05 , -2.83484E-02 
    3621 ,  5.45304E-01 ,  9.26954E+00 ,  5.75660E-04 , -5.98626E-03 ,  2.06638E-08 ,  2.63419E-07 ,  4.27135E-08 , -5.82405E-10 ,  5.98947E-04 ,  5.75342E-05 , -2.75978E-02 
    3631 ,  5.46890E-01 ,  9.26954E+00 ,  5.59266E-04 , -5.83478E-03 ,  2.03082E-08 ,  2.68834E-07 ,  4.17344E-08 , -5.62911E-10 ,  5.83794E-04 ,  5.59021E-05 , -2.69410E-02 
    3641 ,  5.48469E-01 ,  9.26954E+00 ,  5.55181E-04 , -5.70477E-03 ,  1.97634E-08 ,  2.75815E-07 ,  4.08349E-08 , -5.39648E-10 ,  5.70764E-04 ,  5.54917E-05 , -2.62134E-02 
    3651 ,  5.50045E-01 ,  9.26954E+00 ,  5.57271E-04 , -5.58350E-03 ,  1.90263E-08 ,  2.82958E-07 ,  4.00949E-08 , -4.27618E-10 ,  5.58638E-04 ,  5.57036E-05 , -2.54382E-02 
    3661 ,  5.51618E-01 ,  9.26954E+00 ,  5.59225E-04 , -5.45989E-03 ,  1.80891E-08 ,  2.88787E-07 ,  3.95921E-08 , -4.35610E-10 ,  5.46296E-04 ,  5.59099E-05 , -2.46519E-02 
    3671 ,  5.53194E-01 ,  9.26954E+00 ,  5.57283E-04 , -5.35627E-03 ,  1.76111E-08 ,  2.92363E-07 ,  3.92741E-08 , -3.94192E-10 ,  5.35925E-04 ,  5.57181E-05 , -2.40445E-02 
    3681 ,  5.54771E-01 ,  9.26954E+00 ,  5.51468E-04 , -5.27791E-03 ,  1.75994E-08 ,  2.93150E-07 ,  3.91181E-08 , -3.41354E-10 ,  5.28106E-04 ,  5.51344E-05 , -2.36479E-02 
    3691 ,  5.56351E-01 ,  9.26954E+00 ,  5.36758E-04 , -5.23146E-03 ,  1.81812E-08 ,  2.91301E-07 ,  3.90727E-08 , -3.05779E-10 ,  5.23429E-04 ,  5.36594E-05 , -2.35858E-02 
    3701 ,  5.57935E-01 ,  9.26954E+00 ,  5.19226E-04 , -5.24479E-03 ,  1.97015E-08 ,  2.87400E-07 ,  3.90541E-08 , -2.74364E-10 ,  5.24793E-04 ,  5.18941E-05 , -2.39236E-02 
    3711 ,  5.59520E-01 ,  9.26954E+00 ,  4.97771E-04 , -5.29715E-03 ,  2.15790E-08 ,  2.82524E-07 ,  3.89788E-08 , -2.93402E-10 ,  5.30058E-04 ,  4.97398E-05 , -2.45623E-02 
    3721 ,  5.61101E-01 ,  9.26954E+00 ,  4.84013E-04 , -5.39847E-03 ,  2.37737E-08 ,  2.78023E-07 ,  3.88196E-08 , -2.56632E-10 ,  5.40209E-04 ,  4.83503E-05 , -2.53711E-02 
    3731 ,  5.62688E-01 ,  9.26954E+00 ,  4.74647E-04 , -5.52999E-03 ,  2.59677E-08 ,  2.74991E-07 ,  3.85606E-08 , -1.35882E-10 ,  5.53369E-04 ,  4.74026E-05 , -2.62950E-02 
    3741 ,  5.64272E-01 ,  9.26954E+00 ,  4.78232E-04 , -5.69021E-03 ,  2.80206E-08 ,  2.74093E-07 ,  3.82439E-08 , -1.32820E-10 ,  5.69457E-04 ,  4.77562E-05 , -2.71842E-02 
    3751 ,  5.65853E-01 ,  9.26954E+00 ,  4.89714E-04 , -5.87136E-03 ,  2.99710E-08 ,  2.75420E-07 ,  3.79236E-08 , -2.23520E-10 ,  5.87589E-04 ,  4.88968E-05 , -2.80749E-02 
    3761 ,  5.67434E-01 ,  9.26954E+00 ,  5.18098E-04 , -6.06061E-03 ,  3.14194E-08 ,  2.78447E-07 ,  3.76695E-08 , -1.74720E-10 ,  6.06550E-04 ,  5.17302E-05 , -2.87445E-02 
    3771 ,  5.69018E-01 ,  9.26954E+00 ,  5.54710E-04 , -6.25956E-03 ,  3.26897E-08 ,  2.82276E-07 ,  3.75808E-08 , -1.40314E-10 ,  6.26454E-04 ,  5.53907E-05 , -2.93415E-02 
    3781 ,  5.70599E-01 ,  9.26954E+00 ,  6.01211E-04 , -6.45867E-03 ,  3.36052E-08 ,  2.85683E-07 ,  3.78104E-08 , -1.62547E-10 ,  6.46418E-04 ,  6.00441E-05 , -2.97819E-02 
    3791 ,  5.72181E-01 ,  9.26954E+00 ,  6.47674E-04 , -6.65005E-03 ,  3.42945E-08 ,  2.87656E-07 ,  3.84016E-08 , -1.40328E-10 ,  6.65573E-04 ,  6.46950E-05 , -3.01800E-02 
    3801 ,  5.73754E-01 ,  9.26954E+00 ,  6.93743E-04 , -6.83208E-03 ,  3.47657E-08 ,  2.87586E-07 ,  3.93325E-08 , -2.19245E-10 ,  6.83809E-04 ,  6.93141E-05 , -3.05308E-02 
    3811 ,  5.75319E-01 ,  9.26954E+00 ,  7.29829E-04 , -7.01074E-03 ,  3.54354E-08 ,  2.85369E-07 ,  4.05634E-08 , -2.43893E-10 ,  7.01698E-04 ,  7.29264E-05 , -3.10234E-02 
    3821 ,  5.76905E-01 ,  9.26954E+00 ,  7.56012E-04 , -7.17749E-03 ,  3.61144E-08 ,  2.81739E-07 ,  4.20353E-08 , -2.80235E-10 ,  7.18378E-04 ,  7.55454E-05 , -3.16071E-02 
    3831 ,  5.78490E-01 ,  9.26954E+00 ,  7.62640E-04 , -7.30510E-03 ,  3.64395E-08 ,  2.77502E-07 ,  4.35720E-08 , -2.50322E-10 ,  7.31144E-04 ,  7.62047E-05 , -3.22803E-02 
    3841 ,  5.80075E-01 ,  9.26954E+00 ,  7.62662E-04 , -7.41610E-03 ,  3.67968E-08 ,  2.73838E-07 ,  4.49929E-08 , -1.41502E-10 ,  7.42261E-04 ,  7.61967E-05 , -3.29605E-02 
    3851 ,  5.81664E-01 ,  9.26954E+00 ,  7.50335E-04 , -7.46301E-03 ,  3.64072E-08 ,  2.71672E-07 ,  4.61806E-08 , -7.21317E-11 ,  7.46921E-04 ,  7.49560E-05 , -3.34641E-02 
    3861 ,  5.83254E-01 ,  9.26954E+00 ,  7.25164E-04 , -7.42559E-03 ,  3.50598E-08 ,  2.71594E-07 ,  4.69865E-08 , -1.54831E-10 ,  7.43136E-04 ,  7.24442E-05 , -3.36780E-02 
    3871 ,  5.84841E-01 ,  9.26954E+00 ,  6.99902E-04 , -7.30148E-03 ,  3.27810E-08 ,  2.73642E-07 ,  4.72966E-08 , -2.08537E-10 ,  7.30676E-04 ,  6.99235E-05 , -3.33757E-02 
    3881 ,  5.86431E-01 ,  9.26954E+00 ,  6.68421E-04 , -7.07730E-03 ,  2.95985E-08 ,  2.77201E-07 ,  4.70725E-08 , -1.96236E-10 ,  7.08183E-04 ,  6.67861E-05 , -3.25757E-02 
    3891 ,  5.88016E-01 ,  9.26954E+00 ,  6.40104E-04 , -6.77338E-03 ,  2.58039E-08 ,  2.81376E-07 ,  4.63980E-08 , -1.34924E-10 ,  6.77715E-04 ,  6.39592E-05 , -3.12416E-02 
    3901 ,  5.89600E-01 ,  9.26954E+00 ,  6.14714E-04 , -6.42661E-03 ,  2.20075E-08 ,  2.85332E-07 ,  4.53792E-08 , -1.19054E-10 ,  6.43016E-04 ,  6.14343E-05 , -2.95937E-02 
    3911 ,  5.91179E-01 ,  9.26954E+00 ,  5.97690E-04 , -6.10254E-03 ,  1.91498E-08 ,  2.88102E-07 ,  4.42245E-08 , -1.70201E-10 ,  6.10579E-04 ,  5.97491E-05 , -2.79291E-02 
    3921 ,  5.92760E-01 ,  9.26954E+00 ,  5.86408E-04 , -5.86395E-03 ,  1.80168E-08 ,  2.89070E-07 ,  4.31157E-08 , -9.87285E-11 ,  5.86704E-04 ,  5.86121E-05 , -2.66652E-02 
    3931 ,  5.94336E-01 ,  9.26954E+00 ,  5.87171E-04 , -5.75533E-03 ,  1.87865E-08 ,  2.88476E-07 ,  4.23112E-08 , -1.83483E-10 ,  5.75847E-04 ,  5.86907E-05 , -2.59682E-02 
    3941 ,  5.95910E-01 ,  9.26954E+00 ,  5.94619E-04 , -5.79021E-03 ,  2.13532E-08 ,  2.86834E-07 ,  4.19430E-08 , -9.02932E-11 ,  5.79381E-04 ,  5.94355E-05 , -2.60128E-02 
    3951 ,  5.97483E-01 ,  9.26954E+00 ,  6.06163E-04 , -5.94038E-03 ,  2.48627E-08 ,  2.84950E-07 ,  4.20962E-08 , -1.27150E-10 ,  5.94449E-04 ,  6.05848E-05 , -2.66835E-02 
    3961 ,  5.99059E-01 ,  9.26954E+00 ,  6.16951E-04 , -6.14378E-03 ,  2.81875E-08 ,  2.83687E-07 ,  4.26167E-08 , -1.81912E-10 ,  6.14835E-04 ,  6.16468E-05 , -2.76977E-02 
    3971 ,  6.00635E-01 ,  9.26954E+00 ,  6.24728E-04 , -6.36031E-03 ,  3.08206E-08 ,  2.83654E-07 ,  4.33773E-08 , -1.09957E-10 ,  6.36527E-04 ,  6.24157E-05 , -2.88547E-02 
    3981 ,  6.02214E-01 ,  9.26954E+00 ,  6.24682E-04 , -6.50662E-03 ,  3.16563E-08 ,  2.85251E-07 ,  4.41539E-08 , -8.46340E-11 ,  6.51177E-04 ,  6.24074E-05 , -2.97395E-02 
    3991 ,  6.03796E-01 ,  9.26954E+00 ,  6.15866E-04 , -6.53567E-03 ,  3.05236E-08 ,  2.88030E-07 ,  4.46358E-08 , -3.13435E-11 ,  6.54036E-04 ,  6.15222E-05 , -3.00815E-02 
    4001 ,  6.05378E-01 ,  9.26954E+00 ,  5.99034E-04 , -6.42729E-03 ,  2.76918E-08 ,  2.91334E-07 ,  4.46982E-08 , -2.06311E-11 ,  6.43146E-04 ,  5.98415E-05 , -2.97392E-02 
    4011 ,  6.06961E-01 ,  9.26954E+00 ,  5.75019E-04 , -6.20844E-03 ,  2.40421E-08 ,  2.94269E-07 ,  4.42500E-08 , -1.34894E-11 ,  6.21209E-04 ,  5.74501E-05 , -2.88497E-02 
    4021 ,  6.08544E-01 ,  9.26954E+00 ,  5.49323E-04 , -5.93967E-03 ,  2.06734E-08 ,  2.96105E-07 ,  4.33423E-08 , -4.27607E-11 ,  5.94269E-04 ,  5.48886E-05 , -2.76759E-02 
    4031 ,  6.10127E-01 ,  9.26954E+00 ,  5.29356E-04 , -5.69269E-03 ,  1.84702E-08 ,  2.96204E-07 ,  4.21587E-08 ,  3.86184E-11 ,  5.69557E-04 ,  5.29000E-05 , -2.65213E-02 
    4041 ,  6.11713E-01 ,  9.26954E+00 ,  5.17011E-04 , -5.53881E-03 ,  1.82175E-08 ,  2.94567E-07 ,  4.09530E-08 ,  7.67497E-11 ,  5.54162E-04 ,  5.16738E-05 , -2.57804E-02 
    4051 ,  6.13296E-01 ,  9.26954E+00 ,  5.20446E-04 , -5.52989E-03 ,  2.01047E-08 ,  2.91649E-07 ,  3.99565E-08 ,  7.52745E-11 ,  5.53299E-04 ,  5.20139E-05 , -2.56345E-02 
    4061 ,  6.14878E-01 ,  9.26954E+00 ,  5.40009E-04 , -5.68265E-03 ,  2.38812E-08 ,  2.88410E-07 ,  3.94230E-08 ,  4.24375E-11 ,  5.68627E-04 ,  5.39576E-05 , -2.61848E-02 
    4071 ,  6.16460E-01 ,  9.26954E+00 ,  5.69577E-04 , -5.95463E-03 ,  2.83632E-08 ,  2.85819E-07 ,  3.94917E-08 ,  7.48729E-11 ,  5.95922E-04 ,  5.68974E-05 , -2.72918E-02 
    4081 ,  6.18042E-01 ,  9.26954E+00 ,  6.06531E-04 , -6.29086E-03 ,  3.25737E-08 ,  2.84490E-07 ,  4.01182E-08 ,  2.56484E-11 ,  6.29631E-04 ,  6.05839E-05 , -2.86768E-02 
    4091 ,  6.19626E-01 ,  9.26954E+00 ,  6.47028E-04 , -6.65927E-03 ,  3.61589E-08 ,  2.84900E-07 ,  4.11960E-08 ,  2.42747E-11 ,  6.66543E-04 ,  6.46196E-05 , -3.02123E-02 
    4101 ,  6.21208E-01 ,  9.26954E+00 ,  6.83898E-04 , -6.97534E-03 ,  3.79927E-08 ,  2.86973E-07 ,  4.25753E-08 ,  2.42896E-11 ,  6.98150E-04 ,  6.83109E-05 , -3.15157E-02 
    4111 ,  6.22793E-01 ,  9.26954E+00 ,  7.09265E-04 , -7.18371E-03 ,  3.78195E-08 ,  2.90188E-07 ,  4.39661E-08 ,  6.76681E-11 ,  7.19008E-04 ,  7.08525E-05 , -3.23814E-02 
    4121 ,  6.24379E-01 ,  9.26954E+00 ,  7.21188E-04 , -7.24343E-03 ,  3.56819E-08 ,  2.93495E-07 ,  4.51368E-08 ,  6.22820E-11 ,  7.24947E-04 ,  7.20582E-05 , -3.25890E-02 
    4131 ,  6.25967E-01 ,  9.26954E+00 ,  7.12978E-04 , -7.13176E-03 ,  3.19223E-08 ,  2.96137E-07 ,  4.58573E-08 ,  2.79455E-11 ,  7.13710E-04 ,  7.12470E-05 , -3.21038E-02 
    4141 ,  6.27554E-01 ,  9.26954E+00 ,  6.87845E-04 , -6.84936E-03 ,  2.68918E-08 ,  2.97329E-07 ,  4.60356E-08 , -4.80507E-11 ,  6.85379E-04 ,  6.87433E-05 , -3.08697E-02 
    4151 ,  6.29140E-01 ,  9.26954E+00 ,  6.47358E-04 , -6.44479E-03 ,  2.15577E-08 ,  2.97125E-07 ,  4.56631E-08 , -5.07776E-11 ,  6.44835E-04 ,  6.47056E-05 , -2.91422E-02 
    4161 ,  6.30725E-01 ,  9.26954E+00 ,  6.03220E-04 , -6.01777E-03 ,  1.72383E-08 ,  2.95785E-07 ,  4.48406E-08 , -2.85510E-11 ,  6.02048E-04 ,  6.03066E-05 , -2.73182E-02 
    4171 ,  6.32312E-01 ,  9.26954E+00 ,  5.59286E-04 , -5.60864E-03 ,  1.40236E-08 ,  2.93912E-07 ,  4.36576E-08 ,  4.48627E-11 ,  5.61066E-04 ,  5.59145E-05 , -2.55797E-02 
    4181 ,  6.33894E-01 ,  9.26954E+00 ,  5.25472E-04 , -5.28819E-03 ,  1.25009E-08 ,  2.92448E-07 ,  4.23459E-08 ,  6.96846E-11 ,  5.29026E-04 ,  5.25426E-05 , -2.41879E-02 
    4191 ,  6.35475E-01 ,  9.26954E+00 ,  5.07879E-04 , -5.10603E-03 ,  1.30135E-08 ,  2.92123E-07 ,  4.11593E-08 ,  2.63869E-11 ,  5.10798E-04 ,  5.07782E-05 , -2.33424E-02 
    4201 ,  6.37054E-01 ,  9.26954E+00 ,  5.04699E-04 , -5.05377E-03 ,  1.49003E-08 ,  2.93200E-07 ,  4.02872E-08 ,  2.39563E-10 ,  5.05617E-04 ,  5.04541E-05 , -2.30331E-02 
    4211 ,  6.38632E-01 ,  9.26954E+00 ,  5.17432E-04 , -5.12785E-03 ,  1.79144E-08 ,  2.95712E-07 ,  3.98564E-08 ,  3.18945E-10 ,  5.13084E-04 ,  5.17186E-05 , -2.32185E-02 
    4221 ,  6.40205E-01 ,  9.26954E+00 ,  5.39239E-04 , -5.29693E-03 ,  2.13795E-08 ,  2.99365E-07 ,  3.99170E-08 ,  2.45235E-10 ,  5.30050E-04 ,  5.38906E-05 , -2.38315E-02 
    4231 ,  6.41775E-01 ,  9.26954E+00 ,  5.65626E-04 , -5.50976E-03 ,  2.44139E-08 ,  3.03128E-07 ,  4.04600E-08 ,  2.18910E-10 ,  5.51396E-04 ,  5.65281E-05 , -2.46463E-02 
    4241 ,  6.43344E-01 ,  9.26954E+00 ,  5.87825E-04 , -5.73467E-03 ,  2.69078E-08 ,  3.05927E-07 ,  4.13201E-08 ,  1.27476E-10 ,  5.73926E-04 ,  5.87435E-05 , -2.56156E-02 
    4251 ,  6.44919E-01 ,  9.26954E+00 ,  6.02703E-04 , -5.91995E-03 ,  2.82056E-08 ,  3.07208E-07 ,  4.23277E-08 ,  9.08020E-11 ,  5.92457E-04 ,  6.02432E-05 , -2.64841E-02 
    4261 ,  6.46497E-01 ,  9.26954E+00 ,  6.08097E-04 , -6.06575E-03 ,  2.88503E-08 ,  3.06713E-07 ,  4.32479E-08 ,  7.65096E-11 ,  6.07026E-04 ,  6.07630E-05 , -2.72796E-02 
    4271 ,  6.48077E-01 ,  9.26954E+00 ,  5.97948E-04 , -6.13846E-03 ,  2.85658E-08 ,  3.04577E-07 ,  4.39274E-08 ,  1.67536E-10 ,  6.14290E-04 ,  5.97397E-05 , -2.78999E-02 
    4281 ,  6.49652E-01 ,  9.26954E+00 ,  5.88658E-04 , -6.18040E-03 ,  2.82350E-08 ,  3.01170E-07 ,  4.42839E-08 ,  9.77890E-11 ,  6.18473E-04 ,  5.88069E-05 , -2.83183E-02 
    4291 ,  6.51230E-01 ,  9.26954E+00 ,  5.70350E-04 , -6.18853E-03 ,  2.78980E-08 ,  2.97537E-07 ,  4.42981E-08 , -1.35420E-11 ,  6.19285E-04 ,  5.69786E-05 , -2.86790E-02 
    4301 ,  6.52809E-01 ,  9.26954E+00 ,  5.57872E-04 , -6.19707E-03 ,  2.78561E-08 ,  2.94642E-07 ,  4.40433E-08 , -4.36376E-11 ,  6.20148E-04 ,  5.57291E-05 , -2.89408E-02 
    4311 ,  6.54390E-01 ,  9.26954E+00 ,  5.50762E-04 , -6.21137E-03 ,  2.80228E-08 ,  2.93283E-07 ,  4.36287E-08 ,  3.13861E-12 ,  6.21561E-04 ,  5.50133E-05 , -2.91453E-02 
    4321 ,  6.55971E-01 ,  9.26954E+00 ,  5.56570E-04 , -6.23913E-03 ,  2.82532E-08 ,  2.93854E-07 ,  4.31752E-08 ,  6.79943E-11 ,  6.24356E-04 ,  5.55944E-05 , -2.92165E-02 
    4331 ,  6.57551E-01 ,  9.26954E+00 ,  5.71593E-04 , -6.27096E-03 ,  2.83371E-08 ,  2.95964E-07 ,  4.27986E-08 ,  9.17367E-11 ,  6.27541E-04 ,  5.70961E-05 , -2.91618E-02 
    4341 ,  6.59131E-01 ,  9.26954E+00 ,  5.88265E-04 , -6.29252E-03 ,  2.81327E-08 ,  2.99185E-07 ,  4.25468E-08 ,  1.35410E-10 ,  6.29686E-04 ,  5.87594E-05 , -2.90208E-02 
    4351 ,  6.60710E-01 ,  9.26954E+00 ,  6.09563E-04 , -6.28539E-03 ,  2.72833E-08 ,  3.02487E-07 ,  4.24961E-08 ,  1.29965E-11 ,  6.28979E-04 ,  6.09041E-05 , -2.86365E-02 
    4361 ,  6.62288E-01 ,  9.26954E+00 ,  6.21068E-04 , -6.25431E-03 ,  2.63250E-08 ,  3.05058E-07 ,  4.26301E-08 , -1.29039E-10 ,  6.25865E-04 ,  6.20643E-05 , -2.82687E-02 
    4371 ,  6.63863E-01 ,  9.26954E+00 ,  6.29302E-04 , -6.19029E-03 ,  2.50309E-08 ,  3.06294E-07 ,  4.28471E-08 , -1.34900E-10 ,  6.19471E-04 ,  6.28952E-05 , -2.77578E-02 
    4381 ,  6.65443E-01 ,  9.26954E+00 ,  6.26585E-04 , -6.10212E-03 ,  2.37897E-08 ,  3.05996E-07 ,  4.30905E-08 , -1.30579E-10 ,  6.10646E-04 ,  6.26309E-05 , -2.72789E-02 
    4391 ,  6.67026E-01 ,  9.26954E+00 ,  6.13640E-04 , -5.99455E-03 ,  2.26481E-08 ,  3.04458E-07 ,  4.32828E-08 ,  2.80549E-11 ,  5.99877E-04 ,  6.13439E-05 , -2.68486E-02 
    4401 ,  6.68609E-01 ,  9.26954E+00 ,  5.93944E-04 , -5.88158E-03 ,  2.17639E-08 ,  3.02287E-07 ,  4.33552E-08 , -1.03407E-10 ,  5.88517E-04 ,  5.93692E-05 , -2.64929E-02 
    4411 ,  6.70193E-01 ,  9.26954E+00 ,  5.71105E-04 , -5.77188E-03 ,  2.11390E-08 ,  3.00455E-07 ,  4.32688E-08 , -1.12323E-10 ,  5.77508E-04 ,  5.70789E-05 , -2.62049E-02 
    4421 ,  6.71778E-01 ,  9.26954E+00 ,  5.52281E-04 , -5.67169E-03 ,  2.06556E-08 ,  2.99657E-07 ,  4.29768E-08 , -4.22372E-11 ,  5.67514E-04 ,  5.52008E-05 , -2.59060E-02 
    4431 ,  6.73363E-01 ,  9.26954E+00 ,  5.36373E-04 , -5.58324E-03 ,  2.03228E-08 ,  3.00540E-07 ,  4.25514E-08 , -8.28024E-11 ,  5.58669E-04 ,  5.36112E-05 , -2.56283E-02 
    4441 ,  6.74945E-01 ,  9.26954E+00 ,  5.26938E-04 , -5.51341E-03 ,  2.01603E-08 ,  3.02886E-07 ,  4.20383E-08 , -6.37694E-11 ,  5.51667E-04 ,  5.26623E-05 , -2.53553E-02 
    4451 ,  6.76526E-01 ,  9.26954E+00 ,  5.24311E-04 , -5.46654E-03 ,  2.01976E-08 ,  3.06342E-07 ,  4.15066E-08 , -8.12128E-11 ,  5.46988E-04 ,  5.24028E-05 , -2.51069E-02 
    4461 ,  6.78105E-01 ,  9.26954E+00 ,  5.27742E-04 , -5.44151E-03 ,  2.03764E-08 ,  3.10119E-07 ,  4.10571E-08 ,  8.19640E-11 ,  5.44505E-04 ,  5.27470E-05 , -2.48900E-02 
    4471 ,  6.79682E-01 ,  9.26954E+00 ,  5.35788E-04 , -5.45909E-03 ,  2.11067E-08 ,  3.13361E-07 ,  4.07703E-08 ,  1.72031E-10 ,  5.46259E-04 ,  5.35450E-05 , -2.48496E-02 
    4481 ,  6.81256E-01 ,  9.26954E+00 ,  5.50953E-04 , -5.51547E-03 ,  2.21394E-08 ,  3.15196E-07 ,  4.07113E-08 ,  1.92162E-10 ,  5.51931E-04 ,  5.50621E-05 , -2.49245E-02 
    4491 ,  6.82830E-01 ,  9.26954E+00 ,  5.68607E-04 , -5.62373E-03 ,  2.37706E-08 ,  3.15233E-07 ,  4.09265E-08 ,  1.36710E-10 ,  5.62777E-04 ,  5.68240E-05 , -2.52678E-02 
    4501 ,  6.84401E-01 ,  9.26954E+00 ,  5.84954E-04 , -5.76831E-03 ,  2.56487E-08 ,  3.13440E-07 ,  4.14150E-08 ,  1.77493E-10 ,  5.77269E-04 ,  5.84576E-05 , -2.58524E-02 
    4511 ,  6.85976E-01 ,  9.26954E+00 ,  6.01816E-04 , -5.95022E-03 ,  2.77798E-08 ,  3.10429E-07 ,  4.21585E-08 ,  2.24366E-10 ,  5.95500E-04 ,  6.01384E-05 , -2.66545E-02 
    4521 ,  6.87552E-01 ,  9.26954E+00 ,  6.18486E-04 , -6.14523E-03 ,  2.96744E-08 ,  3.06930E-07 ,  4.30651E-08 ,  1.01314E-10 ,  6.15050E-04 ,  6.17999E-05 , -2.75449E-02 
    4531 ,  6.89128E-01 ,  9.26954E+00 ,  6.30434E-04 , -6.33664E-03 ,  3.12605E-08 ,  3.03765E-07 ,  4.40259E-08 ,  1.01067E-10 ,  6.34193E-04 ,  6.29893E-05 , -2.84979E-02 
    4541 ,  6.90701E-01 ,  9.26954E+00 ,  6.38001E-04 , -6.50135E-03 ,  3.22152E-08 ,  3.01891E-07 ,  4.49469E-08 ,  1.46198E-10 ,  6.50694E-04 ,  6.37450E-05 , -2.93704E-02 
    4551 ,  6.92275E-01 ,  9.26954E+00 ,  6.40401E-04 , -6.61878E-03 ,  3.24237E-08 ,  3.01614E-07 ,  4.57211E-08 ,  2.24480E-10 ,  6.62417E-04 ,  6.39793E-05 , -3.00516E-02 
    4561 ,  6.93849E-01 ,  9.26954E+00 ,  6.40094E-04 , -6.68266E-03 ,  3.19619E-08 ,  3.02976E-07 ,  4.62695E-08 ,  3.19111E-10 ,  6.68790E-04 ,  6.39386E-05 , -3.04601E-02 
    4571 ,  6.95425E-01 ,  9.26954E+00 ,  6.35917E-04 , -6.69521E-03 ,  3.10656E-08 ,  3.05414E-07 ,  4.65821E-08 ,  3.70353E-10 ,  6.70042E-04 ,  6.35222E-05 , -3.06249E-02 
    4581 ,  6.96999E-01 ,  9.26954E+00 ,  6.29907E-04 , -6.66254E-03 ,  2.98797E-08 ,  3.08200E-07 ,  4.66534E-08 ,  3.71447E-10 ,  6.66749E-04 ,  6.29293E-05 , -3.05471E-02 
    4591 ,  6.98575E-01 ,  9.26954E+00 ,  6.22763E-04 , -6.60446E-03 ,  2.87633E-08 ,  3.10561E-07 ,  4.65237E-08 ,  2.73871E-10 ,  6.60917E-04 ,  6.22077E-05 , -3.03307E-02 
    4601 ,  7.00146E-01 ,  9.26954E+00 ,  6.16634E-04 , -6.54334E-03 ,  2.79607E-08 ,  3.11993E-07 ,  4.62854E-08 ,  2.81364E-10 ,  6.54820E-04 ,  6.16120E-05 , -3.00728E-02 
    4611 ,  7.01717E-01 ,  9.26954E+00 ,  6.13538E-04 , -6.50560E-03 ,  2.77727E-08 ,  3.12198E-07 ,  4.59981E-08 ,  2.90288E-10 ,  6.51030E-04 ,  6.12916E-05 , -2.98979E-02 
    4621 ,  7.03287E-01 ,  9.26954E+00 ,  6.14958E-04 , -6.50964E-03 ,  2.82476E-08 ,  3.11237E-07 ,  4.57819E-08 ,  4.04261E-10 ,  6.51461E-04 ,  6.14330E-05 , -2.98932E-02 
    4631 ,  7.04857E-01 ,  9.26954E+00 ,  6.18974E-04 , -6.55659E-03 ,  2.92182E-08 ,  3.09389E-07 ,  4.57046E-08 ,  4.36091E-10 ,  6.56182E-04 ,  6.18330E-05 , -3.01006E-02 
    4641 ,  7.06427E-01 ,  9.26954E+00 ,  6.28642E-04 , -6.64263E-03 ,  3.04386E-08 ,  3.07315E-07 ,  4.58046E-08 ,  3.98503E-10 ,  6.64778E-04 ,  6.27963E-05 , -3.04506E-02 
    4651 ,  7.08004E-01 ,  9.26954E+00 ,  6.39451E-04 , -6.76126E-03 ,  3.18314E-08 ,  3.05489E-07 ,  4.60362E-08 ,  4.81188E-10 ,  6.76680E-04 ,  6.38742E-05 , -3.09794E-02 
    4661 ,  7.09583E-01 ,  9.26954E+00 ,  6.49949E-04 , -6.86276E-03 ,  3.25155E-08 ,  3.04435E-07 ,  4.63790E-08 ,  5.15114E-10 ,  6.86837E-04 ,  6.49218E-05 , -3.14203E-02 
    4671 ,  7.11160E-01 ,  9.26954E+00 ,  6.58849E-04 , -6.92296E-03 ,  3.23160E-08 ,  3.04342E-07 ,  4.67195E-08 ,  5.54145E-10 ,  6.92847E-04 ,  6.58095E-05 , -3.16488E-02 
    4681 ,  7.12731E-01 ,  9.26954E+00 ,  6.61193E-04 , -6.91420E-03 ,  3.11086E-08 ,  3.05359E-07 ,  4.69377E-08 ,  5.33349E-10 ,  6.91942E-04 ,  6.60526E-05 , -3.15793E-02 
    4691 ,  7.14310E-01 ,  9.26954E+00 ,  6.59199E-04 , -6.81487E-03 ,  2.87755E-08 ,  3.07225E-07 ,  4.69738E-08 ,  4.50365E-10 ,  6.81965E-04 ,  6.58581E-05 , -3.10437E-02 
    4701 ,  7.15890E-01 ,  9.26954E+00 ,  6.46600E-04 , -6.63006E-03 ,  2.58206E-08 ,  3.09663E-07 ,  4.67586E-08 ,  3.62455E-10 ,  6.63441E-04 ,  6.46164E-05 , -3.01682E-02 
    4711 ,  7.17466E-01 ,  9.26954E+00 ,  6.29483E-04 , -6.38058E-03 ,  2.25680E-08 ,  3.12114E-07 ,  4.62777E-08 ,  4.72049E-10 ,  6.38444E-04 ,  6.29140E-05 , -2.89740E-02 
    4721 ,  7.19038E-01 ,  9.26954E+00 ,  6.08645E-04 , -6.10894E-03 ,  1.97372E-08 ,  3.14182E-07 ,  4.55967E-08 ,  4.67543E-10 ,  6.11232E-04 ,  6.08347E-05 , -2.76966E-02 
    4731 ,  7.20608E-01 ,  9.26954E+00 ,  5.87956E-04 , -5.83565E-03 ,  1.73389E-08 ,  3.15869E-07 ,  4.48092E-08 ,  2.97088E-10 ,  5.83887E-04 ,  5.87779E-05 , -2.63971E-02 
    4741 ,  7.22182E-01 ,  9.26954E+00 ,  5.71109E-04 , -5.62589E-03 ,  1.63260E-08 ,  3.17017E-07 ,  4.40344E-08 ,  2.27769E-10 ,  5.62919E-04 ,  5.71002E-05 , -2.53999E-02 
    4751 ,  7.23758E-01 ,  9.26954E+00 ,  5.59046E-04 , -5.48747E-03 ,  1.64172E-08 ,  3.17761E-07 ,  4.33667E-08 ,  2.67977E-10 ,  5.49064E-04 ,  5.58880E-05 , -2.47425E-02 
    4761 ,  7.25333E-01 ,  9.26954E+00 ,  5.55459E-04 , -5.42130E-03 ,  1.72323E-08 ,  3.18187E-07 ,  4.29188E-08 ,  2.55386E-10 ,  5.42448E-04 ,  5.55252E-05 , -2.43759E-02 
    4771 ,  7.26905E-01 ,  9.26954E+00 ,  5.56321E-04 , -5.43011E-03 ,  1.87625E-08 ,  3.18560E-07 ,  4.27343E-08 ,  2.63830E-10 ,  5.43371E-04 ,  5.56092E-05 , -2.43844E-02 
    4781 ,  7.28480E-01 ,  9.26954E+00 ,  5.63892E-04 , -5.50340E-03 ,  2.07289E-08 ,  3.19044E-07 ,  4.27975E-08 ,  1.83895E-10 ,  5.50718E-04 ,  5.63581E-05 , -2.46715E-02 
    4791 ,  7.30055E-01 ,  9.26954E+00 ,  5.72838E-04 , -5.60910E-03 ,  2.25804E-08 ,  3.19575E-07 ,  4.31103E-08 ,  1.54493E-10 ,  5.61317E-04 ,  5.72525E-05 , -2.51378E-02 
    4801 ,  7.31627E-01 ,  9.26954E+00 ,  5.81960E-04 , -5.71581E-03 ,  2.38605E-08 ,  3.20207E-07 ,  4.35581E-08 ,  1.13450E-10 ,  5.72019E-04 ,  5.81599E-05 , -2.56178E-02 
    4811 ,  7.33199E-01 ,  9.26954E+00 ,  5.86791E-04 , -5.81859E-03 ,  2.48496E-08 ,  3.20638E-07 ,  4.40703E-08 ,  8.72807E-11 ,  5.82326E-04 ,  5.86399E-05 , -2.61509E-02 
    4821 ,  7.34765E-01 ,  9.26954E+00 ,  5.86774E-04 , -5.89370E-03 ,  2.52782E-08 ,  3.20791E-07 ,  4.45208E-08 ,  7.72961E-11 ,  5.89854E-04 ,  5.86411E-05 , -2.66045E-02 
    4831 ,  7.36339E-01 ,  9.26954E+00 ,  5.83661E-04 , -5.93774E-03 ,  2.52916E-08 ,  3.20573E-07 ,  4.48655E-08 ,  1.17874E-10 ,  5.94200E-04 ,  5.83185E-05 , -2.69266E-02 
    4841 ,  7.37914E-01 ,  9.26954E+00 ,  5.75148E-04 , -5.95095E-03 ,  2.50187E-08 ,  3.19983E-07 ,  4.49943E-08 ,  1.00508E-10 ,  5.95512E-04 ,  5.74678E-05 , -2.71536E-02 
    4851 ,  7.39487E-01 ,  9.26954E+00 ,  5.66725E-04 , -5.95554E-03 ,  2.48597E-08 ,  3.19165E-07 ,  4.49423E-08 ,  1.44086E-10 ,  5.95993E-04 ,  5.66273E-05 , -2.73242E-02 
    4861 ,  7.41062E-01 ,  9.26954E+00 ,  5.61435E-04 , -5.96524E-03 ,  2.49777E-08 ,  3.18562E-07 ,  4.47736E-08 ,  8.18856E-11 ,  5.96957E-04 ,  5.61040E-05 , -2.74699E-02 
    4871 ,  7.42630E-01 ,  9.26954E+00 ,  5.59760E-04 , -5.97967E-03 ,  2.51756E-08 ,  3.18272E-07 ,  4.45218E-08 ,  1.82354E-10 ,  5.98426E-04 ,  5.59367E-05 , -2.75829E-02 
    4881 ,  7.44203E-01 ,  9.26954E+00 ,  5.64264E-04 , -6.01855E-03 ,  2.57558E-08 ,  3.18435E-07 ,  4.43140E-08 ,  1.58388E-10 ,  6.02279E-04 ,  5.63776E-05 , -2.77372E-02 
    4891 ,  7.45777E-01 ,  9.26954E+00 ,  5.71883E-04 , -6.07079E-03 ,  2.63791E-08 ,  3.19085E-07 ,  4.42127E-08 ,  3.71967E-10 ,  6.07535E-04 ,  5.71332E-05 , -2.79205E-02 
    4901 ,  7.47352E-01 ,  9.26954E+00 ,  5.84435E-04 , -6.13378E-03 ,  2.69523E-08 ,  3.20072E-07 ,  4.42355E-08 ,  4.58050E-10 ,  6.13833E-04 ,  5.83861E-05 , -2.80889E-02 
    4911 ,  7.48925E-01 ,  9.26954E+00 ,  5.96000E-04 , -6.19264E-03 ,  2.73145E-08 ,  3.21177E-07 ,  4.43801E-08 ,  5.22697E-10 ,  6.19723E-04 ,  5.95425E-05 , -2.82515E-02 
    4921 ,  7.50496E-01 ,  9.26954E+00 ,  6.06135E-04 , -6.23306E-03 ,  2.72504E-08 ,  3.22101E-07 ,  4.46358E-08 ,  6.02502E-10 ,  6.23791E-04 ,  6.05548E-05 , -2.83314E-02 
    4931 ,  7.52069E-01 ,  9.26954E+00 ,  6.10161E-04 , -6.24730E-03 ,  2.68792E-08 ,  3.22657E-07 ,  4.49275E-08 ,  5.66192E-10 ,  6.25207E-04 ,  6.09623E-05 , -2.83570E-02 
    4941 ,  7.53643E-01 ,  9.26954E+00 ,  6.07862E-04 , -6.21978E-03 ,  2.60092E-08 ,  3.22651E-07 ,  4.51551E-08 ,  5.01970E-10 ,  6.22444E-04 ,  6.07394E-05 , -2.82391E-02 
    4951 ,  7.55218E-01 ,  9.26954E+00 ,  5.98737E-04 , -6.16306E-03 ,  2.50340E-08 ,  3.22069E-07 ,  4.52649E-08 ,  5.47084E-10 ,  6.16763E-04 ,  5.98265E-05 , -2.80569E-02 
    4961 ,  7.56794E-01 ,  9.26954E+00 ,  5.84744E-04 , -6.08265E-03 ,  2.40452E-08 ,  3.21125E-07 ,  4.51926E-08 ,  5.61919E-10 ,  6.08701E-04 ,  5.84347E-05 , -2.78103E-02 
    4971 ,  7.58368E-01 ,  9.26954E+00 ,  5.73220E-04 , -5.99660E-03 ,  2.31868E-08 ,  3.20152E-07 ,  4.49498E-08 ,  4.99137E-10 ,  6.00056E-04 ,  5.72832E-05 , -2.74859E-02 
    4981 ,  7.59943E-01 ,  9.26954E+00 ,  5.64099E-04 , -5.92739E-03 ,  2.27920E-08 ,  3.19537E-07 ,  4.45914E-08 ,  5.02897E-10 ,  5.93138E-04 ,  5.63672E-05 , -2.72174E-02 
    4991 ,  7.61520E-01 ,  9.26954E+00 ,  5.59759E-04 , -5.88391E-03 ,  2.28059E-08 ,  3.19415E-07 ,  4.41977E-08 ,  4.34724E-10 ,  5.88797E-04 ,  5.59298E-05 , -2.70211E-02 
    5001 ,  7.63100E-01 ,  9.26954E+00 ,  5.62500E-04 , -5.87526E-03 ,  2.32156E-08 ,  3.20093E-07 ,  4.38393E-08 ,  3.89433E-10 ,  5.87921E-04 ,  5.62026E-05 , -2.69151E-02 
    5011 ,  7.64678E-01 ,  9.26954E+00 ,  5.71115E-04 , -5.89366E-03 ,  2.37553E-08 ,  3.21426E-07 ,  4.36138E-08 ,  4.02120E-10 ,  5.89793E-04 ,  5.70655E-05 , -2.68757E-02 
    5021 ,  7.66255E-01 ,  9.26954E+00 ,  5.83625E-04 , -5.93223E-03 ,  2.43268E-08 ,  3.23282E-07 ,  4.35411E-08 ,  3.40270E-10 ,  5.93637E-04 ,  5.83193E-05 , -2.68954E-02 
    5031 ,  7.67831E-01 ,  9.26954E+00 ,  5.96602E-04 , -5.96880E-03 ,  2.45914E-08 ,  3.25341E-07 ,  4.36665E-08 ,  4.47892E-10 ,  5.97298E-04 ,  5.96131E-05 , -2.69001E-02 
    5041 ,  7.69406E-01 ,  9.26954E+00 ,  6.05683E-04 , -5.98743E-03 ,  2.44654E-08 ,  3.27255E-07 ,  4.39284E-08 ,  5.03684E-10 ,  5.99168E-04 ,  6.05259E-05 , -2.68653E-02 
    5051 ,  7.70979E-01 ,  9.26954E+00 ,  6.11182E-04 , -5.97357E-03 ,  2.38287E-08 ,  3.28703E-07 ,  4.42364E-08 ,  4.67093E-10 ,  5.97770E-04 ,  6.10779E-05 , -2.66985E-02 
    5061 ,  7.72552E-01 ,  9.26954E+00 ,  6.08881E-04 , -5.92843E-03 ,  2.29462E-08 ,  3.29539E-07 ,  4.45159E-08 ,  4.71449E-10 ,  5.93237E-04 ,  6.08522E-05 , -2.64723E-02 
    5071 ,  7.74124E-01 ,  9.26954E+00 ,  5.99651E-04 , -5.83793E-03 ,  2.15837E-08 ,  3.29593E-07 ,  4.47308E-08 ,  4.82847E-10 ,  5.84159E-04 ,  5.99298E-05 , -2.60895E-02 
    5081 ,  7.75697E-01 ,  9.26954E+00 ,  5.85793E-04 , -5.72789E-03 ,  2.03479E-08 ,  3.29124E-07 ,  4.48053E-08 ,  5.50318E-10 ,  5.73130E-04 ,  5.85463E-05 , -2.56605E-02 
    5091 ,  7.77269E-01 ,  9.26954E+00 ,  5.69333E-04 , -5.60684E-03 ,  1.92542E-08 ,  3.28374E-07 ,  4.47115E-08 ,  5.42753E-10 ,  5.61010E-04 ,  5.69032E-05 , -2.52042E-02 
    5101 ,  7.78842E-01 ,  9.26954E+00 ,  5.52232E-04 , -5.48641E-03 ,  1.83776E-08 ,  3.27653E-07 ,  4.44671E-08 ,  5.63197E-10 ,  5.48976E-04 ,  5.52005E-05 , -2.47580E-02 
    5111 ,  7.80415E-01 ,  9.26954E+00 ,  5.37511E-04 , -5.38831E-03 ,  1.79966E-08 ,  3.27366E-07 ,  4.41301E-08 ,  4.65171E-10 ,  5.39138E-04 ,  5.37265E-05 , -2.44017E-02 
    5121 ,  7.81989E-01 ,  9.26954E+00 ,  5.26888E-04 , -5.32330E-03 ,  1.81038E-08 ,  3.27661E-07 ,  4.37390E-08 ,  4.81538E-10 ,  5.32658E-04 ,  5.26690E-05 , -2.41726E-02 
    5131 ,  7.83563E-01 ,  9.26954E+00 ,  5.19697E-04 , -5.29327E-03 ,  1.86321E-08 ,  3.28598E-07 ,  4.33568E-08 ,  4.36444E-10 ,  5.29640E-04 ,  5.19416E-05 , -2.40951E-02 
    5141 ,  7.85135E-01 ,  9.26954E+00 ,  5.18480E-04 , -5.30329E-03 ,  1.95260E-08 ,  3.30065E-07 ,  4.30479E-08 ,  6.19234E-10 ,  5.30673E-04 ,  5.18163E-05 , -2.41588E-02 
    5151 ,  7.86704E-01 ,  9.26954E+00 ,  5.22204E-04 , -5.35601E-03 ,  2.08192E-08 ,  3.31860E-07 ,  4.28393E-08 ,  5.65044E-10 ,  5.35936E-04 ,  5.21809E-05 , -2.43970E-02 
    5161 ,  7.88274E-01 ,  9.26954E+00 ,  5.28367E-04 , -5.44963E-03 ,  2.24364E-08 ,  3.33551E-07 ,  4.27937E-08 ,  4.76547E-10 ,  5.45347E-04 ,  5.28035E-05 , -2.48413E-02 
    5171 ,  7.89841E-01 ,  9.26954E+00 ,  5.36729E-04 , -5.58772E-03 ,  2.44444E-08 ,  3.34735E-07 ,  4.29181E-08 ,  4.50571E-10 ,  5.59172E-04 ,  5.36296E-05 , -2.55167E-02 
    5181 ,  7.91410E-01 ,  9.26954E+00 ,  5.48430E-04 , -5.75758E-03 ,  2.65348E-08 ,  3.35151E-07 ,  4.31944E-08 ,  4.36744E-10 ,  5.76215E-04 ,  5.47951E-05 , -2.63313E-02 
    5191 ,  7.92978E-01 ,  9.26954E+00 ,  5.62444E-04 , -5.95133E-03 ,  2.86198E-08 ,  3.34784E-07 ,  4.36154E-08 ,  5.13420E-10 ,  5.95586E-04 ,  5.61848E-05 , -2.72553E-02 
    5201 ,  7.94546E-01 ,  9.26954E+00 ,  5.76662E-04 , -6.16177E-03 ,  3.06165E-08 ,  3.33552E-07 ,  4.41409E-08 ,  5.32303E-10 ,  6.16665E-04 ,  5.76053E-05 , -2.82806E-02 
    5211 ,  7.96118E-01 ,  9.26954E+00 ,  5.93729E-04 , -6.37653E-03 ,  3.23429E-08 ,  3.31686E-07 ,  4.47095E-08 ,  4.54312E-10 ,  6.38185E-04 ,  5.93060E-05 , -2.92907E-02 
    5221 ,  7.97691E-01 ,  9.26954E+00 ,  6.07054E-04 , -6.56276E-03 ,  3.33815E-08 ,  3.29450E-07 ,  4.53010E-08 ,  4.11439E-10 ,  6.56815E-04 ,  6.06345E-05 , -3.01999E-02 
    5231 ,  7.99265E-01 ,  9.26954E+00 ,  6.20714E-04 , -6.71728E-03 ,  3.38435E-08 ,  3.27265E-07 ,  4.58434E-08 ,  4.09032E-10 ,  6.72273E-04 ,  6.19960E-05 , -3.09189E-02 
    5241 ,  8.00841E-01 ,  9.26954E+00 ,  6.31637E-04 , -6.81487E-03 ,  3.34789E-08 ,  3.25571E-07 ,  4.62432E-08 ,  4.21769E-10 ,  6.82032E-04 ,  6.30899E-05 , -3.13476E-02 
    5251 ,  8.02418E-01 ,  9.26954E+00 ,  6.38903E-04 , -6.84957E-03 ,  3.24425E-08 ,  3.24700E-07 ,  4.64939E-08 ,  3.09247E-10 ,  6.85499E-04 ,  6.38183E-05 , -3.14618E-02 
    5261 ,  8.03993E-01 ,  9.26954E+00 ,  6.43370E-04 , -6.81359E-03 ,  3.07156E-08 ,  3.24704E-07 ,  4.65862E-08 ,  2.91771E-10 ,  6.81876E-04 ,  6.42703E-05 , -3.11993E-02 
    5271 ,  8.05568E-01 ,  9.26954E+00 ,  6.41047E-04 , -6.71831E-03 ,  2.86740E-08 ,  3.25633E-07 ,  4.65157E-08 ,  1.90994E-10 ,  6.72311E-04 ,  6.40468E-05 , -3.06897E-02 
    5281 ,  8.07144E-01 ,  9.26954E+00 ,  6.38299E-04 , -6.59280E-03 ,  2.67228E-08 ,  3.27266E-07 ,  4.63569E-08 ,  1.96143E-10 ,  6.59736E-04 ,  6.37803E-05 , -2.99991E-02 
    5291 ,  8.08717E-01 ,  9.26954E+00 ,  6.35392E-04 , -6.46046E-03 ,  2.51340E-08 ,  3.29279E-07 ,  4.61550E-08 ,  2.56785E-10 ,  6.46488E-04 ,  6.34956E-05 , -2.92621E-02 
    5301 ,  8.10291E-01 ,  9.26954E+00 ,  6.31934E-04 , -6.34166E-03 ,  2.40886E-08 ,  3.31343E-07 ,  4.59849E-08 ,  1.95954E-10 ,  6.34588E-04 ,  6.31525E-05 , -2.86076E-02 
    5311 ,  8.11864E-01 ,  9.26954E+00 ,  6.29896E-04 , -6.24842E-03 ,  2.35402E-08 ,  3.33117E-07 ,  4.58684E-08 ,  1.11964E-10 ,  6.25248E-04 ,  6.29514E-05 , -2.80778E-02 
    5321 ,  8.13437E-01 ,  9.26954E+00 ,  6.28357E-04 , -6.19173E-03 ,  2.35363E-08 ,  3.34322E-07 ,  4.58674E-08 ,  9.74930E-11 ,  6.19588E-04 ,  6.28000E-05 , -2.77550E-02 
    5331 ,  8.15010E-01 ,  9.26954E+00 ,  6.30054E-04 , -6.17362E-03 ,  2.39385E-08 ,  3.34961E-07 ,  4.59870E-08 ,  1.73318E-10 ,  6.17787E-04 ,  6.29665E-05 , -2.76088E-02 
    5341 ,  8.16584E-01 ,  9.26954E+00 ,  6.30216E-04 , -6.17937E-03 ,  2.44967E-08 ,  3.35053E-07 ,  4.62171E-08 ,  2.22434E-10 ,  6.18359E-04 ,  6.29839E-05 , -2.76324E-02 
    5351 ,  8.18157E-01 ,  9.26954E+00 ,  6.28654E-04 , -6.19838E-03 ,  2.50248E-08 ,  3.34625E-07 ,  4.65217E-08 ,  1.60263E-10 ,  6.20285E-04 ,  6.28232E-05 , -2.77667E-02 
    5361 ,  8.19732E-01 ,  9.26954E+00 ,  6.27479E-04 , -6.22080E-03 ,  2.53922E-08 ,  3.33917E-07 ,  4.68207E-08 ,  2.03447E-10 ,  6.22533E-04 ,  6.27014E-05 , -2.79187E-02 
    5371 ,  8.21306E-01 ,  9.26954E+00 ,  6.23121E-04 , -6.22903E-03 ,  2.54410E-08 ,  3.33261E-07 ,  4.70694E-08 ,  1.84413E-10 ,  6.23329E-04 ,  6.22656E-05 , -2.80420E-02 
    5381 ,  8.22881E-01 ,  9.26954E+00 ,  6.15653E-04 , -6.21505E-03 ,  2.51235E-08 ,  3.32876E-07 ,  4.72159E-08 ,  2.44892E-10 ,  6.21957E-04 ,  6.15237E-05 , -2.80862E-02 
    5391 ,  8.24454E-01 ,  9.26954E+00 ,  6.08839E-04 , -6.18352E-03 ,  2.46393E-08 ,  3.33002E-07 ,  4.72472E-08 ,  2.07697E-10 ,  6.18767E-04 ,  6.08393E-05 , -2.80146E-02 
    5401 ,  8.26024E-01 ,  9.26954E+00 ,  5.99546E-04 , -6.14104E-03 ,  2.41834E-08 ,  3.33741E-07 ,  4.71775E-08 ,  1.68433E-10 ,  6.14492E-04 ,  5.99081E-05 , -2.79162E-02 
    5411 ,  8.27593E-01 ,  9.26954E+00 ,  5.91794E-04 , -6.09779E-03 ,  2.38270E-08 ,  3.34980E-07 ,  4.69807E-08 ,  1.78841E-10 ,  6.10160E-04 ,  5.91335E-05 , -2.77853E-02 
    5421 ,  8.29160E-01 ,  9.26954E+00 ,  5.87610E-04 , -6.06789E-03 ,  2.37358E-08 ,  3.36542E-07 ,  4.67880E-08 ,  2.23077E-10 ,  6.07163E-04 ,  5.87146E-05 , -2.76725E-02 
    5431 ,  8.30724E-01 ,  9.26954E+00 ,  5.86381E-04 , -6.06165E-03 ,  2.39885E-08 ,  3.38227E-07 ,  4.65869E-08 ,  1.59621E-10 ,  6.06563E-04 ,  5.85910E-05 , -2.76503E-02 
    5441 ,  8.32292E-01 ,  9.26954E+00 ,  5.90383E-04 , -6.09170E-03 ,  2.47176E-08 ,  3.39626E-07 ,  4.64642E-08 ,  1.39458E-10 ,  6.09605E-04 ,  5.90010E-05 , -2.77564E-02 
    5451 ,  8.33857E-01 ,  9.26954E+00 ,  5.95926E-04 , -6.13753E-03 ,  2.54516E-08 ,  3.40562E-07 ,  4.64451E-08 ,  1.92994E-10 ,  6.14192E-04 ,  5.95510E-05 , -2.79342E-02 
    5461 ,  8.35426E-01 ,  9.26954E+00 ,  6.02511E-04 , -6.20183E-03 ,  2.62775E-08 ,  3.41054E-07 ,  4.65163E-08 ,  2.77794E-10 ,  6.20624E-04 ,  6.02020E-05 , -2.82069E-02 
    5471 ,  8.36993E-01 ,  9.26954E+00 ,  6.08794E-04 , -6.26430E-03 ,  2.68498E-08 ,  3.40921E-07 ,  4.66636E-08 ,  2.67284E-10 ,  6.26898E-04 ,  6.08260E-05 , -2.84778E-02 
    5481 ,  8.38564E-01 ,  9.26954E+00 ,  6.12771E-04 , -6.31002E-03 ,  2.70387E-08 ,  3.40242E-07 ,  4.68369E-08 ,  2.13945E-10 ,  6.31451E-04 ,  6.12215E-05 , -2.86907E-02 
    5491 ,  8.40135E-01 ,  9.26954E+00 ,  6.12401E-04 , -6.32431E-03 ,  2.67415E-08 ,  3.39235E-07 ,  4.69889E-08 ,  1.51442E-10 ,  6.32877E-04 ,  6.11873E-05 , -2.87905E-02 
    5501 ,  8.41706E-01 ,  9.26954E+00 ,  6.04618E-04 , -6.29220E-03 ,  2.58872E-08 ,  3.38230E-07 ,  4.70092E-08 ,  2.84323E-10 ,  6.29662E-04 ,  6.04153E-05 , -2.87369E-02 
    5511 ,  8.43279E-01 ,  9.26954E+00 ,  5.92756E-04 , -6.21194E-03 ,  2.45661E-08 ,  3.37623E-07 ,  4.68482E-08 ,  1.84959E-10 ,  6.21592E-04 ,  5.92454E-05 , -2.84622E-02 
    5521 ,  8.44852E-01 ,  9.26954E+00 ,  5.75098E-04 , -6.09140E-03 ,  2.30386E-08 ,  3.37583E-07 ,  4.64953E-08 ,  1.37546E-10 ,  6.09515E-04 ,  5.74649E-05 , -2.80386E-02 
    5531 ,  8.46426E-01 ,  9.26954E+00 ,  5.60556E-04 , -5.95241E-03 ,  2.15682E-08 ,  3.38218E-07 ,  4.59358E-08 ,  1.23710E-10 ,  5.95585E-04 ,  5.60117E-05 , -2.74480E-02 
    5541 ,  8.47998E-01 ,  9.26954E+00 ,  5.43044E-04 , -5.81025E-03 ,  2.03999E-08 ,  3.39590E-07 ,  4.52789E-08 ,  2.39324E-11 ,  5.81344E-04 ,  5.42581E-05 , -2.68814E-02 
    5551 ,  8.49570E-01 ,  9.26954E+00 ,  5.34957E-04 , -5.69510E-03 ,  1.97232E-08 ,  3.41496E-07 ,  4.45440E-08 ,  3.46623E-11 ,  5.69855E-04 ,  5.34621E-05 , -2.63155E-02 
    5561 ,  8.51143E-01 ,  9.26954E+00 ,  5.30794E-04 , -5.62095E-03 ,  1.97241E-08 ,  3.43683E-07 ,  4.38407E-08 ,  1.65369E-10 ,  5.62425E-04 ,  5.30398E-05 , -2.59253E-02 
    5571 ,  8.52716E-01 ,  9.26954E+00 ,  5.37068E-04 , -5.60187E-03 ,  2.03295E-08 ,  3.45829E-07 ,  4.33000E-08 ,  1.05055E-10 ,  5.60543E-04 ,  5.36750E-05 , -2.56905E-02 
    5581 ,  8.54288E-01 ,  9.26954E+00 ,  5.46312E-04 , -5.63262E-03 ,  2.14013E-08 ,  3.47505E-07 ,  4.29888E-08 ,  3.67379E-11 ,  5.63620E-04 ,  5.46003E-05 , -2.57059E-02 
    5591 ,  8.55857E-01 ,  9.26954E+00 ,  5.65437E-04 , -5.71783E-03 ,  2.28547E-08 ,  3.48469E-07 ,  4.29454E-08 ,  9.57242E-11 ,  5.72171E-04 ,  5.65062E-05 , -2.58864E-02 
    5601 ,  8.57427E-01 ,  9.26954E+00 ,  5.82992E-04 , -5.81895E-03 ,  2.40889E-08 ,  3.48711E-07 ,  4.31740E-08 ,  9.24504E-11 ,  5.82326E-04 ,  5.82627E-05 , -2.61951E-02 
    5611 ,  8.58999E-01 ,  9.26954E+00 ,  6.01368E-04 , -5.92949E-03 ,  2.51252E-08 ,  3.48162E-07 ,  4.35933E-08 ,  9.41621E-11 ,  5.93402E-04 ,  6.00996E-05 , -2.65521E-02 
    5621 ,  8.60569E-01 ,  9.26954E+00 ,  6.13610E-04 , -6.01591E-03 ,  2.55555E-08 ,  3.46990E-07 ,  4.41665E-08 ,  6.85789E-11 ,  6.02069E-04 ,  6.13222E-05 , -2.68728E-02 
    5631 ,  8.62139E-01 ,  9.26954E+00 ,  6.20609E-04 , -6.06868E-03 ,  2.54611E-08 ,  3.45476E-07 ,  4.47592E-08 ,  2.01835E-10 ,  6.07318E-04 ,  6.20257E-05 , -2.70827E-02 
    5641 ,  8.63710E-01 ,  9.26954E+00 ,  6.20718E-04 , -6.07124E-03 ,  2.47304E-08 ,  3.44004E-07 ,  4.53076E-08 ,  2.21335E-10 ,  6.07543E-04 ,  6.20334E-05 , -2.71085E-02 
    5651 ,  8.65282E-01 ,  9.26954E+00 ,  6.14180E-04 , -6.02865E-03 ,  2.36612E-08 ,  3.42987E-07 ,  4.56940E-08 ,  3.04474E-10 ,  6.03250E-04 ,  6.13794E-05 , -2.69723E-02 
    5661 ,  8.66853E-01 ,  9.26954E+00 ,  6.03826E-04 , -5.95135E-03 ,  2.24511E-08 ,  3.42688E-07 ,  4.59237E-08 ,  3.04365E-10 ,  5.95525E-04 ,  6.03451E-05 , -2.66876E-02 
    5671 ,  8.68421E-01 ,  9.26954E+00 ,  5.92074E-04 , -5.86821E-03 ,  2.15503E-08 ,  3.43093E-07 ,  4.59806E-08 ,  2.81047E-10 ,  5.87193E-04 ,  5.91792E-05 , -2.63848E-02 
    5681 ,  8.69990E-01 ,  9.26954E+00 ,  5.81635E-04 , -5.80389E-03 ,  2.12206E-08 ,  3.44226E-07 ,  4.59426E-08 ,  2.81327E-10 ,  5.80745E-04 ,  5.81279E-05 , -2.61664E-02 
    5691 ,  8.71560E-01 ,  9.26954E+00 ,  5.75338E-04 , -5.77377E-03 ,  2.14940E-08 ,  3.45914E-07 ,  4.58631E-08 ,  2.90123E-10 ,  5.77761E-04 ,  5.75018E-05 , -2.60796E-02 
    5701 ,  8.73129E-01 ,  9.26954E+00 ,  5.73729E-04 , -5.78389E-03 ,  2.22529E-08 ,  3.47865E-07 ,  4.58066E-08 ,  2.82916E-10 ,  5.78800E-04 ,  5.73395E-05 , -2.61545E-02 
    5711 ,  8.74695E-01 ,  9.26954E+00 ,  5.75447E-04 , -5.83818E-03 ,  2.34693E-08 ,  3.49722E-07 ,  4.58305E-08 ,  3.12713E-10 ,  5.84228E-04 ,  5.75014E-05 , -2.64389E-02 
    5721 ,  8.76258E-01 ,  9.26954E+00 ,  5.80599E-04 , -5.91903E-03 ,  2.47273E-08 ,  3.51177E-07 ,  4.59628E-08 ,  3.90955E-10 ,  5.92331E-04 ,  5.80124E-05 , -2.68294E-02 
    5731 ,  8.77823E-01 ,  9.26954E+00 ,  5.87565E-04 , -6.02645E-03 ,  2.60993E-08 ,  3.51920E-07 ,  4.61858E-08 ,  2.90839E-10 ,  6.03092E-04 ,  5.87145E-05 , -2.73517E-02 
    5741 ,  8.79386E-01 ,  9.26954E+00 ,  5.94295E-04 , -6.13059E-03 ,  2.70702E-08 ,  3.51963E-07 ,  4.64658E-08 ,  3.42941E-10 ,  6.13554E-04 ,  5.93865E-05 , -2.78649E-02 
    5751 ,  8.80951E-01 ,  9.26954E+00 ,  5.95517E-04 , -6.21333E-03 ,  2.75873E-08 ,  3.51316E-07 ,  4.67468E-08 ,  4.14792E-10 ,  6.21820E-04 ,  5.95102E-05 , -2.83458E-02 
    5761 ,  8.82518E-01 ,  9.26954E+00 ,  5.97118E-04 , -6.25862E-03 ,  2.74179E-08 ,  3.50110E-07 ,  4.69602E-08 ,  5.36623E-10 ,  6.26349E-04 ,  5.96622E-05 , -2.86016E-02 
    5771 ,  8.84085E-01 ,  9.26954E+00 ,  5.93000E-04 , -6.25427E-03 ,  2.66456E-08 ,  3.48630E-07 ,  4.70375E-08 ,  6.71354E-10 ,  6.25885E-04 ,  5.92405E-05 , -2.86569E-02 
    5781 ,  8.85655E-01 ,  9.26954E+00 ,  5.84365E-04 , -6.20316E-03 ,  2.54790E-08 ,  3.47233E-07 ,  4.69207E-08 ,  6.59588E-10 ,  6.20722E-04 ,  5.83763E-05 , -2.85059E-02 
    5791 ,  8.87226E-01 ,  9.26954E+00 ,  5.72991E-04 , -6.10031E-03 ,  2.38383E-08 ,  3.46336E-07 ,  4.65947E-08 ,  6.25184E-10 ,  6.10445E-04 ,  5.72538E-05 , -2.80893E-02 
    5801 ,  8.88797E-01 ,  9.26954E+00 ,  5.58584E-04 , -5.95889E-03 ,  2.20454E-08 ,  3.46249E-07 ,  4.60781E-08 ,  6.16645E-10 ,  5.96249E-04 ,  5.58100E-05 , -2.74879E-02 
    5811 ,  8.90369E-01 ,  9.26954E+00 ,  5.43803E-04 , -5.79660E-03 ,  2.03054E-08 ,  3.47095E-07 ,  4.53944E-08 ,  5.74459E-10 ,  5.79991E-04 ,  5.43355E-05 , -2.67625E-02 
    5821 ,  8.91942E-01 ,  9.26954E+00 ,  5.30224E-04 , -5.63657E-03 ,  1.89218E-08 ,  3.48813E-07 ,  4.46413E-08 ,  6.15173E-10 ,  5.63978E-04 ,  5.29875E-05 , -2.60243E-02 
    5831 ,  8.93512E-01 ,  9.26954E+00 ,  5.20322E-04 , -5.48937E-03 ,  1.78521E-08 ,  3.51197E-07 ,  4.38282E-08 ,  5.28515E-10 ,  5.49220E-04 ,  5.19969E-05 , -2.52981E-02 
    5841 ,  8.95083E-01 ,  9.26954E+00 ,  5.16112E-04 , -5.38156E-03 ,  1.74321E-08 ,  3.53909E-07 ,  4.30688E-08 ,  6.70998E-10 ,  5.38432E-04 ,  5.15817E-05 , -2.47084E-02 
    5851 ,  8.96652E-01 ,  9.26954E+00 ,  5.14219E-04 , -5.31141E-03 ,  1.75090E-08 ,  3.56544E-07 ,  4.24400E-08 ,  6.49764E-10 ,  5.31437E-04 ,  5.13949E-05 , -2.43032E-02 
    5861 ,  8.98219E-01 ,  9.26954E+00 ,  5.19688E-04 , -5.29153E-03 ,  1.81282E-08 ,  3.58699E-07 ,  4.19674E-08 ,  5.91216E-10 ,  5.29473E-04 ,  5.19432E-05 , -2.40761E-02 
    5871 ,  8.99783E-01 ,  9.26954E+00 ,  5.28286E-04 , -5.31203E-03 ,  1.90500E-08 ,  3.60058E-07 ,  4.17233E-08 ,  7.28197E-10 ,  5.31529E-04 ,  5.27939E-05 , -2.40406E-02 
    5881 ,  9.01347E-01 ,  9.26954E+00 ,  5.40667E-04 , -5.39131E-03 ,  2.06144E-08 ,  3.60430E-07 ,  4.17554E-08 ,  6.76405E-10 ,  5.39494E-04 ,  5.40263E-05 , -2.42936E-02 
    5891 ,  9.02917E-01 ,  9.26954E+00 ,  5.56754E-04 , -5.50156E-03 ,  2.22211E-08 ,  3.59843E-07 ,  4.20255E-08 ,  6.30057E-10 ,  5.50568E-04 ,  5.56375E-05 , -2.46757E-02 
    5901 ,  9.04487E-01 ,  9.26954E+00 ,  5.72771E-04 , -5.64066E-03 ,  2.39370E-08 ,  3.58316E-07 ,  4.24992E-08 ,  7.02568E-10 ,  5.64498E-04 ,  5.72362E-05 , -2.52353E-02 
    5911 ,  9.06057E-01 ,  9.26954E+00 ,  5.88020E-04 , -5.79961E-03 ,  2.56346E-08 ,  3.56296E-07 ,  4.31498E-08 ,  6.81640E-10 ,  5.80435E-04 ,  5.87589E-05 , -2.59311E-02 
    5921 ,  9.07627E-01 ,  9.26954E+00 ,  6.02969E-04 , -5.96521E-03 ,  2.71222E-08 ,  3.54192E-07 ,  4.39267E-08 ,  7.75297E-10 ,  5.97007E-04 ,  6.02452E-05 , -2.66770E-02 
    5931 ,  9.09198E-01 ,  9.26954E+00 ,  6.14608E-04 , -6.13004E-03 ,  2.84322E-08 ,  3.52486E-07 ,  4.47647E-08 ,  8.76751E-10 ,  6.13497E-04 ,  6.14053E-05 , -2.74770E-02 
    5941 ,  9.10769E-01 ,  9.26954E+00 ,  6.25520E-04 , -6.28822E-03 ,  2.95100E-08 ,  3.51382E-07 ,  4.55998E-08 ,  8.56527E-10 ,  6.29329E-04 ,  6.24864E-05 , -2.82529E-02 
    5951 ,  9.12340E-01 ,  9.26954E+00 ,  6.34287E-04 , -6.42532E-03 ,  3.01964E-08 ,  3.51089E-07 ,  4.63814E-08 ,  7.90343E-10 ,  6.43039E-04 ,  6.33616E-05 , -2.89420E-02 
    5961 ,  9.13910E-01 ,  9.26954E+00 ,  6.41399E-04 , -6.54407E-03 ,  3.06759E-08 ,  3.51544E-07 ,  4.70939E-08 ,  7.29506E-10 ,  6.54909E-04 ,  6.40663E-05 , -2.95499E-02 
    5971 ,  9.15478E-01 ,  9.26954E+00 ,  6.46142E-04 , -6.63210E-03 ,  3.07552E-08 ,  3.52610E-07 ,  4.76855E-08 ,  8.36001E-10 ,  6.63753E-04 ,  6.45476E-05 , -3.00147E-02 
    5981 ,  9.17045E-01 ,  9.26954E+00 ,  6.50648E-04 , -6.69313E-03 ,  3.05944E-08 ,  3.53940E-07 ,  4.81649E-08 ,  8.31285E-10 ,  6.69839E-04 ,  6.50005E-05 , -3.03220E-02 
    5991 ,  9.18611E-01 ,  9.26954E+00 ,  6.53414E-04 , -6.72751E-03 ,  3.02276E-08 ,  3.55187E-07 ,  4.85402E-08 ,  8.50949E-10 ,  6.73282E-04 ,  6.52749E-05 , -3.04975E-02 
    6001 ,  9.20175E-01 ,  9.26954E+00 ,  6.55688E-04 , -6.73697E-03 ,  2.96618E-08 ,  3.56112E-07 ,  4.88402E-08 ,  8.75995E-10 ,  6.74217E-04 ,  6.55075E-05 , -3.05309E-02 
    6011 ,  9.21740E-01 ,  9.26954E+00 ,  6.55890E-04 , -6.73125E-03 ,  2.91295E-08 ,  3.56436E-07 ,  4.90612E-08 ,  8.18719E-10 ,  6.73625E-04 ,  6.55234E-05 , -3.05047E-02 
    6021 ,  9.23305E-01 ,  9.26954E+00 ,  6.54051E-04 , -6.70160E-03 ,  2.84122E-08 ,  3.56166E-07 ,  4.92248E-08 ,  7.79005E-10 ,  6.70626E-04 ,  6.53402E-05 , -3.03681E-02 
    6031 ,  9.24870E-01 ,  9.26954E+00 ,  6.48794E-04 , -6.65324E-03 ,  2.76239E-08 ,  3.55455E-07 ,  4.93110E-08 ,  6.01249E-10 ,  6.65763E-04 ,  6.48227E-05 , -3.01741E-02 
    6041 ,  9.26437E-01 ,  9.26954E+00 ,  6.40851E-04 , -6.59578E-03 ,  2.69082E-08 ,  3.54495E-07 ,  4.93187E-08 ,  7.02833E-10 ,  6.60037E-04 ,  6.40306E-05 , -2.99667E-02 
    6051 ,  9.28005E-01 ,  9.26954E+00 ,  6.28873E-04 , -6.51618E-03 ,  2.60258E-08 ,  3.53761E-07 ,  4.92214E-08 ,  7.44831E-10 ,  6.52054E-04 ,  6.28335E-05 , -2.96928E-02 
    6061 ,  9.29574E-01 ,  9.26954E+00 ,  6.16739E-04 , -6.42671E-03 ,  2.51598E-08 ,  3.53503E-07 ,  4.89841E-08 ,  6.84617E-10 ,  6.43104E-04 ,  6.16219E-05 , -2.93599E-02 
    6071 ,  9.31142E-01 ,  9.26954E+00 ,  6.00136E-04 , -6.32112E-03 ,  2.42041E-08 ,  3.53903E-07 ,  4.86189E-08 ,  6.34457E-10 ,  6.32518E-04 ,  5.99631E-05 , -2.90031E-02 
    6081 ,  9.32711E-01 ,  9.26954E+00 ,  5.85031E-04 , -6.21617E-03 ,  2.34019E-08 ,  3.55008E-07 ,  4.81512E-08 ,  7.22918E-10 ,  6.21996E-04 ,  5.84488E-05 , -2.86224E-02 
    6091 ,  9.34280E-01 ,  9.26954E+00 ,  5.71073E-04 , -6.11308E-03 ,  2.26847E-08 ,  3.56647E-07 ,  4.75437E-08 ,  6.39198E-10 ,  6.11676E-04 ,  5.70600E-05 , -2.82319E-02 
    6101 ,  9.35849E-01 ,  9.26954E+00 ,  5.61722E-04 , -6.02224E-03 ,  2.21597E-08 ,  3.58618E-07 ,  4.68878E-08 ,  5.77011E-10 ,  6.02582E-04 ,  5.61251E-05 , -2.78368E-02 
    6111 ,  9.37417E-01 ,  9.26954E+00 ,  5.56080E-04 , -5.95409E-03 ,  2.19550E-08 ,  3.60501E-07 ,  4.62237E-08 ,  5.41472E-10 ,  5.95759E-04 ,  5.55669E-05 , -2.75140E-02 
    6121 ,  9.38986E-01 ,  9.26954E+00 ,  5.55797E-04 , -5.91864E-03 ,  2.21488E-08 ,  3.62086E-07 ,  4.56278E-08 ,  5.43559E-10 ,  5.92234E-04 ,  5.55370E-05 , -2.72966E-02 
    6131 ,  9.40552E-01 ,  9.26954E+00 ,  5.61913E-04 , -5.91345E-03 ,  2.25557E-08 ,  3.63076E-07 ,  4.51685E-08 ,  5.09033E-10 ,  5.91730E-04 ,  5.61484E-05 , -2.71556E-02 
    6141 ,  9.42118E-01 ,  9.26954E+00 ,  5.71379E-04 , -5.93798E-03 ,  2.31905E-08 ,  3.63439E-07 ,  4.48857E-08 ,  4.87751E-10 ,  5.94168E-04 ,  5.70855E-05 , -2.71385E-02 
    6151 ,  9.43682E-01 ,  9.26954E+00 ,  5.83335E-04 , -5.98591E-03 ,  2.39066E-08 ,  3.63265E-07 ,  4.47698E-08 ,  4.30377E-10 ,  5.98989E-04 ,  5.82840E-05 , -2.72226E-02 
    6161 ,  9.45246E-01 ,  9.26954E+00 ,  5.99851E-04 , -6.05664E-03 ,  2.47063E-08 ,  3.62617E-07 ,  4.48577E-08 ,  4.45945E-10 ,  6.06085E-04 ,  5.99387E-05 , -2.73704E-02 
    6171 ,  9.46814E-01 ,  9.26954E+00 ,  6.12403E-04 , -6.13245E-03 ,  2.54307E-08 ,  3.61818E-07 ,  4.51169E-08 ,  4.14964E-10 ,  6.13690E-04 ,  6.11874E-05 , -2.76167E-02 
    6181 ,  9.48383E-01 ,  9.26954E+00 ,  6.25110E-04 , -6.20047E-03 ,  2.58380E-08 ,  3.61160E-07 ,  4.54946E-08 ,  2.89286E-10 ,  6.20499E-04 ,  6.24622E-05 , -2.78182E-02 
    6191 ,  9.49950E-01 ,  9.26954E+00 ,  6.33382E-04 , -6.24669E-03 ,  2.58612E-08 ,  3.60887E-07 ,  4.59125E-08 ,  2.85873E-10 ,  6.25148E-04 ,  6.32929E-05 , -2.79658E-02 
    6201 ,  9.51518E-01 ,  9.26954E+00 ,  6.37287E-04 , -6.26890E-03 ,  2.56000E-08 ,  3.61111E-07 ,  4.63409E-08 ,  2.75654E-10 ,  6.27369E-04 ,  6.36968E-05 , -2.80428E-02 
    6211 ,  9.53087E-01 ,  9.26954E+00 ,  6.37535E-04 , -6.26013E-03 ,  2.50192E-08 ,  3.61768E-07 ,  4.66898E-08 ,  2.56388E-10 ,  6.26456E-04 ,  6.37167E-05 , -2.79955E-02 
    6221 ,  9.54656E-01 ,  9.26954E+00 ,  6.30054E-04 , -6.21787E-03 ,  2.41838E-08 ,  3.62791E-07 ,  4.69594E-08 ,  3.58931E-10 ,  6.22228E-04 ,  6.29692E-05 , -2.78742E-02 
    6231 ,  9.56225E-01 ,  9.26954E+00 ,  6.24506E-04 , -6.15580E-03 ,  2.32530E-08 ,  3.64015E-07 ,  4.71179E-08 ,  3.91583E-10 ,  6.16004E-04 ,  6.24167E-05 , -2.76004E-02 
    6241 ,  9.57793E-01 ,  9.26954E+00 ,  6.14305E-04 , -6.07767E-03 ,  2.23946E-08 ,  3.65131E-07 ,  4.71504E-08 ,  3.40316E-10 ,  6.08169E-04 ,  6.13984E-05 , -2.73035E-02 
    6251 ,  9.59359E-01 ,  9.26954E+00 ,  6.03663E-04 , -5.99564E-03 ,  2.16662E-08 ,  3.66041E-07 ,  4.70791E-08 ,  3.26873E-10 ,  5.99953E-04 ,  6.03345E-05 , -2.69871E-02 
    6261 ,  9.60925E-01 ,  9.26954E+00 ,  5.93816E-04 , -5.92807E-03 ,  2.13366E-08 ,  3.66619E-07 ,  4.69690E-08 ,  2.02721E-10 ,  5.93165E-04 ,  5.93521E-05 , -2.67397E-02 
    6271 ,  9.62489E-01 ,  9.26954E+00 ,  5.85351E-04 , -5.87840E-03 ,  2.12951E-08 ,  3.66884E-07 ,  4.68158E-08 ,  1.56966E-10 ,  5.88215E-04 ,  5.85064E-05 , -2.65741E-02 
    6281 ,  9.64054E-01 ,  9.26954E+00 ,  5.77954E-04 , -5.85360E-03 ,  2.16148E-08 ,  3.66967E-07 ,  4.66634E-08 ,  1.92411E-10 ,  5.85744E-04 ,  5.77618E-05 , -2.65375E-02 
    6291 ,  9.65618E-01 ,  9.26954E+00 ,  5.74985E-04 , -5.84928E-03 ,  2.20583E-08 ,  3.66942E-07 ,  4.65205E-08 ,  2.88696E-10 ,  5.85313E-04 ,  5.74632E-05 , -2.65513E-02 
    6301 ,  9.67182E-01 ,  9.26954E+00 ,  5.71397E-04 , -5.86176E-03 ,  2.26184E-08 ,  3.66993E-07 ,  4.64204E-08 ,  2.05116E-10 ,  5.86591E-04 ,  5.71036E-05 , -2.66766E-02 
    6311 ,  9.68745E-01 ,  9.26954E+00 ,  5.67891E-04 , -5.88205E-03 ,  2.31503E-08 ,  3.67233E-07 ,  4.63281E-08 ,  1.71724E-10 ,  5.88606E-04 ,  5.67530E-05 , -2.68492E-02 
    6321 ,  9.70308E-01 ,  9.26954E+00 ,  5.65921E-04 , -5.89491E-03 ,  2.33470E-08 ,  3.67669E-07 ,  4.62589E-08 ,  2.29709E-10 ,  5.89901E-04 ,  5.65550E-05 , -2.69560E-02 
    6331 ,  9.71872E-01 ,  9.26954E+00 ,  5.62211E-04 , -5.89673E-03 ,  2.33167E-08 ,  3.68257E-07 ,  4.61397E-08 ,  2.40275E-10 ,  5.90060E-04 ,  5.61826E-05 , -2.70277E-02 
    6341 ,  9.73437E-01 ,  9.26954E+00 ,  5.57910E-04 , -5.89607E-03 ,  2.33024E-08 ,  3.68918E-07 ,  4.59888E-08 ,  3.32625E-10 ,  5.89979E-04 ,  5.57441E-05 , -2.70939E-02 
    6351 ,  9.75003E-01 ,  9.26954E+00 ,  5.55650E-04 , -5.87976E-03 ,  2.30162E-08 ,  3.69553E-07 ,  4.57796E-08 ,  5.43523E-10 ,  5.88386E-04 ,  5.55223E-05 , -2.70342E-02 
    6361 ,  9.76569E-01 ,  9.26954E+00 ,  5.53795E-04 , -5.85578E-03 ,  2.26863E-08 ,  3.70105E-07 ,  4.54951E-08 ,  5.04206E-10 ,  5.85988E-04 ,  5.53377E-05 , -2.69216E-02 
    6371 ,  9.78135E-01 ,  9.26954E+00 ,  5.51818E-04 , -5.83502E-03 ,  2.25205E-08 ,  3.70447E-07 ,  4.51936E-08 ,  5.19455E-10 ,  5.83911E-04 ,  5.51411E-05 , -2.68283E-02 
    6381 ,  9.79701E-01 ,  9.26954E+00 ,  5.53155E-04 , -5.82195E-03 ,  2.24716E-08 ,  3.70680E-07 ,  4.48973E-08 ,  4.80514E-10 ,  5.82612E-04 ,  5.52818E-05 , -2.67253E-02 
    6391 ,  9.81267E-01 ,  9.26954E+00 ,  5.56939E-04 , -5.82483E-03 ,  2.26703E-08 ,  3.70742E-07 ,  4.46572E-08 ,  5.23505E-10 ,  5.82907E-04 ,  5.56576E-05 , -2.66759E-02 
    6401 ,  9.82833E-01 ,  9.26954E+00 ,  5.61405E-04 , -5.84759E-03 ,  2.31317E-08 ,  3.70745E-07 ,  4.44715E-08 ,  5.21987E-10 ,  5.85204E-04 ,  5.61046E-05 , -2.67331E-02 
    6411 ,  9.84398E-01 ,  9.26954E+00 ,  5.69437E-04 , -5.88817E-03 ,  2.36988E-08 ,  3.70757E-07 ,  4.44176E-08 ,  3.96694E-10 ,  5.89280E-04 ,  5.69108E-05 , -2.68391E-02 
    6421 ,  9.85963E-01 ,  9.26954E+00 ,  5.78420E-04 , -5.93946E-03 ,  2.42827E-08 ,  3.70816E-07 ,  4.44861E-08 ,  4.04530E-10 ,  5.94397E-04 ,  5.78002E-05 , -2.69953E-02 
    6431 ,  9.87527E-01 ,  9.26954E+00 ,  5.89178E-04 , -6.00370E-03 ,  2.49220E-08 ,  3.70982E-07 ,  4.46520E-08 ,  3.31977E-10 ,  6.00828E-04 ,  5.88731E-05 , -2.72009E-02 
    6441 ,  9.89091E-01 ,  9.26954E+00 ,  5.96405E-04 , -6.05586E-03 ,  2.52208E-08 ,  3.71142E-07 ,  4.49229E-08 ,  4.75979E-10 ,  6.06035E-04 ,  5.95939E-05 , -2.73965E-02 
    6451 ,  9.90651E-01 ,  9.26954E+00 ,  6.05176E-04 , -6.10240E-03 ,  2.53396E-08 ,  3.71410E-07 ,  4.52299E-08 ,  4.84766E-10 ,  6.10695E-04 ,  6.04704E-05 , -2.75350E-02 
    6461 ,  9.92217E-01 ,  9.26954E+00 ,  6.10935E-04 , -6.14035E-03 ,  2.54113E-08 ,  3.71623E-07 ,  4.55742E-08 ,  4.77512E-10 ,  6.14509E-04 ,  6.10486E-05 , -2.76719E-02 
    6471 ,  9.93783E-01 ,  9.26954E+00 ,  6.14285E-04 , -6.15508E-03 ,  2.51543E-08 ,  3.71784E-07 ,  4.58902E-08 ,  4.05489E-10 ,  6.15984E-04 ,  6.13839E-05 , -2.77118E-02 
    6481 ,  9.95350E-01 ,  9.26954E+00 ,  6.15167E-04 , -6.14949E-03 ,  2.47068E-08 ,  3.71822E-07 ,  4.61497E-08 ,  3.95805E-10 ,  6.15404E-04 ,  6.14715E-05 , -2.76710E-02 
    6491 ,  9.96917E-01 ,  9.26954E+00 ,  6.13315E-04 , -6.12628E-03 ,  2.41602E-08 ,  3.71948E-07 ,  4.63568E-08 ,  2.52244E-10 ,  6.13072E-04 ,  6.12915E-05 , -2.75691E-02 
    6501 ,  9.98484E-01 ,  9.26954E+00 ,  6.08786E-04 , -6.08710E-03 ,  2.35469E-08 ,  3.72225E-07 ,  4.64617E-08 ,  3.33469E-10 ,  6.09126E-04 ,  6.08419E-05 , -2.74146E-02 
    6511 ,  1.00005E+00 ,  9.26954E+00 ,  6.04174E-04 , -6.03644E-03 ,  2.28838E-08 ,  3.72760E-07 ,  4.65026E-08 ,  3.81933E-10 ,  6.04071E-04 ,  6.03842E-05 , -2.71913E-02 
    6521 ,  1.00162E+00 ,  9.26954E+00 ,  5.97702E-04 , -5.97734E-03 ,  2.22715E-08 ,  3.73453E-07 ,  4.65042E-08 ,  3.31630E-10 ,  5.98142E-04 ,  5.97363E-05 , -2.69459E-02 
    6531 ,  1.00318E+00 ,  9.26954E+00 ,  5.90201E-04 , -5.90309E-03 ,  2.15053E-08 ,  3.74402E-07 ,  4.64212E-08 ,  3.71769E-10 ,  5.90711E-04 ,  5.89829E-05 , -2.66263E-02 
