   ITER        TIME        AREA        FPRE_X        FPRE_Y        FPRE_Z        FTAU_X        FTAU_Y        FTAU_Z
       0 ,  0.00000E+00 ,  1.25200E+01 ,  0.00000E+00 ,  0.00000E+00 ,  0.00000E+00 , -1.01554E-10 ,  1.02912E-11 ,  9.26587E-11 ,  1.29740E-10 ,  9.10724E-10 , -3.69747E-10 
       1 ,  1.81485E-04 ,  1.25200E+01 ,  9.64379E-04 , -7.54303E-03 , -6.54804E-08 , -2.59353E-10 ,  4.13722E-10 ,  9.26823E-11 ,  7.53163E-04 ,  9.66041E-05 , -3.97417E-02 
      11 ,  1.72985E-03 ,  1.25200E+01 ,  1.18993E-02 , -6.69990E-02 , -3.29988E-08 ,  7.42600E-09 ,  1.88433E-09 ,  9.26849E-11 ,  6.69918E-03 ,  1.18976E-03 , -3.31058E-01 
      21 ,  3.02095E-03 ,  1.25200E+01 ,  2.93660E-02 , -1.26742E-01 , -1.72738E-08 ,  1.48825E-08 ,  4.40150E-09 ,  9.26538E-11 ,  1.26737E-02 ,  2.93634E-03 , -6.29667E-01 
      31 ,  4.12781E-03 ,  1.25200E+01 ,  5.12633E-02 , -1.82369E-01 ,  7.39087E-08 ,  2.09304E-08 ,  6.82571E-09 ,  9.25661E-11 ,  1.82375E-02 ,  5.12625E-03 , -8.91986E-01 
      41 ,  5.11715E-03 ,  1.25200E+01 ,  7.30418E-02 , -2.26347E-01 ,  1.96958E-08 ,  2.59857E-08 ,  9.16067E-09 ,  9.25123E-11 ,  2.26354E-02 ,  7.30414E-03 , -1.06308E+00 
      51 ,  6.01861E-03 ,  1.25200E+01 ,  9.33625E-02 , -2.56764E-01 ,  4.35020E-08 ,  3.01623E-08 ,  1.14542E-08 ,  9.25486E-11 ,  2.56774E-02 ,  9.33596E-03 , -1.16296E+00 
      61 ,  6.87802E-03 ,  1.25200E+01 ,  1.10953E-01 , -2.74133E-01 ,  7.68334E-08 ,  3.37971E-08 ,  1.37206E-08 ,  9.25885E-11 ,  2.74148E-02 ,  1.10954E-02 , -1.21279E+00 
      71 ,  7.74938E-03 ,  1.25200E+01 ,  9.80105E-02 , -2.90936E-01 ,  1.03985E-07 ,  3.55455E-08 ,  1.61311E-08 ,  9.26878E-11 ,  2.90951E-02 ,  9.80202E-03 , -1.26121E+00 
      81 ,  8.65879E-03 ,  1.25200E+01 , -5.21044E+00 , -3.66172E-01 ,  3.81463E-06 , -3.77892E-08 ,  1.76917E-08 ,  9.17827E-11 ,  3.66277E-02 , -5.20998E-01 , -1.50462E+00 
      91 ,  9.63269E-03 ,  1.25200E+01 , -1.78871E+01 , -7.81423E-01 ,  9.71875E-06 ,  9.04774E-08 ,  2.06623E-08 ,  8.66823E-11 ,  7.81865E-02 , -1.78858E+00 , -2.93027E+00 
     101 ,  1.06287E-02 ,  1.25200E+01 , -1.69915E+01 , -1.13430E+00 ,  6.23924E-06 ,  3.50300E-07 ,  3.14617E-08 ,  8.59471E-11 ,  1.13467E-01 , -1.69907E+00 , -4.27080E+00 
     111 ,  1.16552E-02 ,  1.25200E+01 , -9.28011E+00 , -2.44566E+00 ,  3.74916E-06 ,  4.66831E-07 ,  2.48356E-08 ,  8.58667E-11 ,  2.44503E-01 , -9.28003E-01 , -9.78142E+00 
     121 ,  1.27731E-02 ,  1.25200E+01 , -6.39463E+00 , -7.40564E+00 ,  1.10506E-05 ,  4.01054E-07 ,  2.49107E-08 ,  8.62176E-11 ,  7.40287E-01 , -6.39487E-01 , -3.17339E+01 
     131 ,  1.38904E-02 ,  1.25200E+01 , -1.03804E+01 , -1.49498E+01 ,  1.30695E-05 ,  4.13450E-07 ,  1.10500E-07 ,  8.11178E-11 ,  1.49473E+00 , -1.03802E+00 , -6.94629E+01 
     141 ,  1.50204E-02 ,  1.25200E+01 , -6.29113E+00 , -2.13587E+01 ,  1.14273E-05 ,  5.54702E-07 ,  2.66338E-07 ,  6.24358E-11 ,  2.13570E+00 , -6.29078E-01 , -1.07763E+02 
     151 ,  1.61439E-02 ,  1.25200E+01 ,  2.79896E+00 , -2.20123E+01 ,  1.05335E-05 ,  5.68163E-07 ,  4.93800E-07 ,  6.32527E-11 ,  2.20109E+00 ,  2.79893E-01 , -1.15096E+02 
     161 ,  1.72599E-02 ,  1.25200E+01 ,  9.75952E+00 , -1.11207E+01 ,  1.61131E-07 ,  4.96820E-07 ,  7.19927E-07 ,  7.55882E-11 ,  1.11211E+00 ,  9.75952E-01 , -6.01243E+01 
     171 ,  1.83722E-02 ,  1.25200E+01 ,  1.30504E+01 ,  8.93775E+00 , -1.18671E-05 ,  3.79132E-07 ,  7.55003E-07 ,  7.22684E-11 , -8.93586E-01 ,  1.30503E+00 ,  3.77216E+01 
     181 ,  1.94596E-02 ,  1.25200E+01 ,  1.35350E+01 ,  2.64923E+01 , -1.93162E-05 ,  2.59690E-07 ,  5.19568E-07 ,  6.89035E-11 , -2.64900E+00 ,  1.35346E+00 ,  1.23493E+02 
     191 ,  2.05472E-02 ,  1.25200E+01 ,  1.30218E+01 ,  3.35884E+01 , -2.07508E-05 ,  1.32579E-07 ,  1.46198E-07 ,  7.28601E-11 , -3.35861E+00 ,  1.30211E+00 ,  1.64084E+02 
     201 ,  2.16685E-02 ,  1.25200E+01 ,  9.21883E+00 ,  2.94925E+01 , -1.50416E-05 , -1.86606E-08 , -1.70113E-07 ,  8.71035E-11 , -2.94909E+00 ,  9.21820E-01 ,  1.50426E+02 
     211 ,  2.28757E-02 ,  1.25200E+01 ,  2.47128E+00 ,  1.92285E+01 , -8.71521E-06 , -9.12705E-08 , -3.94475E-07 ,  1.01825E-10 , -1.92276E+00 ,  2.47081E-01 ,  1.01326E+02 
     221 ,  2.40988E-02 ,  1.25200E+01 , -2.50909E+00 ,  5.15021E+00 , -3.78251E-06 , -4.69863E-08 , -4.88707E-07 ,  1.08808E-10 , -5.14982E-01 , -2.50936E-01 ,  3.05327E+01 
     231 ,  2.53541E-02 ,  1.25200E+01 , -3.35219E+00 , -8.00045E+00 ,  1.88327E-07 ,  3.96987E-08 , -4.26267E-07 ,  1.12385E-10 ,  8.00044E-01 , -3.35236E-01 , -3.58773E+01 
     241 ,  2.66124E-02 ,  1.25200E+01 , -1.35438E+00 , -1.80224E+01 ,  3.44536E-06 ,  1.06201E-07 , -2.31540E-07 ,  1.12838E-10 ,  1.80220E+00 , -1.35445E-01 , -8.67318E+01 
     251 ,  2.79305E-02 ,  1.25200E+01 ,  8.07421E-01 , -2.08046E+01 ,  5.85776E-06 ,  1.36752E-07 ,  3.11409E-08 ,  1.08245E-10 ,  2.08040E+00 ,  8.07528E-02 , -1.01935E+02 
     261 ,  2.92418E-02 ,  1.25200E+01 ,  2.48081E+00 , -1.72146E+01 ,  7.02097E-06 ,  1.50775E-07 ,  2.63369E-07 ,  1.00581E-10 ,  1.72141E+00 ,  2.48107E-01 , -8.55409E+01 
     271 ,  3.05488E-02 ,  1.25200E+01 ,  4.44945E+00 , -8.78880E+00 ,  5.36571E-06 ,  1.52468E-07 ,  4.05087E-07 ,  9.25996E-11 ,  8.78846E-01 ,  4.44967E-01 , -4.42285E+01 
     281 ,  3.17862E-02 ,  1.25200E+01 ,  6.83929E+00 ,  2.03005E+00 ,  1.36079E-06 ,  1.13367E-07 ,  4.27942E-07 ,  8.75257E-11 , -2.03013E-01 ,  6.83928E-01 ,  1.06670E+01 
     291 ,  3.30211E-02 ,  1.25200E+01 ,  7.64963E+00 ,  1.23202E+01 , -2.90452E-06 ,  2.14580E-08 ,  3.39828E-07 ,  8.60277E-11 , -1.23201E+00 ,  7.64942E-01 ,  6.47689E+01 
     301 ,  3.43012E-02 ,  1.25200E+01 ,  5.89844E+00 ,  1.91397E+01 , -6.32140E-06 , -7.48732E-08 ,  1.66200E-07 ,  8.60264E-11 , -1.91392E+00 ,  5.89817E-01 ,  1.01334E+02 
     311 ,  3.56228E-02 ,  1.25200E+01 ,  3.66436E+00 ,  2.11280E+01 , -9.38295E-06 , -1.31250E-07 , -5.70548E-08 ,  8.85398E-11 , -2.11270E+00 ,  3.66402E-01 ,  1.10256E+02 
     321 ,  3.69515E-02 ,  1.25200E+01 ,  2.42884E+00 ,  1.78239E+01 , -1.19727E-05 , -1.62213E-07 , -2.76320E-07 ,  9.88116E-11 , -1.78227E+00 ,  2.42831E-01 ,  8.80355E+01 
     331 ,  3.82653E-02 ,  1.25200E+01 ,  1.46654E+00 ,  9.68711E+00 , -1.28141E-05 , -1.91774E-07 , -4.29831E-07 ,  1.15581E-10 , -9.68588E-01 ,  1.46592E-01 ,  4.01308E+01 
     341 ,  3.95664E-02 ,  1.25200E+01 , -5.07196E-01 , -1.80317E+00 , -1.01511E-05 , -2.05715E-07 , -4.77285E-07 ,  1.26744E-10 ,  1.80415E-01 , -5.07536E-02 , -2.10573E+01 
     351 ,  4.08534E-02 ,  1.25200E+01 , -2.57347E+00 , -1.19528E+01 , -3.43971E-06 , -1.81714E-07 , -4.06907E-07 ,  1.24060E-10 ,  1.19530E+00 , -2.57346E-01 , -7.14972E+01 
     361 ,  4.21301E-02 ,  1.25200E+01 , -4.49186E+00 , -1.96922E+01 ,  7.90240E-06 , -1.37838E-07 , -2.42077E-07 ,  1.14456E-10 ,  1.96910E+00 , -4.49157E-01 , -1.07649E+02 
     371 ,  4.34180E-02 ,  1.25200E+01 , -6.83493E+00 , -2.27152E+01 ,  1.89286E-05 , -8.05608E-08 , -2.51748E-08 ,  1.01102E-10 ,  2.27126E+00 , -6.83432E-01 , -1.17206E+02 
     381 ,  4.47168E-02 ,  1.25200E+01 , -9.38020E+00 , -2.13582E+01 ,  2.49032E-05 ,  1.37442E-08 ,  1.95778E-07 ,  8.16647E-11 ,  2.13552E+00 , -9.37928E-01 , -1.02283E+02 
     391 ,  4.60449E-02 ,  1.25200E+01 , -1.05375E+01 , -1.69444E+01 ,  2.46009E-05 ,  1.45497E-07 ,  3.91727E-07 ,  6.12423E-11 ,  1.69419E+00 , -1.05365E+00 , -7.34010E+01 
     401 ,  4.73655E-02 ,  1.25200E+01 , -9.73259E+00 , -9.90343E+00 ,  1.94853E-05 ,  2.80924E-07 ,  5.35819E-07 ,  4.94496E-11 ,  9.90186E-01 , -9.73173E-01 , -3.47710E+01 
     411 ,  4.87039E-02 ,  1.25200E+01 , -7.23387E+00 , -1.85213E+00 ,  1.07912E-05 ,  3.92019E-07 ,  6.07819E-07 ,  4.95194E-11 ,  1.85169E-01 , -7.23334E-01 ,  3.95571E+00 
     421 ,  5.00427E-02 ,  1.25200E+01 , -3.34679E+00 ,  6.33987E+00 , -1.21793E-06 ,  4.55292E-07 ,  5.90086E-07 ,  5.93216E-11 , -6.33894E-01 , -3.34664E-01 ,  3.94386E+01 
     431 ,  5.13805E-02 ,  1.25200E+01 ,  1.25932E+00 ,  1.30027E+01 , -1.37707E-05 ,  4.53608E-07 ,  4.83067E-07 ,  7.27943E-11 , -1.30006E+00 ,  1.25909E-01 ,  6.55115E+01 
     441 ,  5.27114E-02 ,  1.25200E+01 ,  5.28627E+00 ,  1.67305E+01 , -2.26705E-05 ,  3.85250E-07 ,  3.11695E-07 ,  8.49418E-11 , -1.67278E+00 ,  5.28566E-01 ,  7.73485E+01 
     451 ,  5.40377E-02 ,  1.25200E+01 ,  7.59127E+00 ,  1.70048E+01 , -2.53001E-05 ,  2.65696E-07 ,  1.08615E-07 ,  9.40649E-11 , -1.70023E+00 ,  7.59037E-01 ,  7.37559E+01 
     461 ,  5.53822E-02 ,  1.25200E+01 ,  6.92387E+00 ,  1.30727E+01 , -1.97811E-05 ,  1.33422E-07 , -8.64005E-08 ,  1.00904E-10 , -1.30713E+00 ,  6.92291E-01 ,  5.34841E+01 
     471 ,  5.67275E-02 ,  1.25200E+01 ,  3.74219E+00 ,  5.37538E+00 , -8.16394E-06 ,  4.10403E-08 , -2.14168E-07 ,  1.05313E-10 , -5.37549E-01 ,  3.74150E-01 ,  1.96338E+01 
     481 ,  5.80940E-02 ,  1.25200E+01 , -1.71742E-01 , -3.88523E+00 ,  4.98345E-06 ,  1.76746E-08 , -2.23485E-07 ,  1.06531E-10 ,  3.88387E-01 , -1.71940E-02 , -1.86769E+01 
     491 ,  5.94673E-02 ,  1.25200E+01 , -3.21828E+00 , -1.18749E+01 ,  1.59745E-05 ,  5.85951E-08 , -9.89194E-08 ,  1.03534E-10 ,  1.18728E+00 , -3.21791E-01 , -5.11839E+01 
     501 ,  6.08274E-02 ,  1.25200E+01 , -4.52906E+00 , -1.50313E+01 ,  2.14124E-05 ,  1.32152E-07 ,  1.07587E-07 ,  9.69512E-11 ,  1.50293E+00 , -4.52825E-01 , -6.43673E+01 
     511 ,  6.22049E-02 ,  1.25200E+01 , -4.17339E+00 , -1.17964E+01 ,  1.95697E-05 ,  2.10284E-07 ,  2.98494E-07 ,  8.85747E-11 ,  1.17950E+00 , -4.17245E-01 , -5.16658E+01 
     521 ,  6.35898E-02 ,  1.25200E+01 , -2.45575E+00 , -4.18105E+00 ,  1.17455E-05 ,  2.75051E-07 ,  3.83402E-07 ,  8.08542E-11 ,  4.18068E-01 , -2.45496E-01 , -2.07346E+01 
     531 ,  6.49639E-02 ,  1.25200E+01 ,  2.44196E-01 ,  3.58669E+00 ,  1.47000E-06 ,  3.06061E-07 ,  3.38637E-07 ,  7.68442E-11 , -3.58609E-01 ,  2.44598E-02 ,  1.13631E+01 
     541 ,  6.63334E-02 ,  1.25200E+01 ,  3.34388E+00 ,  9.46501E+00 , -9.06719E-06 ,  2.86933E-07 ,  2.08945E-07 ,  7.77476E-11 , -9.46362E-01 ,  3.34378E-01 ,  3.63594E+01 
     551 ,  6.76956E-02 ,  1.25200E+01 ,  5.52484E+00 ,  1.19663E+01 , -1.70278E-05 ,  2.22571E-07 ,  5.34478E-08 ,  8.11011E-11 , -1.19645E+00 ,  5.52433E-01 ,  4.83240E+01 
     561 ,  6.90600E-02 ,  1.25200E+01 ,  6.46729E+00 ,  1.14821E+01 , -2.11082E-05 ,  1.34120E-07 , -8.57946E-08 ,  8.48245E-11 , -1.14802E+00 ,  6.46651E-01 ,  4.89531E+01 
     571 ,  7.04459E-02 ,  1.25200E+01 ,  6.51512E+00 ,  8.85419E+00 , -2.02872E-05 ,  4.06993E-08 , -1.81928E-07 ,  8.94214E-11 , -8.85263E-01 ,  6.51422E-01 ,  4.14976E+01 
     581 ,  7.18538E-02 ,  1.25200E+01 ,  5.87041E+00 ,  5.11647E+00 , -1.45954E-05 , -4.56758E-08 , -2.15421E-07 ,  9.61118E-11 , -5.11555E-01 ,  5.86954E-01 ,  2.97443E+01 
     591 ,  7.32722E-02 ,  1.25200E+01 ,  4.55028E+00 ,  1.63343E+00 , -5.78760E-06 , -1.11171E-07 , -1.94581E-07 ,  1.03795E-10 , -1.63334E-01 ,  4.54966E-01 ,  1.78018E+01 
     601 ,  7.47119E-02 ,  1.25200E+01 ,  2.77309E+00 , -1.06341E+00 ,  3.40591E-06 , -1.46567E-07 , -1.45419E-07 ,  1.10917E-10 ,  1.06275E-01 ,  2.77281E-01 ,  6.57515E+00 
     611 ,  7.61636E-02 ,  1.25200E+01 ,  5.23489E-01 , -3.11757E+00 ,  1.11380E-05 , -1.52960E-07 , -9.11955E-08 ,  1.16458E-10 ,  3.11638E-01 ,  5.23604E-02 , -5.22167E+00 
     621 ,  7.75964E-02 ,  1.25200E+01 , -1.94545E+00 , -4.52338E+00 ,  1.51788E-05 , -1.30070E-07 , -4.50773E-08 ,  1.18068E-10 ,  4.52201E-01 , -1.94499E-01 , -1.61507E+01 
     631 ,  7.90305E-02 ,  1.25200E+01 , -4.80841E+00 , -5.67140E+00 ,  1.59043E-05 , -7.18306E-08 , -7.71722E-09 ,  1.13492E-10 ,  5.67015E-01 , -4.80768E-01 , -2.70302E+01 
     641 ,  8.04795E-02 ,  1.25200E+01 , -7.27668E+00 , -6.57001E+00 ,  1.36042E-05 ,  2.30462E-08 ,  2.69987E-08 ,  1.03787E-10 ,  6.56905E-01 , -7.27589E-01 , -3.60566E+01 
     651 ,  8.19462E-02 ,  1.25200E+01 , -8.49069E+00 , -7.18115E+00 ,  9.27377E-06 ,  1.43498E-07 ,  6.96836E-08 ,  9.23326E-11 ,  7.18058E-01 , -8.49000E-01 , -4.17251E+01 
     661 ,  8.34145E-02 ,  1.25200E+01 , -7.84831E+00 , -7.28090E+00 ,  3.49845E-06 ,  2.62015E-07 ,  1.27158E-07 ,  8.12029E-11 ,  7.28075E-01 , -7.84785E-01 , -4.26044E+01 
     671 ,  8.48912E-02 ,  1.25200E+01 , -5.02558E+00 , -6.52035E+00 , -3.38754E-06 ,  3.46536E-07 ,  1.97892E-07 ,  7.03977E-11 ,  6.52070E-01 , -5.02546E-01 , -3.77222E+01 
     681 ,  8.63747E-02 ,  1.25200E+01 , -1.27208E+00 , -4.97542E+00 , -8.40691E-06 ,  3.71839E-07 ,  2.68798E-07 ,  6.16580E-11 ,  4.97610E-01 , -1.27227E-01 , -2.90125E+01 
     691 ,  8.78560E-02 ,  1.25200E+01 ,  2.62007E+00 , -2.69314E+00 , -1.06762E-05 ,  3.33205E-07 ,  3.20744E-07 ,  5.84736E-11 ,  2.69390E-01 ,  2.61962E-01 , -1.70900E+01 
     701 ,  8.93413E-02 ,  1.25200E+01 ,  5.20513E+00 , -1.69690E-01 , -9.20586E-06 ,  2.48066E-07 ,  3.40196E-07 ,  6.25389E-11 ,  1.70231E-02 ,  5.20456E-01 , -3.83625E+00 
     711 ,  9.08384E-02 ,  1.25200E+01 ,  5.86728E+00 ,  2.13632E+00 , -4.88132E-06 ,  1.45333E-07 ,  3.21050E-07 ,  7.19692E-11 , -2.13620E-01 ,  5.86677E-01 ,  9.37418E+00 
     721 ,  9.23519E-02 ,  1.25200E+01 ,  4.54158E+00 ,  3.88138E+00 ,  8.89653E-07 ,  5.54433E-08 ,  2.68462E-07 ,  8.22366E-11 , -3.88173E-01 ,  4.54131E-01 ,  2.10641E+01 
     731 ,  9.38630E-02 ,  1.25200E+01 ,  1.59948E+00 ,  4.64099E+00 ,  6.39075E-06 ,  4.78747E-09 ,  1.97114E-07 ,  9.00525E-11 , -4.64176E-01 ,  1.59951E-01 ,  2.81444E+01 
     741 ,  9.53577E-02 ,  1.25200E+01 , -1.93034E+00 ,  4.22192E+00 ,  1.00809E-05 ,  6.98585E-09 ,  1.26104E-07 ,  9.46735E-11 , -4.22294E-01 , -1.93004E-01 ,  2.79890E+01 
     751 ,  9.68430E-02 ,  1.25200E+01 , -5.04086E+00 ,  2.82830E+00 ,  1.11791E-05 ,  5.95505E-08 ,  7.37155E-08 ,  9.68944E-11 , -2.82934E-01 , -5.04042E-01 ,  2.06815E+01 
     761 ,  9.83366E-02 ,  1.25200E+01 , -6.62970E+00 ,  1.09306E+00 ,  9.04703E-06 ,  1.44804E-07 ,  5.14326E-08 ,  9.69398E-11 , -1.09389E-01 , -6.62927E-01 ,  9.38126E+00 
     771 ,  9.98422E-02 ,  1.25200E+01 , -6.29204E+00 , -1.52978E-01 ,  4.11668E-06 ,  2.33699E-07 ,  5.78593E-08 ,  9.47221E-11 ,  1.52662E-02 , -6.29176E-01 , -6.97492E-01 
     781 ,  1.01347E-01 ,  1.25200E+01 , -4.49733E+00 , -4.73137E-01 , -2.20998E-06 ,  2.99163E-07 ,  7.84551E-08 ,  9.07748E-11 ,  4.73509E-02 , -4.49720E-01 , -6.05718E+00 
     791 ,  1.02846E-01 ,  1.25200E+01 , -1.88723E+00 ,  3.82528E-02 , -8.37871E-06 ,  3.28920E-07 ,  9.31759E-08 ,  8.54950E-11 , -3.71595E-03 , -1.88726E-01 , -6.16649E+00 
     801 ,  1.04340E-01 ,  1.25200E+01 ,  8.72222E-01 ,  7.48062E-01 , -1.23684E-05 ,  3.24734E-07 ,  8.94527E-08 ,  7.99674E-11 , -7.46465E-02 ,  8.72055E-02 , -3.24187E+00 
     811 ,  1.05836E-01 ,  1.25200E+01 ,  2.98629E+00 ,  7.40156E-01 , -1.22949E-05 ,  2.98831E-07 ,  7.30218E-08 ,  7.70836E-11 , -7.38510E-02 ,  2.98605E-01 , -1.58598E+00 
     821 ,  1.07333E-01 ,  1.25200E+01 ,  4.42832E+00 , -1.16904E-01 , -8.34517E-06 ,  2.66015E-07 ,  6.58063E-08 ,  7.94832E-11 ,  1.18154E-02 ,  4.42806E-01 , -2.43814E+00 
     831 ,  1.08830E-01 ,  1.25200E+01 ,  5.20430E+00 , -9.19404E-01 , -2.41636E-06 ,  2.31268E-07 ,  8.20683E-08 ,  8.66662E-11 ,  9.20001E-02 ,  5.20411E-01 , -2.61671E+00 
     841 ,  1.10334E-01 ,  1.25200E+01 ,  5.42187E+00 , -5.06410E-01 ,  3.44088E-06 ,  1.93515E-07 ,  1.11988E-07 ,  9.51833E-11 ,  5.06275E-02 ,  5.42178E-01 ,  2.62090E+00 
     851 ,  1.11846E-01 ,  1.25200E+01 ,  5.13141E+00 ,  1.67052E+00 ,  7.18664E-06 ,  1.48372E-07 ,  1.26435E-07 ,  1.01023E-10 , -1.67124E-01 ,  5.13146E-01 ,  1.50900E+01 
     861 ,  1.13360E-01 ,  1.25200E+01 ,  4.40104E+00 ,  4.82846E+00 ,  7.47244E-06 ,  9.21733E-08 ,  9.70807E-08 ,  1.02784E-10 , -4.82947E-01 ,  4.40109E-01 ,  3.04249E+01 
     871 ,  1.14873E-01 ,  1.25200E+01 ,  3.21411E+00 ,  7.54775E+00 ,  4.51707E-06 ,  2.73370E-08 ,  1.76216E-08 ,  1.01374E-10 , -7.54869E-01 ,  3.21408E-01 ,  4.17760E+01 
     881 ,  1.16381E-01 ,  1.25200E+01 ,  1.63071E+00 ,  8.29153E+00 , -2.58633E-07 , -3.58958E-08 , -9.31921E-08 ,  9.90192E-11 , -8.29210E-01 ,  1.63054E-01 ,  4.21362E+01 
     891 ,  1.17895E-01 ,  1.25200E+01 , -2.43875E-01 ,  6.28903E+00 , -4.98201E-06 , -8.23350E-08 , -1.98011E-07 ,  9.72773E-11 , -6.28917E-01 , -2.44181E-02 ,  2.84842E+01 
     901 ,  1.19402E-01 ,  1.25200E+01 , -2.07447E+00 ,  1.88490E+00 , -7.92061E-06 , -9.68466E-08 , -2.57790E-07 ,  9.70908E-11 , -1.88463E-01 , -2.07486E-01 ,  3.66620E+00 
     911 ,  1.20905E-01 ,  1.25200E+01 , -3.46982E+00 , -3.81293E+00 , -8.21708E-06 , -7.12914E-08 , -2.45581E-07 ,  9.83367E-11 ,  3.81345E-01 , -3.47017E-01 , -2.58397E+01 
     921 ,  1.22409E-01 ,  1.25200E+01 , -3.99005E+00 , -9.28375E+00 , -5.57656E-06 , -8.92177E-09 , -1.54190E-07 ,  9.97241E-11 ,  9.28430E-01 , -3.99024E-01 , -5.18825E+01 
     931 ,  1.23918E-01 ,  1.25200E+01 , -3.37263E+00 , -1.26542E+01 , -6.93059E-07 ,  7.36692E-08 , -2.33697E-09 ,  9.91499E-11 ,  1.26546E+00 , -3.37255E-01 , -6.56045E+01 
     941 ,  1.25432E-01 ,  1.25200E+01 , -1.84873E+00 , -1.30234E+01 ,  5.02203E-06 ,  1.50823E-07 ,  1.70203E-07 ,  9.52033E-11 ,  1.30234E+00 , -1.84839E-01 , -6.38677E+01 
     951 ,  1.26951E-01 ,  1.25200E+01 , -2.44204E-02 , -1.04507E+01 ,  9.89962E-06 ,  2.00976E-07 ,  3.19243E-07 ,  8.83269E-11 ,  1.04502E+00 , -2.39095E-03 , -4.83100E+01 
     961 ,  1.28469E-01 ,  1.25200E+01 ,  1.47152E+00 , -5.35258E+00 ,  1.26260E-05 ,  2.15473E-07 ,  4.09343E-07 ,  8.02027E-11 ,  5.35184E-01 ,  1.47212E-01 , -2.15878E+01 
     971 ,  1.29983E-01 ,  1.25200E+01 ,  1.87600E+00 , -7.11044E-02 ,  1.19610E-05 ,  1.98730E-07 ,  4.21000E-07 ,  7.24102E-11 ,  7.02836E-03 ,  1.87656E-01 ,  4.60905E+00 
     981 ,  1.31497E-01 ,  1.25200E+01 ,  1.20340E+00 ,  4.83177E+00 ,  7.97003E-06 ,  1.69359E-07 ,  3.62885E-07 ,  6.71268E-11 , -4.83240E-01 ,  1.20377E-01 ,  2.80880E+01 
     991 ,  1.33004E-01 ,  1.25200E+01 , -2.83374E-01 ,  8.10833E+00 ,  1.45690E-06 ,  1.44188E-07 ,  2.57873E-07 ,  6.59698E-11 , -8.10856E-01 , -2.83297E-02 ,  4.31031E+01 
    1001 ,  1.34503E-01 ,  1.25200E+01 , -1.88350E+00 ,  9.03054E+00 , -5.47795E-06 ,  1.34869E-07 ,  1.40300E-07 ,  6.96906E-11 , -9.03029E-01 , -1.88375E-01 ,  4.63015E+01 
    1011 ,  1.36007E-01 ,  1.25200E+01 , -2.88094E+00 ,  7.67522E+00 , -1.05621E-05 ,  1.42567E-07 ,  4.10349E-08 ,  7.77282E-11 , -7.67462E-01 , -2.88147E-01 ,  3.80464E+01 
    1021 ,  1.37509E-01 ,  1.25200E+01 , -2.96546E+00 ,  4.75634E+00 , -1.27329E-05 ,  1.59829E-07 , -1.90199E-08 ,  8.86651E-11 , -4.75559E-01 , -2.96614E-01 ,  2.17489E+01 
    1031 ,  1.39009E-01 ,  1.25200E+01 , -2.08813E+00 ,  1.16126E+00 , -1.13590E-05 ,  1.74219E-07 , -3.39251E-08 ,  1.00393E-10 , -1.16062E-01 , -2.08878E-01 ,  2.07533E+00 
    1041 ,  1.40509E-01 ,  1.25200E+01 , -5.99997E-01 , -2.11760E+00 , -6.82815E-06 ,  1.76479E-07 , -9.32541E-09 ,  1.10070E-10 ,  2.11794E-01 , -6.00422E-02 , -1.53279E+01 
    1051 ,  1.42012E-01 ,  1.25200E+01 ,  1.03027E+00 , -4.48471E+00 , -9.39264E-08 ,  1.65810E-07 ,  3.95330E-08 ,  1.14083E-10 ,  4.48464E-01 ,  1.03022E-01 , -2.67894E+01 
    1061 ,  1.43519E-01 ,  1.25200E+01 ,  2.13826E+00 , -5.35044E+00 ,  6.10289E-06 ,  1.47318E-07 ,  9.34528E-08 ,  1.10324E-10 ,  5.35001E-01 ,  2.13857E-01 , -2.93412E+01 
    1071 ,  1.45027E-01 ,  1.25200E+01 ,  2.78190E+00 , -4.98041E+00 ,  1.08716E-05 ,  1.30033E-07 ,  1.40302E-07 ,  9.95854E-11 ,  4.97972E-01 ,  2.78250E-01 , -2.47744E+01 
    1081 ,  1.46536E-01 ,  1.25200E+01 ,  3.08119E+00 , -3.57419E+00 ,  1.25180E-05 ,  1.18515E-07 ,  1.73477E-07 ,  8.51464E-11 ,  3.57345E-01 ,  3.08190E-01 , -1.52628E+01 
    1091 ,  1.48047E-01 ,  1.25200E+01 ,  3.32633E+00 , -1.32080E+00 ,  1.00478E-05 ,  1.10834E-07 ,  1.88718E-07 ,  7.19077E-11 ,  1.32025E-01 ,  3.32689E-01 , -2.86239E+00 
    1101 ,  1.49563E-01 ,  1.25200E+01 ,  3.71994E+00 ,  1.43670E+00 ,  3.71984E-06 ,  9.80577E-08 ,  1.81957E-07 ,  6.46025E-11 , -1.43677E-01 ,  3.72016E-01 ,  1.00844E+01 
    1111 ,  1.51084E-01 ,  1.25200E+01 ,  4.21778E+00 ,  4.33933E+00 , -4.77938E-06 ,  6.98839E-08 ,  1.49672E-07 ,  6.55526E-11 , -4.33874E-01 ,  4.21757E-01 ,  2.21859E+01 
    1121 ,  1.52604E-01 ,  1.25200E+01 ,  4.52412E+00 ,  6.97431E+00 , -1.30388E-05 ,  2.15902E-08 ,  9.00445E-08 ,  7.42128E-11 , -6.97309E-01 ,  4.52350E-01 ,  3.24299E+01 
    1131 ,  1.54118E-01 ,  1.25200E+01 ,  4.26583E+00 ,  8.64050E+00 , -1.80744E-05 , -4.11266E-08 ,  6.28342E-09 ,  8.76916E-11 , -8.63888E-01 ,  4.26499E-01 ,  3.87788E+01 
    1141 ,  1.55627E-01 ,  1.25200E+01 ,  3.21567E+00 ,  8.81479E+00 , -1.84124E-05 , -1.03936E-07 , -9.05364E-08 ,  1.02385E-10 , -8.81323E-01 ,  3.21479E-01 ,  3.95464E+01 
    1151 ,  1.57135E-01 ,  1.25200E+01 ,  1.46260E+00 ,  6.91246E+00 , -1.33027E-05 , -1.48290E-07 , -1.76163E-07 ,  1.14779E-10 , -6.91143E-01 ,  1.46191E-01 ,  3.23651E+01 
    1161 ,  1.58645E-01 ,  1.25200E+01 , -6.54816E-01 ,  2.98418E+00 , -4.01121E-06 , -1.61324E-07 , -2.22587E-07 ,  1.22492E-10 , -2.98405E-01 , -6.55118E-02 ,  1.69696E+01 
    1171 ,  1.60157E-01 ,  1.25200E+01 , -2.43356E+00 , -1.60836E+00 ,  5.69127E-06 , -1.39265E-07 , -2.10489E-07 ,  1.23833E-10 ,  1.60759E-01 , -2.43348E-01 , -1.73522E+00 
    1181 ,  1.61675E-01 ,  1.25200E+01 , -3.63985E+00 , -5.85251E+00 ,  1.36100E-05 , -8.64694E-08 , -1.40330E-07 ,  1.18685E-10 ,  5.85108E-01 , -3.63940E-01 , -2.00176E+01 
    1191 ,  1.63196E-01 ,  1.25200E+01 , -4.07165E+00 , -8.57314E+00 ,  1.76164E-05 , -1.43844E-08 , -3.03972E-08 ,  1.08493E-10 ,  8.57144E-01 , -4.07099E-01 , -3.31844E+01 
    1201 ,  1.64714E-01 ,  1.25200E+01 , -3.77629E+00 , -9.33237E+00 ,  1.70198E-05 ,  6.11349E-08 ,  9.10828E-08 ,  9.61144E-11 ,  9.33087E-01 , -3.77555E-01 , -3.94095E+01 
    1211 ,  1.66232E-01 ,  1.25200E+01 , -2.98418E+00 , -8.07680E+00 ,  1.20564E-05 ,  1.24950E-07 ,  1.94556E-07 ,  8.45219E-11 ,  8.07595E-01 , -2.98355E-01 , -3.79052E+01 
    1221 ,  1.67752E-01 ,  1.25200E+01 , -2.09807E+00 , -5.37428E+00 ,  4.24791E-06 ,  1.66690E-07 ,  2.56942E-07 ,  7.61143E-11 ,  5.37427E-01 , -2.09766E-01 , -3.02845E+01 
    1231 ,  1.69275E-01 ,  1.25200E+01 , -1.58384E+00 , -2.18596E+00 , -3.71279E-06 ,  1.86051E-07 ,  2.72274E-07 ,  7.21302E-11 ,  2.18671E-01 , -1.58369E-01 , -1.94748E+01 
    1241 ,  1.70802E-01 ,  1.25200E+01 , -1.65421E+00 ,  5.38000E-01 , -9.18120E-06 ,  1.90337E-07 ,  2.48414E-07 ,  7.21988E-11 , -5.36837E-02 , -1.65430E-01 , -8.63411E+00 
    1251 ,  1.72328E-01 ,  1.25200E+01 , -2.22445E+00 ,  2.47613E+00 , -1.10771E-05 ,  1.89006E-07 ,  1.99466E-07 ,  7.55465E-11 , -2.47501E-01 , -2.22470E-01 ,  1.22159E+00 
    1261 ,  1.73853E-01 ,  1.25200E+01 , -3.03619E+00 ,  3.29130E+00 , -8.64562E-06 ,  1.91012E-07 ,  1.44608E-07 ,  8.02224E-11 , -3.29070E-01 , -3.03647E-01 ,  8.66024E+00 
    1271 ,  1.75379E-01 ,  1.25200E+01 , -3.67520E+00 ,  3.07519E+00 , -3.19303E-06 ,  2.00220E-07 ,  9.80332E-08 ,  8.43322E-11 , -3.07535E-01 , -3.67539E-01 ,  1.27150E+01 
    1281 ,  1.76908E-01 ,  1.25200E+01 , -3.91793E+00 ,  2.14971E+00 ,  3.37590E-06 ,  2.16551E-07 ,  6.78665E-08 ,  8.68508E-11 , -2.15061E-01 , -3.91794E-01 ,  1.32168E+01 
    1291 ,  1.78441E-01 ,  1.25200E+01 , -3.71073E+00 ,  8.74507E-01 ,  8.97928E-06 ,  2.37604E-07 ,  5.53793E-08 ,  8.73087E-11 , -8.75903E-02 , -3.71056E-01 ,  1.02796E+01 
    1301 ,  1.79977E-01 ,  1.25200E+01 , -3.12305E+00 , -4.45476E-01 ,  1.20211E-05 ,  2.60568E-07 ,  5.67622E-08 ,  8.61178E-11 ,  4.44002E-02 , -3.12271E-01 ,  4.55324E+00 
    1311 ,  1.81513E-01 ,  1.25200E+01 , -2.28204E+00 , -1.54573E+00 ,  1.16832E-05 ,  2.82716E-07 ,  6.69334E-08 ,  8.43032E-11 ,  1.54458E-01 , -2.28164E-01 , -2.40466E+00 
    1321 ,  1.83050E-01 ,  1.25200E+01 , -1.28095E+00 , -2.30009E+00 ,  8.36189E-06 ,  3.03891E-07 ,  8.31515E-08 ,  8.30809E-11 ,  2.29953E-01 , -1.28060E-01 , -8.70958E+00 
    1331 ,  1.84586E-01 ,  1.25200E+01 , -1.47692E-01 , -2.65264E+00 ,  3.05906E-06 ,  3.21240E-07 ,  1.05393E-07 ,  8.25120E-11 ,  2.65277E-01 , -1.47456E-02 , -1.28036E+01 
    1341 ,  1.86115E-01 ,  1.25200E+01 ,  1.24949E+00 , -2.54337E+00 , -3.46579E-06 ,  3.29852E-07 ,  1.33902E-07 ,  8.24725E-11 ,  2.54417E-01 ,  1.24949E-01 , -1.36922E+01 
    1351 ,  1.87653E-01 ,  1.25200E+01 ,  2.64930E+00 , -1.94762E+00 , -8.56800E-06 ,  3.23920E-07 ,  1.67653E-07 ,  8.26163E-11 ,  1.94883E-01 ,  2.64908E-01 , -1.09769E+01 
    1361 ,  1.89192E-01 ,  1.25200E+01 ,  3.97374E+00 , -8.98894E-01 , -1.13507E-05 ,  2.99341E-07 ,  2.00653E-07 ,  8.27875E-11 ,  9.00216E-02 ,  3.97336E-01 , -5.47638E+00 
    1371 ,  1.90732E-01 ,  1.25200E+01 ,  5.12980E+00 ,  5.65289E-01 , -1.15927E-05 ,  2.54150E-07 ,  2.22394E-07 ,  8.33294E-11 , -5.64112E-02 ,  5.12934E-01 ,  2.04465E+00 
    1381 ,  1.92276E-01 ,  1.25200E+01 ,  5.99585E+00 ,  2.39571E+00 , -9.47357E-06 ,  1.89175E-07 ,  2.20264E-07 ,  8.46534E-11 , -2.39489E-01 ,  5.99539E-01 ,  1.11336E+01 
    1391 ,  1.93821E-01 ,  1.25200E+01 ,  6.24334E+00 ,  4.04301E+00 , -5.94335E-06 ,  1.11879E-07 ,  1.87668E-07 ,  8.68619E-11 , -4.04258E-01 ,  6.24299E-01 ,  1.92478E+01 
    1401 ,  1.95369E-01 ,  1.25200E+01 ,  5.80901E+00 ,  5.25641E+00 , -1.74303E-06 ,  3.28052E-08 ,  1.24843E-07 ,  8.98469E-11 , -5.25638E-01 ,  5.80882E-01 ,  2.55257E+01 
    1411 ,  1.96917E-01 ,  1.25200E+01 ,  4.79271E+00 ,  5.56911E+00 ,  1.78376E-06 , -3.55905E-08 ,  4.34598E-08 ,  9.30345E-11 , -5.56940E-01 ,  4.79266E-01 ,  2.78179E+01 
    1421 ,  1.98465E-01 ,  1.25200E+01 ,  3.23942E+00 ,  4.81443E+00 ,  4.42276E-06 , -8.36559E-08 , -3.82100E-08 ,  9.62369E-11 , -4.81494E-01 ,  3.23947E-01 ,  2.52599E+01 
    1431 ,  2.00010E-01 ,  1.25200E+01 ,  1.70483E+00 ,  3.18082E+00 ,  5.24129E-06 , -1.06777E-07 , -1.00895E-07 ,  9.92356E-11 , -3.18146E-01 ,  1.70490E-01 ,  1.81489E+01 
    1441 ,  2.01552E-01 ,  1.25200E+01 ,  3.98348E-01 ,  9.91770E-01 ,  4.20472E-06 , -1.07952E-07 , -1.28549E-07 ,  1.01858E-10 , -9.92375E-02 ,  3.98362E-02 ,  7.63074E+00 
    1451 ,  2.03091E-01 ,  1.25200E+01 , -4.80745E-01 , -1.18844E+00 ,  1.54335E-06 , -9.56380E-08 , -1.16975E-07 ,  1.03664E-10 ,  1.18805E-01 , -4.80828E-02 , -3.88736E+00 
    1461 ,  2.04634E-01 ,  1.25200E+01 , -9.16729E-01 , -2.72837E+00 , -1.71649E-06 , -7.88361E-08 , -7.40125E-08 ,  1.03959E-10 ,  2.72830E-01 , -9.16906E-02 , -1.31454E+01 
    1471 ,  2.06177E-01 ,  1.25200E+01 , -1.11771E+00 , -3.46575E+00 , -4.50371E-06 , -6.25780E-08 , -1.59835E-08 ,  1.02263E-10 ,  3.46604E-01 , -1.11790E-01 , -1.88739E+01 
    1481 ,  2.07722E-01 ,  1.25200E+01 , -1.31533E+00 , -3.48279E+00 , -5.82667E-06 , -4.72534E-08 ,  4.05873E-08 ,  9.83831E-11 ,  3.48338E-01 , -1.31545E-01 , -2.08728E+01 
    1491 ,  2.09270E-01 ,  1.25200E+01 , -1.68704E+00 , -3.04656E+00 , -4.89925E-06 , -2.87673E-08 ,  8.48816E-08 ,  9.31161E-11 ,  3.04726E-01 , -1.68701E-01 , -1.95986E+01 
    1501 ,  2.10821E-01 ,  1.25200E+01 , -2.36394E+00 , -2.40924E+00 , -1.64131E-06 , -1.63221E-09 ,  1.13054E-07 ,  8.76087E-11 ,  2.40977E-01 , -2.36374E-01 , -1.58387E+01 
    1511 ,  2.12374E-01 ,  1.25200E+01 , -3.24141E+00 , -1.79678E+00 ,  2.71644E-06 ,  3.70674E-08 ,  1.28227E-07 ,  8.31952E-11 ,  1.79694E-01 , -3.24105E-01 , -1.07985E+01 
    1521 ,  2.13929E-01 ,  1.25200E+01 , -4.19134E+00 , -1.17084E+00 ,  6.87496E-06 ,  8.82237E-08 ,  1.34721E-07 ,  8.07588E-11 ,  1.17054E-01 , -4.19088E-01 , -4.97019E+00 
    1531 ,  2.15481E-01 ,  1.25200E+01 , -5.07060E+00 , -4.34477E-01 ,  9.78148E-06 ,  1.49830E-07 ,  1.35424E-07 ,  8.02732E-11 ,  4.33757E-02 , -5.07013E-01 ,  1.35978E+00 
    1541 ,  2.17029E-01 ,  1.25200E+01 , -5.64874E+00 ,  3.65449E-01 ,  1.04492E-05 ,  2.16352E-07 ,  1.30006E-07 ,  8.12290E-11 , -3.66403E-02 , -5.64832E-01 ,  6.95192E+00 
    1551 ,  2.18574E-01 ,  1.25200E+01 , -5.82028E+00 ,  1.15140E+00 ,  8.63758E-06 ,  2.80034E-07 ,  1.16889E-07 ,  8.32033E-11 , -1.15235E-01 , -5.81999E-01 ,  1.08449E+01 
    1561 ,  2.20117E-01 ,  1.25200E+01 , -5.49036E+00 ,  1.53139E+00 ,  5.04725E-06 ,  3.32937E-07 ,  9.72646E-08 ,  8.55260E-11 , -1.53210E-01 , -5.49023E-01 ,  1.08638E+01 
    1571 ,  2.21659E-01 ,  1.25200E+01 , -4.72659E+00 ,  1.31680E+00 ,  7.19899E-07 ,  3.70476E-07 ,  7.56154E-08 ,  8.73418E-11 , -1.31714E-01 , -4.72659E-01 ,  6.62795E+00 
    1581 ,  2.23203E-01 ,  1.25200E+01 , -3.64842E+00 ,  4.45308E-01 , -2.96131E-06 ,  3.91725E-07 ,  5.88296E-08 ,  8.82885E-11 , -4.45267E-02 , -3.64851E-01 , -1.02687E+00 
    1591 ,  2.24748E-01 ,  1.25200E+01 , -2.36650E+00 , -9.11210E-01 , -5.01132E-06 ,  3.98934E-07 ,  5.43430E-08 ,  8.81071E-11 ,  9.11517E-02 , -2.36664E-01 , -1.00616E+01 
    1601 ,  2.26295E-01 ,  1.25200E+01 , -8.97202E-01 , -2.46387E+00 , -5.09156E-06 ,  3.95575E-07 ,  6.78537E-08 ,  8.66518E-11 ,  2.46428E-01 , -8.97333E-02 , -1.82958E+01 
    1611 ,  2.27841E-01 ,  1.25200E+01 ,  6.73224E-01 , -3.75060E+00 , -3.38184E-06 ,  3.83617E-07 ,  1.00805E-07 ,  8.43193E-11 ,  3.75092E-01 ,  6.73141E-02 , -2.32341E+01 
    1621 ,  2.29391E-01 ,  1.25200E+01 ,  2.29198E+00 , -4.38072E+00 , -6.01310E-07 ,  3.63303E-07 ,  1.48698E-07 ,  8.13593E-11 ,  4.38085E-01 ,  2.29197E-01 , -2.34837E+01 
    1631 ,  2.30941E-01 ,  1.25200E+01 ,  3.79452E+00 , -4.06075E+00 ,  2.12376E-06 ,  3.33393E-07 ,  2.00864E-07 ,  7.82926E-11 ,  4.06068E-01 ,  3.79456E-01 , -1.87130E+01 
    1641 ,  2.32489E-01 ,  1.25200E+01 ,  5.02664E+00 , -2.73591E+00 ,  3.76080E-06 ,  2.92518E-07 ,  2.43553E-07 ,  7.58191E-11 ,  2.73570E-01 ,  5.02672E-01 , -9.76011E+00 
    1651 ,  2.34036E-01 ,  1.25200E+01 ,  5.84528E+00 , -6.15550E-01 ,  3.60968E-06 ,  2.40249E-07 ,  2.64334E-07 ,  7.45599E-11 ,  6.15335E-02 ,  5.84532E-01 ,  1.63309E+00 
    1661 ,  2.35583E-01 ,  1.25200E+01 ,  6.15293E+00 ,  1.93270E+00 ,  1.47337E-06 ,  1.78228E-07 ,  2.54612E-07 ,  7.51547E-11 , -1.93277E-01 ,  6.15285E-01 ,  1.35579E+01 
    1671 ,  2.37130E-01 ,  1.25200E+01 ,  5.93610E+00 ,  4.05926E+00 , -1.75246E-06 ,  1.11316E-07 ,  2.13866E-07 ,  7.79525E-11 , -4.05911E-01 ,  5.93590E-01 ,  2.25281E+01 
    1681 ,  2.38678E-01 ,  1.25200E+01 ,  5.22517E+00 ,  5.70362E+00 , -5.71975E-06 ,  4.55749E-08 ,  1.50707E-07 ,  8.29063E-11 , -5.70320E-01 ,  5.22480E-01 ,  2.87604E+01 
    1691 ,  2.40224E-01 ,  1.25200E+01 ,  4.30952E+00 ,  6.29151E+00 , -8.60460E-06 , -1.25994E-08 ,  7.83936E-08 ,  8.94067E-11 , -6.29088E-01 ,  4.30902E-01 ,  3.04191E+01 
    1701 ,  2.41769E-01 ,  1.25200E+01 ,  3.24799E+00 ,  5.95264E+00 , -1.00322E-05 , -5.81047E-08 ,  1.03681E-08 ,  9.65288E-11 , -5.95190E-01 ,  3.24746E-01 ,  2.82245E+01 
    1711 ,  2.43315E-01 ,  1.25200E+01 ,  2.29732E+00 ,  4.86658E+00 , -9.45285E-06 , -8.76233E-08 , -4.29196E-08 ,  1.03269E-10 , -4.86586E-01 ,  2.29684E-01 ,  2.30736E+01 
    1721 ,  2.44863E-01 ,  1.25200E+01 ,  1.55306E+00 ,  3.27373E+00 , -6.97395E-06 , -9.99815E-08 , -7.54863E-08 ,  1.08618E-10 , -3.27313E-01 ,  1.55272E-01 ,  1.59049E+01 
    1731 ,  2.46414E-01 ,  1.25200E+01 ,  1.11090E+00 ,  1.50228E+00 , -3.22084E-06 , -9.88136E-08 , -8.70544E-08 ,  1.11501E-10 , -1.50189E-01 ,  1.11077E-01 ,  8.02806E+00 
    1741 ,  2.47969E-01 ,  1.25200E+01 ,  9.56182E-01 , -1.43543E-01 ,  7.01764E-07 , -8.93100E-08 , -8.15687E-08 ,  1.11401E-10 ,  1.43698E-02 ,  9.56254E-02 ,  6.45927E-01 
    1751 ,  2.49527E-01 ,  1.25200E+01 ,  9.88943E-01 , -1.57492E+00 ,  4.00215E-06 , -7.69971E-08 , -6.32755E-08 ,  1.08199E-10 ,  1.57485E-01 ,  9.89192E-02 , -5.96211E+00 
    1761 ,  2.51087E-01 ,  1.25200E+01 ,  1.08237E+00 , -2.67159E+00 ,  5.92987E-06 , -6.64006E-08 , -3.51544E-08 ,  1.02512E-10 ,  2.67136E-01 ,  1.08271E-01 , -1.13384E+01 
    1771 ,  2.52649E-01 ,  1.25200E+01 ,  1.09007E+00 , -3.28545E+00 ,  6.04653E-06 , -5.99705E-08 ,  7.54804E-10 ,  9.56477E-11 ,  3.28513E-01 ,  1.09041E-01 , -1.48412E+01 
    1781 ,  2.54213E-01 ,  1.25200E+01 ,  8.65184E-01 , -3.28297E+00 ,  4.42102E-06 , -5.90441E-08 ,  4.00445E-08 ,  8.92999E-11 ,  3.28264E-01 ,  8.65392E-02 , -1.58194E+01 
    1791 ,  2.55778E-01 ,  1.25200E+01 ,  3.18020E-01 , -2.58290E+00 ,  1.72497E-06 , -6.20562E-08 ,  7.57130E-08 ,  8.50634E-11 ,  2.58264E-01 ,  3.18054E-02 , -1.36735E+01 
    1801 ,  2.57343E-01 ,  1.25200E+01 , -5.83208E-01 , -1.25223E+00 , -1.21856E-06 , -6.51682E-08 ,  9.90527E-08 ,  8.39060E-11 ,  1.25209E-01 , -5.83328E-02 , -8.47786E+00 
    1811 ,  2.58905E-01 ,  1.25200E+01 , -1.80719E+00 ,  4.74844E-01 , -3.46505E-06 , -6.36327E-08 ,  1.02428E-07 ,  8.56491E-11 , -4.74861E-02 , -1.80741E-01 , -1.03032E+00 
    1821 ,  2.60465E-01 ,  1.25200E+01 , -3.08341E+00 ,  1.96520E+00 , -4.16771E-06 , -5.19094E-08 ,  8.20081E-08 ,  8.93180E-11 , -1.96514E-01 , -3.08363E-01 ,  5.91643E+00 
    1831 ,  2.62023E-01 ,  1.25200E+01 , -4.30413E+00 ,  2.80545E+00 , -3.12361E-06 , -2.57454E-08 ,  4.26433E-08 ,  9.33211E-11 , -2.80539E-01 , -4.30426E-01 ,  1.04261E+01 
    1841 ,  2.63582E-01 ,  1.25200E+01 , -5.31908E+00 ,  2.53351E+00 , -2.59835E-07 ,  1.64312E-08 , -2.93761E-09 ,  9.62859E-11 , -2.53358E-01 , -5.31902E-01 ,  1.02868E+01 
    1851 ,  2.65141E-01 ,  1.25200E+01 , -5.83347E+00 ,  1.15957E+00 ,  3.23022E-06 ,  7.29254E-08 , -3.81236E-08 ,  9.70790E-11 , -1.15983E-01 , -5.83324E-01 ,  5.09072E+00 
    1861 ,  2.66700E-01 ,  1.25200E+01 , -5.85539E+00 , -1.32036E+00 ,  7.05951E-06 ,  1.39292E-07 , -4.63597E-08 ,  9.51444E-11 ,  1.31984E-01 , -5.85497E-01 , -5.23593E+00 
    1871 ,  2.68261E-01 ,  1.25200E+01 , -5.31020E+00 , -3.89558E+00 ,  9.40745E-06 ,  2.08957E-07 , -1.85984E-08 ,  9.08426E-11 ,  3.89489E-01 , -5.30969E-01 , -1.65050E+01 
    1881 ,  2.69824E-01 ,  1.25200E+01 , -4.25664E+00 , -5.99500E+00 ,  9.76431E-06 ,  2.74564E-07 ,  4.36039E-08 ,  8.47758E-11 ,  5.99428E-01 , -4.25614E-01 , -2.61491E+01 
    1891 ,  2.71389E-01 ,  1.25200E+01 , -2.84029E+00 , -6.98355E+00 ,  7.93916E-06 ,  3.27998E-07 ,  1.29119E-07 ,  7.80826E-11 ,  6.98298E-01 , -2.83989E-01 , -3.12377E+01 
    1901 ,  2.72957E-01 ,  1.25200E+01 , -1.18665E+00 , -6.52484E+00 ,  4.21045E-06 ,  3.61835E-07 ,  2.19310E-07 ,  7.20923E-11 ,  6.52459E-01 , -1.18644E-01 , -3.00751E+01 
    1911 ,  2.74527E-01 ,  1.25200E+01 ,  2.64052E-01 , -4.83531E+00 ,  6.16463E-08 ,  3.71575E-07 ,  2.94556E-07 ,  6.82253E-11 ,  4.83544E-01 ,  2.64089E-02 , -2.31861E+01 
    1921 ,  2.76099E-01 ,  1.25200E+01 ,  1.44334E+00 , -2.22616E+00 , -3.74042E-06 ,  3.58783E-07 ,  3.39541E-07 ,  6.73295E-11 ,  2.22659E-01 ,  1.44319E-01 , -1.16900E+01 
    1931 ,  2.77670E-01 ,  1.25200E+01 ,  2.25049E+00 ,  9.07085E-01 , -6.42315E-06 ,  3.27327E-07 ,  3.45217E-07 ,  6.96826E-11 , -9.06464E-02 ,  2.25021E-01 ,  2.92324E+00 
    1941 ,  2.79236E-01 ,  1.25200E+01 ,  2.59617E+00 ,  3.69792E+00 , -7.24695E-06 ,  2.82999E-07 ,  3.10861E-07 ,  7.48258E-11 , -3.69729E-01 ,  2.59582E-01 ,  1.67385E+01 
    1951 ,  2.80800E-01 ,  1.25200E+01 ,  2.56864E+00 ,  5.62758E+00 , -6.27142E-06 ,  2.33311E-07 ,  2.45740E-07 ,  8.14657E-11 , -5.62710E-01 ,  2.56829E-01 ,  2.70827E+01 
    1961 ,  2.82360E-01 ,  1.25200E+01 ,  2.30670E+00 ,  6.38295E+00 , -3.94841E-06 ,  1.85645E-07 ,  1.64512E-07 ,  8.80933E-11 , -6.38274E-01 ,  2.30641E-01 ,  3.19776E+01 
    1971 ,  2.83920E-01 ,  1.25200E+01 ,  1.99775E+00 ,  5.90342E+00 , -1.27813E-06 ,  1.44935E-07 ,  8.35928E-08 ,  9.35433E-11 , -5.90349E-01 ,  1.99759E-01 ,  3.04220E+01 
    1981 ,  2.85479E-01 ,  1.25200E+01 ,  1.74909E+00 ,  4.36971E+00 ,  1.16801E-06 ,  1.13414E-07 ,  1.69567E-08 ,  9.68353E-11 , -4.37000E-01 ,  1.74904E-01 ,  2.28891E+01 
    1991 ,  2.87040E-01 ,  1.25200E+01 ,  1.67622E+00 ,  2.37720E+00 ,  2.43462E-06 ,  9.10755E-08 , -2.69567E-08 ,  9.77006E-11 , -2.37754E-01 ,  1.67624E-01 ,  1.21732E+01 
    2001 ,  2.88602E-01 ,  1.25200E+01 ,  1.77878E+00 ,  4.74614E-01 ,  2.32148E-06 ,  7.54133E-08 , -4.58523E-08 ,  9.63570E-11 , -4.74859E-02 ,  1.77886E-01 ,  1.38867E+00 
    2011 ,  2.90169E-01 ,  1.25200E+01 ,  2.01122E+00 , -1.04794E+00 ,  9.84381E-07 ,  6.27679E-08 , -4.27705E-08 ,  9.36929E-11 ,  1.04792E-01 ,  2.01129E-01 , -7.51842E+00 
    2021 ,  2.91731E-01 ,  1.25200E+01 ,  2.27620E+00 , -1.87689E+00 , -1.10230E-06 ,  5.00567E-08 , -2.37641E-08 ,  9.06256E-11 ,  1.87715E-01 ,  2.27622E-01 , -1.23561E+01 
    2031 ,  2.93297E-01 ,  1.25200E+01 ,  2.43744E+00 , -1.89763E+00 , -3.08301E-06 ,  3.54687E-08 ,  3.14541E-09 ,  8.81863E-11 ,  1.89813E-01 ,  2.43738E-01 , -1.21848E+01 
    2041 ,  2.94870E-01 ,  1.25200E+01 ,  2.40538E+00 , -1.26571E+00 , -4.38122E-06 ,  1.90145E-08 ,  2.98373E-08 ,  8.69983E-11 ,  1.26633E-01 ,  2.40526E-01 , -7.91185E+00 
    2051 ,  2.96443E-01 ,  1.25200E+01 ,  2.10932E+00 , -1.59756E-01 , -4.69907E-06 ,  2.72432E-09 ,  4.92010E-08 ,  8.74266E-11 ,  1.60374E-02 ,  2.10915E-01 , -7.44654E-01 
    2061 ,  2.98017E-01 ,  1.25200E+01 ,  1.56369E+00 ,  1.03629E+00 , -3.96155E-06 , -1.05862E-08 ,  5.62489E-08 ,  8.92641E-11 , -1.03580E-01 ,  1.56353E-01 ,  6.74573E+00 
    2071 ,  2.99589E-01 ,  1.25200E+01 ,  7.76451E-01 ,  2.08070E+00 , -2.35047E-06 , -1.86966E-08 ,  4.88618E-08 ,  9.19709E-11 , -2.08043E-01 ,  7.76334E-02 ,  1.30087E+01 
    2081 ,  3.01162E-01 ,  1.25200E+01 , -1.29562E-01 ,  2.65491E+00 , -3.53649E-07 , -1.95717E-08 ,  2.78660E-08 ,  9.48216E-11 , -2.65488E-01 , -1.29623E-02 ,  1.62283E+01 
    2091 ,  3.02734E-01 ,  1.25200E+01 , -1.10106E+00 ,  2.56708E+00 ,  1.70598E-06 , -1.18961E-08 , -1.45659E-09 ,  9.68365E-11 , -2.56730E-01 , -1.10104E-01 ,  1.54792E+01 
    2101 ,  3.04307E-01 ,  1.25200E+01 , -1.95060E+00 ,  1.73916E+00 ,  3.26187E-06 ,  4.19578E-09 , -3.02117E-08 ,  9.76505E-11 , -1.73957E-01 , -1.95050E-01 ,  1.05998E+01 
    2111 ,  3.05881E-01 ,  1.25200E+01 , -2.69076E+00 ,  1.84769E-01 ,  4.23156E-06 ,  2.84275E-08 , -4.77210E-08 ,  9.71570E-11 , -1.85304E-02 , -2.69062E-01 ,  1.84571E+00 
    2121 ,  3.07457E-01 ,  1.25200E+01 , -3.16852E+00 , -1.58548E+00 ,  4.40083E-06 ,  5.87268E-08 , -4.50537E-08 ,  9.55036E-11 ,  1.58492E-01 , -3.16836E-01 , -7.87430E+00 
    2131 ,  3.09032E-01 ,  1.25200E+01 , -3.42937E+00 , -3.33774E+00 ,  3.93636E-06 ,  9.32851E-08 , -1.88853E-08 ,  9.30156E-11 ,  3.33722E-01 , -3.42922E-01 , -1.73831E+01 
    2141 ,  3.10605E-01 ,  1.25200E+01 , -3.46039E+00 , -4.66980E+00 ,  3.04134E-06 ,  1.30476E-07 ,  2.84356E-08 ,  9.01024E-11 ,  4.66941E-01 , -3.46025E-01 , -2.46684E+01 
    2151 ,  3.12177E-01 ,  1.25200E+01 , -3.25788E+00 , -5.25390E+00 ,  2.03079E-06 ,  1.68393E-07 ,  8.83003E-08 ,  8.68283E-11 ,  5.25366E-01 , -3.25776E-01 , -2.81126E+01 
    2161 ,  3.13747E-01 ,  1.25200E+01 , -2.86143E+00 , -5.02923E+00 ,  1.24984E-06 ,  2.04419E-07 ,  1.48335E-07 ,  8.32255E-11 ,  5.02914E-01 , -2.86130E-01 , -2.73889E+01 
    2171 ,  3.15324E-01 ,  1.25200E+01 , -2.31372E+00 , -4.19100E+00 ,  8.31080E-07 ,  2.35387E-07 ,  1.97964E-07 ,  7.94029E-11 ,  4.19100E-01 , -2.31358E-01 , -2.34254E+01 
    2181 ,  3.16902E-01 ,  1.25200E+01 , -1.67086E+00 , -2.98113E+00 ,  8.31060E-07 ,  2.58150E-07 ,  2.30139E-07 ,  7.57601E-11 ,  2.98117E-01 , -1.67070E-01 , -1.73121E+01 
    2191 ,  3.18480E-01 ,  1.25200E+01 , -9.82043E-01 , -1.57786E+00 ,  1.21693E-06 ,  2.70570E-07 ,  2.42801E-07 ,  7.27511E-11 ,  1.57787E-01 , -9.81879E-02 , -9.75448E+00 
    2201 ,  3.20058E-01 ,  1.25200E+01 , -4.45961E-01 , -4.05939E-01 ,  1.70211E-06 ,  2.72511E-07 ,  2.38716E-07 ,  7.09201E-11 ,  4.05851E-02 , -4.45831E-02 , -2.91329E+00 
    2211 ,  3.21637E-01 ,  1.25200E+01 , -9.54683E-02 ,  4.91643E-01 ,  2.01641E-06 ,  2.66246E-07 ,  2.24672E-07 ,  7.06129E-11 , -4.91827E-02 , -9.53762E-03 ,  2.86170E+00 
    2221 ,  3.23215E-01 ,  1.25200E+01 ,  9.23748E-02 ,  1.22097E+00 ,  1.90009E-06 ,  2.54960E-07 ,  2.06824E-07 ,  7.20330E-11 , -1.22124E-01 ,  9.23978E-03 ,  7.95987E+00 
    2231 ,  3.24793E-01 ,  1.25200E+01 ,  1.38670E-01 ,  1.74831E+00 ,  1.20885E-06 ,  2.42171E-07 ,  1.88678E-07 ,  7.50723E-11 , -1.74856E-01 ,  1.38612E-02 ,  1.16119E+01 
    2241 ,  3.26371E-01 ,  1.25200E+01 ,  1.47579E-01 ,  2.21263E+00 , -3.92872E-08 ,  2.30654E-07 ,  1.70717E-07 ,  7.91988E-11 , -2.21278E-01 ,  1.47446E-02 ,  1.43269E+01 
    2251 ,  3.27951E-01 ,  1.25200E+01 ,  2.11187E-01 ,  2.61822E+00 , -1.58518E-06 ,  2.21257E-07 ,  1.51184E-07 ,  8.39271E-11 , -2.61819E-01 ,  2.11014E-02 ,  1.59551E+01 
    2261 ,  3.29533E-01 ,  1.25200E+01 ,  4.01585E-01 ,  2.92286E+00 , -3.09900E-06 ,  2.13580E-07 ,  1.27790E-07 ,  8.86325E-11 , -2.92261E-01 ,  4.01406E-02 ,  1.63587E+01 
    2271 ,  3.31104E-01 ,  1.25200E+01 ,  7.58040E-01 ,  3.01147E+00 , -4.14789E-06 ,  2.06209E-07 ,  9.97823E-08 ,  9.26370E-11 , -3.01100E-01 ,  7.57894E-02 ,  1.52608E+01 
    2281 ,  3.32670E-01 ,  1.25200E+01 ,  1.20052E+00 ,  2.79741E+00 , -4.34570E-06 ,  1.97284E-07 ,  6.88385E-08 ,  9.54076E-11 , -2.79681E-01 ,  1.20041E-01 ,  1.29101E+01 
    2291 ,  3.34240E-01 ,  1.25200E+01 ,  1.69467E+00 ,  2.27452E+00 , -3.72467E-06 ,  1.85609E-07 ,  3.90954E-08 ,  9.66807E-11 , -2.27393E-01 ,  1.69462E-01 ,  9.54526E+00 
    2301 ,  3.35815E-01 ,  1.25200E+01 ,  2.18540E+00 ,  1.51081E+00 , -2.48998E-06 ,  1.70147E-07 ,  1.53820E-08 ,  9.63339E-11 , -1.51030E-01 ,  2.18542E-01 ,  5.64497E+00 
    2311 ,  3.37396E-01 ,  1.25200E+01 ,  2.58116E+00 ,  7.12531E-01 , -1.09118E-06 ,  1.51047E-07 ,  1.13210E-09 ,  9.47104E-11 , -7.12171E-02 ,  2.58121E-01 ,  2.16001E+00 
    2321 ,  3.38975E-01 ,  1.25200E+01 ,  2.85679E+00 ,  3.88223E-02 ,  9.83867E-08 ,  1.28610E-07 , -2.39102E-09 ,  9.23629E-11 , -3.86408E-03 ,  2.85686E-01 , -3.87116E-01 
    2331 ,  3.40564E-01 ,  1.25200E+01 ,  2.96906E+00 , -3.28486E-01 ,  7.13005E-07 ,  1.02774E-07 ,  2.58590E-09 ,  9.00652E-11 ,  3.28501E-02 ,  2.96907E-01 , -1.42938E+00 
    2341 ,  3.42152E-01 ,  1.25200E+01 ,  2.88629E+00 , -2.89949E-01 ,  5.76443E-07 ,  7.43221E-08 ,  1.09992E-08 ,  8.86013E-11 ,  2.89873E-02 ,  2.88625E-01 , -8.03346E-01 
    2351 ,  3.43740E-01 ,  1.25200E+01 ,  2.60404E+00 ,  7.72560E-02 , -1.51657E-07 ,  4.44188E-08 ,  1.71822E-08 ,  8.85119E-11 , -7.73661E-03 ,  2.60394E-01 ,  1.07229E+00 
    2361 ,  3.45322E-01 ,  1.25200E+01 ,  2.09031E+00 ,  6.45171E-01 , -1.22840E-06 ,  1.49389E-08 ,  1.69391E-08 ,  8.98868E-11 , -6.45259E-02 ,  2.09013E-01 ,  3.61891E+00 
    2371 ,  3.46905E-01 ,  1.25200E+01 ,  1.39267E+00 ,  1.14126E+00 , -2.14669E-06 , -1.13527E-08 ,  8.94810E-09 ,  9.23738E-11 , -1.14131E-01 ,  1.39245E-01 ,  5.67801E+00 
    2381 ,  3.48488E-01 ,  1.25200E+01 ,  5.37565E-01 ,  1.36888E+00 , -2.55849E-06 , -3.06470E-08 , -4.85901E-09 ,  9.54043E-11 , -1.36889E-01 ,  5.37338E-02 ,  6.46497E+00 
    2391 ,  3.50059E-01 ,  1.25200E+01 , -3.57287E-01 ,  1.18101E+00 , -2.22792E-06 , -3.92528E-08 , -1.94398E-08 ,  9.81297E-11 , -1.18101E-01 , -3.57457E-02 ,  5.40052E+00 
    2401 ,  3.51641E-01 ,  1.25200E+01 , -1.23309E+00 ,  5.32789E-01 , -1.11934E-06 , -3.47972E-08 , -2.92610E-08 ,  9.97600E-11 , -5.32825E-02 , -1.23317E-01 ,  2.30052E+00 
    2411 ,  3.53221E-01 ,  1.25200E+01 , -1.97346E+00 , -4.94711E-01 ,  5.34450E-07 , -1.60464E-08 , -2.89225E-08 ,  9.97517E-11 ,  4.94614E-02 , -1.97342E-01 , -2.48660E+00 
    2421 ,  3.54794E-01 ,  1.25200E+01 , -2.49767E+00 , -1.80038E+00 ,  2.43200E-06 ,  1.55523E-08 , -1.50177E-08 ,  9.78151E-11 ,  1.80019E-01 , -2.49751E-01 , -8.54597E+00 
    2431 ,  3.56371E-01 ,  1.25200E+01 , -2.68303E+00 , -3.05666E+00 ,  3.95495E-06 ,  5.69122E-08 ,  1.36064E-08 ,  9.40328E-11 ,  3.05642E-01 , -2.68278E-01 , -1.44258E+01 
    2441 ,  3.57961E-01 ,  1.25200E+01 , -2.50978E+00 , -4.12939E+00 ,  4.80705E-06 ,  1.02132E-07 ,  5.55377E-08 ,  8.90715E-11 ,  4.12912E-01 , -2.50947E-01 , -1.95636E+01 
    2451 ,  3.59556E-01 ,  1.25200E+01 , -2.07421E+00 , -4.68406E+00 ,  4.72454E-06 ,  1.45016E-07 ,  1.07243E-07 ,  8.36844E-11 ,  4.68382E-01 , -2.07391E-01 , -2.23799E+01 
    2461 ,  3.61154E-01 ,  1.25200E+01 , -1.48428E+00 , -4.66396E+00 ,  3.84399E-06 ,  1.79564E-07 ,  1.62110E-07 ,  7.89876E-11 ,  4.66376E-01 , -1.48405E-01 , -2.25493E+01 
    2471 ,  3.62749E-01 ,  1.25200E+01 , -8.55866E-01 , -4.00840E+00 ,  2.39641E-06 ,  2.01766E-07 ,  2.12596E-07 ,  7.57601E-11 ,  4.00827E-01 , -8.55739E-02 , -1.96871E+01 
    2481 ,  3.64344E-01 ,  1.25200E+01 , -2.88301E-01 , -2.71202E+00 ,  6.84927E-07 ,  2.10824E-07 ,  2.51002E-07 ,  7.45680E-11 ,  2.71196E-01 , -2.88281E-02 , -1.36550E+01 
    2491 ,  3.65935E-01 ,  1.25200E+01 ,  1.49565E-01 , -9.43427E-01 , -9.06290E-07 ,  2.07574E-07 ,  2.70384E-07 ,  7.53905E-11 ,  9.43439E-02 ,  1.49483E-02 , -5.16794E+00 
    2501 ,  3.67522E-01 ,  1.25200E+01 ,  4.60863E-01 ,  1.05103E+00 , -2.10883E-06 ,  1.94269E-07 ,  2.65910E-07 ,  7.79046E-11 , -1.05097E-01 ,  4.60717E-02 ,  4.61929E+00 
    2511 ,  3.69106E-01 ,  1.25200E+01 ,  6.76791E-01 ,  2.85654E+00 , -2.72637E-06 ,  1.74095E-07 ,  2.36833E-07 ,  8.13982E-11 , -2.85646E-01 ,  6.76606E-02 ,  1.36589E+01 
    2521 ,  3.70687E-01 ,  1.25200E+01 ,  8.62807E-01 ,  4.16055E+00 , -2.75889E-06 ,  1.49852E-07 ,  1.87322E-07 ,  8.51912E-11 , -4.16048E-01 ,  8.62619E-02 ,  2.03553E+01 
    2531 ,  3.72269E-01 ,  1.25200E+01 ,  1.05089E+00 ,  4.58199E+00 , -2.33132E-06 ,  1.24060E-07 ,  1.26280E-07 ,  8.86611E-11 , -4.58193E-01 ,  1.05073E-01 ,  2.26994E+01 
    2541 ,  3.73849E-01 ,  1.25200E+01 ,  1.27119E+00 ,  4.08711E+00 , -1.61783E-06 ,  9.90119E-08 ,  6.66699E-08 ,  9.12998E-11 , -4.08706E-01 ,  1.27108E-01 ,  2.04376E+01 
    2551 ,  3.75429E-01 ,  1.25200E+01 ,  1.51603E+00 ,  2.76801E+00 , -8.42964E-07 ,  7.66380E-08 ,  2.10894E-08 ,  9.29457E-11 , -2.76796E-01 ,  1.51597E-01 ,  1.39556E+01 
    2561 ,  3.77014E-01 ,  1.25200E+01 ,  1.73399E+00 ,  1.12758E+00 , -3.00469E-07 ,  5.80643E-08 , -2.59274E-09 ,  9.35831E-11 , -1.12750E-01 ,  1.73398E-01 ,  5.73046E+00 
    2571 ,  3.78597E-01 ,  1.25200E+01 ,  1.90515E+00 , -4.98140E-01 , -7.62000E-08 ,  4.39577E-08 , -2.12924E-09 ,  9.33635E-11 ,  4.98261E-02 ,  1.90514E-01 , -2.54120E+00 
    2581 ,  3.80182E-01 ,  1.25200E+01 ,  1.97509E+00 , -1.50551E+00 , -2.32417E-07 ,  3.36868E-08 ,  1.78419E-08 ,  9.26394E-11 ,  1.50571E-01 ,  1.97512E-01 , -7.76099E+00 
    2591 ,  3.81776E-01 ,  1.25200E+01 ,  1.92102E+00 , -1.69901E+00 , -6.88896E-07 ,  2.61288E-08 ,  4.70693E-08 ,  9.16173E-11 ,  1.69929E-01 ,  1.92105E-01 , -8.87786E+00 
    2601 ,  3.83370E-01 ,  1.25200E+01 ,  1.72226E+00 , -1.04372E+00 , -1.28321E-06 ,  2.03721E-08 ,  7.33541E-08 ,  9.07230E-11 ,  1.04406E-01 ,  1.72227E-01 , -5.64497E+00 
    2611 ,  3.84963E-01 ,  1.25200E+01 ,  1.35446E+00 ,  3.17028E-01 , -1.83168E-06 ,  1.58311E-08 ,  8.55022E-08 ,  9.03165E-11 , -3.16651E-02 ,  1.35444E-01 ,  1.29152E+00 
    2621 ,  3.86557E-01 ,  1.25200E+01 ,  8.48371E-01 ,  1.88432E+00 , -2.11667E-06 ,  1.23250E-08 ,  7.67478E-08 ,  9.05955E-11 , -1.88396E-01 ,  8.48341E-02 ,  9.44245E+00 
    2631 ,  3.88148E-01 ,  1.25200E+01 ,  2.06254E-01 ,  3.24098E+00 , -2.02138E-06 ,  1.05041E-08 ,  4.72851E-08 ,  9.18007E-11 , -3.24068E-01 ,  2.06215E-02 ,  1.66882E+01 
    2641 ,  3.89741E-01 ,  1.25200E+01 , -5.46635E-01 ,  3.94289E+00 , -1.48841E-06 ,  1.18529E-08 ,  3.97650E-09 ,  9.37174E-11 , -3.94270E-01 , -5.46673E-02 ,  2.07123E+01 
    2651 ,  3.91334E-01 ,  1.25200E+01 , -1.28929E+00 ,  3.69856E+00 , -6.23075E-07 ,  1.85739E-08 , -4.23025E-08 ,  9.59452E-11 , -3.69851E-01 , -1.28929E-01 ,  1.98626E+01 
    2661 ,  3.92929E-01 ,  1.25200E+01 , -1.98510E+00 ,  2.51190E+00 ,  4.72720E-07 ,  3.21529E-08 , -7.92292E-08 ,  9.79644E-11 , -2.51201E-01 , -1.98510E-01 ,  1.40290E+01 
    2671 ,  3.94523E-01 ,  1.25200E+01 , -2.55576E+00 ,  6.13767E-01 ,  1.62749E-06 ,  5.33828E-08 , -9.58913E-08 ,  9.92624E-11 , -6.14020E-02 , -2.55573E-01 ,  4.28046E+00 
    2681 ,  3.96111E-01 ,  1.25200E+01 , -2.92686E+00 , -1.51248E+00 ,  2.62326E-06 ,  8.11329E-08 , -8.68317E-08 ,  9.93690E-11 ,  1.51211E-01 , -2.92677E-01 , -6.92650E+00 
    2691 ,  3.97696E-01 ,  1.25200E+01 , -3.08270E+00 , -3.47590E+00 ,  3.36480E-06 ,  1.12858E-07 , -5.35363E-08 ,  9.78857E-11 ,  3.47546E-01 , -3.08258E-01 , -1.75304E+01 
    2701 ,  3.99282E-01 ,  1.25200E+01 , -3.03503E+00 , -4.84573E+00 ,  3.77111E-06 ,  1.46152E-07 , -1.72737E-09 ,  9.47434E-11 ,  4.84527E-01 , -3.03488E-01 , -2.51595E+01 
    2711 ,  4.00864E-01 ,  1.25200E+01 , -2.80928E+00 , -5.54301E+00 ,  3.87110E-06 ,  1.78401E-07 ,  5.93167E-08 ,  9.01998E-11 ,  5.54255E-01 , -2.80911E-01 , -2.93212E+01 
    2721 ,  4.02448E-01 ,  1.25200E+01 , -2.44726E+00 , -5.45302E+00 ,  3.65021E-06 ,  2.07353E-07 ,  1.20272E-07 ,  8.49110E-11 ,  5.45262E-01 , -2.44707E-01 , -2.92785E+01 
    2731 ,  4.04034E-01 ,  1.25200E+01 , -2.01417E+00 , -4.68048E+00 ,  3.16030E-06 ,  2.30890E-07 ,  1.72534E-07 ,  7.94893E-11 ,  4.68016E-01 , -2.01398E-01 , -2.54890E+01 
    2741 ,  4.05624E-01 ,  1.25200E+01 , -1.54681E+00 , -3.43833E+00 ,  2.45778E-06 ,  2.47909E-07 ,  2.10095E-07 ,  7.49122E-11 ,  3.43811E-01 , -1.54665E-01 , -1.90649E+01 
    2751 ,  4.07212E-01 ,  1.25200E+01 , -1.03969E+00 , -1.87620E+00 ,  1.55036E-06 ,  2.57819E-07 ,  2.29179E-07 ,  7.18237E-11 ,  1.87609E-01 , -1.03956E-01 , -1.07998E+01 
    2761 ,  4.08806E-01 ,  1.25200E+01 , -5.52181E-01 , -3.95271E-01 ,  6.15294E-07 ,  2.60810E-07 ,  2.29848E-07 ,  7.06609E-11 ,  3.95255E-02 , -5.52113E-02 , -2.82325E+00 
    2771 ,  4.10401E-01 ,  1.25200E+01 , -9.31638E-02 ,  7.73043E-01 , -2.30249E-07 ,  2.57621E-07 ,  2.15819E-07 ,  7.14220E-11 , -7.72997E-02 , -9.31632E-03 ,  3.62547E+00 
    2781 ,  4.11998E-01 ,  1.25200E+01 ,  3.49150E-01 ,  1.53317E+00 , -9.20921E-07 ,  2.48865E-07 ,  1.92826E-07 ,  7.37320E-11 , -1.53309E-01 ,  3.49086E-02 ,  8.05169E+00 
    2791 ,  4.13594E-01 ,  1.25200E+01 ,  7.65055E-01 ,  1.83552E+00 , -1.38306E-06 ,  2.35304E-07 ,  1.67147E-07 ,  7.70075E-11 , -1.83544E-01 ,  7.64931E-02 ,  1.01793E+01 
    2801 ,  4.15181E-01 ,  1.25200E+01 ,  1.14318E+00 ,  1.72218E+00 , -1.58239E-06 ,  2.18087E-07 ,  1.44872E-07 ,  8.06622E-11 , -1.72211E-01 ,  1.14303E-01 ,  1.01783E+01 
    2811 ,  4.16765E-01 ,  1.25200E+01 ,  1.44750E+00 ,  1.34818E+00 , -1.55295E-06 ,  1.98646E-07 ,  1.29831E-07 ,  8.40530E-11 , -1.34812E-01 ,  1.44734E-01 ,  8.71509E+00 
    2821 ,  4.18342E-01 ,  1.25200E+01 ,  1.71747E+00 ,  8.74136E-01 , -1.39227E-06 ,  1.78554E-07 ,  1.23520E-07 ,  8.67923E-11 , -8.74076E-02 ,  1.71732E-01 ,  6.54908E+00 
    2831 ,  4.19911E-01 ,  1.25200E+01 ,  1.94512E+00 ,  5.44115E-01 , -1.26676E-06 ,  1.58706E-07 ,  1.24518E-07 ,  8.87495E-11 , -5.44020E-02 ,  1.94499E-01 ,  4.80298E+00 
    2841 ,  4.21480E-01 ,  1.25200E+01 ,  2.16443E+00 ,  4.90374E-01 , -1.29942E-06 ,  1.39266E-07 ,  1.28165E-07 ,  8.98964E-11 , -4.90209E-02 ,  2.16433E-01 ,  4.08681E+00 
    2851 ,  4.23038E-01 ,  1.25200E+01 ,  2.36182E+00 ,  7.33163E-01 , -1.51553E-06 ,  1.19969E-07 ,  1.28892E-07 ,  9.04442E-11 , -7.32912E-02 ,  2.36176E-01 ,  4.60498E+00 
    2861 ,  4.24612E-01 ,  1.25200E+01 ,  2.53920E+00 ,  1.20340E+00 , -1.88748E-06 ,  9.97921E-08 ,  1.22085E-07 ,  9.07223E-11 , -1.20305E-01 ,  2.53917E-01 ,  6.09243E+00 
    2871 ,  4.26198E-01 ,  1.25200E+01 ,  2.65370E+00 ,  1.78879E+00 , -2.31535E-06 ,  7.77952E-08 ,  1.05122E-07 ,  9.08976E-11 , -1.78837E-01 ,  2.65366E-01 ,  8.11824E+00 
    2881 ,  4.27793E-01 ,  1.25200E+01 ,  2.63223E+00 ,  2.30569E+00 , -2.63397E-06 ,  5.36668E-08 ,  7.77245E-08 ,  9.12087E-11 , -2.30526E-01 ,  2.63218E-01 ,  9.95666E+00 
    2891 ,  4.29398E-01 ,  1.25200E+01 ,  2.39378E+00 ,  2.59923E+00 , -2.68241E-06 ,  2.86006E-08 ,  4.32760E-08 ,  9.17720E-11 , -2.59884E-01 ,  2.39373E-01 ,  1.09896E+01 
    2901 ,  4.31003E-01 ,  1.25200E+01 ,  1.90273E+00 ,  2.58431E+00 , -2.38108E-06 ,  5.30103E-09 ,  7.07190E-09 ,  9.26552E-11 , -2.58401E-01 ,  1.90266E-01 ,  1.08692E+01 
    2911 ,  4.32609E-01 ,  1.25200E+01 ,  1.17879E+00 ,  2.27909E+00 , -1.74648E-06 , -1.32245E-08 , -2.57264E-08 ,  9.37222E-11 , -2.27893E-01 ,  1.17874E-01 ,  9.64032E+00 
    2921 ,  4.34212E-01 ,  1.25200E+01 ,  2.55319E-01 ,  1.75255E+00 , -8.48839E-07 , -2.38793E-08 , -5.09091E-08 ,  9.47964E-11 , -1.75254E-01 ,  2.55281E-02 ,  7.53356E+00 
    2931 ,  4.35814E-01 ,  1.25200E+01 , -7.80342E-01 ,  1.09370E+00 ,  1.79532E-07 , -2.42125E-08 , -6.64746E-08 ,  9.56807E-11 , -1.09383E-01 , -7.80362E-02 ,  4.85088E+00 
    2941 ,  4.37409E-01 ,  1.25200E+01 , -1.84396E+00 ,  3.61377E-01 ,  1.22711E-06 , -1.22457E-08 , -7.16672E-08 ,  9.61316E-11 , -3.61627E-02 , -1.84393E-01 ,  1.77443E+00 
    2951 ,  4.38993E-01 ,  1.25200E+01 , -2.78553E+00 , -3.79315E-01 ,  2.13381E-06 ,  1.21235E-08 , -6.71914E-08 ,  9.60367E-11 ,  3.79000E-02 , -2.78545E-01 , -1.47443E+00 
    2961 ,  4.40570E-01 ,  1.25200E+01 , -3.43392E+00 , -1.05539E+00 ,  2.74348E-06 ,  4.66920E-08 , -5.48381E-08 ,  9.52672E-11 ,  1.05507E-01 , -3.43378E-01 , -4.58689E+00 
    2971 ,  4.42145E-01 ,  1.25200E+01 , -3.80129E+00 , -1.72439E+00 ,  3.09499E-06 ,  8.86167E-08 , -3.56201E-08 ,  9.38963E-11 ,  1.72409E-01 , -3.80114E-01 , -7.79397E+00 
    2981 ,  4.43722E-01 ,  1.25200E+01 , -3.87055E+00 , -2.37572E+00 ,  3.20040E-06 ,  1.34564E-07 , -9.80943E-09 ,  9.18566E-11 ,  2.37547E-01 , -3.87037E-01 , -1.09960E+01 
    2991 ,  4.45305E-01 ,  1.25200E+01 , -3.64361E+00 , -3.05978E+00 ,  3.10458E-06 ,  1.81008E-07 ,  2.31070E-08 ,  8.92604E-11 ,  3.05959E-01 , -3.64341E-01 , -1.44053E+01 
    3001 ,  4.46895E-01 ,  1.25200E+01 , -3.25533E+00 , -3.53913E+00 ,  2.90974E-06 ,  2.24652E-07 ,  6.30230E-08 ,  8.63411E-11 ,  3.53897E-01 , -3.25513E-01 , -1.68219E+01 
    3011 ,  4.48494E-01 ,  1.25200E+01 , -2.67937E+00 , -3.84589E+00 ,  2.61582E-06 ,  2.62406E-07 ,  1.08277E-07 ,  8.31580E-11 ,  3.84575E-01 , -2.67920E-01 , -1.84254E+01 
    3021 ,  4.50093E-01 ,  1.25200E+01 , -2.07140E+00 , -3.78968E+00 ,  2.29214E-06 ,  2.91693E-07 ,  1.54528E-07 ,  8.01561E-11 ,  3.78953E-01 , -2.07124E-01 , -1.82889E+01 
    3031 ,  4.51696E-01 ,  1.25200E+01 , -1.46507E+00 , -3.34273E+00 ,  1.92854E-06 ,  3.11115E-07 ,  1.96398E-07 ,  7.76231E-11 ,  3.34258E-01 , -1.46497E-01 , -1.62887E+01 
    3041 ,  4.53295E-01 ,  1.25200E+01 , -9.23893E-01 , -2.56095E+00 ,  1.53660E-06 ,  3.21014E-07 ,  2.28438E-07 ,  7.59292E-11 ,  2.56078E-01 , -9.23836E-02 , -1.26698E+01 
    3051 ,  4.54889E-01 ,  1.25200E+01 , -3.84910E-01 , -1.46122E+00 ,  1.05362E-06 ,  3.21545E-07 ,  2.45889E-07 ,  7.51529E-11 ,  1.46104E-01 , -3.84890E-02 , -7.49959E+00 
    3061 ,  4.56477E-01 ,  1.25200E+01 ,  9.59200E-02 , -3.37543E-01 ,  5.37289E-07 ,  3.13934E-07 ,  2.47641E-07 ,  7.53468E-11 ,  3.37378E-02 ,  9.59035E-03 , -2.13957E+00 
    3071 ,  4.58053E-01 ,  1.25200E+01 ,  6.17274E-01 ,  7.67646E-01 , -8.47871E-08 ,  2.99432E-07 ,  2.34442E-07 ,  7.63713E-11 , -7.67773E-02 ,  6.17213E-02 ,  3.21829E+00 
    3081 ,  4.59624E-01 ,  1.25200E+01 ,  1.12610E+00 ,  1.52862E+00 , -6.96067E-07 ,  2.78959E-07 ,  2.09831E-07 ,  7.81662E-11 , -1.52869E-01 ,  1.12602E-01 ,  7.00115E+00 
    3091 ,  4.61200E-01 ,  1.25200E+01 ,  1.68409E+00 ,  1.93956E+00 , -1.32352E-06 ,  2.53562E-07 ,  1.79566E-07 ,  8.03271E-11 , -1.93955E-01 ,  1.68398E-01 ,  9.15784E+00 
    3101 ,  4.62776E-01 ,  1.25200E+01 ,  2.30048E+00 ,  2.00477E+00 , -1.93893E-06 ,  2.23673E-07 ,  1.49333E-07 ,  8.25875E-11 , -2.00466E-01 ,  2.30034E-01 ,  9.67600E+00 
    3111 ,  4.64350E-01 ,  1.25200E+01 ,  2.92604E+00 ,  1.80953E+00 , -2.49262E-06 ,  1.89848E-07 ,  1.23902E-07 ,  8.46737E-11 , -1.80933E-01 ,  2.92589E-01 ,  8.92100E+00 
    3121 ,  4.65933E-01 ,  1.25200E+01 ,  3.52134E+00 ,  1.49735E+00 , -2.95491E-06 ,  1.52269E-07 ,  1.05581E-07 ,  8.64379E-11 , -1.49706E-01 ,  3.52118E-01 ,  7.56964E+00 
    3131 ,  4.67521E-01 ,  1.25200E+01 ,  3.96427E+00 ,  1.24689E+00 , -3.25604E-06 ,  1.11891E-07 ,  9.40086E-08 ,  8.78535E-11 , -1.24653E-01 ,  3.96411E-01 ,  6.47661E+00 
    3141 ,  4.69113E-01 ,  1.25200E+01 ,  4.21862E+00 ,  1.15532E+00 , -3.39452E-06 ,  7.01568E-08 ,  8.67848E-08 ,  8.90199E-11 , -1.15490E-01 ,  4.21845E-01 ,  6.14013E+00 
    3151 ,  4.70714E-01 ,  1.25200E+01 ,  4.21622E+00 ,  1.29211E+00 , -3.35207E-06 ,  2.92473E-08 ,  8.03893E-08 ,  9.01251E-11 , -1.29166E-01 ,  4.21607E-01 ,  6.90953E+00 
    3161 ,  4.72310E-01 ,  1.25200E+01 ,  3.92773E+00 ,  1.67403E+00 , -3.13869E-06 , -7.61116E-09 ,  7.08645E-08 ,  9.14441E-11 , -1.67360E-01 ,  3.92760E-01 ,  8.88713E+00 
    3171 ,  4.73906E-01 ,  1.25200E+01 ,  3.37997E+00 ,  2.22209E+00 , -2.80675E-06 , -3.84520E-08 ,  5.50419E-08 ,  9.30922E-11 , -2.22168E-01 ,  3.37986E-01 ,  1.16741E+01 
    3181 ,  4.75497E-01 ,  1.25200E+01 ,  2.63820E+00 ,  2.80957E+00 , -2.40716E-06 , -6.16042E-08 ,  3.11259E-08 ,  9.50237E-11 , -2.80921E-01 ,  2.63810E-01 ,  1.46222E+01 
    3191 ,  4.77088E-01 ,  1.25200E+01 ,  1.80610E+00 ,  3.25769E+00 , -1.99414E-06 , -7.67341E-08 , -4.76547E-10 ,  9.71694E-11 , -3.25741E-01 ,  1.80602E-01 ,  1.68103E+01 
    3201 ,  4.78679E-01 ,  1.25200E+01 ,  1.03033E+00 ,  3.38574E+00 , -1.60695E-06 , -8.44489E-08 , -3.68378E-08 ,  9.93313E-11 , -3.38553E-01 ,  1.03027E-01 ,  1.73310E+01 
    3211 ,  4.80265E-01 ,  1.25200E+01 ,  2.73305E-01 ,  3.07595E+00 , -1.18608E-06 , -8.53363E-08 , -7.30391E-08 ,  1.01074E-10 , -3.07584E-01 ,  2.73251E-02 ,  1.55857E+01 
    3221 ,  4.81853E-01 ,  1.25200E+01 , -3.74189E-01 ,  2.20690E+00 , -6.91941E-07 , -8.04946E-08 , -1.03247E-07 ,  1.02145E-10 , -2.20686E-01 , -3.74222E-02 ,  1.10023E+01 
    3231 ,  4.83440E-01 ,  1.25200E+01 , -8.63336E-01 ,  9.34645E-01 , -1.27439E-07 , -7.05386E-08 , -1.20346E-07 ,  1.02314E-10 , -9.34695E-02 , -8.63353E-02 ,  4.43338E+00 
    3241 ,  4.85023E-01 ,  1.25200E+01 , -1.25504E+00 , -6.22173E-01 ,  5.67921E-07 , -5.60104E-08 , -1.19635E-07 ,  1.01426E-10 ,  6.22042E-02 , -1.25501E-01 , -3.49416E+00 
    3251 ,  4.86614E-01 ,  1.25200E+01 , -1.58007E+00 , -2.21304E+00 ,  1.37451E-06 , -3.70155E-08 , -9.97266E-08 ,  9.95065E-11 ,  2.21284E-01 , -1.58000E-01 , -1.15033E+01 
    3261 ,  4.88203E-01 ,  1.25200E+01 , -1.88062E+00 , -3.59403E+00 ,  2.24372E-06 , -1.39592E-08 , -6.22545E-08 ,  9.66610E-11 ,  3.59376E-01 , -1.88052E-01 , -1.83821E+01 
    3271 ,  4.89786E-01 ,  1.25200E+01 , -2.17153E+00 , -4.52755E+00 ,  3.04106E-06 ,  1.29903E-08 , -1.12802E-08 ,  9.32184E-11 ,  4.52723E-01 , -2.17138E-01 , -2.29649E+01 
    3281 ,  4.91373E-01 ,  1.25200E+01 , -2.48334E+00 , -4.93013E+00 ,  3.70882E-06 ,  4.34823E-08 ,  4.66970E-08 ,  8.93433E-11 ,  4.92975E-01 , -2.48316E-01 , -2.48561E+01 
    3291 ,  4.92964E-01 ,  1.25200E+01 , -2.78314E+00 , -4.67793E+00 ,  4.05702E-06 ,  7.65297E-08 ,  1.03810E-07 ,  8.53811E-11 ,  4.67754E-01 , -2.78292E-01 , -2.34847E+01 
    3301 ,  4.94554E-01 ,  1.25200E+01 , -3.05773E+00 , -3.85574E+00 ,  4.02570E-06 ,  1.10828E-07 ,  1.51604E-07 ,  8.17330E-11 ,  3.85536E-01 , -3.05753E-01 , -1.92981E+01 
    3311 ,  4.96145E-01 ,  1.25200E+01 , -3.24233E+00 , -2.77029E+00 ,  3.62946E-06 ,  1.45141E-07 ,  1.84697E-07 ,  7.87386E-11 ,  2.76994E-01 , -3.24215E-01 , -1.38459E+01 
    3321 ,  4.97736E-01 ,  1.25200E+01 , -3.31866E+00 , -1.58142E+00 ,  2.93730E-06 ,  1.78095E-07 ,  2.01549E-07 ,  7.66020E-11 ,  1.58112E-01 , -3.31850E-01 , -7.91148E+00 
    3331 ,  4.99325E-01 ,  1.25200E+01 , -3.24893E+00 , -5.77501E-01 ,  2.11202E-06 ,  2.08898E-07 ,  2.04165E-07 ,  7.55820E-11 ,  5.77273E-02 , -3.24879E-01 , -2.90007E+00 
    3341 ,  5.00913E-01 ,  1.25200E+01 , -2.99848E+00 ,  1.45718E-01 ,  1.25529E-06 ,  2.36787E-07 ,  1.96963E-07 ,  7.56604E-11 , -1.45877E-02 , -2.99841E-01 ,  7.39493E-01 
    3351 ,  5.02498E-01 ,  1.25200E+01 , -2.59766E+00 ,  4.49348E-01 ,  6.19323E-07 ,  2.60790E-07 ,  1.85400E-07 ,  7.65865E-11 , -4.49434E-02 , -2.59763E-01 ,  2.32166E+00 
    3361 ,  5.04085E-01 ,  1.25200E+01 , -1.96452E+00 ,  4.35989E-01 ,  1.72880E-07 ,  2.80061E-07 ,  1.74423E-07 ,  7.80995E-11 , -4.36011E-02 , -1.96450E-01 ,  2.37276E+00 
    3371 ,  5.05665E-01 ,  1.25200E+01 , -1.29678E+00 ,  2.63526E-01 ,  4.62460E-10 ,  2.93059E-07 ,  1.67366E-07 ,  7.98353E-11 , -2.63505E-02 , -1.29676E-01 ,  1.62894E+00 
    3381 ,  5.07244E-01 ,  1.25200E+01 , -5.22793E-01 ,  7.21900E-02 , -2.32923E-08 ,  2.99331E-07 ,  1.64657E-07 ,  8.13619E-11 , -7.21310E-03 , -5.22771E-02 ,  7.79782E-01 
    3391 ,  5.08823E-01 ,  1.25200E+01 ,  2.94643E-01 ,  1.25574E-02 , -2.27550E-08 ,  2.98335E-07 ,  1.64910E-07 ,  8.24204E-11 , -1.24655E-03 ,  2.94659E-02 ,  5.38814E-01 
    3401 ,  5.10394E-01 ,  1.25200E+01 ,  1.06437E+00 ,  1.77783E-01 , -1.38184E-07 ,  2.89647E-07 ,  1.65138E-07 ,  8.28959E-11 , -1.77651E-02 ,  1.06440E-01 ,  1.33556E+00 
    3411 ,  5.11972E-01 ,  1.25200E+01 ,  1.74846E+00 ,  5.79470E-01 , -4.74005E-07 ,  2.73138E-07 ,  1.61831E-07 ,  8.29507E-11 , -5.79289E-02 ,  1.74848E-01 ,  3.21354E+00 
    3421 ,  5.13553E-01 ,  1.25200E+01 ,  2.28256E+00 ,  1.14801E+00 , -1.04525E-06 ,  2.49531E-07 ,  1.52289E-07 ,  8.29155E-11 , -1.14778E-01 ,  2.28255E-01 ,  5.82882E+00 
    3431 ,  5.15135E-01 ,  1.25200E+01 ,  2.67706E+00 ,  1.81368E+00 , -1.81936E-06 ,  2.19738E-07 ,  1.34813E-07 ,  8.31423E-11 , -1.81341E-01 ,  2.67701E-01 ,  8.84363E+00 
    3441 ,  5.16724E-01 ,  1.25200E+01 ,  2.93176E+00 ,  2.48163E+00 , -2.69224E-06 ,  1.84730E-07 ,  1.09014E-07 ,  8.39619E-11 , -2.48131E-01 ,  2.93163E-01 ,  1.18142E+01 
    3451 ,  5.18316E-01 ,  1.25200E+01 ,  3.03297E+00 ,  2.99667E+00 , -3.43848E-06 ,  1.46094E-07 ,  7.61327E-08 ,  8.56262E-11 , -2.99634E-01 ,  3.03280E-01 ,  1.40505E+01 
    3461 ,  5.19907E-01 ,  1.25200E+01 ,  2.99666E+00 ,  3.25929E+00 , -3.86662E-06 ,  1.06309E-07 ,  3.88355E-08 ,  8.81179E-11 , -3.25898E-01 ,  2.99647E-01 ,  1.51346E+01 
    3471 ,  5.21500E-01 ,  1.25200E+01 ,  2.84016E+00 ,  3.21127E+00 , -3.84907E-06 ,  6.75727E-08 ,  4.14238E-10 ,  9.10912E-11 , -3.21099E-01 ,  2.83994E-01 ,  1.48428E+01 
    3481 ,  5.23088E-01 ,  1.25200E+01 ,  2.58084E+00 ,  2.83561E+00 , -3.34831E-06 ,  3.24351E-08 , -3.49334E-08 ,  9.41793E-11 , -2.83539E-01 ,  2.58063E-01 ,  1.31294E+01 
    3491 ,  5.24677E-01 ,  1.25200E+01 ,  2.22581E+00 ,  2.14552E+00 , -2.41404E-06 ,  3.03046E-09 , -6.32142E-08 ,  9.68077E-11 , -2.14539E-01 ,  2.22563E-01 ,  1.00553E+01 
    3501 ,  5.26263E-01 ,  1.25200E+01 ,  1.80526E+00 ,  1.24588E+00 , -1.25659E-06 , -1.85466E-08 , -8.07422E-08 ,  9.85252E-11 , -1.24584E-01 ,  1.80514E-01 ,  6.05959E+00 
    3511 ,  5.27844E-01 ,  1.25200E+01 ,  1.29561E+00 ,  1.56952E-01 ,  9.57090E-09 , -3.13159E-08 , -8.50615E-08 ,  9.89729E-11 , -1.56997E-02 ,  1.29556E-01 ,  1.18448E+00 
    3521 ,  5.29423E-01 ,  1.25200E+01 ,  7.38221E-01 , -9.40981E-01 ,  1.09057E-06 , -3.44723E-08 , -7.51109E-08 ,  9.81003E-11 ,  9.40881E-02 ,  7.38239E-02 , -3.82472E+00 
    3531 ,  5.31003E-01 ,  1.25200E+01 ,  1.79515E-01 , -1.85580E+00 ,  1.74956E-06 , -2.91110E-08 , -5.30475E-08 ,  9.60661E-11 ,  1.85568E-01 ,  1.79601E-02 , -8.13302E+00 
    3541 ,  5.32583E-01 ,  1.25200E+01 , -3.43262E-01 , -2.47520E+00 ,  1.95630E-06 , -1.66945E-08 , -2.20268E-08 ,  9.33424E-11 ,  2.47509E-01 , -3.43151E-02 , -1.12009E+01 
    3551 ,  5.34166E-01 ,  1.25200E+01 , -9.05008E-01 , -2.85291E+00 ,  1.82833E-06 ,  1.56281E-09 ,  1.45055E-08 ,  9.03242E-11 ,  2.85283E-01 , -9.04895E-02 , -1.32577E+01 
    3561 ,  5.35757E-01 ,  1.25200E+01 , -1.43673E+00 , -2.92807E+00 ,  1.51687E-06 ,  2.43633E-08 ,  5.27414E-08 ,  8.74328E-11 ,  2.92801E-01 , -1.43662E-01 , -1.39137E+01 
    3571 ,  5.37347E-01 ,  1.25200E+01 , -1.95739E+00 , -2.76528E+00 ,  1.23012E-06 ,  5.03684E-08 ,  8.88589E-08 ,  8.50280E-11 ,  2.76522E-01 , -1.95730E-01 , -1.33931E+01 
    3581 ,  5.38939E-01 ,  1.25200E+01 , -2.43165E+00 , -2.44948E+00 ,  1.14095E-06 ,  7.87193E-08 ,  1.20122E-07 ,  8.33267E-11 ,  2.44938E-01 , -2.43157E-01 , -1.20248E+01 
    3591 ,  5.40532E-01 ,  1.25200E+01 , -2.86950E+00 , -2.04095E+00 ,  1.34741E-06 ,  1.08664E-07 ,  1.44894E-07 ,  8.23345E-11 ,  2.04079E-01 , -2.86942E-01 , -1.00909E+01 
    3601 ,  5.42123E-01 ,  1.25200E+01 , -3.20161E+00 , -1.64434E+00 ,  1.82151E-06 ,  1.39432E-07 ,  1.62943E-07 ,  8.18778E-11 ,  1.64409E-01 , -3.20152E-01 , -8.12779E+00 
    3611 ,  5.43714E-01 ,  1.25200E+01 , -3.42326E+00 , -1.25633E+00 ,  2.50845E-06 ,  1.70921E-07 ,  1.74635E-07 ,  8.16803E-11 ,  1.25598E-01 , -3.42316E-01 , -6.19894E+00 
    3621 ,  5.45304E-01 ,  1.25200E+01 , -3.46398E+00 , -9.65339E-01 ,  3.07039E-06 ,  2.02288E-07 ,  1.80510E-07 ,  8.15042E-11 ,  9.64931E-02 , -3.46385E-01 , -4.83020E+00 
    3631 ,  5.46890E-01 ,  1.25200E+01 , -3.31473E+00 , -7.21187E-01 ,  3.38390E-06 ,  2.32215E-07 ,  1.81751E-07 ,  8.11277E-11 ,  7.20760E-02 , -3.31457E-01 , -3.84258E+00 
    3641 ,  5.48469E-01 ,  1.25200E+01 , -2.97670E+00 , -5.27730E-01 ,  3.26045E-06 ,  2.59239E-07 ,  1.79424E-07 ,  8.05037E-11 ,  5.27359E-02 , -2.97653E-01 , -3.24487E+00 
    3651 ,  5.50045E-01 ,  1.25200E+01 , -2.40571E+00 , -3.30145E-01 ,  2.61702E-06 ,  2.81392E-07 ,  1.74102E-07 ,  7.96261E-11 ,  3.29892E-02 , -2.40555E-01 , -2.74948E+00 
    3661 ,  5.51618E-01 ,  1.25200E+01 , -1.77531E+00 , -1.53409E-01 ,  1.67719E-06 ,  2.97658E-07 ,  1.66899E-07 ,  7.86810E-11 ,  1.53297E-02 , -1.77518E-01 , -2.24125E+00 
    3671 ,  5.53194E-01 ,  1.25200E+01 , -1.05817E+00 ,  5.11379E-02 ,  5.17654E-07 ,  3.07379E-07 ,  1.58782E-07 ,  7.78670E-11 , -5.10858E-03 , -1.05807E-01 , -1.41521E+00 
    3681 ,  5.54771E-01 ,  1.25200E+01 , -3.21375E-01 ,  2.98820E-01 , -6.45180E-07 ,  3.10066E-07 ,  1.50454E-07 ,  7.74131E-11 , -2.98622E-02 , -3.21312E-02 , -9.64123E-02 
    3691 ,  5.56351E-01 ,  1.25200E+01 ,  3.39336E-01 ,  5.86533E-01 , -1.55185E-06 ,  3.05913E-07 ,  1.42010E-07 ,  7.74599E-11 , -5.86239E-02 ,  3.39350E-02 ,  1.70562E+00 
    3701 ,  5.57935E-01 ,  1.25200E+01 ,  9.63011E-01 ,  9.54556E-01 , -2.17574E-06 ,  2.95416E-07 ,  1.32842E-07 ,  7.81700E-11 , -9.54216E-02 ,  9.62980E-02 ,  4.17889E+00 
    3711 ,  5.59520E-01 ,  1.25200E+01 ,  1.49174E+00 ,  1.38226E+00 , -2.42339E-06 ,  2.78839E-07 ,  1.22070E-07 ,  7.95491E-11 , -1.38193E-01 ,  1.49167E-01 ,  7.09205E+00 
    3721 ,  5.61101E-01 ,  1.25200E+01 ,  1.88406E+00 ,  1.80396E+00 , -2.36572E-06 ,  2.57278E-07 ,  1.08587E-07 ,  8.15616E-11 , -1.80368E-01 ,  1.88395E-01 ,  9.90575E+00 
    3731 ,  5.62688E-01 ,  1.25200E+01 ,  2.18633E+00 ,  2.20582E+00 , -2.11950E-06 ,  2.31815E-07 ,  9.12652E-08 ,  8.41136E-11 , -2.20560E-01 ,  2.18619E-01 ,  1.24905E+01 
    3741 ,  5.64272E-01 ,  1.25200E+01 ,  2.39895E+00 ,  2.49923E+00 , -1.84257E-06 ,  2.03759E-07 ,  7.00388E-08 ,  8.69526E-11 , -2.49906E-01 ,  2.39881E-01 ,  1.42840E+01 
    3751 ,  5.65853E-01 ,  1.25200E+01 ,  2.56758E+00 ,  2.64481E+00 , -1.62345E-06 ,  1.74091E-07 ,  4.55818E-08 ,  8.99673E-11 , -2.64468E-01 ,  2.56742E-01 ,  1.50814E+01 
    3761 ,  5.67434E-01 ,  1.25200E+01 ,  2.68657E+00 ,  2.54836E+00 , -1.57614E-06 ,  1.43822E-07 ,  1.97869E-08 ,  9.27944E-11 , -2.54824E-01 ,  2.68641E-01 ,  1.43915E+01 
    3771 ,  5.69018E-01 ,  1.25200E+01 ,  2.76581E+00 ,  2.19024E+00 , -1.68811E-06 ,  1.13901E-07 , -4.15785E-09 ,  9.51801E-11 , -2.19012E-01 ,  2.76566E-01 ,  1.21835E+01 
    3781 ,  5.70599E-01 ,  1.25200E+01 ,  2.80436E+00 ,  1.55255E+00 , -1.90142E-06 ,  8.50609E-08 , -2.25160E-08 ,  9.67655E-11 , -1.55239E-01 ,  2.80420E-01 ,  8.41445E+00 
    3791 ,  5.72181E-01 ,  1.25200E+01 ,  2.77873E+00 ,  7.89442E-01 , -2.06694E-06 ,  5.79270E-08 , -3.29150E-08 ,  9.75548E-11 , -7.89264E-02 ,  2.77858E-01 ,  4.03406E+00 
    3801 ,  5.73754E-01 ,  1.25200E+01 ,  2.66902E+00 , -5.89403E-02 , -2.08765E-06 ,  3.27610E-08 , -3.37314E-08 ,  9.74252E-11 ,  5.91335E-03 ,  2.66889E-01 , -7.18795E-01 
    3811 ,  5.75319E-01 ,  1.25200E+01 ,  2.44555E+00 , -8.76875E-01 , -1.87137E-06 ,  1.04719E-08 , -2.49281E-08 ,  9.64375E-11 ,  8.77059E-02 ,  2.44545E-01 , -5.18573E+00 
    3821 ,  5.76905E-01 ,  1.25200E+01 ,  2.07620E+00 , -1.54728E+00 , -1.35812E-06 , -8.34690E-09 , -8.18992E-09 ,  9.47771E-11 ,  1.54742E-01 ,  2.07612E-01 , -8.71378E+00 
    3831 ,  5.78490E-01 ,  1.25200E+01 ,  1.57686E+00 , -1.97852E+00 , -6.28915E-07 , -2.18564E-08 ,  1.42236E-08 ,  9.26564E-11 ,  1.97858E-01 ,  1.57683E-01 , -1.08233E+01 
    3841 ,  5.80075E-01 ,  1.25200E+01 ,  9.29270E-01 , -2.15952E+00 ,  2.59843E-07 , -2.89472E-08 ,  3.91246E-08 ,  9.03639E-11 ,  2.15948E-01 ,  9.29259E-02 , -1.14749E+01 
    3851 ,  5.81664E-01 ,  1.25200E+01 ,  2.12228E-01 , -2.08187E+00 ,  1.09933E-06 , -2.90374E-08 ,  6.34466E-08 ,  8.82626E-11 ,  2.08173E-01 ,  2.12259E-02 , -1.07018E+01 
    3861 ,  5.83254E-01 ,  1.25200E+01 , -5.95275E-01 , -1.77868E+00 ,  1.82806E-06 , -2.18023E-08 ,  8.45809E-08 ,  8.65728E-11 ,  1.77845E-01 , -5.95223E-02 , -8.71611E+00 
    3871 ,  5.84841E-01 ,  1.25200E+01 , -1.33427E+00 , -1.36321E+00 ,  2.25283E-06 , -7.41246E-09 ,  1.00744E-07 ,  8.54614E-11 ,  1.36292E-01 , -1.33419E-01 , -6.24629E+00 
    3881 ,  5.86431E-01 ,  1.25200E+01 , -2.00171E+00 , -8.90040E-01 ,  2.36785E-06 ,  1.33710E-08 ,  1.11403E-07 ,  8.49769E-11 ,  8.89723E-02 , -2.00163E-01 , -3.62169E+00 
    3891 ,  5.88016E-01 ,  1.25200E+01 , -2.47750E+00 , -4.85416E-01 ,  2.16343E-06 ,  3.91383E-08 ,  1.16852E-07 ,  8.50836E-11 ,  4.85112E-02 , -2.47744E-01 , -1.55657E+00 
    3901 ,  5.89600E-01 ,  1.25200E+01 , -2.75335E+00 , -1.86148E-01 ,  1.72276E-06 ,  6.80708E-08 ,  1.18122E-07 ,  8.55373E-11 ,  1.85908E-02 , -2.75330E-01 , -2.39753E-01 
    3911 ,  5.91179E-01 ,  1.25200E+01 , -2.78904E+00 , -5.02365E-02 ,  1.18881E-06 ,  9.80373E-08 ,  1.16839E-07 ,  8.59859E-11 ,  5.00867E-03 , -2.78897E-01 ,  8.86977E-02 
    3921 ,  5.92760E-01 ,  1.25200E+01 , -2.59855E+00 , -8.01816E-02 ,  7.29553E-07 ,  1.27142E-07 ,  1.15035E-07 ,  8.62914E-11 ,  8.01244E-03 , -2.59848E-01 , -4.72135E-01 
    3931 ,  5.94336E-01 ,  1.25200E+01 , -2.22539E+00 , -2.28891E-01 ,  4.34553E-07 ,  1.53386E-07 ,  1.14341E-07 ,  8.61835E-11 ,  2.28908E-02 , -2.22531E-01 , -1.59131E+00 
    3941 ,  5.95910E-01 ,  1.25200E+01 , -1.69840E+00 , -4.32686E-01 ,  3.39322E-07 ,  1.75415E-07 ,  1.15680E-07 ,  8.56364E-11 ,  4.32758E-02 , -1.69830E-01 , -2.87013E+00 
    3951 ,  5.97483E-01 ,  1.25200E+01 , -1.14626E+00 , -5.75103E-01 ,  4.14785E-07 ,  1.92405E-07 ,  1.19163E-07 ,  8.46751E-11 ,  5.75200E-02 , -1.14615E-01 , -3.64595E+00 
    3961 ,  5.99059E-01 ,  1.25200E+01 , -5.82331E-01 , -5.89651E-01 ,  5.48151E-07 ,  2.03825E-07 ,  1.23765E-07 ,  8.34627E-11 ,  5.89748E-02 , -5.82229E-02 , -3.60952E+00 
    3971 ,  6.00635E-01 ,  1.25200E+01 , -3.51084E-02 , -4.19610E-01 ,  6.28268E-07 ,  2.08893E-07 ,  1.27719E-07 ,  8.22627E-11 ,  4.19683E-02 , -3.50005E-03 , -2.53171E+00 
    3981 ,  6.02214E-01 ,  1.25200E+01 ,  4.45914E-01 , -5.19785E-02 ,  5.20919E-07 ,  2.07342E-07 ,  1.28700E-07 ,  8.14255E-11 ,  5.20295E-03 ,  4.45979E-02 , -4.37349E-01 
    3991 ,  6.03796E-01 ,  1.25200E+01 ,  8.19229E-01 ,  4.41029E-01 ,  1.77799E-07 ,  1.99634E-07 ,  1.24884E-07 ,  8.12102E-11 , -4.40989E-02 ,  8.19254E-02 ,  2.22797E+00 
    4001 ,  6.05378E-01 ,  1.25200E+01 ,  1.12218E+00 ,  1.00639E+00 , -3.86495E-07 ,  1.86066E-07 ,  1.14996E-07 ,  8.17955E-11 , -1.00635E-01 ,  1.12215E-01 ,  5.17612E+00 
    4011 ,  6.06961E-01 ,  1.25200E+01 ,  1.34899E+00 ,  1.52937E+00 , -1.07379E-06 ,  1.67711E-07 ,  9.92394E-08 ,  8.31606E-11 , -1.52931E-01 ,  1.34891E-01 ,  7.82441E+00 
    4021 ,  6.08544E-01 ,  1.25200E+01 ,  1.50627E+00 ,  1.90551E+00 , -1.73338E-06 ,  1.45821E-07 ,  7.88597E-08 ,  8.52090E-11 , -1.90543E-01 ,  1.50615E-01 ,  9.68071E+00 
    4031 ,  6.10127E-01 ,  1.25200E+01 ,  1.60375E+00 ,  2.07145E+00 , -2.23870E-06 ,  1.21874E-07 ,  5.60962E-08 ,  8.76589E-11 , -2.07134E-01 ,  1.60358E-01 ,  1.04730E+01 
    4041 ,  6.11713E-01 ,  1.25200E+01 ,  1.63818E+00 ,  1.97924E+00 , -2.44288E-06 ,  9.76779E-08 ,  3.38002E-08 ,  9.01845E-11 , -1.97910E-01 ,  1.63801E-01 ,  1.00103E+01 
    4051 ,  6.13296E-01 ,  1.25200E+01 ,  1.60387E+00 ,  1.64054E+00 , -2.28998E-06 ,  7.54932E-08 ,  1.51788E-08 ,  9.23611E-11 , -1.64039E-01 ,  1.60372E-01 ,  8.37362E+00 
    4061 ,  6.14878E-01 ,  1.25200E+01 ,  1.48707E+00 ,  1.08517E+00 , -1.76730E-06 ,  5.71582E-08 ,  2.79424E-09 ,  9.39035E-11 , -1.08503E-01 ,  1.48697E-01 ,  5.71597E+00 
    4071 ,  6.16460E-01 ,  1.25200E+01 ,  1.29737E+00 ,  4.77639E-01 , -1.06149E-06 ,  4.40787E-08 , -2.00787E-09 ,  9.45398E-11 , -4.77498E-02 ,  1.29731E-01 ,  2.80972E+00 
    4081 ,  6.18042E-01 ,  1.25200E+01 ,  1.02490E+00 , -1.11928E-01 , -2.95408E-07 ,  3.64665E-08 ,  2.51656E-11 ,  9.42957E-11 ,  1.12045E-02 ,  1.02488E-01 , -3.29041E-02 
    4091 ,  6.19626E-01 ,  1.25200E+01 ,  6.68398E-01 , -6.24723E-01 ,  4.05670E-07 ,  3.46809E-08 ,  8.11126E-09 ,  9.32402E-11 ,  6.24804E-02 ,  6.68449E-02 , -2.55218E+00 
    4101 ,  6.21208E-01 ,  1.25200E+01 ,  2.25299E-01 , -1.00963E+00 ,  9.36448E-07 ,  3.85693E-08 ,  2.07393E-08 ,  9.16504E-11 ,  1.00968E-01 ,  2.25391E-02 , -4.51967E+00 
    4111 ,  6.22793E-01 ,  1.25200E+01 , -2.61212E-01 , -1.20796E+00 ,  1.20311E-06 ,  4.74341E-08 ,  3.59669E-08 ,  8.97999E-11 ,  1.20797E-01 , -2.61123E-02 , -5.64585E+00 
    4121 ,  6.24379E-01 ,  1.25200E+01 , -7.56645E-01 , -1.23743E+00 ,  1.23554E-06 ,  6.05186E-08 ,  5.16254E-08 ,  8.80498E-11 ,  1.23741E-01 , -7.56551E-02 , -5.99119E+00 
    4131 ,  6.25967E-01 ,  1.25200E+01 , -1.24042E+00 , -1.13197E+00 ,  1.11993E-06 ,  7.66358E-08 ,  6.58102E-08 ,  8.66296E-11 ,  1.13191E-01 , -1.24034E-01 , -5.69373E+00 
    4141 ,  6.27554E-01 ,  1.25200E+01 , -1.67575E+00 , -9.41014E-01 ,  9.56021E-07 ,  9.47082E-08 ,  7.71558E-08 ,  8.57134E-11 ,  9.40911E-02 , -1.67570E-01 , -4.96667E+00 
    4151 ,  6.29140E-01 ,  1.25200E+01 , -2.01865E+00 , -7.24955E-01 ,  8.50634E-07 ,  1.14024E-07 ,  8.50797E-08 ,  8.53347E-11 ,  7.24811E-02 , -2.01862E-01 , -4.07215E+00 
    4161 ,  6.30725E-01 ,  1.25200E+01 , -2.21176E+00 , -5.58798E-01 ,  8.73691E-07 ,  1.33543E-07 ,  8.98444E-08 ,  8.52852E-11 ,  5.58607E-02 , -2.21173E-01 , -3.34933E+00 
    4171 ,  6.32312E-01 ,  1.25200E+01 , -2.26844E+00 , -4.62891E-01 ,  1.03577E-06 ,  1.52524E-07 ,  9.20972E-08 ,  8.53324E-11 ,  4.62676E-02 , -2.26842E-01 , -2.91520E+00 
    4181 ,  6.33894E-01 ,  1.25200E+01 , -2.16274E+00 , -4.73990E-01 ,  1.32382E-06 ,  1.69807E-07 ,  9.28788E-08 ,  8.52967E-11 ,  4.73748E-02 , -2.16269E-01 , -2.96168E+00 
    4191 ,  6.35475E-01 ,  1.25200E+01 , -1.90381E+00 , -6.00631E-01 ,  1.61649E-06 ,  1.84782E-07 ,  9.37852E-08 ,  8.49993E-11 ,  6.00380E-02 , -1.90374E-01 , -3.55386E+00 
    4201 ,  6.37054E-01 ,  1.25200E+01 , -1.55748E+00 , -7.89751E-01 ,  1.78710E-06 ,  1.97006E-07 ,  9.62609E-08 ,  8.43049E-11 ,  7.89516E-02 , -1.55741E-01 , -4.46008E+00 
    4211 ,  6.38632E-01 ,  1.25200E+01 , -1.12886E+00 , -1.00190E+00 ,  1.75760E-06 ,  2.06223E-07 ,  1.01191E-07 ,  8.32468E-11 ,  1.00171E-01 , -1.12878E-01 , -5.50106E+00 
    4221 ,  6.40205E-01 ,  1.25200E+01 , -6.59091E-01 , -1.16593E+00 ,  1.48549E-06 ,  2.12211E-07 ,  1.08937E-07 ,  8.18796E-11 ,  1.16581E-01 , -6.59019E-02 , -6.32498E+00 
    4231 ,  6.41775E-01 ,  1.25200E+01 , -2.22478E-01 , -1.20068E+00 ,  1.00273E-06 ,  2.14941E-07 ,  1.18722E-07 ,  8.05203E-11 ,  1.20064E-01 , -2.22406E-02 , -6.51369E+00 
    4241 ,  6.43344E-01 ,  1.25200E+01 ,  1.62743E-01 , -1.05792E+00 ,  3.64676E-07 ,  2.14592E-07 ,  1.28973E-07 ,  7.93665E-11 ,  1.05796E-01 ,  1.62780E-02 , -5.78797E+00 
    4251 ,  6.44919E-01 ,  1.25200E+01 ,  4.62690E-01 , -7.49287E-01 , -2.76806E-07 ,  2.11298E-07 ,  1.37579E-07 ,  7.86503E-11 ,  7.49391E-02 ,  4.62689E-02 , -4.17212E+00 
    4261 ,  6.46497E-01 ,  1.25200E+01 ,  6.88391E-01 , -3.06040E-01 , -8.31795E-07 ,  2.05360E-07 ,  1.42667E-07 ,  7.85238E-11 ,  3.06187E-02 ,  6.88372E-02 , -1.79420E+00 
    4271 ,  6.48077E-01 ,  1.25200E+01 ,  8.73496E-01 ,  2.81655E-01 , -1.26323E-06 ,  1.97145E-07 ,  1.42607E-07 ,  7.90718E-11 , -2.81482E-02 ,  8.73444E-02 ,  1.43771E+00 
    4281 ,  6.49652E-01 ,  1.25200E+01 ,  9.99356E-01 ,  8.11370E-01 , -1.45325E-06 ,  1.86755E-07 ,  1.36507E-07 ,  8.03262E-11 , -8.11196E-02 ,  9.99274E-02 ,  4.42322E+00 
    4291 ,  6.51230E-01 ,  1.25200E+01 ,  1.10854E+00 ,  1.29037E+00 , -1.46129E-06 ,  1.74547E-07 ,  1.25062E-07 ,  8.21357E-11 , -1.29021E-01 ,  1.10843E-01 ,  7.20922E+00 
    4301 ,  6.52809E-01 ,  1.25200E+01 ,  1.20706E+00 ,  1.61468E+00 , -1.32713E-06 ,  1.60751E-07 ,  1.09628E-07 ,  8.42509E-11 , -1.61456E-01 ,  1.20695E-01 ,  9.17348E+00 
    4311 ,  6.54390E-01 ,  1.25200E+01 ,  1.30500E+00 ,  1.75975E+00 , -1.12011E-06 ,  1.45663E-07 ,  9.19793E-08 ,  8.64413E-11 , -1.75966E-01 ,  1.30491E-01 ,  1.01244E+01 
    4321 ,  6.55971E-01 ,  1.25200E+01 ,  1.37880E+00 ,  1.70715E+00 , -9.58215E-07 ,  1.29676E-07 ,  7.42417E-08 ,  8.85108E-11 , -1.70708E-01 ,  1.37871E-01 ,  9.87448E+00 
    4331 ,  6.57551E-01 ,  1.25200E+01 ,  1.42331E+00 ,  1.46475E+00 , -8.56079E-07 ,  1.13470E-07 ,  5.84499E-08 ,  9.02037E-11 , -1.46468E-01 ,  1.42325E-01 ,  8.43358E+00 
    4341 ,  6.59131E-01 ,  1.25200E+01 ,  1.40252E+00 ,  1.13166E+00 , -8.47404E-07 ,  9.78025E-08 ,  4.61554E-08 ,  9.13694E-11 , -1.13157E-01 ,  1.40246E-01 ,  6.36999E+00 
    4351 ,  6.60710E-01 ,  1.25200E+01 ,  1.27637E+00 ,  7.05173E-01 , -8.89661E-07 ,  8.35838E-08 ,  3.78369E-08 ,  9.19469E-11 , -7.05064E-02 ,  1.27632E-01 ,  3.66428E+00 
    4361 ,  6.62288E-01 ,  1.25200E+01 ,  1.05989E+00 ,  3.38556E-01 , -9.02240E-07 ,  7.18913E-08 ,  3.36338E-08 ,  9.19507E-11 , -3.38431E-02 ,  1.05987E-01 ,  1.31456E+00 
    4371 ,  6.63863E-01 ,  1.25200E+01 ,  7.07353E-01 ,  2.28787E-03 , -8.11147E-07 ,  6.37686E-08 ,  3.27266E-08 ,  9.14660E-11 , -2.15646E-04 ,  7.07353E-02 , -8.29718E-01 
    4381 ,  6.65443E-01 ,  1.25200E+01 ,  2.60448E-01 , -2.38631E-01 , -5.71715E-07 ,  6.02647E-08 ,  3.42442E-08 ,  9.06617E-11 ,  2.38738E-02 ,  2.60468E-02 , -2.31337E+00 
    4391 ,  6.67026E-01 ,  1.25200E+01 , -2.86122E-01 , -3.91172E-01 , -1.49377E-07 ,  6.22785E-08 ,  3.72242E-08 ,  8.97059E-11 ,  3.91240E-02 , -2.86076E-02 , -3.15215E+00 
    4401 ,  6.68609E-01 ,  1.25200E+01 , -8.73313E-01 , -4.55911E-01 ,  4.11705E-07 ,  7.05088E-08 ,  4.07726E-08 ,  8.86892E-11 ,  4.55911E-02 , -8.73242E-02 , -3.35032E+00 
    4411 ,  6.70193E-01 ,  1.25200E+01 , -1.43925E+00 , -4.56476E-01 ,  1.02438E-06 ,  8.47767E-08 ,  4.40989E-08 ,  8.77437E-11 ,  4.56399E-02 , -1.43917E-01 , -3.07658E+00 
    4421 ,  6.71778E-01 ,  1.25200E+01 , -1.91670E+00 , -4.26958E-01 ,  1.57527E-06 ,  1.04195E-07 ,  4.68855E-08 ,  8.69142E-11 ,  4.26811E-02 , -1.91660E-01 , -2.57276E+00 
    4431 ,  6.73363E-01 ,  1.25200E+01 , -2.22010E+00 , -4.07520E-01 ,  1.93147E-06 ,  1.27045E-07 ,  4.93249E-08 ,  8.62879E-11 ,  4.07326E-02 , -2.22001E-01 , -2.13579E+00 
    4441 ,  6.74945E-01 ,  1.25200E+01 , -2.35552E+00 , -4.24541E-01 ,  2.06704E-06 ,  1.51626E-07 ,  5.19817E-08 ,  8.58633E-11 ,  4.24328E-02 , -2.35544E-01 , -1.92544E+00 
    4451 ,  6.76526E-01 ,  1.25200E+01 , -2.31226E+00 , -4.98549E-01 ,  1.96961E-06 ,  1.76054E-07 ,  5.57025E-08 ,  8.55485E-11 ,  4.98341E-02 , -2.31217E-01 , -2.06933E+00 
    4461 ,  6.78105E-01 ,  1.25200E+01 , -2.10618E+00 , -6.29981E-01 ,  1.67528E-06 ,  1.98383E-07 ,  6.14090E-08 ,  8.52788E-11 ,  6.29804E-02 , -2.10611E-01 , -2.58909E+00 
    4471 ,  6.79682E-01 ,  1.25200E+01 , -1.76750E+00 , -8.05721E-01 ,  1.26691E-06 ,  2.17332E-07 ,  6.96631E-08 ,  8.49855E-11 ,  8.05590E-02 , -1.76742E-01 , -3.41679E+00 
    4481 ,  6.81256E-01 ,  1.25200E+01 , -1.34091E+00 , -9.92798E-01 ,  8.26683E-07 ,  2.31917E-07 ,  8.08037E-08 ,  8.46472E-11 ,  9.92724E-02 , -1.34086E-01 , -4.37477E+00 
    4491 ,  6.82830E-01 ,  1.25200E+01 , -8.40324E-01 , -1.16066E+00 ,  4.22457E-07 ,  2.41720E-07 ,  9.45188E-08 ,  8.42173E-11 ,  1.16064E-01 , -8.40303E-02 , -5.29571E+00 
    4501 ,  6.84401E-01 ,  1.25200E+01 , -3.58127E-01 , -1.24933E+00 ,  1.51725E-07 ,  2.46694E-07 ,  1.09697E-07 ,  8.36405E-11 ,  1.24934E-01 , -3.58103E-02 , -5.85774E+00 
    4511 ,  6.85976E-01 ,  1.25200E+01 ,  1.00183E-01 , -1.23600E+00 ,  4.63191E-09 ,  2.47108E-07 ,  1.24782E-07 ,  8.29228E-11 ,  1.23604E-01 ,  1.00196E-02 , -5.93374E+00 
    4521 ,  6.87552E-01 ,  1.25200E+01 ,  5.44488E-01 , -1.09978E+00 , -5.55690E-08 ,  2.42922E-07 ,  1.37928E-07 ,  8.22031E-11 ,  1.09982E-01 ,  5.44493E-02 , -5.40618E+00 
    4531 ,  6.89128E-01 ,  1.25200E+01 ,  9.28067E-01 , -8.53714E-01 , -9.05431E-08 ,  2.34330E-07 ,  1.47658E-07 ,  8.15943E-11 ,  8.53740E-02 ,  9.28057E-02 , -4.29951E+00 
    4541 ,  6.90701E-01 ,  1.25200E+01 ,  1.30890E+00 , -4.77431E-01 , -1.82157E-07 ,  2.21384E-07 ,  1.52665E-07 ,  8.12439E-11 ,  4.77442E-02 ,  1.30887E-01 , -2.51261E+00 
    4551 ,  6.92275E-01 ,  1.25200E+01 ,  1.66691E+00 , -1.95008E-02 , -3.92599E-07 ,  2.04043E-07 ,  1.52078E-07 ,  8.12287E-11 ,  1.95155E-03 ,  1.66686E-01 , -2.74214E-01 
    4561 ,  6.93849E-01 ,  1.25200E+01 ,  1.99061E+00 ,  4.56056E-01 , -7.41000E-07 ,  1.82318E-07 ,  1.45969E-07 ,  8.17171E-11 , -4.56032E-02 ,  1.99052E-01 ,  2.09611E+00 
    4571 ,  6.95425E-01 ,  1.25200E+01 ,  2.26541E+00 ,  8.85736E-01 , -1.18035E-06 ,  1.56858E-07 ,  1.34977E-07 ,  8.27218E-11 , -8.85687E-02 ,  2.26530E-01 ,  4.26924E+00 
    4581 ,  6.96999E-01 ,  1.25200E+01 ,  2.51255E+00 ,  1.27771E+00 , -1.69931E-06 ,  1.28450E-07 ,  1.20030E-07 ,  8.41626E-11 , -1.27762E-01 ,  2.51242E-01 ,  6.27843E+00 
    4591 ,  6.98575E-01 ,  1.25200E+01 ,  2.69640E+00 ,  1.57010E+00 , -2.17984E-06 ,  9.77890E-08 ,  1.02133E-07 ,  8.59590E-11 , -1.56996E-01 ,  2.69624E-01 ,  7.80677E+00 
    4601 ,  7.00146E-01 ,  1.25200E+01 ,  2.80916E+00 ,  1.75723E+00 , -2.57685E-06 ,  6.63273E-08 ,  8.28186E-08 ,  8.79046E-11 , -1.75703E-01 ,  2.80898E-01 ,  8.83081E+00 
    4611 ,  7.01717E-01 ,  1.25200E+01 ,  2.80561E+00 ,  1.79402E+00 , -2.75682E-06 ,  3.56990E-08 ,  6.37198E-08 ,  8.99063E-11 , -1.79376E-01 ,  2.80545E-01 ,  9.11832E+00 
    4621 ,  7.03287E-01 ,  1.25200E+01 ,  2.65993E+00 ,  1.67855E+00 , -2.66080E-06 ,  7.70177E-09 ,  4.63367E-08 ,  9.16103E-11 , -1.67828E-01 ,  2.65978E-01 ,  8.65993E+00 
    4631 ,  7.04857E-01 ,  1.25200E+01 ,  2.38607E+00 ,  1.45634E+00 , -2.32023E-06 , -1.59093E-08 ,  3.19823E-08 ,  9.29836E-11 , -1.45606E-01 ,  2.38596E-01 ,  7.66980E+00 
    4641 ,  7.06427E-01 ,  1.25200E+01 ,  1.96486E+00 ,  1.14906E+00 , -1.77251E-06 , -3.37504E-08 ,  2.14448E-08 ,  9.38873E-11 , -1.14881E-01 ,  1.96477E-01 ,  6.25233E+00 
    4651 ,  7.08004E-01 ,  1.25200E+01 ,  1.40844E+00 ,  8.02925E-01 , -1.09663E-06 , -4.45220E-08 ,  1.49782E-08 ,  9.42854E-11 , -8.02738E-02 ,  1.40840E-01 ,  4.61408E+00 
    4661 ,  7.09583E-01 ,  1.25200E+01 ,  7.94875E-01 ,  4.95491E-01 , -4.47885E-07 , -4.78573E-08 ,  1.22304E-08 ,  9.43271E-11 , -4.95354E-02 ,  7.94878E-02 ,  3.10248E+00 
    4671 ,  7.11160E-01 ,  1.25200E+01 ,  1.53151E-01 ,  2.49031E-01 ,  1.12163E-07 , -4.39995E-08 ,  1.23858E-08 ,  9.40468E-11 , -2.48950E-02 ,  1.53185E-02 ,  1.81251E+00 
    4681 ,  7.12731E-01 ,  1.25200E+01 , -5.08164E-01 ,  6.64560E-02 ,  5.63713E-07 , -3.35767E-08 ,  1.43600E-08 ,  9.35666E-11 , -6.64445E-03 , -5.08114E-02 ,  7.46520E-01 
    4691 ,  7.14310E-01 ,  1.25200E+01 , -1.14801E+00 , -5.24119E-02 ,  8.75307E-07 , -1.73409E-08 ,  1.69711E-08 ,  9.30605E-11 ,  5.23743E-03 , -1.14794E-01 , -9.44435E-02 
    4701 ,  7.15890E-01 ,  1.25200E+01 , -1.66194E+00 , -1.24791E-01 ,  1.04547E-06 ,  3.38636E-09 ,  1.92835E-08 ,  9.25562E-11 ,  1.24711E-02 , -1.66186E-01 , -7.37335E-01 
    4711 ,  7.17466E-01 ,  1.25200E+01 , -2.03777E+00 , -1.95736E-01 ,  1.13726E-06 ,  2.67783E-08 ,  2.09695E-08 ,  9.20094E-11 ,  1.95624E-02 , -2.03767E-01 , -1.36040E+00 
    4721 ,  7.19038E-01 ,  1.25200E+01 , -2.29880E+00 , -3.13788E-01 ,  1.22048E-06 ,  5.14216E-08 ,  2.23567E-08 ,  9.14201E-11 ,  3.13650E-02 , -2.29871E-01 , -2.17702E+00 
    4731 ,  7.20608E-01 ,  1.25200E+01 , -2.44798E+00 , -5.12129E-01 ,  1.34816E-06 ,  7.65525E-08 ,  2.44147E-08 ,  9.06974E-11 ,  5.11970E-02 , -2.44793E-01 , -3.30666E+00 
    4741 ,  7.22182E-01 ,  1.25200E+01 , -2.49656E+00 , -7.90857E-01 ,  1.53992E-06 ,  1.01462E-07 ,  2.86049E-08 ,  8.98017E-11 ,  7.90687E-02 , -2.49647E-01 , -4.72268E+00 
    4751 ,  7.23758E-01 ,  1.25200E+01 , -2.46907E+00 , -1.14773E+00 ,  1.79933E-06 ,  1.25750E-07 ,  3.61950E-08 ,  8.85943E-11 ,  1.14754E-01 , -2.46895E-01 , -6.41774E+00 
    4761 ,  7.25333E-01 ,  1.25200E+01 , -2.39382E+00 , -1.50059E+00 ,  2.04968E-06 ,  1.49252E-07 ,  4.80589E-08 ,  8.70622E-11 ,  1.50039E-01 , -2.39369E-01 , -8.02304E+00 
    4771 ,  7.26905E-01 ,  1.25200E+01 , -2.27927E+00 , -1.82857E+00 ,  2.25670E-06 ,  1.71796E-07 ,  6.42579E-08 ,  8.52529E-11 ,  1.82835E-01 , -2.27912E-01 , -9.45826E+00 
    4781 ,  7.28480E-01 ,  1.25200E+01 , -2.12792E+00 , -2.06390E+00 ,  2.34473E-06 ,  1.93356E-07 ,  8.42456E-08 ,  8.33047E-11 ,  2.06368E-01 , -2.12779E-01 , -1.04220E+01 
    4791 ,  7.30055E-01 ,  1.25200E+01 , -1.94403E+00 , -2.13645E+00 ,  2.26362E-06 ,  2.13353E-07 ,  1.06596E-07 ,  8.13705E-11 ,  2.13624E-01 , -1.94391E-01 , -1.06078E+01 
    4801 ,  7.31627E-01 ,  1.25200E+01 , -1.71837E+00 , -2.01308E+00 ,  1.99802E-06 ,  2.31158E-07 ,  1.28900E-07 ,  7.97670E-11 ,  2.01290E-01 , -1.71827E-01 , -9.86738E+00 
    4811 ,  7.33199E-01 ,  1.25200E+01 , -1.43213E+00 , -1.67856E+00 ,  1.55285E-06 ,  2.45983E-07 ,  1.48694E-07 ,  7.86380E-11 ,  1.67842E-01 , -1.43206E-01 , -8.12334E+00 
    4821 ,  7.34765E-01 ,  1.25200E+01 , -1.08107E+00 , -1.16421E+00 ,  9.89108E-07 ,  2.57023E-07 ,  1.63544E-07 ,  7.80602E-11 ,  1.16412E-01 , -1.08104E-01 , -5.52681E+00 
    4831 ,  7.36339E-01 ,  1.25200E+01 , -6.86063E-01 , -5.70861E-01 ,  4.14046E-07 ,  2.63545E-07 ,  1.71710E-07 ,  7.81472E-11 ,  5.70819E-02 , -6.86053E-02 , -2.56203E+00 
    4841 ,  7.37914E-01 ,  1.25200E+01 , -1.94339E-01 ,  1.05900E-01 , -1.86552E-07 ,  2.64782E-07 ,  1.72087E-07 ,  7.88182E-11 , -1.05882E-02 , -1.94359E-02 ,  8.09876E-01 
    4851 ,  7.39487E-01 ,  1.25200E+01 ,  3.10219E-01 ,  6.81084E-01 , -6.72026E-07 ,  2.60448E-07 ,  1.65062E-07 ,  7.99305E-11 , -6.81019E-02 ,  3.10167E-02 ,  3.67256E+00 
    4861 ,  7.41062E-01 ,  1.25200E+01 ,  8.04748E-01 ,  1.10345E+00 , -1.03414E-06 ,  2.50695E-07 ,  1.52275E-07 ,  8.12489E-11 , -1.10335E-01 ,  8.04695E-02 ,  5.76644E+00 
    4871 ,  7.42630E-01 ,  1.25200E+01 ,  1.34764E+00 ,  1.40721E+00 , -1.33329E-06 ,  2.35142E-07 ,  1.35421E-07 ,  8.27233E-11 , -1.40706E-01 ,  1.34756E-01 ,  7.25076E+00 
    4881 ,  7.44203E-01 ,  1.25200E+01 ,  1.81857E+00 ,  1.51474E+00 , -1.53010E-06 ,  2.14523E-07 ,  1.16755E-07 ,  8.40978E-11 , -1.51457E-01 ,  1.81848E-01 ,  7.73455E+00 
    4891 ,  7.45777E-01 ,  1.25200E+01 ,  2.22282E+00 ,  1.46057E+00 , -1.66603E-06 ,  1.89931E-07 ,  9.83792E-08 ,  8.53414E-11 , -1.46039E-01 ,  2.22272E-01 ,  7.38143E+00 
    4901 ,  7.47352E-01 ,  1.25200E+01 ,  2.50253E+00 ,  1.30641E+00 , -1.75336E-06 ,  1.62070E-07 ,  8.20427E-08 ,  8.64186E-11 , -1.30622E-01 ,  2.50242E-01 ,  6.50730E+00 
    4911 ,  7.48925E-01 ,  1.25200E+01 ,  2.65898E+00 ,  1.09658E+00 , -1.80680E-06 ,  1.32443E-07 ,  6.86852E-08 ,  8.72960E-11 , -1.09639E-01 ,  2.65887E-01 ,  5.33490E+00 
    4921 ,  7.50496E-01 ,  1.25200E+01 ,  2.66531E+00 ,  8.82878E-01 , -1.82486E-06 ,  1.02549E-07 ,  5.85891E-08 ,  8.80247E-11 , -8.82699E-02 ,  2.66521E-01 ,  4.13974E+00 
    4931 ,  7.52069E-01 ,  1.25200E+01 ,  2.51997E+00 ,  7.46539E-01 , -1.79143E-06 ,  7.41344E-08 ,  5.10037E-08 ,  8.86488E-11 , -7.46376E-02 ,  2.51988E-01 ,  3.36898E+00 
    4941 ,  7.53643E-01 ,  1.25200E+01 ,  2.20895E+00 ,  6.90054E-01 , -1.67531E-06 ,  4.88380E-08 ,  4.46899E-08 ,  8.92262E-11 , -6.89902E-02 ,  2.20886E-01 ,  3.04205E+00 
    4951 ,  7.55218E-01 ,  1.25200E+01 ,  1.81494E+00 ,  7.08703E-01 , -1.48641E-06 ,  2.80307E-08 ,  3.84588E-08 ,  8.98145E-11 , -7.08577E-02 ,  1.81486E-01 ,  3.15379E+00 
    4961 ,  7.56794E-01 ,  1.25200E+01 ,  1.34128E+00 ,  7.57164E-01 , -1.20138E-06 ,  1.25067E-08 ,  3.14366E-08 ,  9.04083E-11 , -7.57066E-02 ,  1.34119E-01 ,  3.47348E+00 
    4971 ,  7.58368E-01 ,  1.25200E+01 ,  7.87508E-01 ,  7.83229E-01 , -8.17788E-07 ,  3.05671E-09 ,  2.34709E-08 ,  9.09448E-11 , -7.83158E-02 ,  7.87435E-02 ,  3.72913E+00 
    4981 ,  7.59943E-01 ,  1.25200E+01 ,  2.27527E-01 ,  7.30484E-01 , -3.79035E-07 ,  3.15454E-11 ,  1.53306E-08 ,  9.14166E-11 , -7.30454E-02 ,  2.27499E-02 ,  3.60773E+00 
    4991 ,  7.61520E-01 ,  1.25200E+01 , -3.50138E-01 ,  5.53861E-01 ,  1.06488E-07 ,  3.50145E-09 ,  8.29233E-09 ,  9.16886E-11 , -5.53865E-02 , -3.50132E-02 ,  2.86768E+00 
    5001 ,  7.63100E-01 ,  1.25200E+01 , -8.97284E-01 ,  2.48878E-01 ,  5.82154E-07 ,  1.36583E-08 ,  4.08256E-09 ,  9.17238E-11 , -2.48906E-02 , -8.97253E-02 ,  1.45449E+00 
    5011 ,  7.64678E-01 ,  1.25200E+01 , -1.37761E+00 , -1.44274E-01 ,  9.98945E-07 ,  2.96963E-08 ,  4.02353E-09 ,  9.14111E-11 ,  1.44222E-02 , -1.37753E-01 , -4.49253E-01 
    5021 ,  7.66255E-01 ,  1.25200E+01 , -1.83594E+00 , -6.30108E-01 ,  1.38888E-06 ,  5.09277E-08 ,  9.32749E-09 ,  9.07306E-11 ,  6.30028E-02 , -1.83584E-01 , -2.86355E+00 
    5031 ,  7.67831E-01 ,  1.25200E+01 , -2.22138E+00 , -1.11281E+00 ,  1.70822E-06 ,  7.69508E-08 ,  2.04212E-08 ,  8.96950E-11 ,  1.11270E-01 , -2.22126E-01 , -5.30763E+00 
    5041 ,  7.69406E-01 ,  1.25200E+01 , -2.54066E+00 , -1.55268E+00 ,  1.96855E-06 ,  1.06577E-07 ,  3.68224E-08 ,  8.82933E-11 ,  1.55255E-01 , -2.54052E-01 , -7.57114E+00 
    5051 ,  7.70979E-01 ,  1.25200E+01 , -2.76310E+00 , -1.87459E+00 ,  2.15544E-06 ,  1.38539E-07 ,  5.72106E-08 ,  8.66014E-11 ,  1.87443E-01 , -2.76295E-01 , -9.26294E+00 
    5061 ,  7.72552E-01 ,  1.25200E+01 , -2.87763E+00 , -2.04063E+00 ,  2.26984E-06 ,  1.70947E-07 ,  7.98484E-08 ,  8.48108E-11 ,  2.04045E-01 , -2.87748E-01 , -1.01713E+01 
    5071 ,  7.74124E-01 ,  1.25200E+01 , -2.88145E+00 , -2.05322E+00 ,  2.31808E-06 ,  2.02465E-07 ,  1.02564E-07 ,  8.30227E-11 ,  2.05302E-01 , -2.88131E-01 , -1.03091E+01 
    5081 ,  7.75697E-01 ,  1.25200E+01 , -2.76297E+00 , -1.91594E+00 ,  2.28096E-06 ,  2.31549E-07 ,  1.23431E-07 ,  8.13569E-11 ,  1.91572E-01 , -2.76284E-01 , -9.68731E+00 
    5091 ,  7.77269E-01 ,  1.25200E+01 , -2.53420E+00 , -1.66670E+00 ,  2.15283E-06 ,  2.56750E-07 ,  1.40860E-07 ,  7.99442E-11 ,  1.66648E-01 , -2.53406E-01 , -8.49942E+00 
    5101 ,  7.78842E-01 ,  1.25200E+01 , -2.17580E+00 , -1.31408E+00 ,  1.91528E-06 ,  2.77064E-07 ,  1.53685E-07 ,  7.89007E-11 ,  1.31388E-01 , -2.17572E-01 , -6.79944E+00 
    5111 ,  7.80415E-01 ,  1.25200E+01 , -1.68910E+00 , -8.91350E-01 ,  1.54750E-06 ,  2.91366E-07 ,  1.61218E-07 ,  7.83197E-11 ,  8.91166E-02 , -1.68903E-01 , -4.75382E+00 
    5121 ,  7.81989E-01 ,  1.25200E+01 , -1.13734E+00 , -4.76006E-01 ,  1.09464E-06 ,  2.99152E-07 ,  1.63512E-07 ,  7.81456E-11 ,  4.75855E-02 , -1.13730E-01 , -2.73699E+00 
    5131 ,  7.83563E-01 ,  1.25200E+01 , -5.74413E-01 , -1.13683E-01 ,  5.99827E-07 ,  3.00602E-07 ,  1.61269E-07 ,  7.82781E-11 ,  1.13587E-02 , -5.74393E-02 , -9.62789E-01 
    5141 ,  7.85135E-01 ,  1.25200E+01 ,  3.64814E-02 ,  2.20493E-01 ,  4.23776E-08 ,  2.95947E-07 ,  1.55358E-07 ,  7.87386E-11 , -2.20527E-02 ,  3.64766E-03 ,  7.03024E-01 
    5151 ,  7.86704E-01 ,  1.25200E+01 ,  6.26762E-01 ,  4.94774E-01 , -5.03931E-07 ,  2.85703E-07 ,  1.46822E-07 ,  7.94306E-11 , -4.94741E-02 ,  6.26725E-02 ,  2.11947E+00 
    5161 ,  7.88274E-01 ,  1.25200E+01 ,  1.18347E+00 ,  7.19561E-01 , -1.01067E-06 ,  2.70370E-07 ,  1.36629E-07 ,  8.02903E-11 , -7.19456E-02 ,  1.18340E-01 ,  3.35042E+00 
    5171 ,  7.89841E-01 ,  1.25200E+01 ,  1.69240E+00 ,  9.05707E-01 , -1.45920E-06 ,  2.50860E-07 ,  1.25553E-07 ,  8.12680E-11 , -9.05541E-02 ,  1.69233E-01 ,  4.45508E+00 
    5181 ,  7.91410E-01 ,  1.25200E+01 ,  2.10418E+00 ,  1.05121E+00 , -1.79485E-06 ,  2.28152E-07 ,  1.14140E-07 ,  8.23770E-11 , -1.05099E-01 ,  2.10409E-01 ,  5.40091E+00 
    5191 ,  7.92978E-01 ,  1.25200E+01 ,  2.41754E+00 ,  1.16932E+00 , -2.02138E-06 ,  2.03207E-07 ,  1.02732E-07 ,  8.35799E-11 , -1.16907E-01 ,  2.41744E-01 ,  6.23002E+00 
    5201 ,  7.94546E-01 ,  1.25200E+01 ,  2.64672E+00 ,  1.27253E+00 , -2.15645E-06 ,  1.76815E-07 ,  9.12831E-08 ,  8.48769E-11 , -1.27226E-01 ,  2.64661E-01 ,  6.98552E+00 
    5211 ,  7.96118E-01 ,  1.25200E+01 ,  2.77855E+00 ,  1.35773E+00 , -2.20477E-06 ,  1.49501E-07 ,  7.97957E-08 ,  8.62855E-11 , -1.35746E-01 ,  2.77843E-01 ,  7.60956E+00 
    5221 ,  7.97691E-01 ,  1.25200E+01 ,  2.81215E+00 ,  1.41658E+00 , -2.18597E-06 ,  1.21961E-07 ,  6.82290E-08 ,  8.78059E-11 , -1.41633E-01 ,  2.81202E-01 ,  8.02177E+00 
    5231 ,  7.99265E-01 ,  1.25200E+01 ,  2.75709E+00 ,  1.44391E+00 , -2.11615E-06 ,  9.49638E-08 ,  5.65981E-08 ,  8.94032E-11 , -1.44367E-01 ,  2.75694E-01 ,  8.18169E+00 
    5241 ,  8.00841E-01 ,  1.25200E+01 ,  2.61551E+00 ,  1.42895E+00 , -2.00607E-06 ,  6.91687E-08 ,  4.48792E-08 ,  9.09289E-11 , -1.42873E-01 ,  2.61538E-01 ,  8.02365E+00 
    5251 ,  8.02418E-01 ,  1.25200E+01 ,  2.38413E+00 ,  1.35775E+00 , -1.84562E-06 ,  4.53703E-08 ,  3.32306E-08 ,  9.23300E-11 , -1.35756E-01 ,  2.38400E-01 ,  7.47734E+00 
    5261 ,  8.03993E-01 ,  1.25200E+01 ,  2.07476E+00 ,  1.22259E+00 , -1.63609E-06 ,  2.43218E-08 ,  2.20648E-08 ,  9.35281E-11 , -1.22245E-01 ,  2.07465E-01 ,  6.53179E+00 
    5271 ,  8.05568E-01 ,  1.25200E+01 ,  1.66421E+00 ,  1.00142E+00 , -1.34866E-06 ,  6.87917E-09 ,  1.20109E-08 ,  9.43624E-11 , -1.00131E-01 ,  1.66412E-01 ,  5.08919E+00 
    5281 ,  8.07144E-01 ,  1.25200E+01 ,  1.21793E+00 ,  7.20766E-01 , -1.01253E-06 , -6.14088E-09 ,  3.73089E-09 ,  9.48212E-11 , -7.20695E-02 ,  1.21786E-01 ,  3.36771E+00 
    5291 ,  8.08717E-01 ,  1.25200E+01 ,  7.41101E-01 ,  3.84366E-01 , -6.21429E-07 , -1.40296E-08 , -1.95890E-09 ,  9.48026E-11 , -3.84331E-02 ,  7.41061E-02 ,  1.41446E+00 
    5301 ,  8.10291E-01 ,  1.25200E+01 ,  2.32044E-01 , -8.42951E-03 , -1.67198E-07 , -1.61843E-08 , -4.35734E-09 ,  9.42776E-11 ,  8.42880E-04 ,  2.32026E-02 , -7.52903E-01 
    5311 ,  8.11864E-01 ,  1.25200E+01 , -2.76188E-01 , -4.28702E-01 ,  3.19829E-07 , -1.25419E-08 , -2.81949E-09 ,  9.33292E-11 ,  4.28660E-02 , -2.76172E-02 , -2.95684E+00 
    5321 ,  8.13437E-01 ,  1.25200E+01 , -7.84003E-01 , -8.65685E-01 ,  8.31947E-07 , -3.21895E-09 ,  2.96846E-09 ,  9.20154E-11 ,  8.65601E-02 , -7.83954E-02 , -5.12912E+00 
    5331 ,  8.15010E-01 ,  1.25200E+01 , -1.24599E+00 , -1.26666E+00 ,  1.30634E-06 ,  1.16796E-08 ,  1.34877E-08 ,  9.04381E-11 ,  1.26654E-01 , -1.24590E-01 , -7.01188E+00 
    5341 ,  8.16584E-01 ,  1.25200E+01 , -1.61790E+00 , -1.57452E+00 ,  1.67851E-06 ,  3.11605E-08 ,  2.82435E-08 ,  8.86966E-11 ,  1.57437E-01 , -1.61779E-01 , -8.35246E+00 
    5351 ,  8.18157E-01 ,  1.25200E+01 , -1.92133E+00 , -1.79021E+00 ,  1.95453E-06 ,  5.41484E-08 ,  4.63299E-08 ,  8.69711E-11 ,  1.79002E-01 , -1.92120E-01 , -9.16220E+00 
    5361 ,  8.19732E-01 ,  1.25200E+01 , -2.11503E+00 , -1.86828E+00 ,  2.08747E-06 ,  7.94256E-08 ,  6.65821E-08 ,  8.53907E-11 ,  1.86808E-01 , -2.11491E-01 , -9.27128E+00 
    5371 ,  8.21306E-01 ,  1.25200E+01 , -2.18452E+00 , -1.80102E+00 ,  2.06896E-06 ,  1.05358E-07 ,  8.73105E-08 ,  8.40034E-11 ,  1.80083E-01 , -2.18441E-01 , -8.68754E+00 
    5381 ,  8.22881E-01 ,  1.25200E+01 , -2.13062E+00 , -1.59192E+00 ,  1.90166E-06 ,  1.30433E-07 ,  1.06670E-07 ,  8.29064E-11 ,  1.59173E-01 , -2.13052E-01 , -7.44518E+00 
    5391 ,  8.24454E-01 ,  1.25200E+01 , -1.95439E+00 , -1.27532E+00 ,  1.61452E-06 ,  1.53218E-07 ,  1.22876E-07 ,  8.22135E-11 ,  1.27516E-01 , -1.95430E-01 , -5.75104E+00 
    5401 ,  8.26024E-01 ,  1.25200E+01 , -1.67335E+00 , -8.99603E-01 ,  1.24971E-06 ,  1.72371E-07 ,  1.34647E-07 ,  8.18683E-11 ,  8.99477E-02 , -1.67329E-01 , -3.84829E+00 
    5411 ,  8.27593E-01 ,  1.25200E+01 , -1.31813E+00 , -5.25308E-01 ,  8.66011E-07 ,  1.87188E-07 ,  1.41587E-07 ,  8.18085E-11 ,  5.25232E-02 , -1.31807E-01 , -2.03248E+00 
    5421 ,  8.29160E-01 ,  1.25200E+01 , -8.96360E-01 , -1.79177E-01 ,  4.81456E-07 ,  1.97144E-07 ,  1.43894E-07 ,  8.19725E-11 ,  1.79153E-02 , -8.96327E-02 , -4.21194E-01 
    5431 ,  8.30724E-01 ,  1.25200E+01 , -4.45618E-01 ,  9.84544E-02 ,  1.32210E-07 ,  2.02096E-07 ,  1.42195E-07 ,  8.22665E-11 , -9.84378E-03 , -4.45599E-02 ,  8.05969E-01 
    5441 ,  8.32292E-01 ,  1.25200E+01 , -3.63075E-02 ,  2.78238E-01 , -1.36045E-07 ,  2.02492E-07 ,  1.37581E-07 ,  8.26117E-11 , -2.78191E-02 , -3.63012E-03 ,  1.54026E+00 
    5451 ,  8.33857E-01 ,  1.25200E+01 ,  3.60691E-01 ,  3.96515E-01 , -3.61017E-07 ,  1.98694E-07 ,  1.31317E-07 ,  8.29635E-11 , -3.96434E-02 ,  3.60700E-02 ,  1.96420E+00 
    5461 ,  8.35426E-01 ,  1.25200E+01 ,  6.91683E-01 ,  4.66619E-01 , -5.38742E-07 ,  1.91213E-07 ,  1.24262E-07 ,  8.32790E-11 , -4.66511E-02 ,  6.91675E-02 ,  2.17570E+00 
    5471 ,  8.36993E-01 ,  1.25200E+01 ,  9.57153E-01 ,  5.27557E-01 , -6.83294E-07 ,  1.80939E-07 ,  1.16844E-07 ,  8.35878E-11 , -5.27435E-02 ,  9.57132E-02 ,  2.37390E+00 
    5481 ,  8.38564E-01 ,  1.25200E+01 ,  1.14340E+00 ,  6.08783E-01 , -8.09193E-07 ,  1.68276E-07 ,  1.09044E-07 ,  8.39738E-11 , -6.08659E-02 ,  1.14337E-01 ,  2.71650E+00 
    5491 ,  8.40135E-01 ,  1.25200E+01 ,  1.25795E+00 ,  7.36199E-01 , -9.32264E-07 ,  1.54237E-07 ,  1.00583E-07 ,  8.44335E-11 , -7.36077E-02 ,  1.25790E-01 ,  3.33550E+00 
    5501 ,  8.41706E-01 ,  1.25200E+01 ,  1.29656E+00 ,  9.08357E-01 , -1.04727E-06 ,  1.39268E-07 ,  9.09019E-08 ,  8.50798E-11 , -9.08232E-02 ,  1.29651E-01 ,  4.22382E+00 
    5511 ,  8.43279E-01 ,  1.25200E+01 ,  1.26535E+00 ,  1.10972E+00 , -1.14507E-06 ,  1.24033E-07 ,  7.95090E-08 ,  8.59268E-11 , -1.10959E-01 ,  1.26530E-01 ,  5.29769E+00 
    5521 ,  8.44852E-01 ,  1.25200E+01 ,  1.17054E+00 ,  1.30615E+00 , -1.20975E-06 ,  1.09445E-07 ,  6.60856E-08 ,  8.69234E-11 , -1.30602E-01 ,  1.17049E-01 ,  6.37425E+00 
    5531 ,  8.46426E-01 ,  1.25200E+01 ,  1.02662E+00 ,  1.43862E+00 , -1.21305E-06 ,  9.62242E-08 ,  5.10427E-08 ,  8.80431E-11 , -1.43849E-01 ,  1.02657E-01 ,  7.13480E+00 
    5541 ,  8.47998E-01 ,  1.25200E+01 ,  8.31447E-01 ,  1.47654E+00 , -1.13976E-06 ,  8.50632E-08 ,  3.52929E-08 ,  8.92345E-11 , -1.47641E-01 ,  8.31388E-02 ,  7.42235E+00 
    5551 ,  8.49570E-01 ,  1.25200E+01 ,  5.92532E-01 ,  1.37750E+00 , -9.76603E-07 ,  7.67979E-08 ,  2.02598E-08 ,  9.02547E-11 , -1.37739E-01 ,  5.92499E-02 ,  7.00097E+00 
    5561 ,  8.51143E-01 ,  1.25200E+01 ,  3.30599E-01 ,  1.13491E+00 , -7.27462E-07 ,  7.19010E-08 ,  7.47034E-09 ,  9.10423E-11 , -1.13481E-01 ,  3.30588E-02 ,  5.82506E+00 
    5571 ,  8.52716E-01 ,  1.25200E+01 ,  3.06632E-02 ,  7.34500E-01 , -3.89339E-07 ,  7.07705E-08 , -1.44608E-09 ,  9.14984E-11 , -7.34431E-02 ,  3.06630E-03 ,  3.82150E+00 
    5581 ,  8.54288E-01 ,  1.25200E+01 , -2.58581E-01 ,  2.64913E-01 , -1.85151E-08 ,  7.35199E-08 , -5.22268E-09 ,  9.15474E-11 , -2.64876E-02 , -2.58556E-02 ,  1.43837E+00 
    5591 ,  8.55857E-01 ,  1.25200E+01 , -5.78627E-01 , -3.15506E-01 ,  4.22679E-07 ,  8.03588E-08 , -3.14121E-09 ,  9.10972E-11 ,  3.15500E-02 , -5.78594E-02 , -1.53554E+00 
    5601 ,  8.57427E-01 ,  1.25200E+01 , -8.42429E-01 , -8.25007E-01 ,  8.06514E-07 ,  9.07020E-08 ,  4.89118E-09 ,  9.02121E-11 ,  8.24968E-02 , -8.42369E-02 , -4.16321E+00 
    5611 ,  8.58999E-01 ,  1.25200E+01 , -1.07189E+00 , -1.27319E+00 ,  1.15459E-06 ,  1.03783E-07 ,  1.79809E-08 ,  8.90325E-11 ,  1.27311E-01 , -1.07182E-01 , -6.48955E+00 
    5621 ,  8.60569E-01 ,  1.25200E+01 , -1.23862E+00 , -1.59655E+00 ,  1.41334E-06 ,  1.18807E-07 ,  3.47986E-08 ,  8.75767E-11 ,  1.59642E-01 , -1.23853E-01 , -8.17839E+00 
    5631 ,  8.62139E-01 ,  1.25200E+01 , -1.33383E+00 , -1.78159E+00 ,  1.57079E-06 ,  1.34503E-07 ,  5.37613E-08 ,  8.60527E-11 ,  1.78144E-01 , -1.33374E-01 , -9.15570E+00 
    5641 ,  8.63710E-01 ,  1.25200E+01 , -1.34510E+00 , -1.82121E+00 ,  1.61240E-06 ,  1.49896E-07 ,  7.30877E-08 ,  8.45119E-11 ,  1.82103E-01 , -1.34501E-01 , -9.37801E+00 
    5651 ,  8.65282E-01 ,  1.25200E+01 , -1.26827E+00 , -1.72792E+00 ,  1.53594E-06 ,  1.63582E-07 ,  9.12064E-08 ,  8.30325E-11 ,  1.72773E-01 , -1.26820E-01 , -8.90398E+00 
    5661 ,  8.66853E-01 ,  1.25200E+01 , -1.12040E+00 , -1.54978E+00 ,  1.37371E-06 ,  1.74445E-07 ,  1.06955E-07 ,  8.18166E-11 ,  1.54959E-01 , -1.12035E-01 , -7.98028E+00 
    5671 ,  8.68421E-01 ,  1.25200E+01 , -9.10563E-01 , -1.31850E+00 ,  1.13984E-06 ,  1.82110E-07 ,  1.19791E-07 ,  8.08784E-11 ,  1.31834E-01 , -9.10522E-02 , -6.77082E+00 
    5681 ,  8.69990E-01 ,  1.25200E+01 , -6.68439E-01 , -1.07784E+00 ,  8.75979E-07 ,  1.86571E-07 ,  1.29696E-07 ,  8.02809E-11 ,  1.07768E-01 , -6.68412E-02 , -5.50137E+00 
    5691 ,  8.71560E-01 ,  1.25200E+01 , -4.16060E-01 , -8.47493E-01 ,  6.09851E-07 ,  1.87988E-07 ,  1.36929E-07 ,  7.99520E-11 ,  8.47370E-02 , -4.16042E-02 , -4.27511E+00 
    5701 ,  8.73129E-01 ,  1.25200E+01 , -1.80112E-01 , -6.37594E-01 ,  3.68419E-07 ,  1.86878E-07 ,  1.41957E-07 ,  7.99075E-11 ,  6.37517E-02 , -1.80120E-02 , -3.15122E+00 
    5711 ,  8.74695E-01 ,  1.25200E+01 ,  1.24763E-02 , -4.49727E-01 ,  1.67415E-07 ,  1.84176E-07 ,  1.45201E-07 ,  7.99931E-11 ,  4.49688E-02 ,  1.24888E-03 , -2.14336E+00 
    5721 ,  8.76258E-01 ,  1.25200E+01 ,  1.62537E-01 , -2.61535E-01 ,  1.55633E-09 ,  1.80646E-07 ,  1.46930E-07 ,  8.02051E-11 ,  2.61528E-02 ,  1.62526E-02 , -1.14402E+00 
    5731 ,  8.77823E-01 ,  1.25200E+01 ,  2.69952E-01 , -5.26567E-02 , -1.35163E-07 ,  1.76940E-07 ,  1.46990E-07 ,  8.05740E-11 ,  5.26904E-03 ,  2.69938E-02 , -5.26704E-02 
    5741 ,  8.79386E-01 ,  1.25200E+01 ,  3.35725E-01 ,  1.83126E-01 , -2.58688E-07 ,  1.73494E-07 ,  1.45071E-07 ,  8.10431E-11 , -1.83047E-02 ,  3.35724E-02 ,  1.15583E+00 
    5751 ,  8.80951E-01 ,  1.25200E+01 ,  3.71105E-01 ,  4.63018E-01 , -3.83595E-07 ,  1.70513E-07 ,  1.40786E-07 ,  8.15793E-11 , -4.62907E-02 ,  3.71113E-02 ,  2.56833E+00 
    5761 ,  8.82518E-01 ,  1.25200E+01 ,  3.85034E-01 ,  7.51547E-01 , -5.16892E-07 ,  1.67949E-07 ,  1.33668E-07 ,  8.22220E-11 , -7.51406E-02 ,  3.85035E-02 ,  4.00438E+00 
    5771 ,  8.84085E-01 ,  1.25200E+01 ,  3.89808E-01 ,  1.03143E+00 , -6.54567E-07 ,  1.65514E-07 ,  1.23550E-07 ,  8.29935E-11 , -1.03127E-01 ,  3.89818E-02 ,  5.37902E+00 
    5781 ,  8.85655E-01 ,  1.25200E+01 ,  3.93061E-01 ,  1.29194E+00 , -7.90980E-07 ,  1.62893E-07 ,  1.10469E-07 ,  8.38985E-11 , -1.29177E-01 ,  3.93065E-02 ,  6.63964E+00 
    5791 ,  8.87226E-01 ,  1.25200E+01 ,  3.95475E-01 ,  1.50236E+00 , -9.11900E-07 ,  1.59560E-07 ,  9.48368E-08 ,  8.49460E-11 , -1.50220E-01 ,  3.95475E-02 ,  7.63183E+00 
    5801 ,  8.88797E-01 ,  1.25200E+01 ,  3.93989E-01 ,  1.63167E+00 , -9.91933E-07 ,  1.55230E-07 ,  7.74808E-08 ,  8.61102E-11 , -1.63151E-01 ,  3.93968E-02 ,  8.20264E+00 
    5811 ,  8.90369E-01 ,  1.25200E+01 ,  3.81876E-01 ,  1.65607E+00 , -1.00679E-06 ,  1.50079E-07 ,  5.94545E-08 ,  8.73454E-11 , -1.65592E-01 ,  3.81851E-02 ,  8.23788E+00 
    5821 ,  8.91942E-01 ,  1.25200E+01 ,  3.48220E-01 ,  1.56521E+00 , -9.39609E-07 ,  1.44398E-07 ,  4.19080E-08 ,  8.85321E-11 , -1.56509E-01 ,  3.48197E-02 ,  7.69944E+00 
    5831 ,  8.93512E-01 ,  1.25200E+01 ,  2.83414E-01 ,  1.35181E+00 , -7.81360E-07 ,  1.38734E-07 ,  2.61473E-08 ,  8.95030E-11 , -1.35171E-01 ,  2.83380E-02 ,  6.55027E+00 
    5841 ,  8.95083E-01 ,  1.25200E+01 ,  1.89567E-01 ,  1.04724E+00 , -5.54325E-07 ,  1.33699E-07 ,  1.32943E-08 ,  9.02237E-11 , -1.04718E-01 ,  1.89545E-02 ,  4.95988E+00 
    5851 ,  8.96652E-01 ,  1.25200E+01 ,  6.43714E-02 ,  6.60029E-01 , -2.68920E-07 ,  1.30095E-07 ,  4.29806E-09 ,  9.05608E-11 , -6.60006E-02 ,  6.43696E-03 ,  2.97287E+00 
    5861 ,  8.98219E-01 ,  1.25200E+01 , -8.88793E-02 ,  2.14716E-01 ,  4.93335E-08 ,  1.28395E-07 , -6.79963E-11 ,  9.05119E-11 , -2.14724E-02 , -8.88721E-03 ,  7.15510E-01 
    5871 ,  8.99783E-01 ,  1.25200E+01 , -2.51677E-01 , -2.36786E-01 ,  3.56920E-07 ,  1.29003E-07 ,  5.26842E-10 ,  9.00654E-11 ,  2.36753E-02 , -2.51649E-02 , -1.54486E+00 
    5881 ,  9.01347E-01 ,  1.25200E+01 , -4.09650E-01 , -6.63499E-01 ,  6.26902E-07 ,  1.32052E-07 ,  5.98953E-09 ,  8.92449E-11 ,  6.63443E-02 , -4.09584E-02 , -3.64755E+00 
    5891 ,  9.02917E-01 ,  1.25200E+01 , -5.48854E-01 , -1.04539E+00 ,  8.42977E-07 ,  1.37599E-07 ,  1.59408E-08 ,  8.81746E-11 ,  1.04531E-01 , -5.48796E-02 , -5.48556E+00 
    5901 ,  9.04487E-01 ,  1.25200E+01 , -6.43948E-01 , -1.33882E+00 ,  9.77962E-07 ,  1.44957E-07 ,  2.96124E-08 ,  8.69699E-11 ,  1.33872E-01 , -6.43894E-02 , -6.84004E+00 
    5911 ,  9.06057E-01 ,  1.25200E+01 , -6.81914E-01 , -1.52479E+00 ,  1.03138E-06 ,  1.53472E-07 ,  4.59865E-08 ,  8.56788E-11 ,  1.52468E-01 , -6.81859E-02 , -7.62440E+00 
    5921 ,  9.07627E-01 ,  1.25200E+01 , -6.56427E-01 , -1.59977E+00 ,  1.01426E-06 ,  1.62260E-07 ,  6.38628E-08 ,  8.44579E-11 ,  1.59967E-01 , -6.56377E-02 , -7.82738E+00 
    5931 ,  9.09198E-01 ,  1.25200E+01 , -5.70010E-01 , -1.57409E+00 ,  9.35867E-07 ,  1.70443E-07 ,  8.20903E-08 ,  8.34392E-11 ,  1.57399E-01 , -5.69983E-02 , -7.52112E+00 
    5941 ,  9.10769E-01 ,  1.25200E+01 , -4.21882E-01 , -1.46015E+00 ,  8.04319E-07 ,  1.77039E-07 ,  9.94582E-08 ,  8.26380E-11 ,  1.46006E-01 , -4.21861E-02 , -6.77418E+00 
    5951 ,  9.12340E-01 ,  1.25200E+01 , -2.33963E-01 , -1.28471E+00 ,  6.44819E-07 ,  1.81316E-07 ,  1.15063E-07 ,  8.21032E-11 ,  1.28464E-01 , -2.33947E-02 , -5.76187E+00 
    5961 ,  9.13910E-01 ,  1.25200E+01 ,  7.67424E-03 , -1.04443E+00 ,  4.41161E-07 ,  1.82713E-07 ,  1.28072E-07 ,  8.18415E-11 ,  1.04437E-01 ,  7.65773E-04 , -4.47125E+00 
    5971 ,  9.15478E-01 ,  1.25200E+01 ,  2.62216E-01 , -7.83730E-01 ,  2.17657E-07 ,  1.81013E-07 ,  1.38021E-07 ,  8.18346E-11 ,  7.83680E-02 ,  2.62203E-02 , -3.15735E+00 
    5981 ,  9.17045E-01 ,  1.25200E+01 ,  5.10029E-01 , -5.24686E-01 , -1.01221E-08 ,  1.76266E-07 ,  1.44648E-07 ,  8.19637E-11 ,  5.24660E-02 ,  5.09996E-02 , -1.93280E+00 
    5991 ,  9.18611E-01 ,  1.25200E+01 ,  7.39933E-01 , -2.76060E-01 , -2.38624E-07 ,  1.68912E-07 ,  1.48064E-07 ,  8.22264E-11 ,  2.76059E-02 ,  7.39894E-02 , -8.35339E-01 
    6001 ,  9.20175E-01 ,  1.25200E+01 ,  9.50867E-01 , -3.36464E-02 , -4.78308E-07 ,  1.59195E-07 ,  1.48401E-07 ,  8.26099E-11 ,  3.36779E-03 ,  9.50829E-02 ,  1.69039E-01 
    6011 ,  9.21740E-01 ,  1.25200E+01 ,  1.12388E+00 ,  1.96230E-01 , -6.97553E-07 ,  1.47633E-07 ,  1.45842E-07 ,  8.31218E-11 , -1.96167E-02 ,  1.12384E-01 ,  1.07843E+00 
    6021 ,  9.23305E-01 ,  1.25200E+01 ,  1.26437E+00 ,  4.33422E-01 , -9.08733E-07 ,  1.34618E-07 ,  1.40386E-07 ,  8.35361E-11 , -4.33328E-02 ,  1.26431E-01 ,  2.01686E+00 
    6031 ,  9.24870E-01 ,  1.25200E+01 ,  1.35865E+00 ,  6.68977E-01 , -1.08233E-06 ,  1.20596E-07 ,  1.32200E-07 ,  8.41484E-11 , -6.68858E-02 ,  1.35859E-01 ,  2.98682E+00 
    6041 ,  9.26437E-01 ,  1.25200E+01 ,  1.40471E+00 ,  8.98487E-01 , -1.20728E-06 ,  1.06103E-07 ,  1.21428E-07 ,  8.47167E-11 , -8.98346E-02 ,  1.40467E-01 ,  3.99473E+00 
    6051 ,  9.28005E-01 ,  1.25200E+01 ,  1.40794E+00 ,  1.14060E+00 , -1.29331E-06 ,  9.15065E-08 ,  1.08104E-07 ,  8.54100E-11 , -1.14044E-01 ,  1.40790E-01 ,  5.13458E+00 
    6061 ,  9.29574E-01 ,  1.25200E+01 ,  1.36912E+00 ,  1.35626E+00 , -1.33570E-06 ,  7.73649E-08 ,  9.25090E-08 ,  8.62547E-11 , -1.35609E-01 ,  1.36908E-01 ,  6.22121E+00 
    6071 ,  9.31142E-01 ,  1.25200E+01 ,  1.28482E+00 ,  1.55109E+00 , -1.33654E-06 ,  6.41080E-08 ,  7.49606E-08 ,  8.71912E-11 , -1.55093E-01 ,  1.28479E-01 ,  7.27475E+00 
    6081 ,  9.32711E-01 ,  1.25200E+01 ,  1.15947E+00 ,  1.68523E+00 , -1.29902E-06 ,  5.21721E-08 ,  5.61024E-08 ,  8.82275E-11 , -1.68506E-01 ,  1.15943E-01 ,  8.07657E+00 
    6091 ,  9.34280E-01 ,  1.25200E+01 ,  9.86794E-01 ,  1.73575E+00 , -1.22004E-06 ,  4.20852E-08 ,  3.68717E-08 ,  8.92892E-11 , -1.73559E-01 ,  9.86744E-02 ,  8.50081E+00 
    6101 ,  9.35849E-01 ,  1.25200E+01 ,  7.75624E-01 ,  1.67440E+00 , -1.09187E-06 ,  3.44385E-08 ,  1.85280E-08 ,  9.03910E-11 , -1.67425E-01 ,  7.75591E-02 ,  8.37390E+00 
    6111 ,  9.37417E-01 ,  1.25200E+01 ,  5.23377E-01 ,  1.48373E+00 , -9.04158E-07 ,  2.96505E-08 ,  2.48107E-09 ,  9.13894E-11 , -1.48360E-01 ,  5.23353E-02 ,  7.59554E+00 
    6121 ,  9.38986E-01 ,  1.25200E+01 ,  2.33867E-01 ,  1.15766E+00 , -6.52555E-07 ,  2.82251E-08 , -9.91677E-09 ,  9.21945E-11 , -1.15755E-01 ,  2.33847E-02 ,  6.11466E+00 
    6131 ,  9.40552E-01 ,  1.25200E+01 , -6.25710E-02 ,  7.42195E-01 , -3.54987E-07 ,  3.04591E-08 , -1.73701E-08 ,  9.26765E-11 , -7.42121E-02 , -6.25764E-03 ,  4.13420E+00 
    6141 ,  9.42118E-01 ,  1.25200E+01 , -3.66852E-01 ,  2.57318E-01 , -1.15655E-08 ,  3.61872E-08 , -1.92585E-08 ,  9.28030E-11 , -2.57275E-02 , -3.66846E-02 ,  1.75459E+00 
    6151 ,  9.43682E-01 ,  1.25200E+01 , -6.71370E-01 , -2.59951E-01 ,  3.72199E-07 ,  4.54594E-08 , -1.53375E-08 ,  9.25213E-11 ,  2.59955E-02 , -6.71331E-02 , -8.40922E-01 
    6161 ,  9.45246E-01 ,  1.25200E+01 , -9.67350E-01 , -7.76553E-01 ,  7.78633E-07 ,  5.79975E-08 , -5.83588E-09 ,  9.18198E-11 ,  7.76510E-02 , -9.67294E-02 , -3.48673E+00 
    6171 ,  9.46814E-01 ,  1.25200E+01 , -1.20943E+00 , -1.19192E+00 ,  1.13522E-06 ,  7.32045E-08 ,  8.25638E-09 ,  9.07345E-11 ,  1.19183E-01 , -1.20936E-01 , -5.65992E+00 
    6181 ,  9.48383E-01 ,  1.25200E+01 , -1.41828E+00 , -1.52631E+00 ,  1.45518E-06 ,  9.03289E-08 ,  2.55161E-08 ,  8.93700E-11 ,  1.52618E-01 , -1.41821E-01 , -7.46150E+00 
    6191 ,  9.49950E-01 ,  1.25200E+01 , -1.56352E+00 , -1.72857E+00 ,  1.68283E-06 ,  1.08563E-07 ,  4.46549E-08 ,  8.77954E-11 ,  1.72841E-01 , -1.56343E-01 , -8.60533E+00 
    6201 ,  9.51518E-01 ,  1.25200E+01 , -1.64950E+00 , -1.81165E+00 ,  1.81620E-06 ,  1.27155E-07 ,  6.42209E-08 ,  8.61903E-11 ,  1.81145E-01 , -1.64939E-01 , -9.14868E+00 
    6211 ,  9.53087E-01 ,  1.25200E+01 , -1.67414E+00 , -1.78479E+00 ,  1.84196E-06 ,  1.45361E-07 ,  8.28229E-08 ,  8.46059E-11 ,  1.78459E-01 , -1.67403E-01 , -9.12369E+00 
    6221 ,  9.54656E-01 ,  1.25200E+01 , -1.63620E+00 , -1.66210E+00 ,  1.76849E-06 ,  1.62307E-07 ,  9.94321E-08 ,  8.31367E-11 ,  1.66190E-01 , -1.63611E-01 , -8.59098E+00 
    6231 ,  9.56225E-01 ,  1.25200E+01 , -1.55051E+00 , -1.49339E+00 ,  1.62128E-06 ,  1.77416E-07 ,  1.13493E-07 ,  8.18523E-11 ,  1.49320E-01 , -1.55043E-01 , -7.78706E+00 
    6241 ,  9.57793E-01 ,  1.25200E+01 , -1.41600E+00 , -1.28660E+00 ,  1.41048E-06 ,  1.90285E-07 ,  1.24902E-07 ,  8.08001E-11 ,  1.28642E-01 , -1.41593E-01 , -6.75313E+00 
    6251 ,  9.59359E-01 ,  1.25200E+01 , -1.22841E+00 , -1.04966E+00 ,  1.14677E-06 ,  2.00791E-07 ,  1.33728E-07 ,  8.00321E-11 ,  1.04951E-01 , -1.22833E-01 , -5.53183E+00 
    6261 ,  9.60925E-01 ,  1.25200E+01 , -1.02183E+00 , -8.25751E-01 ,  8.91231E-07 ,  2.08876E-07 ,  1.40177E-07 ,  7.95723E-11 ,  8.25634E-02 , -1.02178E-01 , -4.34801E+00 
    6271 ,  9.62489E-01 ,  1.25200E+01 , -7.99761E-01 , -6.10523E-01 ,  6.47500E-07 ,  2.14650E-07 ,  1.44559E-07 ,  7.93349E-11 ,  6.10447E-02 , -7.99705E-02 , -3.19182E+00 
    6281 ,  9.64054E-01 ,  1.25200E+01 , -5.40613E-01 , -3.73491E-01 ,  3.99403E-07 ,  2.18220E-07 ,  1.47095E-07 ,  7.92906E-11 ,  3.73455E-02 , -5.40579E-02 , -1.91368E+00 
    6291 ,  9.65618E-01 ,  1.25200E+01 , -2.93611E-01 , -1.46446E-01 ,  1.82013E-07 ,  2.19578E-07 ,  1.47616E-07 ,  7.94555E-11 ,  1.46446E-02 , -2.93601E-02 , -7.03091E-01 
    6301 ,  9.67182E-01 ,  1.25200E+01 , -2.38883E-02 ,  1.10523E-01 , -5.33951E-08 ,  2.18933E-07 ,  1.46009E-07 ,  7.98038E-11 , -1.10490E-02 , -2.38799E-03 ,  6.40389E-01 
    6311 ,  9.68745E-01 ,  1.25200E+01 ,  2.55244E-01 ,  3.90887E-01 , -3.02222E-07 ,  2.15895E-07 ,  1.41894E-07 ,  8.03092E-11 , -3.90815E-02 ,  2.55262E-02 ,  2.07317E+00 
    6321 ,  9.70308E-01 ,  1.25200E+01 ,  5.42471E-01 ,  6.88711E-01 , -5.72273E-07 ,  2.10312E-07 ,  1.34860E-07 ,  8.09641E-11 , -6.88603E-02 ,  5.42473E-02 ,  3.55588E+00 
    6331 ,  9.71872E-01 ,  1.25200E+01 ,  8.52621E-01 ,  1.00890E+00 , -8.77138E-07 ,  2.01734E-07 ,  1.24569E-07 ,  8.18072E-11 , -1.00876E-01 ,  8.52612E-02 ,  5.11347E+00 
    6341 ,  9.73437E-01 ,  1.25200E+01 ,  1.15284E+00 ,  1.29720E+00 , -1.18135E-06 ,  1.90149E-07 ,  1.11119E-07 ,  8.28422E-11 , -1.29703E-01 ,  1.15280E-01 ,  6.48552E+00 
    6351 ,  9.75003E-01 ,  1.25200E+01 ,  1.39100E+00 ,  1.49714E+00 , -1.42291E-06 ,  1.75486E-07 ,  9.48757E-08 ,  8.40091E-11 , -1.49695E-01 ,  1.39095E-01 ,  7.41114E+00 
    6361 ,  9.76569E-01 ,  1.25200E+01 ,  1.60903E+00 ,  1.63194E+00 , -1.62852E-06 ,  1.57970E-07 ,  7.67276E-08 ,  8.52726E-11 , -1.63174E-01 ,  1.60896E-01 ,  8.00343E+00 
    6371 ,  9.78135E-01 ,  1.25200E+01 ,  1.74873E+00 ,  1.65226E+00 , -1.73465E-06 ,  1.38302E-07 ,  5.79381E-08 ,  8.66059E-11 , -1.65207E-01 ,  1.74866E-01 ,  8.04662E+00 
    6381 ,  9.79701E-01 ,  1.25200E+01 ,  1.80901E+00 ,  1.55327E+00 , -1.72888E-06 ,  1.17532E-07 ,  3.98177E-08 ,  8.78108E-11 , -1.55309E-01 ,  1.80894E-01 ,  7.52183E+00 
    6391 ,  9.81267E-01 ,  1.25200E+01 ,  1.76750E+00 ,  1.33872E+00 , -1.59857E-06 ,  9.69857E-08 ,  2.38689E-08 ,  8.88738E-11 , -1.33856E-01 ,  1.76742E-01 ,  6.45782E+00 
    6401 ,  9.82833E-01 ,  1.25200E+01 ,  1.61732E+00 ,  1.02248E+00 , -1.34772E-06 ,  7.81429E-08 ,  1.15198E-08 ,  8.96871E-11 , -1.02235E-01 ,  1.61724E-01 ,  4.92595E+00 
    6411 ,  9.84398E-01 ,  1.25200E+01 ,  1.36075E+00 ,  6.37620E-01 , -9.99031E-07 ,  6.23286E-08 ,  3.49449E-09 ,  9.02084E-11 , -6.37515E-02 ,  1.36069E-01 ,  3.07921E+00 
    6421 ,  9.85963E-01 ,  1.25200E+01 ,  1.01636E+00 ,  2.29614E-01 , -5.95571E-07 ,  5.05435E-08 ,  2.67443E-10 ,  9.04045E-11 , -2.29561E-02 ,  1.01632E-01 ,  1.13092E+00 
    6431 ,  9.87527E-01 ,  1.25200E+01 ,  5.89861E-01 , -1.82342E-01 , -1.57843E-07 ,  4.36682E-08 ,  1.95460E-09 ,  9.02641E-11 ,  1.82353E-02 ,  5.89841E-02 , -8.32931E-01 
    6441 ,  9.89091E-01 ,  1.25200E+01 ,  1.20078E-01 , -5.52635E-01 ,  2.63740E-07 ,  4.22421E-08 ,  8.17894E-09 ,  8.97879E-11 ,  5.52607E-02 ,  1.20080E-02 , -2.59941E+00 
    6451 ,  9.90651E-01 ,  1.25200E+01 , -3.78506E-01 , -8.67885E-01 ,  6.55648E-07 ,  4.66244E-08 ,  1.82179E-08 ,  8.90870E-11 ,  8.67816E-02 , -3.78477E-02 , -4.11162E+00 
    6461 ,  9.92217E-01 ,  1.25200E+01 , -8.44040E-01 , -1.09379E+00 ,  9.74878E-07 ,  5.63316E-08 ,  3.10395E-08 ,  8.82146E-11 ,  1.09370E-01 , -8.43982E-02 , -5.20456E+00 
    6471 ,  9.93783E-01 ,  1.25200E+01 , -1.29846E+00 , -1.24979E+00 ,  1.24957E-06 ,  7.09068E-08 ,  4.55709E-08 ,  8.71767E-11 ,  1.24968E-01 , -1.29841E-01 , -5.97380E+00 
    6481 ,  9.95350E-01 ,  1.25200E+01 , -1.68414E+00 , -1.32669E+00 ,  1.45899E-06 ,  8.97331E-08 ,  6.07751E-08 ,  8.60862E-11 ,  1.32656E-01 , -1.68407E-01 , -6.37527E+00 
    6491 ,  9.96917E-01 ,  1.25200E+01 , -2.01676E+00 , -1.34371E+00 ,  1.62882E-06 ,  1.12073E-07 ,  7.58046E-08 ,  8.49943E-11 ,  1.34356E-01 , -2.01665E-01 , -6.49856E+00 
    6501 ,  9.98484E-01 ,  1.25200E+01 , -2.23990E+00 , -1.30860E+00 ,  1.74087E-06 ,  1.36724E-07 ,  8.99732E-08 ,  8.39425E-11 ,  1.30845E-01 , -2.23980E-01 , -6.37371E+00 
    6511 ,  1.00005E+00 ,  1.25200E+01 , -2.36367E+00 , -1.24130E+00 ,  1.80610E-06 ,  1.62531E-07 ,  1.02786E-07 ,  8.29880E-11 ,  1.24114E-01 , -2.36358E-01 , -6.09765E+00 
    6521 ,  1.00162E+00 ,  1.25200E+01 , -2.39031E+00 , -1.15180E+00 ,  1.82294E-06 ,  1.88129E-07 ,  1.14017E-07 ,  8.21204E-11 ,  1.15164E-01 , -2.39019E-01 , -5.71656E+00 
    6531 ,  1.00318E+00 ,  1.25200E+01 , -2.31874E+00 , -1.04507E+00 ,  1.78128E-06 ,  2.12452E-07 ,  1.23520E-07 ,  8.13019E-11 ,  1.04492E-01 , -2.31863E-01 , -5.25391E+00 
