   ITER        TIME        AREA        FPRE_X        FPRE_Y        FPRE_Z        FTAU_X        FTAU_Y        FTAU_Z
       0 ,  0.00000E+00 ,  8.34980E+00 ,  0.00000E+00 ,  0.00000E+00 ,  0.00000E+00 , -8.21861E-11 ,  3.67839E-12 , -4.82914E-11 ,  6.93478E-11 ,  5.21719E-10 ,  8.21601E-11 
       1 ,  1.80761E-04 ,  8.34980E+00 , -3.17789E-03 ,  4.96163E-02 ,  1.77670E-07 ,  1.57746E-09 ,  2.15005E-09 , -2.38081E-11 , -4.96437E-03 , -3.18093E-04 ,  3.80862E-02 
      11 ,  1.54948E-03 ,  8.34980E+00 , -3.28386E-03 ,  5.11962E-02 ,  1.81009E-07 ,  1.08723E-08 ,  1.77834E-08 , -1.34023E-10 , -5.12238E-03 , -3.28692E-04 ,  3.89142E-02 
      21 ,  2.58585E-03 ,  8.34980E+00 , -3.24191E-03 ,  5.04611E-02 ,  1.77958E-07 ,  1.68153E-08 ,  2.65680E-08 , -1.00147E-10 , -5.04885E-03 , -3.24492E-04 ,  3.85678E-02 
      31 ,  3.47134E-03 ,  8.34980E+00 , -3.24365E-03 ,  5.04377E-02 ,  1.77326E-07 ,  2.08097E-08 ,  3.28216E-08 , -7.04193E-11 , -5.04646E-03 , -3.24661E-04 ,  3.85428E-02 
      41 ,  4.26509E-03 ,  8.34980E+00 , -3.24239E-03 ,  5.03665E-02 ,  1.76488E-07 ,  2.45402E-08 ,  3.78925E-08 , -6.06178E-11 , -5.03935E-03 , -3.24534E-04 ,  3.84835E-02 
      51 ,  4.95561E-03 ,  8.34980E+00 , -3.23186E-03 ,  5.01601E-02 ,  1.75389E-07 ,  2.76101E-08 ,  4.17653E-08 , -4.42018E-11 , -5.01867E-03 , -3.23478E-04 ,  3.83459E-02 
      61 ,  5.62516E-03 ,  8.34980E+00 , -3.23372E-03 ,  5.01404E-02 ,  1.74772E-07 ,  3.13040E-08 ,  4.51365E-08 , -1.89915E-11 , -5.01669E-03 , -3.23661E-04 ,  3.82964E-02 
      71 ,  6.30918E-03 ,  8.34980E+00 , -3.21692E-03 ,  4.98234E-02 ,  1.73185E-07 ,  3.49624E-08 ,  4.84956E-08 ,  3.52754E-12 , -4.98495E-03 , -3.21977E-04 ,  3.80871E-02 
      81 ,  7.05178E-03 ,  8.34980E+00 , -3.20897E-03 ,  4.95364E-02 ,  1.67991E-07 ,  4.18789E-08 ,  5.30620E-08 , -3.08333E-11 , -4.95627E-03 , -3.21180E-04 ,  3.79699E-02 
      91 ,  7.84318E-03 ,  8.34980E+00 , -2.86208E-03 ,  4.41794E-02 ,  1.56913E-07 ,  7.91756E-08 ,  7.44764E-08 ,  1.33937E-10 , -4.42038E-03 , -2.86472E-04 ,  3.50019E-02 
     101 ,  8.70880E-03 ,  8.34980E+00 , -2.30040E-03 ,  3.66448E-02 ,  1.56888E-07 ,  1.29081E-07 ,  1.13647E-07 , -4.35370E-11 , -3.66645E-03 , -2.30259E-04 ,  2.84206E-02 
     111 ,  9.56347E-03 ,  8.34980E+00 , -2.25848E-03 ,  3.59886E-02 ,  1.35731E-07 ,  1.14023E-07 ,  1.23719E-07 ,  3.29041E-11 , -3.60106E-03 , -2.26073E-04 ,  2.70291E-02 
     121 ,  1.04916E-02 ,  8.34980E+00 , -2.50716E-03 ,  3.95810E-02 ,  1.41009E-07 ,  9.06235E-08 ,  1.09307E-07 ,  2.72363E-11 , -3.96049E-03 , -2.50958E-04 ,  2.92516E-02 
     131 ,  1.14468E-02 ,  8.34980E+00 , -2.72281E-03 ,  4.25343E-02 ,  1.49313E-07 ,  7.52285E-08 ,  9.37861E-08 , -8.70754E-11 , -4.25590E-03 , -2.72532E-04 ,  3.15332E-02 
     141 ,  1.24077E-02 ,  8.34980E+00 , -3.03212E-03 ,  4.65656E-02 ,  1.48932E-07 ,  6.51995E-08 ,  7.92331E-08 , -1.12362E-10 , -4.65908E-03 , -3.03467E-04 ,  3.46964E-02 
     151 ,  1.34106E-02 ,  8.34980E+00 , -3.28490E-03 ,  4.96682E-02 ,  1.48049E-07 ,  7.23515E-08 ,  6.58244E-08 , -5.01050E-11 , -4.96934E-03 , -3.28745E-04 ,  3.74062E-02 
     161 ,  1.43700E-02 ,  8.34980E+00 , -3.37556E-03 ,  5.06435E-02 ,  1.50723E-07 ,  9.19338E-08 ,  5.56570E-08 , -7.06059E-11 , -5.06672E-03 , -3.37799E-04 ,  3.84297E-02 
     171 ,  1.52378E-02 ,  8.34980E+00 , -3.27692E-03 ,  4.91459E-02 ,  1.56757E-07 ,  1.07600E-07 ,  5.11480E-08 ,  4.96419E-11 , -4.91678E-03 , -3.27924E-04 ,  3.75335E-02 
     181 ,  1.60721E-02 ,  8.34980E+00 , -3.08155E-03 ,  4.63944E-02 ,  1.62221E-07 ,  1.14395E-07 ,  5.57714E-08 ,  4.67146E-11 , -4.64145E-03 , -3.08373E-04 ,  3.55233E-02 
     191 ,  1.68962E-02 ,  8.34980E+00 , -2.87481E-03 ,  4.34667E-02 ,  1.59438E-07 ,  1.10018E-07 ,  6.98030E-08 , -1.24275E-10 , -4.34859E-03 , -2.87688E-04 ,  3.31220E-02 
     201 ,  1.77322E-02 ,  8.34980E+00 , -2.53611E-03 ,  3.86322E-02 ,  1.46420E-07 ,  1.04696E-07 ,  9.04307E-08 , -2.40415E-10 , -3.86512E-03 , -2.53808E-04 ,  2.92230E-02 
     211 ,  1.86714E-02 ,  8.34980E+00 , -2.10437E-03 ,  3.23338E-02 ,  1.22136E-07 ,  1.14796E-07 ,  1.16008E-07 , -2.98995E-10 , -3.23523E-03 , -2.10617E-04 ,  2.41377E-02 
     221 ,  1.97057E-02 ,  8.34980E+00 , -1.72416E-03 ,  2.66868E-02 ,  9.91846E-08 ,  1.36907E-07 ,  1.35768E-07 , -1.19099E-10 , -2.67035E-03 , -1.72571E-04 ,  1.94411E-02 
     231 ,  2.08388E-02 ,  8.34980E+00 , -1.60011E-03 ,  2.48741E-02 ,  9.45052E-08 ,  1.40507E-07 ,  1.35908E-07 ,  8.35636E-11 , -2.48892E-03 , -1.60152E-04 ,  1.77466E-02 
     241 ,  2.20475E-02 ,  8.34980E+00 , -1.82915E-03 ,  2.81832E-02 ,  1.00211E-07 ,  1.21515E-07 ,  1.21709E-07 ,  2.47395E-10 , -2.82001E-03 , -1.83069E-04 ,  1.98564E-02 
     251 ,  2.32670E-02 ,  8.34980E+00 , -2.25109E-03 ,  3.37906E-02 ,  9.72771E-08 ,  1.06901E-07 ,  1.05241E-07 ,  1.57255E-10 , -3.38098E-03 , -2.25274E-04 ,  2.40818E-02 
     261 ,  2.45286E-02 ,  8.34980E+00 , -2.48031E-03 ,  3.65761E-02 ,  9.83234E-08 ,  1.12978E-07 ,  9.29270E-08 , -4.80513E-11 , -3.65941E-03 , -2.48181E-04 ,  2.65638E-02 
     271 ,  2.57272E-02 ,  8.34980E+00 , -2.50458E-03 ,  3.64777E-02 ,  9.39975E-08 ,  1.34754E-07 ,  8.81383E-08 , -1.85742E-10 , -3.64944E-03 , -2.50595E-04 ,  2.68727E-02 
     281 ,  2.67592E-02 ,  8.34980E+00 , -2.20949E-03 ,  3.19370E-02 ,  8.45378E-08 ,  1.67124E-07 ,  9.20029E-08 , -1.47726E-10 , -3.19509E-03 , -2.21060E-04 ,  2.39503E-02 
     291 ,  2.76748E-02 ,  8.34980E+00 , -1.65565E-03 ,  2.40233E-02 ,  7.69215E-08 ,  1.96076E-07 ,  1.05968E-07 , -2.12021E-10 , -2.40334E-03 , -1.65645E-04 ,  1.82664E-02 
     301 ,  2.85869E-02 ,  8.34980E+00 , -1.10424E-03 ,  1.61482E-02 ,  5.90937E-08 ,  2.12281E-07 ,  1.27529E-07 , -1.83086E-10 , -1.61552E-03 , -1.10472E-04 ,  1.22998E-02 
     311 ,  2.95891E-02 ,  8.34980E+00 , -8.10366E-04 ,  1.20311E-02 ,  4.19072E-08 ,  2.13583E-07 ,  1.42581E-07 , -1.06926E-10 , -1.20373E-03 , -8.10701E-05 ,  8.65493E-03 
     321 ,  3.06432E-02 ,  8.34980E+00 , -8.50881E-04 ,  1.28472E-02 ,  4.33537E-08 ,  1.93498E-07 ,  1.35590E-07 , -2.06776E-11 , -1.28546E-03 , -8.51321E-05 ,  8.59465E-03 
     331 ,  3.18108E-02 ,  8.34980E+00 , -1.21334E-03 ,  1.81578E-02 ,  5.76651E-08 ,  1.60161E-07 ,  1.13170E-07 ,  1.74895E-11 , -1.81683E-03 , -1.21407E-04 ,  1.21719E-02 
     341 ,  3.30622E-02 ,  8.34980E+00 , -1.73333E-03 ,  2.54436E-02 ,  7.17465E-08 ,  1.36477E-07 ,  9.05708E-08 , -3.17853E-11 , -2.54570E-03 , -1.73432E-04 ,  1.76143E-02 
     351 ,  3.43570E-02 ,  8.34980E+00 , -2.18179E-03 ,  3.13934E-02 ,  7.83802E-08 ,  1.31464E-07 ,  7.32173E-08 , -4.61716E-11 , -3.14072E-03 , -2.18282E-04 ,  2.24927E-02 
     361 ,  3.57123E-02 ,  8.34980E+00 , -2.56239E-03 ,  3.62376E-02 ,  7.69926E-08 ,  1.42138E-07 ,  6.00851E-08 ,  2.72292E-11 , -3.62512E-03 , -2.56335E-04 ,  2.64500E-02 
     371 ,  3.70509E-02 ,  8.34980E+00 , -2.75000E-03 ,  3.83307E-02 ,  7.06884E-08 ,  1.64654E-07 ,  5.32960E-08 ,  1.25433E-10 , -3.83429E-03 , -2.75077E-04 ,  2.83043E-02 
     381 ,  3.83195E-02 ,  8.34980E+00 , -2.55604E-03 ,  3.52557E-02 ,  6.42103E-08 ,  1.92659E-07 ,  5.73265E-08 ,  3.03177E-10 , -3.52654E-03 , -2.55658E-04 ,  2.63578E-02 
     391 ,  3.95687E-02 ,  8.34980E+00 , -2.10226E-03 ,  2.87789E-02 ,  5.39673E-08 ,  2.17243E-07 ,  7.46119E-08 ,  1.61969E-10 , -2.87857E-03 , -2.10251E-04 ,  2.16690E-02 
     401 ,  4.06993E-02 ,  8.34980E+00 , -1.52334E-03 ,  2.07902E-02 ,  4.59729E-08 ,  2.23561E-07 ,  9.75936E-08 ,  8.17096E-11 , -2.07945E-03 , -1.52341E-04 ,  1.57532E-02 
     411 ,  4.17764E-02 ,  8.34980E+00 , -1.00973E-03 ,  1.38791E-02 ,  3.80702E-08 ,  2.13234E-07 ,  1.20060E-07 ,  1.00595E-10 , -1.38820E-03 , -1.00971E-04 ,  1.03510E-02 
     421 ,  4.28674E-02 ,  8.34980E+00 , -5.36845E-04 ,  7.61710E-03 ,  2.53931E-08 ,  1.96410E-07 ,  1.39032E-07 ,  1.95658E-10 , -7.62010E-04 , -5.36812E-05 ,  5.13459E-03 
     431 ,  4.39205E-02 ,  8.34980E+00 , -1.70585E-04 ,  2.75462E-03 ,  1.03824E-08 ,  1.85549E-07 ,  1.50250E-07 ,  2.98966E-10 , -2.75845E-04 , -1.70551E-05 ,  9.80479E-04 
     441 ,  4.50373E-02 ,  8.34980E+00 , -1.70130E-04 ,  2.75528E-03 ,  2.08857E-09 ,  1.84985E-07 ,  1.49454E-07 ,  3.58097E-10 , -2.75981E-04 , -1.70093E-05 ,  6.91781E-04 
     451 ,  4.63202E-02 ,  8.34980E+00 , -4.68092E-04 ,  6.69804E-03 ,  3.59714E-09 ,  1.88378E-07 ,  1.36384E-07 ,  3.00614E-10 , -6.70332E-04 , -4.68098E-05 ,  3.69671E-03 
     461 ,  4.75836E-02 ,  8.34980E+00 , -8.49338E-04 ,  1.17985E-02 ,  1.21071E-08 ,  1.88817E-07 ,  1.17751E-07 ,  2.25415E-10 , -1.18041E-03 , -8.49382E-05 ,  7.64981E-03 
     471 ,  4.89134E-02 ,  8.34980E+00 , -1.16080E-03 ,  1.58755E-02 ,  2.01887E-08 ,  1.90868E-07 ,  1.03135E-07 ,  2.42457E-10 , -1.58815E-03 , -1.16089E-04 ,  1.09714E-02 
     481 ,  5.03339E-02 ,  8.34980E+00 , -1.42025E-03 ,  1.91657E-02 ,  2.25908E-08 ,  1.99291E-07 ,  9.46472E-08 ,  1.86718E-10 , -1.91714E-03 , -1.42029E-04 ,  1.36783E-02 
     491 ,  5.16480E-02 ,  8.34980E+00 , -1.47018E-03 ,  1.96392E-02 ,  2.25142E-08 ,  2.11506E-07 ,  9.27712E-08 ,  8.14728E-11 , -1.96439E-03 , -1.47011E-04 ,  1.42961E-02 
     501 ,  5.29132E-02 ,  8.34980E+00 , -1.33042E-03 ,  1.76681E-02 ,  2.10845E-08 ,  2.22984E-07 ,  9.64851E-08 ,  1.59614E-10 , -1.76718E-03 , -1.33030E-04 ,  1.29857E-02 
     511 ,  5.40692E-02 ,  8.34980E+00 , -1.10525E-03 ,  1.46887E-02 ,  2.00345E-08 ,  2.28615E-07 ,  1.02113E-07 ,  1.55930E-10 , -1.46917E-03 , -1.10510E-04 ,  1.07606E-02 
     521 ,  5.52938E-02 ,  8.34980E+00 , -9.36768E-04 ,  1.25611E-02 ,  1.91925E-08 ,  2.28902E-07 ,  1.04991E-07 ,  2.59957E-10 , -1.25640E-03 , -9.36641E-05 ,  9.00224E-03 
     531 ,  5.63890E-02 ,  8.34980E+00 , -8.81154E-04 ,  1.19175E-02 ,  1.89321E-08 ,  2.24970E-07 ,  1.01814E-07 ,  3.67463E-10 , -1.19214E-03 , -8.81122E-05 ,  8.38690E-03 
     541 ,  5.74972E-02 ,  8.34980E+00 , -8.97126E-04 ,  1.21966E-02 ,  1.99232E-08 ,  2.21372E-07 ,  9.61848E-08 ,  3.40452E-10 , -1.22007E-03 , -8.97118E-05 ,  8.52633E-03 
     551 ,  5.86132E-02 ,  8.34980E+00 , -9.36027E-04 ,  1.27118E-02 ,  2.09390E-08 ,  2.20741E-07 ,  9.12530E-08 ,  2.14433E-10 , -1.27159E-03 , -9.36009E-05 ,  8.94567E-03 
     561 ,  5.98719E-02 ,  8.34980E+00 , -1.00059E-03 ,  1.35235E-02 ,  2.09893E-08 ,  2.23272E-07 ,  8.86500E-08 ,  1.51815E-10 , -1.35275E-03 , -1.00054E-04 ,  9.60174E-03 
     571 ,  6.11766E-02 ,  8.34980E+00 , -1.06999E-03 ,  1.43580E-02 ,  2.06464E-08 ,  2.25887E-07 ,  8.81143E-08 ,  1.39224E-10 , -1.43615E-03 , -1.06989E-04 ,  1.02974E-02 
     581 ,  6.24998E-02 ,  8.34980E+00 , -1.14540E-03 ,  1.52505E-02 ,  1.95388E-08 ,  2.26639E-07 ,  8.92059E-08 ,  1.45195E-10 , -1.52539E-03 , -1.14526E-04 ,  1.10234E-02 
     591 ,  6.39146E-02 ,  8.34980E+00 , -1.17072E-03 ,  1.54398E-02 ,  1.69383E-08 ,  2.27581E-07 ,  9.27470E-08 ,  2.17078E-10 , -1.54424E-03 , -1.17051E-04 ,  1.12561E-02 
     601 ,  6.52804E-02 ,  8.34980E+00 , -1.09470E-03 ,  1.43218E-02 ,  1.41972E-08 ,  2.29401E-07 ,  9.82476E-08 ,  2.43838E-10 , -1.43240E-03 , -1.09445E-04 ,  1.05074E-02 
     611 ,  6.67545E-02 ,  8.34980E+00 , -9.36164E-04 ,  1.22247E-02 ,  1.32826E-08 ,  2.30372E-07 ,  1.05238E-07 ,  3.08018E-10 , -1.22264E-03 , -9.35896E-05 ,  8.92921E-03 
     621 ,  6.82245E-02 ,  8.34980E+00 , -7.67204E-04 ,  1.01003E-02 ,  1.47062E-08 ,  2.24140E-07 ,  1.10647E-07 ,  4.18586E-10 , -1.01019E-03 , -7.66968E-05 ,  7.21377E-03 
     631 ,  6.96231E-02 ,  8.34980E+00 , -6.04703E-04 ,  8.09559E-03 ,  1.66962E-08 ,  2.10343E-07 ,  1.13344E-07 ,  4.03558E-10 , -8.09763E-04 , -6.04530E-05 ,  5.52672E-03 
     641 ,  7.09322E-02 ,  8.34980E+00 , -4.50362E-04 ,  6.15557E-03 ,  1.60403E-08 ,  1.98268E-07 ,  1.15907E-07 ,  2.66705E-10 , -6.15804E-04 , -4.50217E-05 ,  3.87431E-03 
     651 ,  7.22420E-02 ,  8.34980E+00 , -3.55947E-04 ,  4.79975E-03 ,  6.35522E-09 ,  2.02279E-07 ,  1.20660E-07 ,  1.51814E-10 , -4.80285E-04 , -3.55788E-05 ,  2.81229E-03 
     661 ,  7.35590E-02 ,  8.34980E+00 , -3.26810E-04 ,  4.20932E-03 , -3.70653E-09 ,  2.22431E-07 ,  1.27037E-07 ,  6.85705E-11 , -4.21202E-04 , -3.26562E-05 ,  2.50073E-03 
     671 ,  7.48025E-02 ,  8.34980E+00 , -3.87122E-04 ,  4.86287E-03 , -8.82860E-09 ,  2.47763E-07 ,  1.29158E-07 ,  1.38465E-10 , -4.86490E-04 , -3.86796E-05 ,  3.14792E-03 
     681 ,  7.60827E-02 ,  8.34980E+00 , -5.43808E-04 ,  6.99238E-03 , -5.87632E-09 ,  2.63043E-07 ,  1.19477E-07 ,  2.02988E-10 , -6.99451E-04 , -5.43509E-05 ,  4.70898E-03 
     691 ,  7.74067E-02 ,  8.34980E+00 , -7.97419E-04 ,  1.05366E-02 ,  5.07603E-09 ,  2.57522E-07 ,  9.54831E-08 ,  2.62395E-10 , -1.05389E-03 , -7.97173E-05 ,  7.22803E-03 
     701 ,  7.88719E-02 ,  8.34980E+00 , -1.17418E-03 ,  1.58178E-02 ,  2.46570E-08 ,  2.34314E-07 ,  6.58222E-08 ,  3.12436E-10 , -1.58219E-03 , -1.17414E-04 ,  1.10294E-02 
     711 ,  8.03748E-02 ,  8.34980E+00 , -1.53998E-03 ,  2.09010E-02 ,  4.15769E-08 ,  2.10602E-07 ,  4.73223E-08 ,  3.27315E-10 , -2.09069E-03 , -1.54011E-04 ,  1.48237E-02 
     721 ,  8.19301E-02 ,  8.34980E+00 , -1.63520E-03 ,  2.21314E-02 ,  4.36218E-08 ,  2.02851E-07 ,  4.71491E-08 ,  3.64079E-10 , -2.21375E-03 , -1.63534E-04 ,  1.59809E-02 
     731 ,  8.35064E-02 ,  8.34980E+00 , -1.40887E-03 ,  1.89148E-02 ,  3.38294E-08 ,  2.15095E-07 ,  6.12905E-08 ,  2.83992E-10 , -1.89198E-03 , -1.40889E-04 ,  1.38171E-02 
     741 ,  8.50970E-02 ,  8.34980E+00 , -9.92244E-04 ,  1.30447E-02 ,  1.75241E-08 ,  2.40147E-07 ,  8.19913E-08 ,  2.51149E-10 , -1.30474E-03 , -9.92036E-05 ,  9.69170E-03 
     751 ,  8.66560E-02 ,  8.34980E+00 , -6.33537E-04 ,  8.06673E-03 ,  5.51429E-09 ,  2.63835E-07 ,  1.01683E-07 ,  2.26870E-10 , -8.06757E-04 , -6.33158E-05 ,  6.08165E-03 
     761 ,  8.81475E-02 ,  8.34980E+00 , -4.34941E-04 ,  5.44003E-03 ,  2.69226E-09 ,  2.73043E-07 ,  1.14558E-07 ,  2.46202E-10 , -5.44019E-04 , -4.34520E-05 ,  4.01015E-03 
     771 ,  8.94869E-02 ,  8.34980E+00 , -4.25110E-04 ,  5.45596E-03 ,  2.18148E-09 ,  2.65636E-07 ,  1.17655E-07 ,  3.32722E-10 , -5.45654E-04 , -4.24738E-05 ,  3.68983E-03 
     781 ,  9.07507E-02 ,  8.34980E+00 , -4.09971E-04 ,  5.28732E-03 ,  3.06913E-09 ,  2.50402E-07 ,  1.13672E-07 ,  2.53653E-10 , -5.28845E-04 , -4.09649E-05 ,  3.50304E-03 
     791 ,  9.20623E-02 ,  8.34980E+00 , -4.94745E-04 ,  6.48483E-03 ,  5.40647E-09 ,  2.36565E-07 ,  1.06127E-07 ,  1.94721E-10 , -6.48675E-04 , -4.94486E-05 ,  4.29605E-03 
     801 ,  9.34069E-02 ,  8.34980E+00 , -6.09903E-04 ,  8.03967E-03 ,  7.50528E-09 ,  2.30681E-07 ,  9.91226E-08 ,  2.35977E-10 , -8.04200E-04 , -6.09680E-05 ,  5.44426E-03 
     811 ,  9.48140E-02 ,  8.34980E+00 , -6.95087E-04 ,  9.16667E-03 ,  9.98354E-09 ,  2.30669E-07 ,  9.43804E-08 ,  2.60797E-10 , -9.16941E-04 , -6.94898E-05 ,  6.33540E-03 
     821 ,  9.62565E-02 ,  8.34980E+00 , -7.27207E-04 ,  9.57628E-03 ,  1.22505E-08 ,  2.32008E-07 ,  9.25734E-08 ,  3.03717E-10 , -9.57895E-04 , -7.27015E-05 ,  6.70445E-03 
     831 ,  9.77886E-02 ,  8.34980E+00 , -6.79568E-04 ,  8.93077E-03 ,  1.47601E-08 ,  2.32147E-07 ,  9.42879E-08 ,  3.20730E-10 , -8.93293E-04 , -6.79352E-05 ,  6.29193E-03 
     841 ,  9.93944E-02 ,  8.34980E+00 , -6.09590E-04 ,  7.98469E-03 ,  1.20956E-08 ,  2.31906E-07 ,  1.00145E-07 ,  2.81773E-10 , -7.98673E-04 , -6.09354E-05 ,  5.55366E-03 
     851 ,  1.01008E-01 ,  8.34980E+00 , -4.78142E-04 ,  6.22248E-03 ,  8.08132E-09 ,  2.34351E-07 ,  1.08311E-07 ,  2.94485E-10 , -6.22421E-04 , -4.77880E-05 ,  4.19144E-03 
     861 ,  1.02661E-01 ,  8.34980E+00 , -3.55190E-04 ,  4.57012E-03 ,  3.10241E-09 ,  2.40341E-07 ,  1.15504E-07 ,  2.05656E-10 , -4.57188E-04 , -3.54909E-05 ,  2.90414E-03 
     871 ,  1.04220E-01 ,  8.34980E+00 , -3.32513E-04 ,  4.27213E-03 , -5.28282E-10 ,  2.48365E-07 ,  1.16558E-07 ,  2.22831E-10 , -4.27395E-04 , -3.32226E-05 ,  2.62017E-03 
     881 ,  1.05628E-01 ,  8.34980E+00 , -4.15978E-04 ,  5.42233E-03 , -2.59266E-10 ,  2.54747E-07 ,  1.08671E-07 ,  2.33234E-10 , -5.42458E-04 , -4.15727E-05 ,  3.43742E-03 
     891 ,  1.07005E-01 ,  8.34980E+00 , -5.70934E-04 ,  7.53535E-03 ,  3.90026E-09 ,  2.58413E-07 ,  9.19392E-08 ,  3.52292E-10 , -7.53806E-04 , -5.70741E-05 ,  5.03407E-03 
     901 ,  1.08407E-01 ,  8.34980E+00 , -7.88546E-04 ,  1.05798E-02 ,  1.22919E-08 ,  2.59213E-07 ,  7.18290E-08 ,  4.02119E-10 , -1.05837E-03 , -7.88466E-05 ,  7.20618E-03 
     911 ,  1.09799E-01 ,  8.34980E+00 , -9.50986E-04 ,  1.28304E-02 ,  2.23190E-08 ,  2.57163E-07 ,  5.48439E-08 ,  3.06241E-10 , -1.28346E-03 , -9.50946E-05 ,  8.93578E-03 
     921 ,  1.11238E-01 ,  8.34980E+00 , -1.05169E-03 ,  1.41866E-02 ,  2.92085E-08 ,  2.54660E-07 ,  4.65200E-08 ,  2.48267E-10 , -1.41909E-03 , -1.05166E-04 ,  1.00714E-02 
     931 ,  1.12682E-01 ,  8.34980E+00 , -1.03704E-03 ,  1.38733E-02 ,  2.80989E-08 ,  2.55778E-07 ,  4.99726E-08 ,  2.69935E-10 , -1.38772E-03 , -1.03698E-04 ,  1.00436E-02 
     941 ,  1.14208E-01 ,  8.34980E+00 , -8.74167E-04 ,  1.15089E-02 ,  2.03290E-08 ,  2.64221E-07 ,  6.48015E-08 ,  3.80605E-10 , -1.15114E-03 , -8.73985E-05 ,  8.48383E-03 
     951 ,  1.15835E-01 ,  8.34980E+00 , -4.90560E-04 ,  5.99958E-03 ,  7.41407E-09 ,  2.81406E-07 ,  8.81420E-08 ,  3.73510E-10 , -6.00137E-04 , -4.90277E-05 ,  4.89804E-03 
     961 ,  1.17507E-01 ,  8.34980E+00 , -3.28887E-04 ,  3.89030E-03 , -1.21836E-09 ,  3.01879E-07 ,  1.12941E-07 ,  4.09913E-10 , -3.89001E-04 , -3.28424E-05 ,  3.06275E-03 
     971 ,  1.19181E-01 ,  8.34980E+00 , -1.74192E-04 ,  1.89399E-03 , -4.12054E-09 ,  3.15000E-07 ,  1.31322E-07 ,  5.06243E-10 , -1.89345E-04 , -1.73722E-05 ,  1.44099E-03 
     981 ,  1.20821E-01 ,  8.34980E+00 , -1.19136E-04 ,  1.31270E-03 , -3.43353E-09 ,  3.13674E-07 ,  1.37540E-07 ,  5.61401E-10 , -1.31235E-04 , -1.18706E-05 ,  7.66710E-04 
     991 ,  1.22405E-01 ,  8.34980E+00 , -1.40684E-04 ,  1.74552E-03 , -1.51338E-09 ,  2.97833E-07 ,  1.29975E-07 ,  5.39096E-10 , -1.74608E-04 , -1.40345E-05 ,  8.57075E-04 
    1001 ,  1.23962E-01 ,  8.34980E+00 , -2.66415E-04 ,  3.58728E-03 ,  2.29397E-09 ,  2.76236E-07 ,  1.13216E-07 ,  4.92418E-10 , -3.58867E-04 , -2.66156E-05 ,  1.96293E-03 
    1011 ,  1.25436E-01 ,  8.34980E+00 , -4.06898E-04 ,  5.50909E-03 ,  7.47559E-09 ,  2.59432E-07 ,  9.42100E-08 ,  5.02994E-10 , -5.51160E-04 , -4.06750E-05 ,  3.38210E-03 
    1021 ,  1.26871E-01 ,  8.34980E+00 , -5.73635E-04 ,  7.78186E-03 ,  1.41208E-08 ,  2.52521E-07 ,  7.85176E-08 ,  4.74709E-10 , -7.78536E-04 , -5.73581E-05 ,  5.08682E-03 
    1031 ,  1.28333E-01 ,  8.34980E+00 , -6.75525E-04 ,  9.12649E-03 ,  1.83554E-08 ,  2.55384E-07 ,  6.96451E-08 ,  4.38012E-10 , -9.13019E-04 , -6.75491E-05 ,  6.18103E-03 
    1041 ,  1.29795E-01 ,  8.34980E+00 , -6.82569E-04 ,  9.15018E-03 ,  1.95696E-08 ,  2.62771E-07 ,  6.79205E-08 ,  4.59442E-10 , -9.15334E-04 , -6.82493E-05 ,  6.34799E-03 
    1051 ,  1.31299E-01 ,  8.34980E+00 , -6.51690E-04 ,  8.67953E-03 ,  1.81843E-08 ,  2.69241E-07 ,  7.12349E-08 ,  5.06981E-10 , -8.68219E-04 , -6.51567E-05 ,  6.07670E-03 
    1061 ,  1.32875E-01 ,  8.34980E+00 , -5.96434E-04 ,  7.91600E-03 ,  1.62790E-08 ,  2.71695E-07 ,  7.65019E-08 ,  5.94492E-10 , -7.91829E-04 , -5.96286E-05 ,  5.53434E-03 
    1071 ,  1.34507E-01 ,  8.34980E+00 , -5.43882E-04 ,  7.24415E-03 ,  1.54633E-08 ,  2.70084E-07 ,  8.04236E-08 ,  6.21729E-10 , -7.24629E-04 , -5.43731E-05 ,  4.99600E-03 
    1081 ,  1.36160E-01 ,  8.34980E+00 , -5.16503E-04 ,  6.92580E-03 ,  1.48242E-08 ,  2.67311E-07 ,  8.11816E-08 ,  5.99816E-10 , -6.92813E-04 , -5.16366E-05 ,  4.69822E-03 
    1091 ,  1.37821E-01 ,  8.34980E+00 , -5.21461E-04 ,  7.03097E-03 ,  1.44844E-08 ,  2.66242E-07 ,  7.87606E-08 ,  5.44118E-10 , -7.03381E-04 , -5.21357E-05 ,  4.73284E-03 
    1101 ,  1.39478E-01 ,  8.34980E+00 , -5.54317E-04 ,  7.48170E-03 ,  1.43275E-08 ,  2.68837E-07 ,  7.42663E-08 ,  5.69226E-10 , -7.48474E-04 , -5.54230E-05 ,  5.06663E-03 
    1111 ,  1.41111E-01 ,  8.34980E+00 , -5.89902E-04 ,  7.93683E-03 ,  1.43100E-08 ,  2.75163E-07 ,  6.93178E-08 ,  5.69038E-10 , -7.94005E-04 , -5.89820E-05 ,  5.45509E-03 
    1121 ,  1.42704E-01 ,  8.34980E+00 , -6.02973E-04 ,  8.06612E-03 ,  1.42897E-08 ,  2.83363E-07 ,  6.58716E-08 ,  5.32156E-10 , -8.06903E-04 , -6.02856E-05 ,  5.64045E-03 
    1131 ,  1.44244E-01 ,  8.34980E+00 , -5.84582E-04 ,  7.77219E-03 ,  1.41913E-08 ,  2.90552E-07 ,  6.57163E-08 ,  5.38739E-10 , -7.77486E-04 , -5.84438E-05 ,  5.51071E-03 
    1141 ,  1.45709E-01 ,  8.34980E+00 , -5.40413E-04 ,  7.14783E-03 ,  1.40626E-08 ,  2.93977E-07 ,  6.90231E-08 ,  4.98681E-10 , -7.15001E-04 , -5.40227E-05 ,  5.10977E-03 
    1151 ,  1.47161E-01 ,  8.34980E+00 , -4.74900E-04 ,  6.25036E-03 ,  1.36817E-08 ,  2.93801E-07 ,  7.51851E-08 ,  5.20967E-10 , -6.25192E-04 , -4.74672E-05 ,  4.48191E-03 
    1161 ,  1.48645E-01 ,  8.34980E+00 , -4.09183E-04 ,  5.35064E-03 ,  1.14745E-08 ,  2.91828E-07 ,  8.33021E-08 ,  5.40714E-10 , -5.35198E-04 , -4.08936E-05 ,  3.80986E-03 
    1171 ,  1.50203E-01 ,  8.34980E+00 , -3.21994E-04 ,  4.15973E-03 ,  8.41701E-09 ,  2.91345E-07 ,  9.28264E-08 ,  5.99023E-10 , -4.16076E-04 , -3.21718E-05 ,  2.91671E-03 
    1181 ,  1.51817E-01 ,  8.34980E+00 , -2.28585E-04 ,  2.89648E-03 ,  5.07373E-09 ,  2.93527E-07 ,  1.02674E-07 ,  4.57609E-10 , -2.89749E-04 , -2.28280E-05 ,  1.94856E-03 
    1191 ,  1.53460E-01 ,  8.34980E+00 , -1.54309E-04 ,  1.91769E-03 ,  2.59314E-09 ,  2.96941E-07 ,  1.10534E-07 ,  4.33606E-10 , -1.91850E-04 , -1.53979E-05 ,  1.15738E-03 
    1201 ,  1.55123E-01 ,  8.34980E+00 , -1.23399E-04 ,  1.55895E-03 ,  1.83165E-09 ,  2.97631E-07 ,  1.13661E-07 ,  4.36805E-10 , -1.56005E-04 , -1.23097E-05 ,  7.80744E-04 
    1211 ,  1.56787E-01 ,  8.34980E+00 , -1.55493E-04 ,  2.07814E-03 ,  3.24961E-09 ,  2.91985E-07 ,  1.09117E-07 ,  4.40272E-10 , -2.07962E-04 , -1.55234E-05 ,  1.01895E-03 
    1221 ,  1.58434E-01 ,  8.34980E+00 , -2.52140E-04 ,  3.46949E-03 ,  6.93138E-09 ,  2.81574E-07 ,  9.71514E-08 ,  5.01788E-10 , -3.47174E-04 , -2.51972E-05 ,  1.91946E-03 
    1231 ,  1.60055E-01 ,  8.34980E+00 , -4.15297E-04 ,  5.75525E-03 ,  1.29882E-08 ,  2.71538E-07 ,  8.06070E-08 ,  5.10718E-10 , -5.75856E-04 , -4.15238E-05 ,  3.51483E-03 
    1241 ,  1.61638E-01 ,  8.34980E+00 , -5.94114E-04 ,  8.21840E-03 ,  1.95885E-08 ,  2.68073E-07 ,  6.38738E-08 ,  5.26209E-10 , -8.22278E-04 , -5.94160E-05 ,  5.32647E-03 
    1251 ,  1.63170E-01 ,  8.34980E+00 , -7.35390E-04 ,  1.01100E-02 ,  2.28857E-08 ,  2.73827E-07 ,  5.09947E-08 ,  4.94035E-10 , -1.01151E-03 , -7.35489E-05 ,  6.79762E-03 
    1261 ,  1.64640E-01 ,  8.34980E+00 , -7.58247E-04 ,  1.03799E-02 ,  2.53570E-08 ,  2.85036E-07 ,  4.39997E-08 ,  5.25210E-10 , -1.03847E-03 , -7.58319E-05 ,  7.15388E-03 
    1271 ,  1.66116E-01 ,  8.34980E+00 , -7.19839E-04 ,  9.82573E-03 ,  2.57693E-08 ,  2.95913E-07 ,  4.29847E-08 ,  4.94473E-10 , -9.82996E-04 , -7.19862E-05 ,  6.86805E-03 
    1281 ,  1.67592E-01 ,  8.34980E+00 , -6.36639E-04 ,  8.66618E-03 ,  2.48733E-08 ,  3.01365E-07 ,  4.76068E-08 ,  4.51319E-10 , -8.66947E-04 , -6.36586E-05 ,  6.11564E-03 
    1291 ,  1.69120E-01 ,  8.34980E+00 , -5.38202E-04 ,  7.31257E-03 ,  2.30669E-08 ,  3.01018E-07 ,  5.64401E-08 ,  4.00478E-10 , -7.31524E-04 , -5.38097E-05 ,  5.17177E-03 
    1301 ,  1.70727E-01 ,  8.34980E+00 , -4.45613E-04 ,  6.03559E-03 ,  1.91640E-08 ,  2.97337E-07 ,  6.76836E-08 ,  3.82430E-10 , -6.03785E-04 , -4.45468E-05 ,  4.22672E-03 
    1311 ,  1.72390E-01 ,  8.34980E+00 , -3.60052E-04 ,  4.84813E-03 ,  1.39380E-08 ,  2.94743E-07 ,  7.84917E-08 ,  5.14665E-10 , -4.85031E-04 , -3.59898E-05 ,  3.31799E-03 
    1321 ,  1.74072E-01 ,  8.34980E+00 , -3.10273E-04 ,  4.13360E-03 ,  8.25589E-09 ,  2.96632E-07 ,  8.62812E-08 ,  4.41073E-10 , -4.13540E-04 , -3.10055E-05 ,  2.75352E-03 
    1331 ,  1.75754E-01 ,  8.34980E+00 , -2.83384E-04 ,  3.73868E-03 ,  5.47781E-09 ,  3.03474E-07 ,  8.99184E-08 ,  4.00997E-10 , -3.74052E-04 , -2.83147E-05 ,  2.47046E-03 
    1341 ,  1.77416E-01 ,  8.34980E+00 , -2.96531E-04 ,  3.88797E-03 ,  3.95617E-09 ,  3.12128E-07 ,  8.94931E-08 ,  4.19446E-10 , -3.88976E-04 , -2.96279E-05 ,  2.60052E-03 
    1351 ,  1.79046E-01 ,  8.34980E+00 , -3.18038E-04 ,  4.17235E-03 ,  4.32338E-09 ,  3.19684E-07 ,  8.61002E-08 ,  4.15251E-10 , -4.17409E-04 , -3.17778E-05 ,  2.83012E-03 
    1361 ,  1.80641E-01 ,  8.34980E+00 , -3.31742E-04 ,  4.36923E-03 ,  5.97052E-09 ,  3.24343E-07 ,  8.17241E-08 ,  4.42925E-10 , -4.37086E-04 , -3.31486E-05 ,  2.99261E-03 
    1371 ,  1.82207E-01 ,  8.34980E+00 , -3.29186E-04 ,  4.35294E-03 ,  7.87368E-09 ,  3.26907E-07 ,  7.89011E-08 ,  4.36154E-10 , -4.35454E-04 , -3.28935E-05 ,  2.99576E-03 
    1381 ,  1.83757E-01 ,  8.34980E+00 , -3.06503E-04 ,  4.05213E-03 ,  8.71879E-09 ,  3.29034E-07 ,  7.92970E-08 ,  4.23398E-10 , -4.05366E-04 , -3.06252E-05 ,  2.79577E-03 
    1391 ,  1.85293E-01 ,  8.34980E+00 , -2.67700E-04 ,  3.52553E-03 ,  8.43208E-09 ,  3.31367E-07 ,  8.27988E-08 ,  4.56163E-10 , -3.52689E-04 , -2.67444E-05 ,  2.42463E-03 
    1401 ,  1.86861E-01 ,  8.34980E+00 , -2.26998E-04 ,  2.98497E-03 ,  7.72043E-09 ,  3.33451E-07 ,  8.79419E-08 ,  3.42966E-10 , -2.98620E-04 , -2.26721E-05 ,  2.01098E-03 
    1411 ,  1.88463E-01 ,  8.34980E+00 , -2.09014E-04 ,  2.78049E-03 ,  7.38011E-09 ,  3.33050E-07 ,  9.17390E-08 ,  2.76154E-10 , -2.78152E-04 , -2.08720E-05 ,  1.78571E-03 
    1421 ,  1.90096E-01 ,  8.34980E+00 , -2.33003E-04 ,  3.16702E-03 ,  8.10524E-09 ,  3.27757E-07 ,  9.02811E-08 ,  2.87622E-10 , -3.16847E-04 , -2.32743E-05 ,  1.95344E-03 
    1431 ,  1.91753E-01 ,  8.34980E+00 , -2.98052E-04 ,  4.12153E-03 ,  1.11508E-08 ,  3.17641E-07 ,  8.16987E-08 ,  3.64206E-10 , -4.12382E-04 , -2.97883E-05 ,  2.54768E-03 
    1441 ,  1.93420E-01 ,  8.34980E+00 , -4.29743E-04 ,  6.00776E-03 ,  1.66487E-08 ,  3.06301E-07 ,  6.75312E-08 ,  3.76514E-10 , -6.01081E-04 , -4.29658E-05 ,  3.79575E-03 
    1451 ,  1.95083E-01 ,  8.34980E+00 , -5.67813E-04 ,  7.96322E-03 ,  2.38489E-08 ,  2.98370E-07 ,  5.20759E-08 ,  2.86505E-10 , -7.96749E-04 , -5.67839E-05 ,  5.17653E-03 
    1461 ,  1.96727E-01 ,  8.34980E+00 , -6.77200E-04 ,  9.49024E-03 ,  2.96438E-08 ,  2.97225E-07 ,  3.98892E-08 ,  2.81768E-10 , -9.49533E-04 , -6.77308E-05 ,  6.32011E-03 
    1471 ,  1.98348E-01 ,  8.34980E+00 , -7.06980E-04 ,  9.86296E-03 ,  3.13539E-08 ,  3.03116E-07 ,  3.43667E-08 ,  2.66224E-10 , -9.86777E-04 , -7.07067E-05 ,  6.71593E-03 
    1481 ,  1.99945E-01 ,  8.34980E+00 , -6.39939E-04 ,  8.86124E-03 ,  2.88117E-08 ,  3.13557E-07 ,  3.68764E-08 ,  2.83533E-10 , -8.86529E-04 , -6.39956E-05 ,  6.16152E-03 
    1491 ,  2.01527E-01 ,  8.34980E+00 , -5.05675E-04 ,  6.92984E-03 ,  2.34811E-08 ,  3.24507E-07 ,  4.69228E-08 ,  3.00808E-10 , -6.93295E-04 , -5.05597E-05 ,  4.90970E-03 
    1501 ,  2.03104E-01 ,  8.34980E+00 , -3.62421E-04 ,  4.91010E-03 ,  1.79186E-08 ,  3.32022E-07 ,  6.09511E-08 ,  3.45227E-10 , -4.91208E-04 , -3.62244E-05 ,  3.51558E-03 
    1511 ,  2.04685E-01 ,  8.34980E+00 , -2.38266E-04 ,  3.20148E-03 ,  1.35425E-08 ,  3.34564E-07 ,  7.56839E-08 ,  3.99847E-10 , -3.20272E-04 , -2.38024E-05 ,  2.26276E-03 
    1521 ,  2.06280E-01 ,  8.34980E+00 , -1.52551E-04 ,  2.05322E-03 ,  9.97580E-09 ,  3.32967E-07 ,  8.77116E-08 ,  4.07075E-10 , -2.05423E-04 , -1.52282E-05 ,  1.34453E-03 
    1531 ,  2.07894E-01 ,  8.34980E+00 , -1.08660E-04 ,  1.48513E-03 ,  7.22151E-09 ,  3.29831E-07 ,  9.46777E-08 ,  4.43604E-10 , -1.48638E-04 , -1.08402E-05 ,  8.26002E-04 
    1541 ,  2.09525E-01 ,  8.34980E+00 , -1.15534E-04 ,  1.59455E-03 ,  5.39042E-09 ,  3.28015E-07 ,  9.61104E-08 ,  3.91197E-10 , -1.59612E-04 , -1.15287E-05 ,  8.23742E-04 
    1551 ,  2.11169E-01 ,  8.34980E+00 , -2.20397E-04 ,  3.01379E-03 ,  2.40872E-09 ,  3.28001E-07 ,  9.25375E-08 ,  3.35358E-10 , -3.01644E-04 , -2.20204E-05 ,  1.74335E-03 
    1561 ,  2.12818E-01 ,  8.34980E+00 , -2.47833E-04 ,  3.39742E-03 ,  6.36096E-09 ,  3.29857E-07 ,  8.49966E-08 ,  3.38167E-10 , -3.39963E-04 , -2.47623E-05 ,  2.07903E-03 
    1571 ,  2.14462E-01 ,  8.34980E+00 , -3.12838E-04 ,  4.30001E-03 ,  9.91376E-09 ,  3.31068E-07 ,  7.56344E-08 ,  3.20454E-10 , -4.30237E-04 , -3.12654E-05 ,  2.74781E-03 
    1581 ,  2.16092E-01 ,  8.34980E+00 , -3.67360E-04 ,  5.07965E-03 ,  1.42367E-08 ,  3.30734E-07 ,  6.67931E-08 ,  3.08649E-10 , -5.08249E-04 , -3.67231E-05 ,  3.31467E-03 
    1591 ,  2.17706E-01 ,  8.34980E+00 , -4.01412E-04 ,  5.58445E-03 ,  1.80546E-08 ,  3.28908E-07 ,  6.05794E-08 ,  2.76268E-10 , -5.58734E-04 , -4.01303E-05 ,  3.67905E-03 
    1601 ,  2.19303E-01 ,  8.34980E+00 , -4.03027E-04 ,  5.63994E-03 ,  2.06889E-08 ,  3.26714E-07 ,  5.78586E-08 ,  2.71645E-10 , -5.64304E-04 , -4.02949E-05 ,  3.72778E-03 
    1611 ,  2.20887E-01 ,  8.34980E+00 , -3.84095E-04 ,  5.38784E-03 ,  2.09390E-08 ,  3.25800E-07 ,  5.79327E-08 ,  2.75879E-10 , -5.39110E-04 , -3.84034E-05 ,  3.56589E-03 
    1621 ,  2.22466E-01 ,  8.34980E+00 , -3.68788E-04 ,  5.18260E-03 ,  1.96709E-08 ,  3.27011E-07 ,  5.92834E-08 ,  3.20218E-10 , -5.18574E-04 , -3.68714E-05 ,  3.40490E-03 
    1631 ,  2.24047E-01 ,  8.34980E+00 , -3.63799E-04 ,  5.10219E-03 ,  1.76917E-08 ,  3.29729E-07 ,  5.99463E-08 ,  3.29931E-10 , -5.10537E-04 , -3.63717E-05 ,  3.34056E-03 
    1641 ,  2.25640E-01 ,  8.34980E+00 , -3.69197E-04 ,  5.18096E-03 ,  1.75000E-08 ,  3.32598E-07 ,  5.85618E-08 ,  3.27559E-10 , -5.18416E-04 , -3.69114E-05 ,  3.39119E-03 
    1651 ,  2.27247E-01 ,  8.34980E+00 , -3.95762E-04 ,  5.55647E-03 ,  1.84889E-08 ,  3.34157E-07 ,  5.51702E-08 ,  2.67424E-10 , -5.55968E-04 , -3.95675E-05 ,  3.65541E-03 
    1661 ,  2.28870E-01 ,  8.34980E+00 , -4.32305E-04 ,  6.07631E-03 ,  2.06163E-08 ,  3.33935E-07 ,  5.09675E-08 ,  3.07292E-10 , -6.07971E-04 , -4.32243E-05 ,  4.02863E-03 
    1671 ,  2.30508E-01 ,  8.34980E+00 , -4.64918E-04 ,  6.53491E-03 ,  2.26961E-08 ,  3.32487E-07 ,  4.78358E-08 ,  2.45615E-10 , -6.53850E-04 , -4.64874E-05 ,  4.37381E-03 
    1681 ,  2.32153E-01 ,  8.34980E+00 , -4.62584E-04 ,  6.50842E-03 ,  2.43681E-08 ,  3.30850E-07 ,  4.78335E-08 ,  2.70146E-10 , -6.51201E-04 , -4.62556E-05 ,  4.39289E-03 
    1691 ,  2.33796E-01 ,  8.34980E+00 , -4.32276E-04 ,  6.06724E-03 ,  2.33249E-08 ,  3.30979E-07 ,  5.14320E-08 ,  2.29094E-10 , -6.07050E-04 , -4.32214E-05 ,  4.12467E-03 
    1701 ,  2.35429E-01 ,  8.34980E+00 , -3.67825E-04 ,  5.14365E-03 ,  2.02282E-08 ,  3.33766E-07 ,  5.82553E-08 ,  2.40357E-10 , -5.14649E-04 , -3.67718E-05 ,  3.50479E-03 
    1711 ,  2.37047E-01 ,  8.34980E+00 , -2.81255E-04 ,  3.91490E-03 ,  1.61368E-08 ,  3.38753E-07 ,  6.68637E-08 ,  2.26591E-10 , -3.91709E-04 , -2.81079E-05 ,  2.65506E-03 
    1721 ,  2.38648E-01 ,  8.34980E+00 , -2.02952E-04 ,  2.81624E-03 ,  1.21412E-08 ,  3.44801E-07 ,  7.54528E-08 ,  1.47750E-10 , -2.81797E-04 , -2.02712E-05 ,  1.86252E-03 
    1731 ,  2.40237E-01 ,  8.34980E+00 , -1.50161E-04 ,  2.08799E-03 ,  9.08447E-09 ,  3.50398E-07 ,  8.21494E-08 ,  1.66275E-10 , -2.08968E-04 , -1.49906E-05 ,  1.30387E-03 
    1741 ,  2.41822E-01 ,  8.34980E+00 , -1.24398E-04 ,  1.74088E-03 ,  7.29058E-09 ,  3.54731E-07 ,  8.59685E-08 ,  1.33372E-10 , -1.74260E-04 , -1.24133E-05 ,  1.01273E-03 
    1751 ,  2.43409E-01 ,  8.34980E+00 , -1.32088E-04 ,  1.85181E-03 ,  6.31247E-09 ,  3.57970E-07 ,  8.65876E-08 ,  1.08061E-10 , -1.85364E-04 , -1.31822E-05 ,  1.05152E-03 
    1761 ,  2.45005E-01 ,  8.34980E+00 , -1.59000E-04 ,  2.22077E-03 ,  6.38480E-09 ,  3.60516E-07 ,  8.42015E-08 ,  1.27638E-10 , -2.22276E-04 , -1.58745E-05 ,  1.30046E-03 
    1771 ,  2.46614E-01 ,  8.34980E+00 , -2.09472E-04 ,  2.91347E-03 ,  7.22971E-09 ,  3.62667E-07 ,  7.90648E-08 ,  1.71408E-10 , -2.91565E-04 , -2.09239E-05 ,  1.78625E-03 
    1781 ,  2.48235E-01 ,  8.34980E+00 , -2.65476E-04 ,  3.69160E-03 ,  9.37696E-09 ,  3.64134E-07 ,  7.16838E-08 ,  1.53954E-10 , -3.69406E-04 , -2.65269E-05 ,  2.34399E-03 
    1791 ,  2.49864E-01 ,  8.34980E+00 , -3.27365E-04 ,  4.56999E-03 ,  1.27386E-08 ,  3.64366E-07 ,  6.26293E-08 ,  1.75064E-10 , -4.57272E-04 , -3.27196E-05 ,  2.96354E-03 
    1801 ,  2.51496E-01 ,  8.34980E+00 , -3.84049E-04 ,  5.39735E-03 ,  1.72665E-08 ,  3.62984E-07 ,  5.32529E-08 ,  1.40872E-10 , -5.40057E-04 , -3.83933E-05 ,  3.54139E-03 
    1811 ,  2.53125E-01 ,  8.34980E+00 , -4.28216E-04 ,  6.04953E-03 ,  2.15098E-08 ,  3.60610E-07 ,  4.53782E-08 ,  7.73799E-11 , -6.05299E-04 , -4.28134E-05 ,  4.00641E-03 
    1821 ,  2.54745E-01 ,  8.34980E+00 , -4.40909E-04 ,  6.25887E-03 ,  2.47622E-08 ,  3.58786E-07 ,  4.10220E-08 ,  1.13177E-10 , -6.26244E-04 , -4.40857E-05 ,  4.17487E-03 
    1831 ,  2.56357E-01 ,  8.34980E+00 , -4.22054E-04 ,  5.99834E-03 ,  2.51452E-08 ,  3.59380E-07 ,  4.11789E-08 ,  1.06855E-10 , -6.00197E-04 , -4.22011E-05 ,  4.02850E-03 
    1841 ,  2.57959E-01 ,  8.34980E+00 , -3.68421E-04 ,  5.22693E-03 ,  2.29636E-08 ,  3.62924E-07 ,  4.56218E-08 ,  1.27273E-10 , -5.23000E-04 , -3.68328E-05 ,  3.53404E-03 
    1851 ,  2.59554E-01 ,  8.34980E+00 , -3.00597E-04 ,  4.25010E-03 ,  1.93646E-08 ,  3.68469E-07 ,  5.30862E-08 ,  1.13079E-10 , -4.25274E-04 , -3.00454E-05 ,  2.87910E-03 
    1861 ,  2.61147E-01 ,  8.34980E+00 , -2.41080E-04 ,  3.40548E-03 ,  1.61627E-08 ,  3.73351E-07 ,  6.12435E-08 ,  5.87223E-11 , -3.40761E-04 , -2.40878E-05 ,  2.28205E-03 
    1871 ,  2.62741E-01 ,  8.34980E+00 , -2.08701E-04 ,  2.96526E-03 ,  1.43755E-08 ,  3.74713E-07 ,  6.75319E-08 ,  1.13655E-10 , -2.96723E-04 , -2.08482E-05 ,  1.92864E-03 
    1881 ,  2.64341E-01 ,  8.34980E+00 , -2.09027E-04 ,  3.01239E-03 ,  1.45050E-08 ,  3.71248E-07 ,  7.02989E-08 ,  2.30296E-10 , -3.01443E-04 , -2.08832E-05 ,  1.87672E-03 
    1891 ,  2.65949E-01 ,  8.34980E+00 , -2.16705E-04 ,  3.14517E-03 ,  1.54241E-08 ,  3.64066E-07 ,  6.95712E-08 ,  2.22476E-10 , -3.14745E-04 , -2.16537E-05 ,  1.93299E-03 
    1901 ,  2.67565E-01 ,  8.34980E+00 , -2.52274E-04 ,  3.67505E-03 ,  1.69546E-08 ,  3.56176E-07 ,  6.69131E-08 ,  2.05142E-10 , -3.67764E-04 , -2.52138E-05 ,  2.24689E-03 
    1911 ,  2.69187E-01 ,  8.34980E+00 , -2.68136E-04 ,  3.91300E-03 ,  1.87149E-08 ,  3.51070E-07 ,  6.41153E-08 ,  1.67290E-10 , -3.91602E-04 , -2.68035E-05 ,  2.41428E-03 
    1921 ,  2.70813E-01 ,  8.34980E+00 , -2.76672E-04 ,  4.02356E-03 ,  1.89057E-08 ,  3.50890E-07 ,  6.29454E-08 ,  1.31867E-10 , -4.02665E-04 , -2.76576E-05 ,  2.51169E-03 
    1931 ,  2.72440E-01 ,  8.34980E+00 , -2.64401E-04 ,  3.82878E-03 ,  1.77970E-08 ,  3.55429E-07 ,  6.39288E-08 ,  1.04962E-10 , -3.83185E-04 , -2.64289E-05 ,  2.40937E-03 
    1941 ,  2.74063E-01 ,  8.34980E+00 , -2.39124E-04 ,  3.44951E-03 ,  1.59292E-08 ,  3.62680E-07 ,  6.63546E-08 ,  1.74742E-10 , -3.45225E-04 , -2.38983E-05 ,  2.17422E-03 
    1951 ,  2.75682E-01 ,  8.34980E+00 , -2.14669E-04 ,  3.09132E-03 ,  1.41997E-08 ,  3.70047E-07 ,  6.88321E-08 ,  1.35590E-10 , -3.09373E-04 , -2.14491E-05 ,  1.93646E-03 
    1961 ,  2.77293E-01 ,  8.34980E+00 , -2.05806E-04 ,  2.96899E-03 ,  1.33565E-08 ,  3.75214E-07 ,  6.97159E-08 ,  1.27854E-10 , -2.97150E-04 , -2.05626E-05 ,  1.83729E-03 
    1971 ,  2.78897E-01 ,  8.34980E+00 , -2.19135E-04 ,  3.16919E-03 ,  1.36574E-08 ,  3.76991E-07 ,  6.77058E-08 ,  1.24879E-10 , -3.17168E-04 , -2.18956E-05 ,  1.94985E-03 
    1981 ,  2.80494E-01 ,  8.34980E+00 , -2.55517E-04 ,  3.69864E-03 ,  1.51598E-08 ,  3.76137E-07 ,  6.26640E-08 ,  8.93683E-11 , -3.70140E-04 , -2.55361E-05 ,  2.29058E-03 
    1991 ,  2.82087E-01 ,  8.34980E+00 , -3.09233E-04 ,  4.47411E-03 ,  1.77962E-08 ,  3.73923E-07 ,  5.52964E-08 ,  1.12693E-10 , -4.47751E-04 , -3.09137E-05 ,  2.81169E-03 
    2001 ,  2.83680E-01 ,  8.34980E+00 , -3.69450E-04 ,  5.34244E-03 ,  2.13248E-08 ,  3.71772E-07 ,  4.69913E-08 ,  9.23817E-11 , -5.34615E-04 , -3.69393E-05 ,  3.41327E-03 
    2011 ,  2.85277E-01 ,  8.34980E+00 , -4.21187E-04 ,  6.09120E-03 ,  2.50941E-08 ,  3.70437E-07 ,  3.96872E-08 ,  8.43869E-11 , -6.09536E-04 , -4.21179E-05 ,  3.94990E-03 
    2021 ,  2.86881E-01 ,  8.34980E+00 , -4.46999E-04 ,  6.46855E-03 ,  2.81033E-08 ,  3.70131E-07 ,  3.52469E-08 ,  1.64912E-11 , -6.47272E-04 , -4.46997E-05 ,  4.25026E-03 
    2031 ,  2.88494E-01 ,  8.34980E+00 , -4.38137E-04 ,  6.34318E-03 ,  2.91535E-08 ,  3.70937E-07 ,  3.51237E-08 , -1.35973E-11 , -6.34724E-04 , -4.38128E-05 ,  4.21442E-03 
    2041 ,  2.90115E-01 ,  8.34980E+00 , -3.89761E-04 ,  5.64495E-03 ,  2.76446E-08 ,  3.72988E-07 ,  3.98662E-08 ,  2.27616E-11 , -5.64857E-04 , -3.89718E-05 ,  3.78200E-03 
    2051 ,  2.91742E-01 ,  8.34980E+00 , -3.14073E-04 ,  4.55426E-03 ,  2.39657E-08 ,  3.76313E-07 ,  4.84808E-08 ,  5.06269E-11 , -4.55734E-04 , -3.13978E-05 ,  3.05629E-03 
    2061 ,  2.93368E-01 ,  8.34980E+00 , -2.29126E-04 ,  3.33885E-03 ,  1.93514E-08 ,  3.80600E-07 ,  5.89354E-08 ,  9.91781E-11 , -3.34141E-04 , -2.28976E-05 ,  2.21191E-03 
    2071 ,  2.94988E-01 ,  8.34980E+00 , -1.59443E-04 ,  2.35387E-03 ,  1.51651E-08 ,  3.84679E-07 ,  6.86301E-08 ,  1.22533E-10 , -2.35593E-04 , -1.59238E-05 ,  1.49116E-03 
    2081 ,  2.96599E-01 ,  8.34980E+00 , -1.21966E-04 ,  1.83847E-03 ,  1.23119E-08 ,  3.87214E-07 ,  7.51156E-08 ,  2.08960E-10 , -1.84039E-04 , -1.21745E-05 ,  1.06893E-03 
    2091 ,  2.98201E-01 ,  8.34980E+00 , -1.13670E-04 ,  1.74061E-03 ,  1.12527E-08 ,  3.87493E-07 ,  7.71026E-08 ,  2.47109E-10 , -1.74274E-04 , -1.13467E-05 ,  9.43092E-04 
    2101 ,  2.99794E-01 ,  8.34980E+00 , -1.37604E-04 ,  2.09626E-03 ,  1.17075E-08 ,  3.85526E-07 ,  7.48186E-08 ,  2.94183E-10 , -2.09857E-04 , -1.37422E-05 ,  1.14136E-03 
    2111 ,  3.01383E-01 ,  8.34980E+00 , -1.79308E-04 ,  2.69945E-03 ,  1.36026E-08 ,  3.82258E-07 ,  6.94171E-08 ,  3.04961E-10 , -2.70217E-04 , -1.79171E-05 ,  1.53715E-03 
    2121 ,  3.02973E-01 ,  8.34980E+00 , -2.32720E-04 ,  3.46243E-03 ,  1.61801E-08 ,  3.79487E-07 ,  6.29112E-08 ,  3.18371E-10 , -3.46551E-04 , -2.32623E-05 ,  2.06086E-03 
    2131 ,  3.04569E-01 ,  8.34980E+00 , -2.76226E-04 ,  4.07924E-03 ,  1.87971E-08 ,  3.78472E-07 ,  5.71473E-08 ,  3.57513E-10 , -4.08270E-04 , -2.76176E-05 ,  2.50832E-03 
    2141 ,  3.06174E-01 ,  8.34980E+00 , -3.03572E-04 ,  4.45771E-03 ,  2.04654E-08 ,  3.80074E-07 ,  5.33254E-08 ,  3.40993E-10 , -4.46129E-04 , -3.03535E-05 ,  2.80485E-03 
    2151 ,  3.07790E-01 ,  8.34980E+00 , -3.11564E-04 ,  4.55689E-03 ,  2.09184E-08 ,  3.83932E-07 ,  5.17420E-08 ,  2.97827E-10 , -4.56045E-04 , -3.11520E-05 ,  2.90968E-03 
    2161 ,  3.09415E-01 ,  8.34980E+00 , -3.04038E-04 ,  4.43493E-03 ,  2.04478E-08 ,  3.88887E-07 ,  5.16571E-08 ,  2.83072E-10 , -4.43832E-04 , -3.03975E-05 ,  2.85789E-03 
    2171 ,  3.11043E-01 ,  8.34980E+00 , -2.92268E-04 ,  4.25767E-03 ,  1.95914E-08 ,  3.93934E-07 ,  5.21195E-08 ,  3.17676E-10 , -4.26102E-04 , -2.92199E-05 ,  2.75345E-03 
    2181 ,  3.12671E-01 ,  8.34980E+00 , -2.83558E-04 ,  4.12846E-03 ,  1.88048E-08 ,  3.98296E-07 ,  5.21788E-08 ,  3.46662E-10 , -4.13166E-04 , -2.83474E-05 ,  2.67156E-03 
    2191 ,  3.14292E-01 ,  8.34980E+00 , -2.81104E-04 ,  4.09009E-03 ,  1.82947E-08 ,  4.02017E-07 ,  5.14281E-08 ,  3.48301E-10 , -4.09331E-04 , -2.81016E-05 ,  2.64850E-03 
    2201 ,  3.15903E-01 ,  8.34980E+00 , -2.81540E-04 ,  4.09245E-03 ,  1.81136E-08 ,  4.05502E-07 ,  5.00737E-08 ,  3.82823E-10 , -4.09542E-04 , -2.81434E-05 ,  2.65856E-03 
    2211 ,  3.17505E-01 ,  8.34980E+00 , -2.81765E-04 ,  4.08875E-03 ,  1.80039E-08 ,  4.09222E-07 ,  4.88509E-08 ,  3.09078E-10 , -4.09167E-04 , -2.81645E-05 ,  2.67125E-03 
    2221 ,  3.19098E-01 ,  8.34980E+00 , -2.75203E-04 ,  3.98948E-03 ,  1.79120E-08 ,  4.13268E-07 ,  4.86268E-08 ,  2.87223E-10 , -3.99257E-04 , -2.75090E-05 ,  2.62213E-03 
    2231 ,  3.20688E-01 ,  8.34980E+00 , -2.58938E-04 ,  3.75457E-03 ,  1.76851E-08 ,  4.17071E-07 ,  5.00791E-08 ,  2.24877E-10 , -3.75733E-04 , -2.58793E-05 ,  2.47979E-03 
    2241 ,  3.22277E-01 ,  8.34980E+00 , -2.33903E-04 ,  3.40239E-03 ,  1.73717E-08 ,  4.19764E-07 ,  5.33678E-08 ,  3.49534E-10 , -3.40477E-04 , -2.33741E-05 ,  2.24734E-03 
    2251 ,  3.23870E-01 ,  8.34980E+00 , -2.08646E-04 ,  3.05256E-03 ,  1.67839E-08 ,  4.20487E-07 ,  5.80234E-08 ,  2.84574E-10 , -3.05491E-04 , -2.08473E-05 ,  1.99780E-03 
    2261 ,  3.25471E-01 ,  8.34980E+00 , -1.78573E-04 ,  2.65160E-03 ,  1.66167E-08 ,  4.18596E-07 ,  6.31704E-08 ,  3.51606E-10 , -2.65374E-04 , -1.78392E-05 ,  1.69453E-03 
    2271 ,  3.27080E-01 ,  8.34980E+00 , -1.54495E-04 ,  2.34414E-03 ,  1.64620E-08 ,  4.14663E-07 ,  6.76581E-08 ,  3.77568E-10 , -2.34620E-04 , -1.54315E-05 ,  1.43395E-03 
    2281 ,  3.28696E-01 ,  8.34980E+00 , -1.40303E-04 ,  2.17472E-03 ,  1.61259E-08 ,  4.09793E-07 ,  7.05892E-08 ,  4.18558E-10 , -2.17690E-04 , -1.40138E-05 ,  1.25914E-03 
    2291 ,  3.30317E-01 ,  8.34980E+00 , -1.36347E-04 ,  2.14836E-03 ,  1.60537E-08 ,  4.05133E-07 ,  7.14032E-08 ,  3.84714E-10 , -2.15070E-04 , -1.36195E-05 ,  1.18417E-03 
    2301 ,  3.31939E-01 ,  8.34980E+00 , -1.47387E-04 ,  2.32387E-03 ,  1.62563E-08 ,  4.01829E-07 ,  7.01166E-08 ,  3.54103E-10 , -2.32660E-04 , -1.47263E-05 ,  1.26154E-03 
    2311 ,  3.33558E-01 ,  8.34980E+00 , -1.74409E-04 ,  2.71333E-03 ,  1.68756E-08 ,  4.00270E-07 ,  6.69395E-08 ,  2.62112E-10 , -2.71646E-04 , -1.74311E-05 ,  1.50605E-03 
    2321 ,  3.35171E-01 ,  8.34980E+00 , -2.15431E-04 ,  3.29181E-03 ,  1.80589E-08 ,  4.00293E-07 ,  6.20844E-08 ,  2.88448E-10 , -3.29519E-04 , -2.15358E-05 ,  1.90071E-03 
    2331 ,  3.36777E-01 ,  8.34980E+00 , -2.60595E-04 ,  3.92884E-03 ,  1.99631E-08 ,  4.01321E-07 ,  5.61300E-08 ,  2.90783E-10 , -3.93247E-04 , -2.60547E-05 ,  2.35203E-03 
    2341 ,  3.38375E-01 ,  8.34980E+00 , -3.08817E-04 ,  4.60860E-03 ,  2.20275E-08 ,  4.03038E-07 ,  4.98082E-08 ,  3.29853E-10 , -4.61248E-04 , -3.08800E-05 ,  2.83786E-03 
    2351 ,  3.39967E-01 ,  8.34980E+00 , -3.40988E-04 ,  5.06834E-03 ,  2.44220E-08 ,  4.05263E-07 ,  4.40614E-08 ,  2.56996E-10 , -5.07249E-04 , -3.40994E-05 ,  3.18547E-03 
    2361 ,  3.41559E-01 ,  8.34980E+00 , -3.61269E-04 ,  5.35862E-03 ,  2.62188E-08 ,  4.07840E-07 ,  3.98332E-08 ,  3.27479E-10 , -5.36279E-04 , -3.61290E-05 ,  3.41768E-03 
    2371 ,  3.43153E-01 ,  8.34980E+00 , -3.61838E-04 ,  5.36682E-03 ,  2.71423E-08 ,  4.10744E-07 ,  3.78249E-08 ,  3.42071E-10 , -5.37087E-04 , -3.61856E-05 ,  3.45967E-03 
    2381 ,  3.44754E-01 ,  8.34980E+00 , -3.40278E-04 ,  5.05913E-03 ,  2.70897E-08 ,  4.13783E-07 ,  3.84158E-08 ,  2.50052E-10 , -5.06291E-04 , -3.40263E-05 ,  3.28466E-03 
    2391 ,  3.46364E-01 ,  8.34980E+00 , -3.10184E-04 ,  4.62496E-03 ,  2.57915E-08 ,  4.16585E-07 ,  4.13606E-08 ,  2.81904E-10 , -4.62852E-04 , -3.10150E-05 ,  3.00692E-03 
    2401 ,  3.47982E-01 ,  8.34980E+00 , -2.68430E-04 ,  4.02755E-03 ,  2.39508E-08 ,  4.18948E-07 ,  4.60864E-08 ,  2.44334E-10 , -4.03068E-04 , -2.68352E-05 ,  2.60628E-03 
    2411 ,  3.49606E-01 ,  8.34980E+00 , -2.29212E-04 ,  3.46653E-03 ,  2.16933E-08 ,  4.20631E-07 ,  5.15975E-08 ,  2.02066E-10 , -3.46945E-04 , -2.29100E-05 ,  2.21297E-03 
    2421 ,  3.51230E-01 ,  8.34980E+00 , -1.96627E-04 ,  3.00176E-03 ,  1.95378E-08 ,  4.21935E-07 ,  5.66847E-08 ,  1.88768E-10 , -3.00458E-04 , -1.96495E-05 ,  1.87539E-03 
    2431 ,  3.52849E-01 ,  8.34980E+00 , -1.77354E-04 ,  2.72464E-03 ,  1.76909E-08 ,  4.23193E-07 ,  6.05563E-08 ,  2.45826E-10 , -2.72732E-04 , -1.77208E-05 ,  1.66242E-03 
    2441 ,  3.54459E-01 ,  8.34980E+00 , -1.70889E-04 ,  2.62823E-03 ,  1.64160E-08 ,  4.24583E-07 ,  6.27566E-08 ,  2.64647E-10 , -2.63098E-04 , -1.70741E-05 ,  1.57707E-03 
    2451 ,  3.56057E-01 ,  8.34980E+00 , -1.70159E-04 ,  2.61703E-03 ,  1.60460E-08 ,  4.26030E-07 ,  6.33701E-08 ,  2.73506E-10 , -2.61981E-04 , -1.70015E-05 ,  1.56040E-03 
    2461 ,  3.57647E-01 ,  8.34980E+00 , -1.78039E-04 ,  2.73043E-03 ,  1.62448E-08 ,  4.27270E-07 ,  6.27654E-08 ,  3.28569E-10 , -2.73322E-04 , -1.77902E-05 ,  1.63090E-03 
    2471 ,  3.59230E-01 ,  8.34980E+00 , -1.84373E-04 ,  2.83070E-03 ,  1.70878E-08 ,  4.27826E-07 ,  6.16198E-08 ,  3.46505E-10 , -2.83356E-04 , -1.84249E-05 ,  1.69366E-03 
    2481 ,  3.60814E-01 ,  8.34980E+00 , -1.88722E-04 ,  2.90858E-03 ,  1.81269E-08 ,  4.27506E-07 ,  6.05333E-08 ,  3.41933E-10 , -2.91143E-04 , -1.88604E-05 ,  1.73747E-03 
    2491 ,  3.62402E-01 ,  8.34980E+00 , -1.91659E-04 ,  2.97037E-03 ,  1.91352E-08 ,  4.26336E-07 ,  5.97449E-08 ,  3.51436E-10 , -2.97311E-04 , -1.91539E-05 ,  1.76375E-03 
    2501 ,  3.64000E-01 ,  8.34980E+00 , -1.94823E-04 ,  3.03713E-03 ,  2.00311E-08 ,  4.24626E-07 ,  5.91122E-08 ,  4.08453E-10 , -3.04018E-04 , -1.94739E-05 ,  1.78787E-03 
    2511 ,  3.65609E-01 ,  8.34980E+00 , -2.04273E-04 ,  3.18527E-03 ,  2.05640E-08 ,  4.23008E-07 ,  5.81451E-08 ,  3.79973E-10 , -3.18850E-04 , -2.04203E-05 ,  1.86870E-03 
    2521 ,  3.67227E-01 ,  8.34980E+00 , -2.21912E-04 ,  3.44395E-03 ,  2.11364E-08 ,  4.21995E-07 ,  5.62691E-08 ,  5.18536E-10 , -3.44746E-04 , -2.21881E-05 ,  2.03089E-03 
    2531 ,  3.68851E-01 ,  8.34980E+00 , -2.50054E-04 ,  3.84428E-03 ,  2.19355E-08 ,  4.21996E-07 ,  5.30483E-08 ,  5.18461E-10 , -3.84801E-04 , -2.50043E-05 ,  2.30204E-03 
    2541 ,  3.70475E-01 ,  8.34980E+00 , -2.83254E-04 ,  4.31390E-03 ,  2.32229E-08 ,  4.23084E-07 ,  4.86190E-08 ,  4.68821E-10 , -4.31778E-04 , -2.83256E-05 ,  2.63561E-03 
    2551 ,  3.72093E-01 ,  8.34980E+00 , -3.17836E-04 ,  4.79851E-03 ,  2.45765E-08 ,  4.25427E-07 ,  4.37077E-08 ,  4.40592E-10 , -4.80265E-04 , -3.17859E-05 ,  2.99169E-03 
    2561 ,  3.73703E-01 ,  8.34980E+00 , -3.38501E-04 ,  5.08662E-03 ,  2.58746E-08 ,  4.28935E-07 ,  3.94908E-08 ,  4.56312E-10 , -5.09088E-04 , -3.38541E-05 ,  3.22551E-03 
    2571 ,  3.75303E-01 ,  8.34980E+00 , -3.38559E-04 ,  5.07776E-03 ,  2.63619E-08 ,  4.33516E-07 ,  3.73344E-08 ,  5.03758E-10 , -5.08178E-04 , -3.38585E-05 ,  3.26373E-03 
    2581 ,  3.76895E-01 ,  8.34980E+00 , -3.15473E-04 ,  4.73280E-03 ,  2.55739E-08 ,  4.38972E-07 ,  3.82221E-08 ,  4.46701E-10 , -4.73665E-04 , -3.15475E-05 ,  3.07288E-03 
    2591 ,  3.78484E-01 ,  8.34980E+00 , -2.70719E-04 ,  4.07409E-03 ,  2.35255E-08 ,  4.44974E-07 ,  4.24378E-08 ,  5.57488E-10 , -4.07734E-04 , -2.70675E-05 ,  2.66175E-03 
    2601 ,  3.80074E-01 ,  8.34980E+00 , -2.13581E-04 ,  3.23981E-03 ,  2.07034E-08 ,  4.50968E-07 ,  4.93193E-08 ,  5.60052E-10 , -3.24259E-04 , -2.13487E-05 ,  2.11609E-03 
    2611 ,  3.81669E-01 ,  8.34980E+00 , -1.61780E-04 ,  2.48666E-03 ,  1.76252E-08 ,  4.56424E-07 ,  5.75340E-08 ,  5.68544E-10 , -2.48908E-04 , -1.61640E-05 ,  1.59927E-03 
    2621 ,  3.83271E-01 ,  8.34980E+00 , -1.23432E-04 ,  1.93354E-03 ,  1.49101E-08 ,  4.60633E-07 ,  6.54378E-08 ,  5.37606E-10 , -1.93553E-04 , -1.23239E-05 ,  1.19634E-03 
    2631 ,  3.84881E-01 ,  8.34980E+00 , -1.01177E-04 ,  1.61912E-03 ,  1.30907E-08 ,  4.63083E-07 ,  7.13409E-08 ,  4.97240E-10 , -1.62108E-04 , -1.00966E-05 ,  9.44786E-04 
    2641 ,  3.86495E-01 ,  8.34980E+00 , -9.85785E-05 ,  1.58793E-03 ,  1.21796E-08 ,  4.63761E-07 ,  7.41268E-08 ,  5.95521E-10 , -1.58993E-04 , -9.83755E-06 ,  8.84999E-04 
    2651 ,  3.88111E-01 ,  8.34980E+00 , -1.20142E-04 ,  1.90094E-03 ,  1.21142E-08 ,  4.63094E-07 ,  7.35939E-08 ,  5.91065E-10 , -1.90315E-04 , -1.19954E-05 ,  1.05745E-03 
    2661 ,  3.89724E-01 ,  8.34980E+00 , -1.41225E-04 ,  2.21153E-03 ,  1.33218E-08 ,  4.61562E-07 ,  7.03714E-08 ,  6.84425E-10 , -2.21397E-04 , -1.41072E-05 ,  1.25487E-03 
    2671 ,  3.91331E-01 ,  8.34980E+00 , -1.70558E-04 ,  2.64388E-03 ,  1.52881E-08 ,  4.59653E-07 ,  6.55603E-08 ,  6.54396E-10 , -2.64663E-04 , -1.70437E-05 ,  1.53888E-03 
    2681 ,  3.92931E-01 ,  8.34980E+00 , -1.98564E-04 ,  3.06172E-03 ,  1.77402E-08 ,  4.57626E-07 ,  6.02231E-08 ,  6.30608E-10 , -3.06492E-04 , -1.98487E-05 ,  1.81985E-03 
    2691 ,  3.94525E-01 ,  8.34980E+00 , -2.23622E-04 ,  3.44197E-03 ,  2.02851E-08 ,  4.55591E-07 ,  5.53978E-08 ,  5.92629E-10 , -3.44529E-04 , -2.23567E-05 ,  2.07371E-03 
    2701 ,  3.96114E-01 ,  8.34980E+00 , -2.42724E-04 ,  3.73888E-03 ,  2.25851E-08 ,  4.53631E-07 ,  5.15903E-08 ,  6.40550E-10 , -3.74228E-04 , -2.42693E-05 ,  2.26977E-03 
    2711 ,  3.97703E-01 ,  8.34980E+00 , -2.55979E-04 ,  3.95070E-03 ,  2.44195E-08 ,  4.51737E-07 ,  4.89018E-08 ,  5.86650E-10 , -3.95435E-04 , -2.55970E-05 ,  2.40764E-03 
    2721 ,  3.99294E-01 ,  8.34980E+00 , -2.66121E-04 ,  4.11385E-03 ,  2.57154E-08 ,  4.50096E-07 ,  4.69953E-08 ,  5.53465E-10 , -4.11764E-04 , -2.66126E-05 ,  2.51213E-03 
    2731 ,  4.00890E-01 ,  8.34980E+00 , -2.75325E-04 ,  4.25758E-03 ,  2.65301E-08 ,  4.48920E-07 ,  4.55830E-08 ,  5.34484E-10 , -4.26148E-04 , -2.75344E-05 ,  2.60556E-03 
    2741 ,  4.02494E-01 ,  8.34980E+00 , -2.83560E-04 ,  4.37995E-03 ,  2.69416E-08 ,  4.48474E-07 ,  4.43832E-08 ,  5.73295E-10 , -4.38396E-04 , -2.83593E-05 ,  2.69134E-03 
    2751 ,  4.04104E-01 ,  8.34980E+00 , -2.88119E-04 ,  4.44717E-03 ,  2.71960E-08 ,  4.49017E-07 ,  4.35331E-08 ,  4.89018E-10 , -4.45127E-04 , -2.88150E-05 ,  2.74554E-03 
    2761 ,  4.05720E-01 ,  8.34980E+00 , -2.87241E-04 ,  4.43059E-03 ,  2.70656E-08 ,  4.50556E-07 ,  4.32992E-08 ,  5.08916E-10 , -4.43458E-04 , -2.87261E-05 ,  2.75078E-03 
    2771 ,  4.07338E-01 ,  8.34980E+00 , -2.77950E-04 ,  4.29018E-03 ,  2.64978E-08 ,  4.53028E-07 ,  4.40337E-08 ,  4.52335E-10 , -4.29401E-04 , -2.77948E-05 ,  2.67563E-03 
    2781 ,  4.08954E-01 ,  8.34980E+00 , -2.56524E-04 ,  3.97210E-03 ,  2.53818E-08 ,  4.56163E-07 ,  4.60517E-08 ,  4.60100E-10 , -3.97579E-04 , -2.56503E-05 ,  2.48448E-03 
    2791 ,  4.10565E-01 ,  8.34980E+00 , -2.29753E-04 ,  3.57785E-03 ,  2.37998E-08 ,  4.59673E-07 ,  4.92561E-08 ,  4.34293E-10 , -3.58131E-04 , -2.29702E-05 ,  2.23122E-03 
    2801 ,  4.12169E-01 ,  8.34980E+00 , -1.97007E-04 ,  3.09923E-03 ,  2.19219E-08 ,  4.63313E-07 ,  5.34227E-08 ,  4.20278E-10 , -3.10231E-04 , -1.96913E-05 ,  1.91376E-03 
    2811 ,  4.13766E-01 ,  8.34980E+00 , -1.63501E-04 ,  2.61248E-03 ,  1.99559E-08 ,  4.66836E-07 ,  5.80785E-08 ,  4.61359E-10 , -2.61531E-04 , -1.63381E-05 ,  1.58101E-03 
    2821 ,  4.15357E-01 ,  8.34980E+00 , -1.37407E-04 ,  2.23559E-03 ,  1.81393E-08 ,  4.69976E-07 ,  6.24845E-08 ,  5.32188E-10 , -2.23828E-04 , -1.37272E-05 ,  1.30905E-03 
    2831 ,  4.16946E-01 ,  8.34980E+00 , -1.22042E-04 ,  2.01640E-03 ,  1.67799E-08 ,  4.72301E-07 ,  6.58523E-08 ,  5.49492E-10 , -2.01881E-04 , -1.21880E-05 ,  1.13520E-03 
    2841 ,  4.18535E-01 ,  8.34980E+00 , -1.17051E-04 ,  1.95003E-03 ,  1.61502E-08 ,  4.73526E-07 ,  6.75225E-08 ,  5.97856E-10 , -1.95276E-04 , -1.16913E-05 ,  1.06448E-03 
    2851 ,  4.20127E-01 ,  8.34980E+00 , -1.31893E-04 ,  2.17081E-03 ,  1.62137E-08 ,  4.73476E-07 ,  6.72410E-08 ,  5.75102E-10 , -2.17392E-04 , -1.31778E-05 ,  1.17877E-03 
    2861 ,  4.21725E-01 ,  8.34980E+00 , -1.48824E-04 ,  2.42414E-03 ,  1.73202E-08 ,  4.72186E-07 ,  6.48533E-08 ,  5.37126E-10 , -2.42704E-04 , -1.48698E-05 ,  1.33666E-03 
    2871 ,  4.23328E-01 ,  8.34980E+00 , -1.76159E-04 ,  2.82909E-03 ,  1.92376E-08 ,  4.69918E-07 ,  6.07654E-08 ,  4.96645E-10 , -2.83227E-04 , -1.76059E-05 ,  1.60391E-03 
    2881 ,  4.24935E-01 ,  8.34980E+00 , -2.16115E-04 ,  3.41553E-03 ,  2.15275E-08 ,  4.67808E-07 ,  5.56917E-08 ,  4.38444E-10 , -3.41911E-04 , -2.16053E-05 ,  1.99141E-03 
    2891 ,  4.26544E-01 ,  8.34980E+00 , -2.53173E-04 ,  3.95959E-03 ,  2.40191E-08 ,  4.66202E-07 ,  5.04814E-08 ,  4.58622E-10 , -3.96353E-04 , -2.53156E-05 ,  2.36385E-03 
    2901 ,  4.28152E-01 ,  8.34980E+00 , -2.83071E-04 ,  4.39776E-03 ,  2.62095E-08 ,  4.65757E-07 ,  4.58591E-08 ,  4.70539E-10 , -4.40190E-04 , -2.83079E-05 ,  2.67483E-03 
    2911 ,  4.29757E-01 ,  8.34980E+00 , -2.99394E-04 ,  4.63595E-03 ,  2.77009E-08 ,  4.66690E-07 ,  4.24686E-08 ,  5.36710E-10 , -4.64041E-04 , -2.99443E-05 ,  2.86077E-03 
    2921 ,  4.31358E-01 ,  8.34980E+00 , -3.01479E-04 ,  4.66552E-03 ,  2.82845E-08 ,  4.68965E-07 ,  4.07696E-08 ,  5.27789E-10 , -4.66991E-04 , -3.01524E-05 ,  2.90679E-03 
    2931 ,  4.32954E-01 ,  8.34980E+00 , -2.89495E-04 ,  4.48814E-03 ,  2.78792E-08 ,  4.72153E-07 ,  4.09444E-08 ,  6.06865E-10 , -4.49232E-04 , -2.89528E-05 ,  2.81109E-03 
    2941 ,  4.34547E-01 ,  8.34980E+00 , -2.66029E-04 ,  4.14393E-03 ,  2.67637E-08 ,  4.75715E-07 ,  4.28197E-08 ,  5.91980E-10 , -4.14791E-04 , -2.66039E-05 ,  2.59769E-03 
    2951 ,  4.36139E-01 ,  8.34980E+00 , -2.36488E-04 ,  3.71305E-03 ,  2.52199E-08 ,  4.79029E-07 ,  4.60423E-08 ,  6.25373E-10 , -3.71657E-04 , -2.36460E-05 ,  2.31655E-03 
    2961 ,  4.37733E-01 ,  8.34980E+00 , -2.06393E-04 ,  3.27630E-03 ,  2.35017E-08 ,  4.81835E-07 ,  5.00814E-08 ,  6.72992E-10 , -3.27978E-04 , -2.06356E-05 ,  2.02040E-03 
    2971 ,  4.39330E-01 ,  8.34980E+00 , -1.79804E-04 ,  2.89251E-03 ,  2.18668E-08 ,  4.83839E-07 ,  5.43295E-08 ,  6.64920E-10 , -2.89551E-04 , -1.79719E-05 ,  1.75096E-03 
    2981 ,  4.40932E-01 ,  8.34980E+00 , -1.60505E-04 ,  2.61482E-03 ,  2.04655E-08 ,  4.85288E-07 ,  5.81220E-08 ,  6.79215E-10 , -2.61784E-04 , -1.60414E-05 ,  1.54729E-03 
    2991 ,  4.42537E-01 ,  8.34980E+00 , -1.50302E-04 ,  2.46555E-03 ,  1.93116E-08 ,  4.86421E-07 ,  6.10188E-08 ,  5.76211E-10 , -2.46866E-04 , -1.50198E-05 ,  1.43050E-03 
    3001 ,  4.44144E-01 ,  8.34980E+00 , -1.46273E-04 ,  2.40252E-03 ,  1.85087E-08 ,  4.87781E-07 ,  6.28447E-08 ,  6.61399E-10 , -2.40531E-04 , -1.46151E-05 ,  1.37870E-03 
    3011 ,  4.45752E-01 ,  8.34980E+00 , -1.45760E-04 ,  2.38717E-03 ,  1.79869E-08 ,  4.89839E-07 ,  6.37857E-08 ,  6.26733E-10 , -2.39003E-04 , -1.45636E-05 ,  1.36794E-03 
    3021 ,  4.47358E-01 ,  8.34980E+00 , -1.49294E-04 ,  2.42218E-03 ,  1.73869E-08 ,  4.93051E-07 ,  6.41845E-08 ,  5.76645E-10 , -2.42502E-04 , -1.49157E-05 ,  1.39925E-03 
    3031 ,  4.48961E-01 ,  8.34980E+00 , -1.50337E-04 ,  2.42298E-03 ,  1.69551E-08 ,  4.97135E-07 ,  6.43873E-08 ,  5.86671E-10 , -2.42567E-04 , -1.50184E-05 ,  1.41113E-03 
    3041 ,  4.50560E-01 ,  8.34980E+00 , -1.50685E-04 ,  2.41493E-03 ,  1.65612E-08 ,  5.01663E-07 ,  6.44807E-08 ,  6.69156E-10 , -2.41769E-04 , -1.50540E-05 ,  1.41625E-03 
    3051 ,  4.52154E-01 ,  8.34980E+00 , -1.52645E-04 ,  2.43672E-03 ,  1.64473E-08 ,  5.05806E-07 ,  6.43238E-08 ,  6.79342E-10 , -2.43910E-04 , -1.52469E-05 ,  1.43352E-03 
    3061 ,  4.53746E-01 ,  8.34980E+00 , -1.57493E-04 ,  2.50563E-03 ,  1.66964E-08 ,  5.08727E-07 ,  6.34843E-08 ,  6.88212E-10 , -2.50846E-04 , -1.57351E-05 ,  1.47871E-03 
    3071 ,  4.55336E-01 ,  8.34980E+00 , -1.70826E-04 ,  2.70732E-03 ,  1.76262E-08 ,  5.09769E-07 ,  6.15684E-08 ,  7.73625E-10 , -2.71030E-04 , -1.70710E-05 ,  1.60073E-03 
    3081 ,  4.56927E-01 ,  8.34980E+00 , -1.90726E-04 ,  3.00873E-03 ,  1.91832E-08 ,  5.08755E-07 ,  5.83371E-08 ,  6.98231E-10 , -3.01199E-04 , -1.90629E-05 ,  1.79031E-03 
    3091 ,  4.58520E-01 ,  8.34980E+00 , -2.17110E-04 ,  3.41083E-03 ,  2.14427E-08 ,  5.06123E-07 ,  5.41184E-08 ,  6.89792E-10 , -3.41418E-04 , -2.17030E-05 ,  2.04609E-03 
    3101 ,  4.60116E-01 ,  8.34980E+00 , -2.45502E-04 ,  3.84573E-03 ,  2.41198E-08 ,  5.02693E-07 ,  4.95445E-08 ,  7.08566E-10 , -3.84933E-04 , -2.45462E-05 ,  2.32797E-03 
    3111 ,  4.61715E-01 ,  8.34980E+00 , -2.69035E-04 ,  4.20886E-03 ,  2.66511E-08 ,  4.99621E-07 ,  4.57047E-08 ,  6.67412E-10 , -4.21276E-04 , -2.69028E-05 ,  2.57058E-03 
    3121 ,  4.63317E-01 ,  8.34980E+00 , -2.80405E-04 ,  4.39196E-03 ,  2.84887E-08 ,  4.97583E-07 ,  4.35241E-08 ,  7.04650E-10 , -4.39597E-04 , -2.80422E-05 ,  2.70085E-03 
    3131 ,  4.64922E-01 ,  8.34980E+00 , -2.73825E-04 ,  4.30783E-03 ,  2.91235E-08 ,  4.97034E-07 ,  4.35938E-08 ,  6.85470E-10 , -4.31188E-04 , -2.73847E-05 ,  2.65934E-03 
    3141 ,  4.66527E-01 ,  8.34980E+00 , -2.53069E-04 ,  4.01008E-03 ,  2.83690E-08 ,  4.97982E-07 ,  4.60156E-08 ,  6.60911E-10 , -4.01397E-04 , -2.53074E-05 ,  2.47115E-03 
    3151 ,  4.68131E-01 ,  8.34980E+00 , -2.18647E-04 ,  3.51094E-03 ,  2.66337E-08 ,  4.99867E-07 ,  5.02852E-08 ,  6.39294E-10 , -3.51459E-04 , -2.18619E-05 ,  2.14298E-03 
    3161 ,  4.69733E-01 ,  8.34980E+00 , -1.80437E-04 ,  2.95598E-03 ,  2.43671E-08 ,  5.02260E-07 ,  5.55326E-08 ,  6.79995E-10 , -2.95931E-04 , -1.80377E-05 ,  1.76598E-03 
    3171 ,  4.71331E-01 ,  8.34980E+00 , -1.47930E-04 ,  2.48498E-03 ,  2.21044E-08 ,  5.04494E-07 ,  6.06956E-08 ,  6.88328E-10 , -2.48816E-04 , -1.47847E-05 ,  1.43201E-03 
    3181 ,  4.72927E-01 ,  8.34980E+00 , -1.29924E-04 ,  2.22362E-03 ,  2.02039E-08 ,  5.06123E-07 ,  6.47291E-08 ,  7.10488E-10 , -2.22645E-04 , -1.29807E-05 ,  1.22811E-03 
    3191 ,  4.74520E-01 ,  8.34980E+00 , -1.19440E-04 ,  2.07546E-03 ,  1.92477E-08 ,  5.07046E-07 ,  6.69272E-08 ,  7.36981E-10 , -2.07829E-04 , -1.19321E-05 ,  1.10693E-03 
    3201 ,  4.76113E-01 ,  8.34980E+00 , -1.26158E-04 ,  2.17222E-03 ,  1.89417E-08 ,  5.07382E-07 ,  6.71408E-08 ,  6.60431E-10 , -2.17526E-04 , -1.26043E-05 ,  1.15346E-03 
    3211 ,  4.77706E-01 ,  8.34980E+00 , -1.43620E-04 ,  2.42271E-03 ,  1.93605E-08 ,  5.07476E-07 ,  6.56756E-08 ,  6.15296E-10 , -2.42582E-04 , -1.43506E-05 ,  1.31265E-03 
    3221 ,  4.79302E-01 ,  8.34980E+00 , -1.66325E-04 ,  2.74883E-03 ,  2.03241E-08 ,  5.07679E-07 ,  6.30841E-08 ,  6.55367E-10 , -2.75214E-04 , -1.66235E-05 ,  1.53231E-03 
    3231 ,  4.80900E-01 ,  8.34980E+00 , -1.88648E-04 ,  3.07085E-03 ,  2.15970E-08 ,  5.08245E-07 ,  6.00513E-08 ,  6.24331E-10 , -3.07438E-04 , -1.88577E-05 ,  1.75686E-03 
    3241 ,  4.82500E-01 ,  8.34980E+00 , -2.07021E-04 ,  3.33750E-03 ,  2.28980E-08 ,  5.09293E-07 ,  5.71353E-08 ,  6.04775E-10 , -3.34115E-04 , -2.06964E-05 ,  1.94811E-03 
    3251 ,  4.84102E-01 ,  8.34980E+00 , -2.19803E-04 ,  3.52417E-03 ,  2.39761E-08 ,  5.10757E-07 ,  5.47226E-08 ,  6.34882E-10 , -3.52785E-04 , -2.19755E-05 ,  2.08640E-03 
    3261 ,  4.85704E-01 ,  8.34980E+00 , -2.28101E-04 ,  3.64564E-03 ,  2.47018E-08 ,  5.12320E-07 ,  5.29020E-08 ,  6.37227E-10 , -3.64948E-04 , -2.28066E-05 ,  2.17864E-03 
    3271 ,  4.87305E-01 ,  8.34980E+00 , -2.32556E-04 ,  3.71112E-03 ,  2.51404E-08 ,  5.14005E-07 ,  5.15457E-08 ,  5.83480E-10 , -3.71491E-04 , -2.32511E-05 ,  2.23150E-03 
    3281 ,  4.88903E-01 ,  8.34980E+00 , -2.34958E-04 ,  3.74643E-03 ,  2.53611E-08 ,  5.15683E-07 ,  5.05784E-08 ,  5.88981E-10 , -3.75031E-04 , -2.34922E-05 ,  2.26195E-03 
    3291 ,  4.90498E-01 ,  8.34980E+00 , -2.35091E-04 ,  3.74930E-03 ,  2.54890E-08 ,  5.17170E-07 ,  4.98661E-08 ,  6.14824E-10 , -3.75325E-04 , -2.35061E-05 ,  2.27021E-03 
    3301 ,  4.92090E-01 ,  8.34980E+00 , -2.33757E-04 ,  3.73154E-03 ,  2.55604E-08 ,  5.18618E-07 ,  4.95193E-08 ,  6.27841E-10 , -3.73533E-04 , -2.33719E-05 ,  2.26389E-03 
    3311 ,  4.93680E-01 ,  8.34980E+00 , -2.29911E-04 ,  3.67824E-03 ,  2.55616E-08 ,  5.19933E-07 ,  4.97073E-08 ,  5.81674E-10 , -3.68209E-04 , -2.29868E-05 ,  2.23339E-03 
    3321 ,  4.95270E-01 ,  8.34980E+00 , -2.21724E-04 ,  3.56378E-03 ,  2.54664E-08 ,  5.21059E-07 ,  5.05777E-08 ,  6.28201E-10 , -3.56744E-04 , -2.21671E-05 ,  2.16125E-03 
    3331 ,  4.96861E-01 ,  8.34980E+00 , -2.09957E-04 ,  3.39749E-03 ,  2.51153E-08 ,  5.22058E-07 ,  5.22544E-08 ,  6.13671E-10 , -3.40120E-04 , -2.09903E-05 ,  2.05148E-03 
    3341 ,  4.98454E-01 ,  8.34980E+00 , -1.93945E-04 ,  3.17055E-03 ,  2.45229E-08 ,  5.22954E-07 ,  5.46979E-08 ,  5.75503E-10 , -3.17413E-04 , -1.93875E-05 ,  1.89719E-03 
    3351 ,  5.00049E-01 ,  8.34980E+00 , -1.76059E-04 ,  2.91547E-03 ,  2.36035E-08 ,  5.23855E-07 ,  5.78248E-08 ,  6.19180E-10 , -2.91870E-04 , -1.75961E-05 ,  1.71800E-03 
    3361 ,  5.01648E-01 ,  8.34980E+00 , -1.54814E-04 ,  2.61395E-03 ,  2.26119E-08 ,  5.24726E-07 ,  6.11903E-08 ,  6.14355E-10 , -2.61704E-04 , -1.54701E-05 ,  1.50399E-03 
    3371 ,  5.03249E-01 ,  8.34980E+00 , -1.38738E-04 ,  2.38400E-03 ,  2.14832E-08 ,  5.25667E-07 ,  6.42266E-08 ,  6.00228E-10 , -2.38711E-04 , -1.38616E-05 ,  1.33263E-03 
    3381 ,  5.04850E-01 ,  8.34980E+00 , -1.29372E-04 ,  2.24754E-03 ,  2.04507E-08 ,  5.26792E-07 ,  6.64634E-08 ,  5.95868E-10 , -2.25069E-04 , -1.29245E-05 ,  1.22401E-03 
    3391 ,  5.06451E-01 ,  8.34980E+00 , -1.28262E-04 ,  2.22620E-03 ,  1.96711E-08 ,  5.28176E-07 ,  6.75746E-08 ,  5.44085E-10 , -2.22949E-04 , -1.28135E-05 ,  1.19684E-03 
    3401 ,  5.08050E-01 ,  8.34980E+00 , -1.35116E-04 ,  2.31651E-03 ,  1.93011E-08 ,  5.29978E-07 ,  6.74360E-08 ,  5.23027E-10 , -2.31987E-04 , -1.34989E-05 ,  1.25248E-03 
    3411 ,  5.09646E-01 ,  8.34980E+00 , -1.48595E-04 ,  2.49983E-03 ,  1.93542E-08 ,  5.32096E-07 ,  6.61474E-08 ,  5.34632E-10 , -2.50315E-04 , -1.48466E-05 ,  1.37962E-03 
    3421 ,  5.11241E-01 ,  8.34980E+00 , -1.67505E-04 ,  2.75976E-03 ,  1.97332E-08 ,  5.34597E-07 ,  6.39870E-08 ,  5.35092E-10 , -2.76309E-04 , -1.67375E-05 ,  1.56490E-03 
    3431 ,  5.12833E-01 ,  8.34980E+00 , -1.87132E-04 ,  3.03245E-03 ,  2.04595E-08 ,  5.37363E-07 ,  6.12073E-08 ,  5.75446E-10 , -3.03597E-04 , -1.87020E-05 ,  1.76399E-03 
    3441 ,  5.14424E-01 ,  8.34980E+00 , -2.04493E-04 ,  3.27628E-03 ,  2.13854E-08 ,  5.40221E-07 ,  5.82887E-08 ,  5.93772E-10 , -3.28000E-04 , -2.04403E-05 ,  1.94567E-03 
    3451 ,  5.16015E-01 ,  8.34980E+00 , -2.17515E-04 ,  3.46153E-03 ,  2.23405E-08 ,  5.43055E-07 ,  5.56897E-08 ,  6.45268E-10 , -3.46518E-04 , -2.17428E-05 ,  2.08714E-03 
    3461 ,  5.17606E-01 ,  8.34980E+00 , -2.23413E-04 ,  3.54829E-03 ,  2.32226E-08 ,  5.45616E-07 ,  5.38034E-08 ,  6.86304E-10 , -3.55192E-04 , -2.23334E-05 ,  2.16130E-03 
    3471 ,  5.19200E-01 ,  8.34980E+00 , -2.23721E-04 ,  3.55492E-03 ,  2.37477E-08 ,  5.47846E-07 ,  5.29306E-08 ,  6.27905E-10 , -3.55842E-04 , -2.23628E-05 ,  2.17795E-03 
    3481 ,  5.20796E-01 ,  8.34980E+00 , -2.16619E-04 ,  3.45571E-03 ,  2.39317E-08 ,  5.49782E-07 ,  5.31794E-08 ,  6.20620E-10 , -3.45914E-04 , -2.16518E-05 ,  2.12056E-03 
    3491 ,  5.22394E-01 ,  8.34980E+00 , -2.04825E-04 ,  3.28806E-03 ,  2.37006E-08 ,  5.51376E-07 ,  5.45412E-08 ,  6.42476E-10 , -3.29136E-04 , -2.04716E-05 ,  2.01216E-03 
    3501 ,  5.23993E-01 ,  8.34980E+00 , -1.88829E-04 ,  3.06032E-03 ,  2.31977E-08 ,  5.52637E-07 ,  5.67668E-08 ,  5.53651E-10 , -3.06351E-04 , -1.88699E-05 ,  1.85885E-03 
    3511 ,  5.25592E-01 ,  8.34980E+00 , -1.73772E-04 ,  2.84559E-03 ,  2.24689E-08 ,  5.53567E-07 ,  5.95101E-08 ,  4.59261E-10 , -2.84863E-04 , -1.73615E-05 ,  1.70704E-03 
    3521 ,  5.27189E-01 ,  8.34980E+00 , -1.59985E-04 ,  2.65152E-03 ,  2.17885E-08 ,  5.53980E-07 ,  6.23044E-08 ,  5.45966E-10 , -2.65466E-04 , -1.59840E-05 ,  1.56367E-03 
    3531 ,  5.28784E-01 ,  8.34980E+00 , -1.49352E-04 ,  2.50722E-03 ,  2.13708E-08 ,  5.53764E-07 ,  6.47324E-08 ,  6.04319E-10 , -2.51029E-04 , -1.49205E-05 ,  1.44823E-03 
    3541 ,  5.30376E-01 ,  8.34980E+00 , -1.44211E-04 ,  2.44383E-03 ,  2.12145E-08 ,  5.52751E-07 ,  6.64087E-08 ,  5.26905E-10 , -2.44682E-04 , -1.44048E-05 ,  1.38454E-03 
    3551 ,  5.31965E-01 ,  8.34980E+00 , -1.46080E-04 ,  2.48536E-03 ,  2.14528E-08 ,  5.51111E-07 ,  6.71792E-08 ,  4.65158E-10 , -2.48855E-04 , -1.45926E-05 ,  1.38651E-03 
    3561 ,  5.33553E-01 ,  8.34980E+00 , -1.49077E-04 ,  2.54347E-03 ,  2.20114E-08 ,  5.49128E-07 ,  6.70759E-08 ,  4.53045E-10 , -2.54666E-04 , -1.48927E-05 ,  1.40743E-03 
    3571 ,  5.35141E-01 ,  8.34980E+00 , -1.56753E-04 ,  2.66889E-03 ,  2.27386E-08 ,  5.47102E-07 ,  6.63569E-08 ,  4.64114E-10 , -2.67240E-04 , -1.56634E-05 ,  1.47375E-03 
    3581 ,  5.36731E-01 ,  8.34980E+00 , -1.64165E-04 ,  2.78833E-03 ,  2.35051E-08 ,  5.45568E-07 ,  6.53719E-08 ,  4.00054E-10 , -2.79177E-04 , -1.64037E-05 ,  1.54267E-03 
    3591 ,  5.38324E-01 ,  8.34980E+00 , -1.73006E-04 ,  2.92373E-03 ,  2.41115E-08 ,  5.44701E-07 ,  6.42733E-08 ,  3.51828E-10 , -2.92733E-04 , -1.72889E-05 ,  1.62635E-03 
    3601 ,  5.39921E-01 ,  8.34980E+00 , -1.82363E-04 ,  3.06030E-03 ,  2.44809E-08 ,  5.44673E-07 ,  6.31521E-08 ,  4.10960E-10 , -3.06393E-04 , -1.82258E-05 ,  1.71692E-03 
    3611 ,  5.41520E-01 ,  8.34980E+00 , -1.91576E-04 ,  3.19226E-03 ,  2.47979E-08 ,  5.45503E-07 ,  6.18866E-08 ,  3.31898E-10 , -3.19609E-04 , -1.91478E-05 ,  1.80870E-03 
    3621 ,  5.43122E-01 ,  8.34980E+00 , -2.02409E-04 ,  3.34344E-03 ,  2.50453E-08 ,  5.47003E-07 ,  6.03919E-08 ,  3.67177E-10 , -3.34748E-04 , -2.02330E-05 ,  1.91824E-03 
    3631 ,  5.44723E-01 ,  8.34980E+00 , -2.14077E-04 ,  3.50560E-03 ,  2.53758E-08 ,  5.49052E-07 ,  5.85701E-08 ,  4.78365E-10 , -3.50956E-04 , -2.14004E-05 ,  2.03898E-03 
    3641 ,  5.46322E-01 ,  8.34980E+00 , -2.26334E-04 ,  3.67570E-03 ,  2.57617E-08 ,  5.51423E-07 ,  5.65566E-08 ,  5.34590E-10 , -3.67966E-04 , -2.26269E-05 ,  2.16777E-03 
    3651 ,  5.47917E-01 ,  8.34980E+00 , -2.35035E-04 ,  3.79761E-03 ,  2.62726E-08 ,  5.53787E-07 ,  5.46152E-08 ,  4.76812E-10 , -3.80181E-04 , -2.34981E-05 ,  2.26645E-03 
    3661 ,  5.49509E-01 ,  8.34980E+00 , -2.38781E-04 ,  3.85004E-03 ,  2.67034E-08 ,  5.56152E-07 ,  5.32133E-08 ,  4.36174E-10 , -3.85413E-04 , -2.38716E-05 ,  2.31873E-03 
    3671 ,  5.51098E-01 ,  8.34980E+00 , -2.34547E-04 ,  3.78983E-03 ,  2.69286E-08 ,  5.58434E-07 ,  5.27951E-08 ,  4.62976E-10 , -3.79383E-04 , -2.34479E-05 ,  2.29413E-03 
    3681 ,  5.52684E-01 ,  8.34980E+00 , -2.22464E-04 ,  3.61686E-03 ,  2.67465E-08 ,  5.60477E-07 ,  5.36572E-08 ,  4.10001E-10 , -3.62087E-04 , -2.22389E-05 ,  2.19018E-03 
    3691 ,  5.54271E-01 ,  8.34980E+00 , -2.04603E-04 ,  3.35875E-03 ,  2.60206E-08 ,  5.62343E-07 ,  5.58976E-08 ,  4.70114E-10 , -3.36244E-04 , -2.04506E-05 ,  2.02263E-03 
    3701 ,  5.55860E-01 ,  8.34980E+00 , -1.80486E-04 ,  3.01146E-03 ,  2.49614E-08 ,  5.64028E-07 ,  5.91880E-08 ,  5.08190E-10 , -3.01514E-04 , -1.80385E-05 ,  1.78926E-03 
    3711 ,  5.57451E-01 ,  8.34980E+00 , -1.58051E-04 ,  2.68681E-03 ,  2.35909E-08 ,  5.65464E-07 ,  6.30483E-08 ,  4.27025E-10 , -2.69012E-04 , -1.57906E-05 ,  1.56156E-03 
    3721 ,  5.59044E-01 ,  8.34980E+00 , -1.38666E-04 ,  2.40709E-03 ,  2.22602E-08 ,  5.66696E-07 ,  6.67768E-08 ,  3.88305E-10 , -2.41030E-04 , -1.38499E-05 ,  1.35796E-03 
    3731 ,  5.60640E-01 ,  8.34980E+00 , -1.26721E-04 ,  2.23476E-03 ,  2.11673E-08 ,  5.67701E-07 ,  6.96867E-08 ,  3.73026E-10 , -2.23788E-04 , -1.26540E-05 ,  1.22304E-03 
    3741 ,  5.62236E-01 ,  8.34980E+00 , -1.23407E-04 ,  2.18715E-03 ,  2.05136E-08 ,  5.68325E-07 ,  7.13638E-08 ,  3.51757E-10 , -2.19028E-04 , -1.23221E-05 ,  1.17289E-03 
    3751 ,  5.63832E-01 ,  8.34980E+00 , -1.28876E-04 ,  2.26623E-03 ,  2.03871E-08 ,  5.68689E-07 ,  7.16096E-08 ,  3.88208E-10 , -2.26953E-04 , -1.28706E-05 ,  1.21208E-03 
    3761 ,  5.65425E-01 ,  8.34980E+00 , -1.41178E-04 ,  2.44487E-03 ,  2.08069E-08 ,  5.68841E-07 ,  7.05646E-08 ,  3.58011E-10 , -2.44820E-04 , -1.41008E-05 ,  1.32369E-03 
    3771 ,  5.67016E-01 ,  8.34980E+00 , -1.57971E-04 ,  2.68982E-03 ,  2.16685E-08 ,  5.68805E-07 ,  6.85448E-08 ,  3.07157E-10 , -2.69326E-04 , -1.57811E-05 ,  1.48479E-03 
    3781 ,  5.68605E-01 ,  8.34980E+00 , -1.75929E-04 ,  2.95325E-03 ,  2.28142E-08 ,  5.68754E-07 ,  6.60401E-08 ,  2.73304E-10 , -2.95691E-04 , -1.75781E-05 ,  1.66281E-03 
    3791 ,  5.70192E-01 ,  8.34980E+00 , -1.91941E-04 ,  3.18936E-03 ,  2.40171E-08 ,  5.68934E-07 ,  6.35248E-08 ,  2.77552E-10 , -3.19311E-04 , -1.91810E-05 ,  1.82667E-03 
    3801 ,  5.71779E-01 ,  8.34980E+00 , -2.04488E-04 ,  3.37385E-03 ,  2.50174E-08 ,  5.69587E-07 ,  6.13823E-08 ,  3.43510E-10 , -3.37767E-04 , -2.04372E-05 ,  1.95921E-03 
    3811 ,  5.73367E-01 ,  8.34980E+00 , -2.13643E-04 ,  3.50742E-03 ,  2.56978E-08 ,  5.70629E-07 ,  5.98001E-08 ,  4.72572E-10 , -3.51134E-04 , -2.13553E-05 ,  2.05789E-03 
    3821 ,  5.74957E-01 ,  8.34980E+00 , -2.17858E-04 ,  3.56566E-03 ,  2.59767E-08 ,  5.72284E-07 ,  5.88423E-08 ,  4.67310E-10 , -3.56978E-04 , -2.17781E-05 ,  2.10947E-03 
    3831 ,  5.76551E-01 ,  8.34980E+00 , -2.17799E-04 ,  3.55784E-03 ,  2.58540E-08 ,  5.74439E-07 ,  5.84673E-08 ,  4.13819E-10 , -3.56191E-04 , -2.17709E-05 ,  2.11938E-03 
    3841 ,  5.78147E-01 ,  8.34980E+00 , -2.14788E-04 ,  3.50532E-03 ,  2.54447E-08 ,  5.77371E-07 ,  5.86068E-08 ,  4.63489E-10 , -3.50924E-04 , -2.14689E-05 ,  2.09826E-03 
    3851 ,  5.79744E-01 ,  8.34980E+00 , -2.07934E-04 ,  3.39485E-03 ,  2.47714E-08 ,  5.80753E-07 ,  5.92759E-08 ,  4.22267E-10 , -3.39871E-04 , -2.07822E-05 ,  2.03931E-03 
    3861 ,  5.81341E-01 ,  8.34980E+00 , -1.97825E-04 ,  3.23649E-03 ,  2.39214E-08 ,  5.84516E-07 ,  6.05116E-08 ,  4.43998E-10 , -3.24026E-04 , -1.97701E-05 ,  1.94747E-03 
    3871 ,  5.82938E-01 ,  8.34980E+00 , -1.84872E-04 ,  3.03739E-03 ,  2.29606E-08 ,  5.88431E-07 ,  6.23149E-08 ,  4.81946E-10 , -3.04085E-04 , -1.84725E-05 ,  1.82627E-03 
    3881 ,  5.84531E-01 ,  8.34980E+00 , -1.68316E-04 ,  2.78876E-03 ,  2.19967E-08 ,  5.92121E-07 ,  6.46723E-08 ,  5.17616E-10 , -2.79193E-04 , -1.68142E-05 ,  1.66940E-03 
    3891 ,  5.86122E-01 ,  8.34980E+00 , -1.51663E-04 ,  2.54215E-03 ,  2.10758E-08 ,  5.95338E-07 ,  6.74429E-08 ,  5.31910E-10 , -2.54504E-04 , -1.51462E-05 ,  1.50670E-03 
    3901 ,  5.87710E-01 ,  8.34980E+00 , -1.38928E-04 ,  2.35324E-03 ,  2.01373E-08 ,  5.97795E-07 ,  7.03687E-08 ,  5.95357E-10 , -2.35622E-04 , -1.38734E-05 ,  1.37428E-03 
    3911 ,  5.89296E-01 ,  8.34980E+00 , -1.27178E-04 ,  2.18552E-03 ,  1.95446E-08 ,  5.99365E-07 ,  7.30631E-08 ,  5.50718E-10 , -2.18841E-04 , -1.26969E-05 ,  1.25001E-03 
    3921 ,  5.90880E-01 ,  8.34980E+00 , -1.20506E-04 ,  2.09594E-03 ,  1.92761E-08 ,  5.99708E-07 ,  7.51249E-08 ,  5.01847E-10 , -2.09882E-04 , -1.20287E-05 ,  1.17138E-03 
    3931 ,  5.92465E-01 ,  8.34980E+00 , -1.19776E-04 ,  2.09600E-03 ,  1.93876E-08 ,  5.98840E-07 ,  7.61923E-08 ,  4.80774E-10 , -2.09898E-04 , -1.19564E-05 ,  1.14917E-03 
    3941 ,  5.94052E-01 ,  8.34980E+00 , -1.25457E-04 ,  2.19153E-03 ,  1.99109E-08 ,  5.97164E-07 ,  7.61353E-08 ,  5.01242E-10 , -2.19450E-04 , -1.25247E-05 ,  1.18968E-03 
    3951 ,  5.95640E-01 ,  8.34980E+00 , -1.37049E-04 ,  2.37416E-03 ,  2.08383E-08 ,  5.94717E-07 ,  7.49196E-08 ,  4.52740E-10 , -2.37732E-04 , -1.36855E-05 ,  1.29043E-03 
    3961 ,  5.97231E-01 ,  8.34980E+00 , -1.54423E-04 ,  2.64110E-03 ,  2.21387E-08 ,  5.92132E-07 ,  7.26922E-08 ,  4.20147E-10 , -2.64442E-04 , -1.54244E-05 ,  1.45086E-03 
    3971 ,  5.98824E-01 ,  8.34980E+00 , -1.75493E-04 ,  2.96062E-03 ,  2.36844E-08 ,  5.89676E-07 ,  6.97962E-08 ,  4.57230E-10 , -2.96432E-04 , -1.75356E-05 ,  1.65238E-03 
    3981 ,  6.00418E-01 ,  8.34980E+00 , -1.96978E-04 ,  3.28474E-03 ,  2.53379E-08 ,  5.87812E-07 ,  6.65824E-08 ,  4.26686E-10 , -3.28860E-04 , -1.96859E-05 ,  1.86447E-03 
    3991 ,  6.02012E-01 ,  8.34980E+00 , -2.16908E-04 ,  3.58332E-03 ,  2.68551E-08 ,  5.86672E-07 ,  6.34865E-08 ,  4.11560E-10 , -3.58763E-04 , -2.16828E-05 ,  2.06625E-03 
    4001 ,  6.03604E-01 ,  8.34980E+00 , -2.31605E-04 ,  3.80253E-03 ,  2.80576E-08 ,  5.86370E-07 ,  6.09048E-08 ,  3.53107E-10 , -3.80687E-04 , -2.31526E-05 ,  2.22205E-03 
    4011 ,  6.05196E-01 ,  8.34980E+00 , -2.39089E-04 ,  3.91441E-03 ,  2.88117E-08 ,  5.87077E-07 ,  5.91343E-08 ,  3.92795E-10 , -3.91889E-04 , -2.39029E-05 ,  2.31018E-03 
    4021 ,  6.06785E-01 ,  8.34980E+00 , -2.37011E-04 ,  3.88413E-03 ,  2.90486E-08 ,  5.88427E-07 ,  5.83179E-08 ,  3.57288E-10 , -3.88884E-04 , -2.36965E-05 ,  2.30880E-03 
    4031 ,  6.08373E-01 ,  8.34980E+00 , -2.29239E-04 ,  3.76936E-03 ,  2.87668E-08 ,  5.90448E-07 ,  5.85966E-08 ,  2.97836E-10 , -3.77348E-04 , -2.29141E-05 ,  2.24662E-03 
    4041 ,  6.09961E-01 ,  8.34980E+00 , -2.18624E-04 ,  3.61036E-03 ,  2.79637E-08 ,  5.92797E-07 ,  5.98677E-08 ,  2.97889E-10 , -3.61459E-04 , -2.18526E-05 ,  2.14853E-03 
    4051 ,  6.11549E-01 ,  8.34980E+00 , -2.02610E-04 ,  3.37304E-03 ,  2.69091E-08 ,  5.95211E-07 ,  6.19255E-08 ,  3.12786E-10 , -3.37701E-04 , -2.02488E-05 ,  1.99614E-03 
    4061 ,  6.13139E-01 ,  8.34980E+00 , -1.81913E-04 ,  3.07119E-03 ,  2.58551E-08 ,  5.97376E-07 ,  6.45208E-08 ,  2.79358E-10 , -3.07522E-04 , -1.81781E-05 ,  1.79787E-03 
    4071 ,  6.14729E-01 ,  8.34980E+00 , -1.66496E-04 ,  2.84333E-03 ,  2.46453E-08 ,  5.99289E-07 ,  6.72488E-08 ,  3.03854E-10 , -2.84680E-04 , -1.66319E-05 ,  1.64114E-03 
    4081 ,  6.16321E-01 ,  8.34980E+00 , -1.53133E-04 ,  2.64706E-03 ,  2.35938E-08 ,  6.00889E-07 ,  6.98099E-08 ,  3.23053E-10 , -2.65057E-04 , -1.52955E-05 ,  1.50253E-03 
    4091 ,  6.17913E-01 ,  8.34980E+00 , -1.43779E-04 ,  2.50926E-03 ,  2.27491E-08 ,  6.02193E-07 ,  7.19116E-08 ,  2.78857E-10 , -2.51270E-04 , -1.43584E-05 ,  1.40184E-03 
    4101 ,  6.19505E-01 ,  8.34980E+00 , -1.39616E-04 ,  2.44596E-03 ,  2.21274E-08 ,  6.03408E-07 ,  7.33903E-08 ,  1.91614E-10 , -2.44938E-04 , -1.39404E-05 ,  1.35122E-03 
    4111 ,  6.21095E-01 ,  8.34980E+00 , -1.40011E-04 ,  2.44810E-03 ,  2.17478E-08 ,  6.04539E-07 ,  7.42089E-08 ,  2.20578E-10 , -2.45156E-04 , -1.39802E-05 ,  1.34611E-03 
    4121 ,  6.22684E-01 ,  8.34980E+00 , -1.41837E-04 ,  2.47297E-03 ,  2.17112E-08 ,  6.05676E-07 ,  7.43745E-08 ,  2.28477E-10 , -2.47644E-04 , -1.41630E-05 ,  1.35975E-03 
    4131 ,  6.24270E-01 ,  8.34980E+00 , -1.47152E-04 ,  2.54874E-03 ,  2.18804E-08 ,  6.06769E-07 ,  7.39816E-08 ,  2.46499E-10 , -2.55219E-04 , -1.46944E-05 ,  1.40811E-03 
    4141 ,  6.25854E-01 ,  8.34980E+00 , -1.54688E-04 ,  2.65832E-03 ,  2.22659E-08 ,  6.07604E-07 ,  7.31515E-08 ,  1.46897E-10 , -2.66190E-04 , -1.54482E-05 ,  1.47943E-03 
    4151 ,  6.27438E-01 ,  8.34980E+00 , -1.63533E-04 ,  2.78924E-03 ,  2.28588E-08 ,  6.08086E-07 ,  7.19583E-08 ,  1.74394E-10 , -2.79277E-04 , -1.63327E-05 ,  1.56509E-03 
    4161 ,  6.29022E-01 ,  8.34980E+00 , -1.75095E-04 ,  2.96232E-03 ,  2.36421E-08 ,  6.08293E-07 ,  7.04578E-08 ,  1.30225E-10 , -2.96592E-04 , -1.74890E-05 ,  1.67613E-03 
    4171 ,  6.30606E-01 ,  8.34980E+00 , -1.86132E-04 ,  3.12711E-03 ,  2.44898E-08 ,  6.08231E-07 ,  6.87022E-08 ,  1.56259E-10 , -3.13110E-04 , -1.85965E-05 ,  1.78723E-03 
    4181 ,  6.32193E-01 ,  8.34980E+00 , -1.98766E-04 ,  3.31598E-03 ,  2.54104E-08 ,  6.08056E-07 ,  6.68598E-08 ,  1.36957E-10 , -3.32000E-04 , -1.98606E-05 ,  1.91393E-03 
    4191 ,  6.33781E-01 ,  8.34980E+00 , -2.09975E-04 ,  3.48356E-03 ,  2.62964E-08 ,  6.08032E-07 ,  6.51141E-08 ,  1.26958E-10 , -3.48769E-04 , -2.09824E-05 ,  2.03017E-03 
    4201 ,  6.35371E-01 ,  8.34980E+00 , -2.18821E-04 ,  3.61498E-03 ,  2.70108E-08 ,  6.08346E-07 ,  6.36596E-08 ,  1.78272E-10 , -3.61907E-04 , -2.18677E-05 ,  2.12556E-03 
    4211 ,  6.36962E-01 ,  8.34980E+00 , -2.22463E-04 ,  3.66799E-03 ,  2.73890E-08 ,  6.09310E-07 ,  6.27889E-08 ,  1.76456E-10 , -3.67219E-04 , -2.22326E-05 ,  2.17261E-03 
    4221 ,  6.38553E-01 ,  8.34980E+00 , -2.19391E-04 ,  3.62048E-03 ,  2.73223E-08 ,  6.10978E-07 ,  6.27952E-08 ,  1.35616E-10 , -3.62465E-04 , -2.19247E-05 ,  2.15483E-03 
    4231 ,  6.40145E-01 ,  8.34980E+00 , -2.09435E-04 ,  3.46997E-03 ,  2.67591E-08 ,  6.13396E-07 ,  6.38055E-08 ,  1.16960E-10 , -3.47400E-04 , -2.09273E-05 ,  2.06806E-03 
    4241 ,  6.41735E-01 ,  8.34980E+00 , -1.90752E-04 ,  3.19062E-03 ,  2.57616E-08 ,  6.16363E-07 ,  6.58621E-08 ,  1.04932E-10 , -3.19436E-04 , -1.90559E-05 ,  1.89657E-03 
    4251 ,  6.43324E-01 ,  8.34980E+00 , -1.72698E-04 ,  2.91788E-03 ,  2.43309E-08 ,  6.19650E-07 ,  6.87476E-08 ,  1.58450E-10 , -2.92153E-04 , -1.72494E-05 ,  1.71866E-03 
    4261 ,  6.44911E-01 ,  8.34980E+00 , -1.51637E-04 ,  2.60199E-03 ,  2.28111E-08 ,  6.23025E-07 ,  7.21448E-08 ,  1.39197E-10 , -2.60532E-04 , -1.51396E-05 ,  1.50988E-03 
    4271 ,  6.46498E-01 ,  8.34980E+00 , -1.34713E-04 ,  2.34673E-03 ,  2.13627E-08 ,  6.26143E-07 ,  7.55065E-08 ,  1.19932E-10 , -2.34988E-04 , -1.34444E-05 ,  1.33512E-03 
    4281 ,  6.48083E-01 ,  8.34980E+00 , -1.23098E-04 ,  2.17005E-03 ,  2.01919E-08 ,  6.28757E-07 ,  7.83746E-08 ,  1.13901E-10 , -2.17313E-04 , -1.22813E-05 ,  1.20964E-03 
    4291 ,  6.49669E-01 ,  8.34980E+00 , -1.18193E-04 ,  2.09258E-03 ,  1.94346E-08 ,  6.30794E-07 ,  8.03467E-08 ,  1.47127E-10 , -2.09561E-04 , -1.17903E-05 ,  1.14928E-03 
    4301 ,  6.51254E-01 ,  8.34980E+00 , -1.21666E-04 ,  2.13763E-03 ,  1.91055E-08 ,  6.32210E-07 ,  8.11840E-08 ,  1.47610E-10 , -2.14062E-04 , -1.21372E-05 ,  1.17026E-03 
    4311 ,  6.52840E-01 ,  8.34980E+00 , -1.28859E-04 ,  2.23979E-03 ,  1.93003E-08 ,  6.33115E-07 ,  8.08913E-08 ,  7.81204E-11 , -2.24291E-04 , -1.28566E-05 ,  1.23367E-03 
    4321 ,  6.54427E-01 ,  8.34980E+00 , -1.41207E-04 ,  2.41880E-03 ,  1.98888E-08 ,  6.33598E-07 ,  7.96461E-08 ,  1.35003E-10 , -2.42196E-04 , -1.40927E-05 ,  1.34930E-03 
    4331 ,  6.56015E-01 ,  8.34980E+00 , -1.54902E-04 ,  2.62072E-03 ,  2.08059E-08 ,  6.33832E-07 ,  7.78052E-08 ,  1.27442E-10 , -2.62419E-04 , -1.54648E-05 ,  1.48226E-03 
    4341 ,  6.57602E-01 ,  8.34980E+00 , -1.68158E-04 ,  2.81914E-03 ,  2.19123E-08 ,  6.33802E-07 ,  7.56595E-08 ,  9.80197E-11 , -2.82279E-04 , -1.67921E-05 ,  1.61410E-03 
    4351 ,  6.59190E-01 ,  8.34980E+00 , -1.80079E-04 ,  3.00093E-03 ,  2.31019E-08 ,  6.33556E-07 ,  7.35050E-08 ,  1.13279E-10 , -3.00459E-04 , -1.79853E-05 ,  1.73449E-03 
    4361 ,  6.60776E-01 ,  8.34980E+00 , -1.89983E-04 ,  3.15596E-03 ,  2.42877E-08 ,  6.32951E-07 ,  7.15866E-08 ,  1.11420E-10 , -3.15972E-04 , -1.89769E-05 ,  1.83580E-03 
    4371 ,  6.62362E-01 ,  8.34980E+00 , -1.97956E-04 ,  3.28364E-03 ,  2.53556E-08 ,  6.32170E-07 ,  6.99608E-08 ,  1.21406E-10 , -3.28741E-04 , -1.97748E-05 ,  1.91804E-03 
    4381 ,  6.63947E-01 ,  8.34980E+00 , -2.03441E-04 ,  3.37634E-03 ,  2.63094E-08 ,  6.31201E-07 ,  6.87108E-08 ,  1.66744E-10 , -3.38025E-04 , -2.03258E-05 ,  1.97605E-03 
    4391 ,  6.65532E-01 ,  8.34980E+00 , -2.07322E-04 ,  3.44398E-03 ,  2.70189E-08 ,  6.30187E-07 ,  6.78726E-08 ,  1.20069E-10 , -3.44786E-04 , -2.07136E-05 ,  2.01736E-03 
    4401 ,  6.67116E-01 ,  8.34980E+00 , -2.08482E-04 ,  3.47077E-03 ,  2.74893E-08 ,  6.29320E-07 ,  6.75532E-08 ,  1.28625E-10 , -3.47490E-04 , -2.08318E-05 ,  2.03219E-03 
    4411 ,  6.68701E-01 ,  8.34980E+00 , -2.06126E-04 ,  3.44489E-03 ,  2.77052E-08 ,  6.28788E-07 ,  6.77576E-08 ,  1.61746E-10 , -3.44890E-04 , -2.05961E-05 ,  2.01318E-03 
    4421 ,  6.70287E-01 ,  8.34980E+00 , -2.00366E-04 ,  3.36699E-03 ,  2.76201E-08 ,  6.28676E-07 ,  6.84937E-08 ,  1.78099E-10 , -3.37109E-04 , -2.00207E-05 ,  1.96092E-03 
    4431 ,  6.71874E-01 ,  8.34980E+00 , -1.91789E-04 ,  3.24571E-03 ,  2.72396E-08 ,  6.29041E-07 ,  6.97881E-08 ,  1.71407E-10 , -3.24988E-04 , -1.91630E-05 ,  1.87976E-03 
    4441 ,  6.73462E-01 ,  8.34980E+00 , -1.80783E-04 ,  3.08667E-03 ,  2.65933E-08 ,  6.29799E-07 ,  7.15403E-08 ,  2.10497E-10 , -3.09065E-04 , -1.80613E-05 ,  1.77298E-03 
    4451 ,  6.75051E-01 ,  8.34980E+00 , -1.68310E-04 ,  2.90413E-03 ,  2.57461E-08 ,  6.30950E-07 ,  7.35815E-08 ,  1.85050E-10 , -2.90788E-04 , -1.68112E-05 ,  1.64960E-03 
    4461 ,  6.76639E-01 ,  8.34980E+00 , -1.56418E-04 ,  2.72819E-03 ,  2.48002E-08 ,  6.32445E-07 ,  7.56328E-08 ,  1.99429E-10 , -2.73190E-04 , -1.56213E-05 ,  1.52911E-03 
    4471 ,  6.78228E-01 ,  8.34980E+00 , -1.47720E-04 ,  2.59587E-03 ,  2.38301E-08 ,  6.34087E-07 ,  7.74528E-08 ,  1.47083E-10 , -2.59948E-04 , -1.47496E-05 ,  1.43675E-03 
    4481 ,  6.79815E-01 ,  8.34980E+00 , -1.41324E-04 ,  2.49950E-03 ,  2.31726E-08 ,  6.35702E-07 ,  7.87855E-08 ,  2.00845E-10 , -2.50299E-04 , -1.41090E-05 ,  1.36764E-03 
    4491 ,  6.81401E-01 ,  8.34980E+00 , -1.40964E-04 ,  2.48895E-03 ,  2.27021E-08 ,  6.37248E-07 ,  7.93974E-08 ,  1.11824E-10 , -2.49248E-04 , -1.40719E-05 ,  1.35623E-03 
    4501 ,  6.82986E-01 ,  8.34980E+00 , -1.45475E-04 ,  2.54990E-03 ,  2.25787E-08 ,  6.38605E-07 ,  7.92184E-08 ,  1.90774E-10 , -2.55346E-04 , -1.45238E-05 ,  1.39429E-03 
    4511 ,  6.84570E-01 ,  8.34980E+00 , -1.54658E-04 ,  2.68010E-03 ,  2.28195E-08 ,  6.39611E-07 ,  7.82947E-08 ,  1.89194E-10 , -2.68355E-04 , -1.54414E-05 ,  1.48018E-03 
    4521 ,  6.86153E-01 ,  8.34980E+00 , -1.67609E-04 ,  2.86656E-03 ,  2.33821E-08 ,  6.40402E-07 ,  7.67196E-08 ,  2.36765E-10 , -2.87038E-04 , -1.67402E-05 ,  1.60591E-03 
    4531 ,  6.87735E-01 ,  8.34980E+00 , -1.81082E-04 ,  3.06279E-03 ,  2.42032E-08 ,  6.40975E-07 ,  7.47512E-08 ,  2.30235E-10 , -3.06668E-04 , -1.80880E-05 ,  1.74138E-03 
    4541 ,  6.89318E-01 ,  8.34980E+00 , -1.93835E-04 ,  3.25002E-03 ,  2.51050E-08 ,  6.41535E-07 ,  7.27509E-08 ,  2.06143E-10 , -3.25399E-04 , -1.93640E-05 ,  1.87272E-03 
    4551 ,  6.90901E-01 ,  8.34980E+00 , -2.03708E-04 ,  3.39628E-03 ,  2.59491E-08 ,  6.42195E-07 ,  7.10145E-08 ,  2.53566E-10 , -3.40015E-04 , -2.03516E-05 ,  1.97840E-03 
    4561 ,  6.92485E-01 ,  8.34980E+00 , -2.08884E-04 ,  3.47436E-03 ,  2.65921E-08 ,  6.43020E-07 ,  6.98266E-08 ,  1.86318E-10 , -3.47846E-04 , -2.08702E-05 ,  2.03997E-03 
    4571 ,  6.94070E-01 ,  8.34980E+00 , -2.10027E-04 ,  3.49228E-03 ,  2.68947E-08 ,  6.44043E-07 ,  6.93175E-08 ,  1.59183E-10 , -3.49643E-04 , -2.09847E-05 ,  2.06051E-03 
    4581 ,  6.95655E-01 ,  8.34980E+00 , -2.05702E-04 ,  3.42988E-03 ,  2.68604E-08 ,  6.45318E-07 ,  6.95661E-08 ,  1.94855E-10 , -3.43406E-04 , -2.05529E-05 ,  2.02654E-03 
    4591 ,  6.97241E-01 ,  8.34980E+00 , -1.97011E-04 ,  3.30295E-03 ,  2.65040E-08 ,  6.46748E-07 ,  7.05199E-08 ,  1.10618E-10 , -3.30693E-04 , -1.96812E-05 ,  1.94742E-03 
    4601 ,  6.98826E-01 ,  8.34980E+00 , -1.86145E-04 ,  3.14352E-03 ,  2.59057E-08 ,  6.48192E-07 ,  7.20283E-08 ,  1.30633E-10 , -3.14733E-04 , -1.85930E-05 ,  1.84319E-03 
    4611 ,  7.00411E-01 ,  8.34980E+00 , -1.75059E-04 ,  2.97997E-03 ,  2.51295E-08 ,  6.49629E-07 ,  7.38607E-08 ,  1.13542E-10 , -2.98367E-04 , -1.74830E-05 ,  1.73222E-03 
    4621 ,  7.01996E-01 ,  8.34980E+00 , -1.62309E-04 ,  2.79409E-03 ,  2.44010E-08 ,  6.50946E-07 ,  7.58873E-08 ,  1.34104E-10 , -2.79777E-04 , -1.62077E-05 ,  1.60508E-03 
    4631 ,  7.03579E-01 ,  8.34980E+00 , -1.52822E-04 ,  2.65490E-03 ,  2.36889E-08 ,  6.52070E-07 ,  7.78459E-08 ,  8.04447E-11 , -2.65849E-04 , -1.52573E-05 ,  1.50587E-03 
    4641 ,  7.05163E-01 ,  8.34980E+00 , -1.46438E-04 ,  2.56065E-03 ,  2.30963E-08 ,  6.53061E-07 ,  7.94854E-08 ,  3.12914E-11 , -2.56421E-04 , -1.46177E-05 ,  1.43562E-03 
    4651 ,  7.06746E-01 ,  8.34980E+00 , -1.42980E-04 ,  2.50847E-03 ,  2.26578E-08 ,  6.54026E-07 ,  8.07516E-08 ,  5.59676E-12 , -2.51197E-04 , -1.42707E-05 ,  1.39456E-03 
    4661 ,  7.08329E-01 ,  8.34980E+00 , -1.42556E-04 ,  2.49918E-03 ,  2.23558E-08 ,  6.54975E-07 ,  8.15277E-08 ,  1.07695E-10 , -2.50264E-04 , -1.42291E-05 ,  1.38417E-03 
    4671 ,  7.09912E-01 ,  8.34980E+00 , -1.44362E-04 ,  2.52107E-03 ,  2.21762E-08 ,  6.56172E-07 ,  8.19262E-08 ,  1.54267E-10 , -2.52470E-04 , -1.44111E-05 ,  1.39743E-03 
    4681 ,  7.11496E-01 ,  8.34980E+00 , -1.47599E-04 ,  2.56258E-03 ,  2.21018E-08 ,  6.57614E-07 ,  8.19446E-08 ,  2.34932E-10 , -2.56623E-04 , -1.47356E-05 ,  1.42699E-03 
    4691 ,  7.13082E-01 ,  8.34980E+00 , -1.53950E-04 ,  2.64468E-03 ,  2.19422E-08 ,  6.59366E-07 ,  8.16446E-08 ,  1.85488E-10 , -2.64811E-04 , -1.53686E-05 ,  1.48649E-03 
    4701 ,  7.14667E-01 ,  8.34980E+00 , -1.58121E-04 ,  2.69915E-03 ,  2.20424E-08 ,  6.61524E-07 ,  8.10424E-08 ,  1.40014E-10 , -2.70284E-04 , -1.57869E-05 ,  1.52964E-03 
    4711 ,  7.16253E-01 ,  8.34980E+00 , -1.63929E-04 ,  2.77577E-03 ,  2.21264E-08 ,  6.63748E-07 ,  8.03207E-08 ,  3.05088E-10 , -2.77934E-04 , -1.63689E-05 ,  1.58829E-03 
    4721 ,  7.17838E-01 ,  8.34980E+00 , -1.69771E-04 ,  2.85471E-03 ,  2.23175E-08 ,  6.65984E-07 ,  7.94058E-08 ,  3.22196E-10 , -2.85851E-04 , -1.69550E-05 ,  1.64823E-03 
    4731 ,  7.19422E-01 ,  8.34980E+00 , -1.75820E-04 ,  2.93937E-03 ,  2.26550E-08 ,  6.67910E-07 ,  7.83879E-08 ,  3.21566E-10 , -2.94308E-04 , -1.75591E-05 ,  1.71064E-03 
    4741 ,  7.21006E-01 ,  8.34980E+00 , -1.81431E-04 ,  3.02131E-03 ,  2.31438E-08 ,  6.69315E-07 ,  7.73231E-08 ,  2.66832E-10 , -3.02494E-04 , -1.81192E-05 ,  1.76946E-03 
    4751 ,  7.22588E-01 ,  8.34980E+00 , -1.85922E-04 ,  3.09059E-03 ,  2.37445E-08 ,  6.70227E-07 ,  7.63498E-08 ,  2.48747E-10 , -3.09435E-04 , -1.85692E-05 ,  1.81796E-03 
    4761 ,  7.24168E-01 ,  8.34980E+00 , -1.88209E-04 ,  3.13126E-03 ,  2.43938E-08 ,  6.70585E-07 ,  7.56719E-08 ,  2.47683E-10 , -3.13488E-04 , -1.87974E-05 ,  1.84556E-03 
    4771 ,  7.25749E-01 ,  8.34980E+00 , -1.88894E-04 ,  3.14903E-03 ,  2.48972E-08 ,  6.70535E-07 ,  7.54326E-08 ,  2.43403E-10 , -3.15296E-04 , -1.88682E-05 ,  1.85596E-03 
    4781 ,  7.27329E-01 ,  8.34980E+00 , -1.86183E-04 ,  3.11872E-03 ,  2.52556E-08 ,  6.70115E-07 ,  7.57834E-08 ,  2.14291E-10 , -3.12237E-04 , -1.85951E-05 ,  1.83258E-03 
    4791 ,  7.28910E-01 ,  8.34980E+00 , -1.79171E-04 ,  3.02761E-03 ,  2.54430E-08 ,  6.69481E-07 ,  7.67522E-08 ,  1.43686E-10 , -3.03125E-04 , -1.78929E-05 ,  1.76632E-03 
    4801 ,  7.30492E-01 ,  8.34980E+00 , -1.69930E-04 ,  2.90373E-03 ,  2.54056E-08 ,  6.68805E-07 ,  7.81789E-08 ,  1.07505E-10 , -2.90740E-04 , -1.69689E-05 ,  1.67563E-03 
    4811 ,  7.32076E-01 ,  8.34980E+00 , -1.62026E-04 ,  2.79588E-03 ,  2.50768E-08 ,  6.68190E-07 ,  7.98769E-08 ,  1.18733E-10 , -2.79968E-04 , -1.61791E-05 ,  1.59216E-03 
    4821 ,  7.33660E-01 ,  8.34980E+00 , -1.54200E-04 ,  2.68934E-03 ,  2.47195E-08 ,  6.67626E-07 ,  8.15119E-08 ,  1.18394E-10 , -2.69300E-04 , -1.53955E-05 ,  1.50784E-03 
    4831 ,  7.35245E-01 ,  8.34980E+00 , -1.49880E-04 ,  2.63150E-03 ,  2.43529E-08 ,  6.67115E-07 ,  8.27869E-08 ,  1.79027E-10 , -2.63517E-04 , -1.49642E-05 ,  1.45530E-03 
    4841 ,  7.36829E-01 ,  8.34980E+00 , -1.47944E-04 ,  2.60841E-03 ,  2.41947E-08 ,  6.66734E-07 ,  8.34882E-08 ,  2.36312E-10 , -2.61210E-04 , -1.47713E-05 ,  1.42819E-03 
    4851 ,  7.38413E-01 ,  8.34980E+00 , -1.51164E-04 ,  2.65780E-03 ,  2.41872E-08 ,  6.66419E-07 ,  8.35205E-08 ,  2.26270E-10 , -2.66153E-04 , -1.50935E-05 ,  1.45167E-03 
    4861 ,  7.39996E-01 ,  8.34980E+00 , -1.57460E-04 ,  2.75115E-03 ,  2.44192E-08 ,  6.66316E-07 ,  8.29522E-08 ,  2.25588E-10 , -2.75493E-04 , -1.57235E-05 ,  1.50890E-03 
    4871 ,  7.41578E-01 ,  8.34980E+00 , -1.66735E-04 ,  2.88638E-03 ,  2.48081E-08 ,  6.66506E-07 ,  8.18633E-08 ,  3.48045E-10 , -2.89031E-04 , -1.66534E-05 ,  1.59792E-03 
    4881 ,  7.43159E-01 ,  8.34980E+00 , -1.76697E-04 ,  3.03103E-03 ,  2.53107E-08 ,  6.66846E-07 ,  8.04968E-08 ,  3.15704E-10 , -3.03510E-04 , -1.76506E-05 ,  1.69735E-03 
    4891 ,  7.44740E-01 ,  8.34980E+00 , -1.86148E-04 ,  3.16758E-03 ,  2.58232E-08 ,  6.67595E-07 ,  7.91053E-08 ,  3.13727E-10 , -3.17165E-04 , -1.85959E-05 ,  1.79446E-03 
    4901 ,  7.46321E-01 ,  8.34980E+00 , -1.93565E-04 ,  3.27344E-03 ,  2.62397E-08 ,  6.68625E-07 ,  7.78549E-08 ,  2.58092E-10 , -3.27730E-04 , -1.93357E-05 ,  1.87408E-03 
    4911 ,  7.47903E-01 ,  8.34980E+00 , -1.98059E-04 ,  3.33691E-03 ,  2.65370E-08 ,  6.69895E-07 ,  7.68749E-08 ,  2.47975E-10 , -3.34116E-04 , -1.97879E-05 ,  1.92644E-03 
    4921 ,  7.49485E-01 ,  8.34980E+00 , -2.00676E-04 ,  3.37200E-03 ,  2.66489E-08 ,  6.71399E-07 ,  7.62711E-08 ,  2.79736E-10 , -3.37613E-04 , -2.00488E-05 ,  1.95921E-03 
    4931 ,  7.51068E-01 ,  8.34980E+00 , -2.00229E-04 ,  3.36182E-03 ,  2.65871E-08 ,  6.73126E-07 ,  7.60281E-08 ,  1.88712E-10 , -3.36586E-04 , -2.00023E-05 ,  1.96221E-03 
    4941 ,  7.52652E-01 ,  8.34980E+00 , -1.97352E-04 ,  3.31628E-03 ,  2.63773E-08 ,  6.74836E-07 ,  7.61646E-08 ,  2.24512E-10 , -3.32031E-04 , -1.97147E-05 ,  1.94035E-03 
    4951 ,  7.54235E-01 ,  8.34980E+00 , -1.92453E-04 ,  3.24145E-03 ,  2.60610E-08 ,  6.76582E-07 ,  7.66375E-08 ,  2.97674E-10 , -3.24548E-04 , -1.92254E-05 ,  1.89755E-03 
    4961 ,  7.55817E-01 ,  8.34980E+00 , -1.85964E-04 ,  3.14419E-03 ,  2.56718E-08 ,  6.78224E-07 ,  7.74551E-08 ,  2.30543E-10 , -3.14793E-04 , -1.85733E-05 ,  1.83763E-03 
    4971 ,  7.57399E-01 ,  8.34980E+00 , -1.78342E-04 ,  3.03107E-03 ,  2.52156E-08 ,  6.79725E-07 ,  7.85709E-08 ,  2.61672E-10 , -3.03482E-04 , -1.78109E-05 ,  1.76470E-03 
    4981 ,  7.58979E-01 ,  8.34980E+00 , -1.69287E-04 ,  2.89863E-03 ,  2.47541E-08 ,  6.81081E-07 ,  7.99159E-08 ,  2.63706E-10 , -2.90238E-04 , -1.69052E-05 ,  1.67680E-03 
    4991 ,  7.60558E-01 ,  8.34980E+00 , -1.61137E-04 ,  2.77936E-03 ,  2.42452E-08 ,  6.82180E-07 ,  8.14171E-08 ,  2.54295E-10 , -2.78295E-04 , -1.60886E-05 ,  1.59430E-03 
    5001 ,  7.62136E-01 ,  8.34980E+00 , -1.53446E-04 ,  2.66789E-03 ,  2.37762E-08 ,  6.83113E-07 ,  8.29818E-08 ,  3.45077E-10 , -2.67149E-04 , -1.53204E-05 ,  1.51464E-03 
    5011 ,  7.63715E-01 ,  8.34980E+00 , -1.47007E-04 ,  2.57537E-03 ,  2.33809E-08 ,  6.83895E-07 ,  8.44272E-08 ,  2.91894E-10 , -2.57887E-04 , -1.46746E-05 ,  1.44594E-03 
    5021 ,  7.65293E-01 ,  8.34980E+00 , -1.43140E-04 ,  2.52045E-03 ,  2.30821E-08 ,  6.84452E-07 ,  8.55570E-08 ,  2.83844E-10 , -2.52396E-04 , -1.42877E-05 ,  1.40096E-03 
    5031 ,  7.66872E-01 ,  8.34980E+00 , -1.42790E-04 ,  2.51617E-03 ,  2.29081E-08 ,  6.84859E-07 ,  8.62443E-08 ,  3.35394E-10 , -2.51977E-04 , -1.42539E-05 ,  1.38962E-03 
    5041 ,  7.68453E-01 ,  8.34980E+00 , -1.45451E-04 ,  2.55546E-03 ,  2.29274E-08 ,  6.85167E-07 ,  8.64143E-08 ,  3.49544E-10 , -2.55898E-04 , -1.45196E-05 ,  1.40916E-03 
    5051 ,  7.70034E-01 ,  8.34980E+00 , -1.50905E-04 ,  2.63474E-03 ,  2.31316E-08 ,  6.85483E-07 ,  8.59860E-08 ,  3.79306E-10 , -2.63848E-04 , -1.50670E-05 ,  1.45863E-03 
    5061 ,  7.71616E-01 ,  8.34980E+00 , -1.60756E-04 ,  2.77536E-03 ,  2.34312E-08 ,  6.86008E-07 ,  8.50328E-08 ,  4.07928E-10 , -2.77919E-04 , -1.60528E-05 ,  1.55151E-03 
    5071 ,  7.73199E-01 ,  8.34980E+00 , -1.70618E-04 ,  2.91593E-03 ,  2.38645E-08 ,  6.86738E-07 ,  8.37664E-08 ,  5.04167E-10 , -2.91968E-04 , -1.70397E-05 ,  1.64920E-03 
    5081 ,  7.74781E-01 ,  8.34980E+00 , -1.80505E-04 ,  3.05530E-03 ,  2.42798E-08 ,  6.87881E-07 ,  8.23583E-08 ,  5.35026E-10 , -3.05908E-04 , -1.80292E-05 ,  1.74958E-03 
    5091 ,  7.76363E-01 ,  8.34980E+00 , -1.87565E-04 ,  3.15449E-03 ,  2.47001E-08 ,  6.89405E-07 ,  8.10926E-08 ,  5.34531E-10 , -3.15837E-04 , -1.87360E-05 ,  1.82580E-03 
    5101 ,  7.77944E-01 ,  8.34980E+00 , -1.92218E-04 ,  3.21642E-03 ,  2.49109E-08 ,  6.91292E-07 ,  8.01405E-08 ,  5.75648E-10 , -3.22043E-04 , -1.92026E-05 ,  1.87941E-03 
    5111 ,  7.79525E-01 ,  8.34980E+00 , -1.93024E-04 ,  3.22300E-03 ,  2.49609E-08 ,  6.93459E-07 ,  7.96559E-08 ,  5.42741E-10 , -3.22691E-04 , -1.92821E-05 ,  1.89551E-03 
    5121 ,  7.81104E-01 ,  8.34980E+00 , -1.90041E-04 ,  3.17429E-03 ,  2.48022E-08 ,  6.95723E-07 ,  7.97402E-08 ,  4.71747E-10 , -3.17806E-04 , -1.89818E-05 ,  1.87397E-03 
    5131 ,  7.82683E-01 ,  8.34980E+00 , -1.83500E-04 ,  3.07429E-03 ,  2.44680E-08 ,  6.98011E-07 ,  8.04142E-08 ,  5.29448E-10 , -3.07808E-04 , -1.83279E-05 ,  1.81641E-03 
    5141 ,  7.84262E-01 ,  8.34980E+00 , -1.75286E-04 ,  2.95044E-03 ,  2.39836E-08 ,  7.00216E-07 ,  8.16421E-08 ,  5.12803E-10 , -2.95408E-04 , -1.75047E-05 ,  1.73914E-03 
    5151 ,  7.85842E-01 ,  8.34980E+00 , -1.64418E-04 ,  2.79091E-03 ,  2.35127E-08 ,  7.02087E-07 ,  8.32167E-08 ,  5.24054E-10 , -2.79435E-04 , -1.64163E-05 ,  1.63524E-03 
    5161 ,  7.87422E-01 ,  8.34980E+00 , -1.56444E-04 ,  2.67227E-03 ,  2.29219E-08 ,  7.03573E-07 ,  8.49632E-08 ,  5.48908E-10 , -2.67585E-04 , -1.56196E-05 ,  1.55303E-03 
    5171 ,  7.89002E-01 ,  8.34980E+00 , -1.48678E-04 ,  2.56001E-03 ,  2.24865E-08 ,  7.04595E-07 ,  8.66860E-08 ,  6.03394E-10 , -2.56352E-04 , -1.48426E-05 ,  1.47196E-03 
    5181 ,  7.90582E-01 ,  8.34980E+00 , -1.43251E-04 ,  2.48377E-03 ,  2.22043E-08 ,  7.05120E-07 ,  8.81553E-08 ,  5.86244E-10 , -2.48726E-04 , -1.42993E-05 ,  1.41182E-03 
    5191 ,  7.92162E-01 ,  8.34980E+00 , -1.40849E-04 ,  2.45404E-03 ,  2.21481E-08 ,  7.04989E-07 ,  8.91851E-08 ,  5.56658E-10 , -2.45729E-04 , -1.40571E-05 ,  1.38004E-03 
    5201 ,  7.93742E-01 ,  8.34980E+00 , -1.41187E-04 ,  2.46564E-03 ,  2.23003E-08 ,  7.04412E-07 ,  8.97184E-08 ,  5.02236E-10 , -2.46914E-04 , -1.40923E-05 ,  1.37551E-03 
    5211 ,  7.95320E-01 ,  8.34980E+00 , -1.44800E-04 ,  2.52644E-03 ,  2.26712E-08 ,  7.03334E-07 ,  8.97287E-08 ,  4.98996E-10 , -2.52995E-04 , -1.44537E-05 ,  1.40276E-03 
    5221 ,  7.96898E-01 ,  8.34980E+00 , -1.50079E-04 ,  2.61237E-03 ,  2.32367E-08 ,  7.02094E-07 ,  8.91691E-08 ,  4.52948E-10 , -2.61578E-04 , -1.49808E-05 ,  1.44902E-03 
    5231 ,  7.98476E-01 ,  8.34980E+00 , -1.58992E-04 ,  2.75154E-03 ,  2.39350E-08 ,  7.00788E-07 ,  8.81712E-08 ,  5.06987E-10 , -2.75513E-04 , -1.58748E-05 ,  1.52963E-03 
    5241 ,  8.00053E-01 ,  8.34980E+00 , -1.67154E-04 ,  2.87977E-03 ,  2.47432E-08 ,  6.99543E-07 ,  8.69000E-08 ,  5.32921E-10 , -2.88363E-04 , -1.66937E-05 ,  1.60838E-03 
    5251 ,  8.01630E-01 ,  8.34980E+00 , -1.77088E-04 ,  3.03272E-03 ,  2.55696E-08 ,  6.98391E-07 ,  8.54257E-08 ,  5.05242E-10 , -3.03650E-04 , -1.76865E-05 ,  1.70484E-03 
    5261 ,  8.03208E-01 ,  8.34980E+00 , -1.86643E-04 ,  3.17877E-03 ,  2.63521E-08 ,  6.97554E-07 ,  8.39227E-08 ,  5.52644E-10 , -3.18281E-04 , -1.86449E-05 ,  1.80008E-03 
    5271 ,  8.04788E-01 ,  8.34980E+00 , -1.95469E-04 ,  3.31198E-03 ,  2.70127E-08 ,  6.97213E-07 ,  8.25219E-08 ,  5.77572E-10 , -3.31607E-04 , -1.95281E-05 ,  1.88997E-03 
    5281 ,  8.06367E-01 ,  8.34980E+00 , -2.02284E-04 ,  3.41399E-03 ,  2.75221E-08 ,  6.97379E-07 ,  8.12722E-08 ,  6.12148E-10 , -3.41812E-04 , -2.02106E-05 ,  1.96235E-03 
    5291 ,  8.07948E-01 ,  8.34980E+00 , -2.06525E-04 ,  3.47587E-03 ,  2.78046E-08 ,  6.97947E-07 ,  8.03802E-08 ,  5.64273E-10 , -3.48008E-04 , -2.06347E-05 ,  2.01121E-03 
    5301 ,  8.09529E-01 ,  8.34980E+00 , -2.07571E-04 ,  3.48937E-03 ,  2.78578E-08 ,  6.99065E-07 ,  7.99168E-08 ,  5.28912E-10 , -3.49359E-04 , -2.07388E-05 ,  2.02954E-03 
    5311 ,  8.11111E-01 ,  8.34980E+00 , -2.04682E-04 ,  3.44386E-03 ,  2.76614E-08 ,  7.00527E-07 ,  7.99497E-08 ,  5.34355E-10 , -3.44812E-04 , -2.04500E-05 ,  2.01007E-03 
    5321 ,  8.12691E-01 ,  8.34980E+00 , -1.98852E-04 ,  3.35504E-03 ,  2.72636E-08 ,  7.02227E-07 ,  8.04952E-08 ,  5.26342E-10 , -3.35908E-04 , -1.98651E-05 ,  1.95997E-03 
    5331 ,  8.14271E-01 ,  8.34980E+00 , -1.89839E-04 ,  3.21948E-03 ,  2.66801E-08 ,  7.04161E-07 ,  8.15202E-08 ,  5.82814E-10 , -3.22338E-04 , -1.89630E-05 ,  1.87745E-03 
    5341 ,  8.15849E-01 ,  8.34980E+00 , -1.79348E-04 ,  3.06246E-03 ,  2.59553E-08 ,  7.06140E-07 ,  8.29488E-08 ,  6.09497E-10 , -3.06642E-04 , -1.79141E-05 ,  1.77705E-03 
    5351 ,  8.17427E-01 ,  8.34980E+00 , -1.67715E-04 ,  2.88941E-03 ,  2.51734E-08 ,  7.08015E-07 ,  8.46714E-08 ,  6.58582E-10 , -2.89310E-04 , -1.67487E-05 ,  1.66311E-03 
    5361 ,  8.19003E-01 ,  8.34980E+00 , -1.56985E-04 ,  2.72998E-03 ,  2.43828E-08 ,  7.09687E-07 ,  8.64953E-08 ,  6.36486E-10 , -2.73367E-04 , -1.56747E-05 ,  1.55466E-03 
    5371 ,  8.20579E-01 ,  8.34980E+00 , -1.48238E-04 ,  2.60044E-03 ,  2.36949E-08 ,  7.11113E-07 ,  8.82119E-08 ,  6.45694E-10 , -2.60389E-04 , -1.47981E-05 ,  1.46329E-03 
    5381 ,  8.22155E-01 ,  8.34980E+00 , -1.42961E-04 ,  2.52162E-03 ,  2.31573E-08 ,  7.12218E-07 ,  8.95649E-08 ,  6.91429E-10 , -2.52503E-04 , -1.42700E-05 ,  1.40418E-03 
    5391 ,  8.23732E-01 ,  8.34980E+00 , -1.41284E-04 ,  2.49567E-03 ,  2.28365E-08 ,  7.13141E-07 ,  9.04156E-08 ,  7.45262E-10 , -2.49913E-04 , -1.41030E-05 ,  1.38042E-03 
    5401 ,  8.25309E-01 ,  8.34980E+00 , -1.43832E-04 ,  2.53137E-03 ,  2.27586E-08 ,  7.13778E-07 ,  9.06960E-08 ,  6.93180E-10 , -2.53492E-04 , -1.43578E-05 ,  1.39856E-03 
    5411 ,  8.26886E-01 ,  8.34980E+00 , -1.49671E-04 ,  2.61519E-03 ,  2.29212E-08 ,  7.14214E-07 ,  9.03549E-08 ,  6.81756E-10 , -2.61876E-04 , -1.49419E-05 ,  1.45101E-03 
    5421 ,  8.28463E-01 ,  8.34980E+00 , -1.57825E-04 ,  2.73327E-03 ,  2.32953E-08 ,  7.14658E-07 ,  8.95058E-08 ,  7.11479E-10 , -2.73702E-04 , -1.57589E-05 ,  1.52863E-03 
    5431 ,  8.30040E-01 ,  8.34980E+00 , -1.66763E-04 ,  2.86350E-03 ,  2.38240E-08 ,  7.15048E-07 ,  8.83448E-08 ,  6.63761E-10 , -2.86730E-04 , -1.66526E-05 ,  1.61676E-03 
    5441 ,  8.31617E-01 ,  8.34980E+00 , -1.75530E-04 ,  2.99185E-03 ,  2.44120E-08 ,  7.15570E-07 ,  8.70282E-08 ,  7.06603E-10 , -2.99580E-04 , -1.75310E-05 ,  1.70519E-03 
    5451 ,  8.33194E-01 ,  8.34980E+00 , -1.82848E-04 ,  3.09960E-03 ,  2.49844E-08 ,  7.16159E-07 ,  8.57772E-08 ,  7.28717E-10 , -3.10359E-04 , -1.82635E-05 ,  1.78117E-03 
    5461 ,  8.34771E-01 ,  8.34980E+00 , -1.88092E-04 ,  3.17708E-03 ,  2.54604E-08 ,  7.16828E-07 ,  8.47621E-08 ,  8.48750E-10 , -3.18107E-04 , -1.87893E-05 ,  1.83794E-03 
    5471 ,  8.36347E-01 ,  8.34980E+00 , -1.90957E-04 ,  3.21923E-03 ,  2.57673E-08 ,  7.17660E-07 ,  8.40558E-08 ,  8.15017E-10 , -3.22308E-04 , -1.90747E-05 ,  1.87143E-03 
    5481 ,  8.37924E-01 ,  8.34980E+00 , -1.90739E-04 ,  3.21539E-03 ,  2.58633E-08 ,  7.18769E-07 ,  8.38137E-08 ,  7.87292E-10 , -3.21955E-04 , -1.90549E-05 ,  1.87513E-03 
    5491 ,  8.39501E-01 ,  8.34980E+00 , -1.89032E-04 ,  3.18856E-03 ,  2.57612E-08 ,  7.20015E-07 ,  8.40103E-08 ,  8.25174E-10 , -3.19243E-04 , -1.88822E-05 ,  1.86217E-03 
    5501 ,  8.41078E-01 ,  8.34980E+00 , -1.83998E-04 ,  3.11173E-03 ,  2.54668E-08 ,  7.21564E-07 ,  8.45541E-08 ,  8.62606E-10 , -3.11568E-04 , -1.83796E-05 ,  1.81802E-03 
    5511 ,  8.42655E-01 ,  8.34980E+00 , -1.78149E-04 ,  3.02150E-03 ,  2.49813E-08 ,  7.23321E-07 ,  8.54740E-08 ,  8.35801E-10 , -3.02533E-04 , -1.77930E-05 ,  1.76299E-03 
    5521 ,  8.44233E-01 ,  8.34980E+00 , -1.70999E-04 ,  2.91158E-03 ,  2.43711E-08 ,  7.25293E-07 ,  8.67667E-08 ,  8.36855E-10 , -2.91533E-04 , -1.70772E-05 ,  1.69371E-03 
    5531 ,  8.45811E-01 ,  8.34980E+00 , -1.61946E-04 ,  2.77316E-03 ,  2.36816E-08 ,  7.27475E-07 ,  8.83074E-08 ,  9.08747E-10 , -2.77673E-04 , -1.61705E-05 ,  1.60635E-03 
    5541 ,  8.47389E-01 ,  8.34980E+00 , -1.54127E-04 ,  2.65314E-03 ,  2.29794E-08 ,  7.29698E-07 ,  8.99823E-08 ,  7.63210E-10 , -2.65674E-04 , -1.53866E-05 ,  1.52721E-03 
    5551 ,  8.48967E-01 ,  8.34980E+00 , -1.46659E-04 ,  2.53884E-03 ,  2.23339E-08 ,  7.31768E-07 ,  9.16296E-08 ,  7.31820E-10 , -2.54223E-04 , -1.46373E-05 ,  1.45080E-03 
    5561 ,  8.50544E-01 ,  8.34980E+00 , -1.40998E-04 ,  2.45245E-03 ,  2.18238E-08 ,  7.33404E-07 ,  9.30831E-08 ,  6.69086E-10 , -2.45583E-04 , -1.40699E-05 ,  1.39054E-03 
    5571 ,  8.52120E-01 ,  8.34980E+00 , -1.37934E-04 ,  2.40533E-03 ,  2.14888E-08 ,  7.34664E-07 ,  9.41875E-08 ,  6.40114E-10 , -2.40857E-04 , -1.37618E-05 ,  1.35453E-03 
    5581 ,  8.53695E-01 ,  8.34980E+00 , -1.38052E-04 ,  2.40686E-03 ,  2.14036E-08 ,  7.35498E-07 ,  9.47258E-08 ,  5.63884E-10 , -2.41014E-04 , -1.37729E-05 ,  1.34904E-03 
    5591 ,  8.55270E-01 ,  8.34980E+00 , -1.41231E-04 ,  2.45503E-03 ,  2.15754E-08 ,  7.35813E-07 ,  9.46914E-08 ,  5.79160E-10 , -2.45862E-04 , -1.40935E-05 ,  1.37393E-03 
    5601 ,  8.56844E-01 ,  8.34980E+00 , -1.47562E-04 ,  2.55137E-03 ,  2.20298E-08 ,  7.35673E-07 ,  9.40437E-08 ,  6.34201E-10 , -2.55476E-04 , -1.47263E-05 ,  1.43047E-03 
    5611 ,  8.58418E-01 ,  8.34980E+00 , -1.56343E-04 ,  2.68533E-03 ,  2.27220E-08 ,  7.35055E-07 ,  9.28897E-08 ,  6.47578E-10 , -2.68901E-04 , -1.56070E-05 ,  1.51262E-03 
    5621 ,  8.59992E-01 ,  8.34980E+00 , -1.67032E-04 ,  2.84900E-03 ,  2.36150E-08 ,  7.34191E-07 ,  9.13871E-08 ,  6.61769E-10 , -2.85271E-04 , -1.66769E-05 ,  1.61484E-03 
    5631 ,  8.61567E-01 ,  8.34980E+00 , -1.77738E-04 ,  3.01385E-03 ,  2.46114E-08 ,  7.33153E-07 ,  8.96808E-08 ,  6.63929E-10 , -3.01763E-04 , -1.77487E-05 ,  1.72027E-03 
    5641 ,  8.63142E-01 ,  8.34980E+00 , -1.87623E-04 ,  3.16714E-03 ,  2.56088E-08 ,  7.32165E-07 ,  8.79974E-08 ,  6.59252E-10 , -3.17111E-04 , -1.87390E-05 ,  1.81983E-03 
    5651 ,  8.64718E-01 ,  8.34980E+00 , -1.95211E-04 ,  3.28717E-03 ,  2.65213E-08 ,  7.31305E-07 ,  8.65967E-08 ,  7.04164E-10 , -3.29121E-04 , -1.94993E-05 ,  1.89896E-03 
    5661 ,  8.66294E-01 ,  8.34980E+00 , -2.00445E-04 ,  3.37093E-03 ,  2.71769E-08 ,  7.30765E-07 ,  8.55815E-08 ,  6.23470E-10 , -3.37509E-04 , -2.00234E-05 ,  1.95511E-03 
    5671 ,  8.67871E-01 ,  8.34980E+00 , -2.01176E-04 ,  3.38791E-03 ,  2.75667E-08 ,  7.30525E-07 ,  8.51267E-08 ,  5.78683E-10 , -3.39200E-04 , -2.00956E-05 ,  1.96836E-03 
    5681 ,  8.69447E-01 ,  8.34980E+00 , -1.98650E-04 ,  3.35560E-03 ,  2.76554E-08 ,  7.30506E-07 ,  8.52261E-08 ,  5.94946E-10 , -3.35950E-04 , -1.98418E-05 ,  1.94871E-03 
    5691 ,  8.71023E-01 ,  8.34980E+00 , -1.92001E-04 ,  3.26153E-03 ,  2.74764E-08 ,  7.30958E-07 ,  8.58324E-08 ,  5.47408E-10 , -3.26565E-04 , -1.91776E-05 ,  1.88926E-03 
    5701 ,  8.72600E-01 ,  8.34980E+00 , -1.85422E-04 ,  3.16613E-03 ,  2.70330E-08 ,  7.31678E-07 ,  8.68103E-08 ,  6.33656E-10 , -3.16996E-04 , -1.85184E-05 ,  1.82511E-03 
    5711 ,  8.74175E-01 ,  8.34980E+00 , -1.77041E-04 ,  3.04352E-03 ,  2.64626E-08 ,  7.32610E-07 ,  8.80765E-08 ,  6.34766E-10 , -3.04746E-04 , -1.76809E-05 ,  1.74286E-03 
    5721 ,  8.75751E-01 ,  8.34980E+00 , -1.68763E-04 ,  2.92137E-03 ,  2.58320E-08 ,  7.33731E-07 ,  8.94030E-08 ,  6.59006E-10 , -2.92511E-04 , -1.68512E-05 ,  1.66011E-03 
    5731 ,  8.77326E-01 ,  8.34980E+00 , -1.61721E-04 ,  2.81673E-03 ,  2.52253E-08 ,  7.34822E-07 ,  9.06582E-08 ,  7.27752E-10 , -2.82060E-04 , -1.61482E-05 ,  1.58822E-03 
    5741 ,  8.78900E-01 ,  8.34980E+00 , -1.56848E-04 ,  2.74315E-03 ,  2.47032E-08 ,  7.35861E-07 ,  9.17196E-08 ,  7.63097E-10 , -2.74678E-04 , -1.56591E-05 ,  1.53662E-03 
    5751 ,  8.80475E-01 ,  8.34980E+00 , -1.54098E-04 ,  2.70023E-03 ,  2.43018E-08 ,  7.37012E-07 ,  9.25394E-08 ,  7.09036E-10 , -2.70398E-04 , -1.53838E-05 ,  1.50593E-03 
    5761 ,  8.82050E-01 ,  8.34980E+00 , -1.53598E-04 ,  2.68982E-03 ,  2.40395E-08 ,  7.38119E-07 ,  9.30064E-08 ,  7.08896E-10 , -2.69351E-04 , -1.53329E-05 ,  1.49782E-03 
    5771 ,  8.83624E-01 ,  8.34980E+00 , -1.55307E-04 ,  2.71129E-03 ,  2.39102E-08 ,  7.39173E-07 ,  9.31455E-08 ,  7.13432E-10 , -2.71498E-04 , -1.55037E-05 ,  1.51201E-03 
    5781 ,  8.85199E-01 ,  8.34980E+00 , -1.58341E-04 ,  2.75249E-03 ,  2.39257E-08 ,  7.40201E-07 ,  9.29493E-08 ,  6.85659E-10 , -2.75614E-04 , -1.58065E-05 ,  1.54075E-03 
    5791 ,  8.86773E-01 ,  8.34980E+00 , -1.63442E-04 ,  2.82318E-03 ,  2.40238E-08 ,  7.41244E-07 ,  9.24613E-08 ,  6.92192E-10 , -2.82698E-04 , -1.63178E-05 ,  1.58992E-03 
    5801 ,  8.88347E-01 ,  8.34980E+00 , -1.68827E-04 ,  2.89877E-03 ,  2.42248E-08 ,  7.42284E-07 ,  9.18050E-08 ,  6.84581E-10 , -2.90255E-04 , -1.68561E-05 ,  1.64356E-03 
    5811 ,  8.89921E-01 ,  8.34980E+00 , -1.74235E-04 ,  2.97562E-03 ,  2.45051E-08 ,  7.43186E-07 ,  9.09935E-08 ,  6.77225E-10 , -2.97941E-04 , -1.73969E-05 ,  1.69872E-03 
    5821 ,  8.91495E-01 ,  8.34980E+00 , -1.79377E-04 ,  3.04937E-03 ,  2.48197E-08 ,  7.44188E-07 ,  9.01448E-08 ,  7.32150E-10 , -3.05321E-04 , -1.79122E-05 ,  1.75209E-03 
    5831 ,  8.93067E-01 ,  8.34980E+00 , -1.83667E-04 ,  3.11152E-03 ,  2.51343E-08 ,  7.45164E-07 ,  8.93875E-08 ,  6.94276E-10 , -3.11556E-04 , -1.83423E-05 ,  1.79776E-03 
    5841 ,  8.94640E-01 ,  8.34980E+00 , -1.86438E-04 ,  3.15242E-03 ,  2.54283E-08 ,  7.46096E-07 ,  8.87570E-08 ,  7.39060E-10 , -3.15633E-04 , -1.86190E-05 ,  1.82931E-03 
    5851 ,  8.96213E-01 ,  8.34980E+00 , -1.87740E-04 ,  3.17210E-03 ,  2.56319E-08 ,  7.46934E-07 ,  8.84086E-08 ,  7.16150E-10 , -3.17603E-04 , -1.87491E-05 ,  1.84625E-03 
    5861 ,  8.97786E-01 ,  8.34980E+00 , -1.86720E-04 ,  3.15800E-03 ,  2.57189E-08 ,  7.47785E-07 ,  8.84194E-08 ,  6.73975E-10 , -3.16191E-04 , -1.86463E-05 ,  1.84064E-03 
    5871 ,  8.99359E-01 ,  8.34980E+00 , -1.83520E-04 ,  3.11176E-03 ,  2.56542E-08 ,  7.48708E-07 ,  8.88384E-08 ,  6.52950E-10 , -3.11553E-04 , -1.83250E-05 ,  1.81294E-03 
    5881 ,  9.00932E-01 ,  8.34980E+00 , -1.78465E-04 ,  3.03759E-03 ,  2.54066E-08 ,  7.49783E-07 ,  8.96170E-08 ,  6.30894E-10 , -3.04132E-04 , -1.78188E-05 ,  1.76552E-03 
    5891 ,  9.02506E-01 ,  8.34980E+00 , -1.71336E-04 ,  2.93252E-03 ,  2.50112E-08 ,  7.51007E-07 ,  9.07614E-08 ,  6.60004E-10 , -2.93617E-04 , -1.71054E-05 ,  1.69681E-03 
    5901 ,  9.04081E-01 ,  8.34980E+00 , -1.63719E-04 ,  2.81926E-03 ,  2.44748E-08 ,  7.52213E-07 ,  9.21559E-08 ,  6.94813E-10 , -2.82289E-04 , -1.63435E-05 ,  1.62073E-03 
    5911 ,  9.05655E-01 ,  8.34980E+00 , -1.56072E-04 ,  2.70487E-03 ,  2.38823E-08 ,  7.53565E-07 ,  9.36507E-08 ,  6.03048E-10 , -2.70845E-04 , -1.55771E-05 ,  1.54298E-03 
    5921 ,  9.07230E-01 ,  8.34980E+00 , -1.49779E-04 ,  2.60918E-03 ,  2.32892E-08 ,  7.54997E-07 ,  9.50662E-08 ,  5.74530E-10 , -2.61287E-04 , -1.49475E-05 ,  1.47703E-03 
    5931 ,  9.08804E-01 ,  8.34980E+00 , -1.45517E-04 ,  2.54288E-03 ,  2.27903E-08 ,  7.56420E-07 ,  9.62033E-08 ,  6.15807E-10 , -2.54636E-04 , -1.45200E-05 ,  1.43021E-03 
    5941 ,  9.10378E-01 ,  8.34980E+00 , -1.44791E-04 ,  2.52674E-03 ,  2.23752E-08 ,  7.57812E-07 ,  9.69944E-08 ,  7.01066E-10 , -2.53022E-04 , -1.44480E-05 ,  1.41672E-03 
    5951 ,  9.11951E-01 ,  8.34980E+00 , -1.45155E-04 ,  2.52834E-03 ,  2.22142E-08 ,  7.59148E-07 ,  9.73445E-08 ,  7.21582E-10 , -2.53179E-04 , -1.44842E-05 ,  1.41688E-03 
    5961 ,  9.13524E-01 ,  8.34980E+00 , -1.48593E-04 ,  2.57444E-03 ,  2.22083E-08 ,  7.60283E-07 ,  9.72753E-08 ,  6.52940E-10 , -2.57788E-04 , -1.48271E-05 ,  1.44755E-03 
    5971 ,  9.15097E-01 ,  8.34980E+00 , -1.54389E-04 ,  2.65505E-03 ,  2.23536E-08 ,  7.61499E-07 ,  9.67468E-08 ,  7.09052E-10 , -2.65839E-04 , -1.54066E-05 ,  1.50216E-03 
    5981 ,  9.16669E-01 ,  8.34980E+00 , -1.60669E-04 ,  2.74417E-03 ,  2.26481E-08 ,  7.62588E-07 ,  9.59654E-08 ,  7.54176E-10 , -2.74765E-04 , -1.60363E-05 ,  1.56359E-03 
    5991 ,  9.18241E-01 ,  8.34980E+00 , -1.66631E-04 ,  2.83025E-03 ,  2.30492E-08 ,  7.63608E-07 ,  9.50502E-08 ,  7.93078E-10 , -2.83390E-04 , -1.66345E-05 ,  1.62383E-03 
    6001 ,  9.19814E-01 ,  8.34980E+00 , -1.72037E-04 ,  2.90982E-03 ,  2.35043E-08 ,  7.64519E-07 ,  9.41587E-08 ,  7.48683E-10 , -2.91349E-04 , -1.71748E-05 ,  1.67934E-03 
    6011 ,  9.21386E-01 ,  8.34980E+00 , -1.76257E-04 ,  2.97374E-03 ,  2.39702E-08 ,  7.65112E-07 ,  9.33580E-08 ,  6.45827E-10 , -2.97763E-04 , -1.75973E-05 ,  1.72371E-03 
    6021 ,  9.22958E-01 ,  8.34980E+00 , -1.78835E-04 ,  3.01573E-03 ,  2.44370E-08 ,  7.65394E-07 ,  9.27318E-08 ,  5.94927E-10 , -3.01944E-04 , -1.78534E-05 ,  1.75218E-03 
    6031 ,  9.24531E-01 ,  8.34980E+00 , -1.80531E-04 ,  3.04525E-03 ,  2.48198E-08 ,  7.65468E-07 ,  9.23291E-08 ,  6.16749E-10 , -3.04903E-04 , -1.80241E-05 ,  1.77099E-03 
    6041 ,  9.26103E-01 ,  8.34980E+00 , -1.80824E-04 ,  3.05549E-03 ,  2.51548E-08 ,  7.65405E-07 ,  9.21979E-08 ,  6.20031E-10 , -3.05926E-04 , -1.80535E-05 ,  1.77561E-03 
    6051 ,  9.27675E-01 ,  8.34980E+00 , -1.79693E-04 ,  3.04622E-03 ,  2.54435E-08 ,  7.65168E-07 ,  9.22715E-08 ,  5.72823E-10 , -3.05002E-04 , -1.79403E-05 ,  1.76586E-03 
    6061 ,  9.29247E-01 ,  8.34980E+00 , -1.78354E-04 ,  3.03312E-03 ,  2.56093E-08 ,  7.64737E-07 ,  9.25279E-08 ,  5.23824E-10 , -3.03695E-04 , -1.78062E-05 ,  1.75224E-03 
    6071 ,  9.30819E-01 ,  8.34980E+00 , -1.75610E-04 ,  3.00051E-03 ,  2.57376E-08 ,  7.64159E-07 ,  9.29785E-08 ,  4.92104E-10 , -3.00432E-04 , -1.75315E-05 ,  1.72487E-03 
    6081 ,  9.32391E-01 ,  8.34980E+00 , -1.72337E-04 ,  2.95950E-03 ,  2.57727E-08 ,  7.63620E-07 ,  9.35576E-08 ,  3.77693E-10 , -2.96315E-04 , -1.72017E-05 ,  1.69148E-03 
    6091 ,  9.33963E-01 ,  8.34980E+00 , -1.68960E-04 ,  2.91588E-03 ,  2.57074E-08 ,  7.63228E-07 ,  9.42316E-08 ,  3.88414E-10 , -2.91964E-04 , -1.68649E-05 ,  1.65596E-03 
    6101 ,  9.35534E-01 ,  8.34980E+00 , -1.65401E-04 ,  2.86863E-03 ,  2.55795E-08 ,  7.62962E-07 ,  9.49522E-08 ,  3.90562E-10 , -2.87246E-04 , -1.65095E-05 ,  1.61833E-03 
    6111 ,  9.37106E-01 ,  8.34980E+00 , -1.62473E-04 ,  2.82918E-03 ,  2.54079E-08 ,  7.62940E-07 ,  9.55879E-08 ,  4.18683E-10 , -2.83315E-04 , -1.62180E-05 ,  1.58638E-03 
    6121 ,  9.38678E-01 ,  8.34980E+00 , -1.60742E-04 ,  2.80577E-03 ,  2.52396E-08 ,  7.63138E-07 ,  9.60738E-08 ,  4.07778E-10 , -2.80972E-04 , -1.60444E-05 ,  1.56598E-03 
    6131 ,  9.40250E-01 ,  8.34980E+00 , -1.60684E-04 ,  2.80511E-03 ,  2.51006E-08 ,  7.63612E-07 ,  9.63554E-08 ,  4.20944E-10 , -2.80890E-04 , -1.60377E-05 ,  1.56216E-03 
    6141 ,  9.41822E-01 ,  8.34980E+00 , -1.62873E-04 ,  2.83556E-03 ,  2.50118E-08 ,  7.64280E-07 ,  9.63611E-08 ,  3.61368E-10 , -2.83910E-04 , -1.62539E-05 ,  1.58057E-03 
    6151 ,  9.43394E-01 ,  8.34980E+00 , -1.66039E-04 ,  2.88010E-03 ,  2.50410E-08 ,  7.65080E-07 ,  9.60396E-08 ,  2.92696E-10 , -2.88404E-04 , -1.65723E-05 ,  1.61081E-03 
    6161 ,  9.44967E-01 ,  8.34980E+00 , -1.72028E-04 ,  2.96309E-03 ,  2.50763E-08 ,  7.65900E-07 ,  9.54866E-08 ,  2.87689E-10 , -2.96678E-04 , -1.71690E-05 ,  1.66815E-03 
    6171 ,  9.46539E-01 ,  8.34980E+00 , -1.76288E-04 ,  3.02360E-03 ,  2.53090E-08 ,  7.66902E-07 ,  9.47643E-08 ,  2.44328E-10 , -3.02737E-04 , -1.75952E-05 ,  1.71343E-03 
    6181 ,  9.48111E-01 ,  8.34980E+00 , -1.81689E-04 ,  3.09889E-03 ,  2.54940E-08 ,  7.68031E-07 ,  9.39736E-08 ,  1.70013E-10 , -3.10283E-04 , -1.81356E-05 ,  1.76967E-03 
    6191 ,  9.49682E-01 ,  8.34980E+00 , -1.85472E-04 ,  3.15131E-03 ,  2.56888E-08 ,  7.69375E-07 ,  9.32586E-08 ,  2.68880E-10 , -3.15523E-04 , -1.85149E-05 ,  1.81196E-03 
    6201 ,  9.51253E-01 ,  8.34980E+00 , -1.87892E-04 ,  3.18391E-03 ,  2.58129E-08 ,  7.70779E-07 ,  9.27298E-08 ,  3.40766E-10 , -3.18786E-04 , -1.87577E-05 ,  1.84101E-03 
    6211 ,  9.52823E-01 ,  8.34980E+00 , -1.87908E-04 ,  3.18175E-03 ,  2.58413E-08 ,  7.72189E-07 ,  9.24845E-08 ,  3.93123E-10 , -3.18568E-04 , -1.87599E-05 ,  1.84706E-03 
    6221 ,  9.54393E-01 ,  8.34980E+00 , -1.85913E-04 ,  3.15021E-03 ,  2.57361E-08 ,  7.73668E-07 ,  9.26080E-08 ,  4.08288E-10 , -3.15409E-04 , -1.85602E-05 ,  1.83233E-03 
    6231 ,  9.55963E-01 ,  8.34980E+00 , -1.81913E-04 ,  3.08971E-03 ,  2.55172E-08 ,  7.75181E-07 ,  9.30555E-08 ,  4.25593E-10 , -3.09355E-04 , -1.81598E-05 ,  1.79685E-03 
    6241 ,  9.57533E-01 ,  8.34980E+00 , -1.76326E-04 ,  3.00643E-03 ,  2.52078E-08 ,  7.76624E-07 ,  9.38358E-08 ,  4.53137E-10 , -3.01017E-04 , -1.76005E-05 ,  1.74451E-03 
    6251 ,  9.59104E-01 ,  8.34980E+00 , -1.69940E-04 ,  2.91165E-03 ,  2.48175E-08 ,  7.78006E-07 ,  9.48478E-08 ,  4.47565E-10 , -2.91531E-04 , -1.69609E-05 ,  1.68243E-03 
    6261 ,  9.60674E-01 ,  8.34980E+00 , -1.63705E-04 ,  2.81930E-03 ,  2.43971E-08 ,  7.79178E-07 ,  9.59763E-08 ,  3.91619E-10 , -2.82292E-04 , -1.63363E-05 ,  1.61982E-03 
    6271 ,  9.62245E-01 ,  8.34980E+00 , -1.58117E-04 ,  2.73670E-03 ,  2.40014E-08 ,  7.80206E-07 ,  9.71075E-08 ,  3.28456E-10 , -2.74028E-04 , -1.57760E-05 ,  1.56230E-03 
    6281 ,  9.63816E-01 ,  8.34980E+00 , -1.54068E-04 ,  2.67705E-03 ,  2.36734E-08 ,  7.81049E-07 ,  9.81107E-08 ,  2.68355E-10 , -2.68074E-04 , -1.53709E-05 ,  1.51837E-03 
    6291 ,  9.65386E-01 ,  8.34980E+00 , -1.51310E-04 ,  2.63632E-03 ,  2.34369E-08 ,  7.81946E-07 ,  9.89102E-08 ,  3.16326E-10 , -2.63977E-04 , -1.50936E-05 ,  1.48728E-03 
    6301 ,  9.66956E-01 ,  8.34980E+00 , -1.51075E-04 ,  2.63231E-03 ,  2.32919E-08 ,  7.82741E-07 ,  9.93918E-08 ,  3.70188E-10 , -2.63595E-04 , -1.50719E-05 ,  1.47989E-03 
    6311 ,  9.68526E-01 ,  8.34980E+00 , -1.52133E-04 ,  2.64732E-03 ,  2.32784E-08 ,  7.83413E-07 ,  9.95588E-08 ,  3.98627E-10 , -2.65085E-04 , -1.51772E-05 ,  1.48677E-03 
    6321 ,  9.70096E-01 ,  8.34980E+00 , -1.54698E-04 ,  2.68387E-03 ,  2.33477E-08 ,  7.84056E-07 ,  9.94654E-08 ,  3.42012E-10 , -2.68765E-04 , -1.54346E-05 ,  1.50933E-03 
    6331 ,  9.71666E-01 ,  8.34980E+00 , -1.58479E-04 ,  2.73747E-03 ,  2.34712E-08 ,  7.84777E-07 ,  9.91663E-08 ,  3.05829E-10 , -2.74108E-04 , -1.58109E-05 ,  1.54463E-03 
    6341 ,  9.73235E-01 ,  8.34980E+00 , -1.63332E-04 ,  2.80502E-03 ,  2.35714E-08 ,  7.85696E-07 ,  9.87264E-08 ,  3.75767E-10 , -2.80899E-04 , -1.62998E-05 ,  1.59091E-03 
    6351 ,  9.74805E-01 ,  8.34980E+00 , -1.66844E-04 ,  2.85465E-03 ,  2.37853E-08 ,  7.86694E-07 ,  9.82288E-08 ,  4.01304E-10 , -2.85830E-04 , -1.66490E-05 ,  1.62705E-03 
    6361 ,  9.76376E-01 ,  8.34980E+00 , -1.70837E-04 ,  2.90946E-03 ,  2.39252E-08 ,  7.87888E-07 ,  9.77071E-08 ,  4.42549E-10 , -2.91304E-04 , -1.70484E-05 ,  1.66797E-03 
    6371 ,  9.77946E-01 ,  8.34980E+00 , -1.73891E-04 ,  2.95087E-03 ,  2.40529E-08 ,  7.89305E-07 ,  9.72258E-08 ,  4.29792E-10 , -2.95458E-04 , -1.73547E-05 ,  1.70064E-03 
    6381 ,  9.79517E-01 ,  8.34980E+00 , -1.76112E-04 ,  2.98009E-03 ,  2.41419E-08 ,  7.90742E-07 ,  9.68454E-08 ,  4.34244E-10 , -2.98376E-04 , -1.75765E-05 ,  1.72536E-03 
    6391 ,  9.81088E-01 ,  8.34980E+00 , -1.76969E-04 ,  2.98943E-03 ,  2.41750E-08 ,  7.92231E-07 ,  9.66333E-08 ,  3.91207E-10 , -2.99321E-04 , -1.76623E-05 ,  1.73739E-03 
    6401 ,  9.82659E-01 ,  8.34980E+00 , -1.76055E-04 ,  2.97381E-03 ,  2.41594E-08 ,  7.93795E-07 ,  9.66820E-08 ,  3.56193E-10 , -2.97751E-04 , -1.75695E-05 ,  1.73197E-03 
    6411 ,  9.84229E-01 ,  8.34980E+00 , -1.73639E-04 ,  2.93762E-03 ,  2.41160E-08 ,  7.95085E-07 ,  9.69711E-08 ,  2.97159E-10 , -2.94123E-04 , -1.73263E-05 ,  1.71143E-03 
    6421 ,  9.85799E-01 ,  8.34980E+00 , -1.70769E-04 ,  2.89557E-03 ,  2.40215E-08 ,  7.96193E-07 ,  9.74617E-08 ,  2.93088E-10 , -2.89918E-04 , -1.70393E-05 ,  1.68450E-03 
    6431 ,  9.87368E-01 ,  8.34980E+00 , -1.66818E-04 ,  2.83966E-03 ,  2.39394E-08 ,  7.97093E-07 ,  9.81310E-08 ,  2.99691E-10 , -2.84331E-04 , -1.66446E-05 ,  1.64621E-03 
    6441 ,  9.88937E-01 ,  8.34980E+00 , -1.61512E-04 ,  2.76754E-03 ,  2.39529E-08 ,  7.97635E-07 ,  9.88573E-08 ,  2.55102E-10 , -2.77104E-04 , -1.61124E-05 ,  1.59433E-03 
    6451 ,  9.90505E-01 ,  8.34980E+00 , -1.58448E-04 ,  2.72568E-03 ,  2.38297E-08 ,  7.97872E-07 ,  9.96579E-08 ,  3.23934E-10 , -2.72922E-04 , -1.58070E-05 ,  1.56056E-03 
    6461 ,  9.92073E-01 ,  8.34980E+00 , -1.55374E-04 ,  2.68628E-03 ,  2.38143E-08 ,  7.97788E-07 ,  1.00397E-07 ,  2.98959E-10 , -2.68986E-04 , -1.54996E-05 ,  1.52626E-03 
    6471 ,  9.93641E-01 ,  8.34980E+00 , -1.53872E-04 ,  2.67084E-03 ,  2.38781E-08 ,  7.97477E-07 ,  1.00981E-07 ,  2.45282E-10 , -2.67434E-04 , -1.53481E-05 ,  1.50592E-03 
    6481 ,  9.95209E-01 ,  8.34980E+00 , -1.53964E-04 ,  2.67818E-03 ,  2.39997E-08 ,  7.96929E-07 ,  1.01316E-07 ,  1.45289E-10 , -2.68177E-04 , -1.53569E-05 ,  1.50142E-03 
    6491 ,  9.96778E-01 ,  8.34980E+00 , -1.55791E-04 ,  2.71116E-03 ,  2.42330E-08 ,  7.96242E-07 ,  1.01375E-07 ,  1.91032E-11 , -2.71472E-04 , -1.55379E-05 ,  1.51434E-03 
    6501 ,  9.98347E-01 ,  8.34980E+00 , -1.59931E-04 ,  2.77735E-03 ,  2.45597E-08 ,  7.95613E-07 ,  1.01052E-07 , -2.82665E-11 , -2.78099E-04 , -1.59522E-05 ,  1.55039E-03 
    6511 ,  9.99916E-01 ,  8.34980E+00 , -1.66043E-04 ,  2.87144E-03 ,  2.49691E-08 ,  7.95019E-07 ,  1.00371E-07 ,  1.68499E-11 , -2.87521E-04 , -1.65653E-05 ,  1.60688E-03 
    6521 ,  1.00149E+00 ,  8.34980E+00 , -1.72460E-04 ,  2.96942E-03 ,  2.54441E-08 ,  7.94643E-07 ,  9.94711E-08 ,  8.96286E-11 , -2.97318E-04 , -1.72080E-05 ,  1.66903E-03 
    6531 ,  1.00305E+00 ,  8.34980E+00 , -1.79000E-04 ,  3.06823E-03 ,  2.59174E-08 ,  7.94431E-07 ,  9.84904E-08 ,  1.25065E-10 , -3.07220E-04 , -1.78643E-05 ,  1.73427E-03 
    6541 ,  1.00462E+00 ,  8.34980E+00 , -1.84767E-04 ,  3.15455E-03 ,  2.63337E-08 ,  7.94564E-07 ,  9.75588E-08 ,  1.82111E-10 , -3.15839E-04 , -1.84408E-05 ,  1.79366E-03 
    6551 ,  1.00619E+00 ,  8.34980E+00 , -1.88936E-04 ,  3.21621E-03 ,  2.66402E-08 ,  7.95015E-07 ,  9.67868E-08 ,  1.41018E-10 , -3.22007E-04 , -1.88573E-05 ,  1.83904E-03 
    6561 ,  1.00776E+00 ,  8.34980E+00 , -1.91373E-04 ,  3.25191E-03 ,  2.68240E-08 ,  7.95718E-07 ,  9.62174E-08 ,  9.13651E-11 , -3.25584E-04 , -1.91010E-05 ,  1.86775E-03 
    6571 ,  1.00933E+00 ,  8.34980E+00 , -1.91798E-04 ,  3.25666E-03 ,  2.68285E-08 ,  7.96701E-07 ,  9.59140E-08 ,  2.05112E-10 , -3.26065E-04 , -1.91455E-05 ,  1.87695E-03 
    6581 ,  1.01090E+00 ,  8.34980E+00 , -1.89747E-04 ,  3.22447E-03 ,  2.66850E-08 ,  7.97860E-07 ,  9.59786E-08 ,  1.46350E-10 , -3.22848E-04 , -1.89396E-05 ,  1.86223E-03 
    6591 ,  1.01247E+00 ,  8.34980E+00 , -1.86575E-04 ,  3.17521E-03 ,  2.64077E-08 ,  7.99180E-07 ,  9.63545E-08 ,  1.32906E-10 , -3.17917E-04 , -1.86218E-05 ,  1.83481E-03 
    6601 ,  1.01404E+00 ,  8.34980E+00 , -1.81550E-04 ,  3.09845E-03 ,  2.60258E-08 ,  8.00587E-07 ,  9.70087E-08 ,  1.12488E-10 , -3.10232E-04 , -1.81182E-05 ,  1.78904E-03 
    6611 ,  1.01560E+00 ,  8.34980E+00 , -1.75904E-04 ,  3.01239E-03 ,  2.55737E-08 ,  8.02116E-07 ,  9.78985E-08 ,  1.07582E-10 , -3.01621E-04 , -1.75530E-05 ,  1.73566E-03 
    6621 ,  1.01717E+00 ,  8.34980E+00 , -1.70013E-04 ,  2.92270E-03 ,  2.50842E-08 ,  8.03733E-07 ,  9.88832E-08 ,  8.79646E-11 , -2.92653E-04 , -1.69637E-05 ,  1.67856E-03 
    6631 ,  1.01874E+00 ,  8.34980E+00 , -1.64291E-04 ,  2.83559E-03 ,  2.45932E-08 ,  8.05240E-07 ,  9.99291E-08 ,  7.01630E-11 , -2.83942E-04 , -1.63908E-05 ,  1.62170E-03 
    6641 ,  1.02031E+00 ,  8.34980E+00 , -1.58934E-04 ,  2.75409E-03 ,  2.41339E-08 ,  8.06715E-07 ,  1.00930E-07 ,  1.29894E-10 , -2.75780E-04 , -1.58545E-05 ,  1.56766E-03 
    6651 ,  1.02188E+00 ,  8.34980E+00 , -1.54615E-04 ,  2.68844E-03 ,  2.37523E-08 ,  8.08041E-07 ,  1.01841E-07 ,  1.45644E-10 , -2.69199E-04 , -1.54209E-05 ,  1.52286E-03 
    6661 ,  1.02344E+00 ,  8.34980E+00 , -1.51945E-04 ,  2.64729E-03 ,  2.34557E-08 ,  8.09193E-07 ,  1.02589E-07 ,  4.40937E-11 , -2.65088E-04 , -1.51528E-05 ,  1.49324E-03 
    6671 ,  1.02501E+00 ,  8.34980E+00 , -1.50972E-04 ,  2.63167E-03 ,  2.32874E-08 ,  8.10249E-07 ,  1.03092E-07 ,  9.90993E-11 , -2.63520E-04 , -1.50557E-05 ,  1.47993E-03 
    6681 ,  1.02658E+00 ,  8.34980E+00 , -1.51648E-04 ,  2.64057E-03 ,  2.32465E-08 ,  8.11124E-07 ,  1.03307E-07 ,  9.79582E-11 , -2.64406E-04 , -1.51231E-05 ,  1.48342E-03 
    6691 ,  1.02814E+00 ,  8.34980E+00 , -1.54598E-04 ,  2.68291E-03 ,  2.33286E-08 ,  8.11825E-07 ,  1.03176E-07 ,  1.01764E-10 , -2.68657E-04 , -1.54191E-05 ,  1.50906E-03 
    6701 ,  1.02971E+00 ,  8.34980E+00 , -1.58723E-04 ,  2.74261E-03 ,  2.35183E-08 ,  8.12511E-07 ,  1.02782E-07 ,  9.85116E-11 , -2.74611E-04 , -1.58306E-05 ,  1.54746E-03 
    6711 ,  1.03127E+00 ,  8.34980E+00 , -1.63717E-04 ,  2.81521E-03 ,  2.37874E-08 ,  8.13064E-07 ,  1.02182E-07 ,  1.61034E-10 , -2.81897E-04 , -1.63329E-05 ,  1.59564E-03 
    6721 ,  1.03284E+00 ,  8.34980E+00 , -1.69129E-04 ,  2.89409E-03 ,  2.41204E-08 ,  8.13697E-07 ,  1.01440E-07 ,  2.35554E-10 , -2.89780E-04 , -1.68748E-05 ,  1.64925E-03 
    6731 ,  1.03441E+00 ,  8.34980E+00 , -1.74185E-04 ,  2.96742E-03 ,  2.44430E-08 ,  8.14355E-07 ,  1.00691E-07 ,  2.13220E-10 , -2.97109E-04 , -1.73798E-05 ,  1.70065E-03 
    6741 ,  1.03598E+00 ,  8.34980E+00 , -1.77932E-04 ,  3.02148E-03 ,  2.47137E-08 ,  8.15177E-07 ,  1.00104E-07 ,  1.37024E-10 , -3.02514E-04 , -1.77532E-05 ,  1.74040E-03 
    6751 ,  1.03754E+00 ,  8.34980E+00 , -1.80044E-04 ,  3.05101E-03 ,  2.48744E-08 ,  8.16169E-07 ,  9.97486E-08 ,  8.25679E-11 , -3.05478E-04 , -1.79648E-05 ,  1.76469E-03 
    6761 ,  1.03911E+00 ,  8.34980E+00 , -1.79913E-04 ,  3.04730E-03 ,  2.49076E-08 ,  8.17348E-07 ,  9.96471E-08 ,  9.50733E-13 , -3.05112E-04 , -1.79510E-05 ,  1.76753E-03 
    6771 ,  1.04068E+00 ,  8.34980E+00 , -1.77866E-04 ,  3.01497E-03 ,  2.47884E-08 ,  8.18603E-07 ,  9.98519E-08 , -1.58280E-11 , -3.01885E-04 , -1.77464E-05 ,  1.75087E-03 
    6781 ,  1.04225E+00 ,  8.34980E+00 , -1.74039E-04 ,  2.95624E-03 ,  2.45425E-08 ,  8.20130E-07 ,  1.00354E-07 ,  4.27956E-11 , -2.95996E-04 , -1.73628E-05 ,  1.71601E-03 
    6791 ,  1.04381E+00 ,  8.34980E+00 , -1.69094E-04 ,  2.88108E-03 ,  2.42085E-08 ,  8.21712E-07 ,  1.01139E-07 ,  1.17126E-10 , -2.88481E-04 , -1.68689E-05 ,  1.66904E-03 
    6801 ,  1.04538E+00 ,  8.34980E+00 , -1.63439E-04 ,  2.79557E-03 ,  2.38150E-08 ,  8.23299E-07 ,  1.02177E-07 ,  6.52894E-11 , -2.79919E-04 , -1.63018E-05 ,  1.61390E-03 
    6811 ,  1.04695E+00 ,  8.34980E+00 , -1.58016E-04 ,  2.71380E-03 ,  2.34163E-08 ,  8.24801E-07 ,  1.03262E-07 ,  8.37177E-11 , -2.71734E-04 , -1.57585E-05 ,  1.55953E-03 
    6821 ,  1.04851E+00 ,  8.34980E+00 , -1.53655E-04 ,  2.64827E-03 ,  2.30656E-08 ,  8.26105E-07 ,  1.04304E-07 ,  1.07485E-10 , -2.65185E-04 , -1.53226E-05 ,  1.51398E-03 
    6831 ,  1.05008E+00 ,  8.34980E+00 , -1.50598E-04 ,  2.60289E-03 ,  2.28190E-08 ,  8.27125E-07 ,  1.05171E-07 ,  1.05657E-10 , -2.60647E-04 , -1.50165E-05 ,  1.48038E-03 
    6841 ,  1.05165E+00 ,  8.34980E+00 , -1.49278E-04 ,  2.58431E-03 ,  2.27190E-08 ,  8.27799E-07 ,  1.05760E-07 , -7.15369E-11 , -2.58793E-04 , -1.48825E-05 ,  1.46327E-03 
    6851 ,  1.05321E+00 ,  8.34980E+00 , -1.49770E-04 ,  2.59338E-03 ,  2.27697E-08 ,  8.28092E-07 ,  1.06025E-07 , -3.60640E-11 , -2.59674E-04 , -1.49304E-05 ,  1.46394E-03 
    6861 ,  1.05478E+00 ,  8.34980E+00 , -1.52089E-04 ,  2.63040E-03 ,  2.29655E-08 ,  8.28169E-07 ,  1.06034E-07 , -3.40208E-11 , -2.63395E-04 , -1.51638E-05 ,  1.48249E-03 
    6871 ,  1.05635E+00 ,  8.34980E+00 , -1.55759E-04 ,  2.68827E-03 ,  2.33080E-08 ,  8.27951E-07 ,  1.05685E-07 , -6.60541E-11 , -2.69173E-04 , -1.55303E-05 ,  1.51518E-03 
    6881 ,  1.05791E+00 ,  8.34980E+00 , -1.60637E-04 ,  2.76474E-03 ,  2.37647E-08 ,  8.27576E-07 ,  1.05074E-07 , -7.48563E-11 , -2.76837E-04 , -1.60196E-05 ,  1.56054E-03 
    6891 ,  1.05948E+00 ,  8.34980E+00 , -1.66301E-04 ,  2.85334E-03 ,  2.43103E-08 ,  8.27013E-07 ,  1.04266E-07 , -9.60639E-11 , -2.85702E-04 , -1.65861E-05 ,  1.61450E-03 
    6901 ,  1.06104E+00 ,  8.34980E+00 , -1.72116E-04 ,  2.94466E-03 ,  2.48981E-08 ,  8.26480E-07 ,  1.03369E-07 , -1.90536E-10 , -2.94824E-04 , -1.71661E-05 ,  1.67106E-03 
    6911 ,  1.06261E+00 ,  8.34980E+00 , -1.77769E-04 ,  3.03346E-03 ,  2.54676E-08 ,  8.25935E-07 ,  1.02483E-07 , -2.70659E-10 , -3.03735E-04 , -1.77331E-05 ,  1.72689E-03 
    6921 ,  1.06417E+00 ,  8.34980E+00 , -1.82614E-04 ,  3.10990E-03 ,  2.59854E-08 ,  8.25541E-07 ,  1.01644E-07 , -2.96800E-10 , -3.11381E-04 , -1.82177E-05 ,  1.77601E-03 
    6931 ,  1.06574E+00 ,  8.34980E+00 , -1.86374E-04 ,  3.16969E-03 ,  2.64023E-08 ,  8.25314E-07 ,  1.00950E-07 , -2.53316E-10 , -3.17372E-04 , -1.85953E-05 ,  1.81516E-03 
    6941 ,  1.06730E+00 ,  8.34980E+00 , -1.88489E-04 ,  3.20461E-03 ,  2.66976E-08 ,  8.25326E-07 ,  1.00495E-07 , -2.45633E-10 , -3.20865E-04 , -1.88071E-05 ,  1.83892E-03 
    6951 ,  1.06887E+00 ,  8.34980E+00 , -1.88717E-04 ,  3.21068E-03 ,  2.68317E-08 ,  8.25574E-07 ,  1.00307E-07 , -1.47811E-10 , -3.21475E-04 , -1.88313E-05 ,  1.84455E-03 
    6961 ,  1.07044E+00 ,  8.34980E+00 , -1.86994E-04 ,  3.18707E-03 ,  2.68034E-08 ,  8.26052E-07 ,  1.00418E-07 , -5.21588E-11 , -3.19120E-04 , -1.86606E-05 ,  1.83110E-03 
    6971 ,  1.07200E+00 ,  8.34980E+00 , -1.83732E-04 ,  3.13969E-03 ,  2.66242E-08 ,  8.26720E-07 ,  1.00813E-07 , -5.24840E-11 , -3.14363E-04 , -1.83330E-05 ,  1.80196E-03 
    6981 ,  1.07357E+00 ,  8.34980E+00 , -1.79212E-04 ,  3.07287E-03 ,  2.63133E-08 ,  8.27551E-07 ,  1.01477E-07 ,  1.10383E-11 , -3.07668E-04 , -1.78805E-05 ,  1.75959E-03 
    6991 ,  1.07514E+00 ,  8.34980E+00 , -1.73736E-04 ,  2.99116E-03 ,  2.59054E-08 ,  8.28662E-07 ,  1.02287E-07 ,  2.00175E-11 , -2.99493E-04 , -1.73324E-05 ,  1.70709E-03 
    7001 ,  1.07670E+00 ,  8.34980E+00 , -1.68271E-04 ,  2.90892E-03 ,  2.54460E-08 ,  8.29933E-07 ,  1.03162E-07 , -5.02855E-12 , -2.91268E-04 , -1.67854E-05 ,  1.65338E-03 
    7011 ,  1.07827E+00 ,  8.34980E+00 , -1.63296E-04 ,  2.83344E-03 ,  2.49862E-08 ,  8.31265E-07 ,  1.04054E-07 , -1.21547E-10 , -2.83721E-04 , -1.62862E-05 ,  1.60343E-03 
    7021 ,  1.07983E+00 ,  8.34980E+00 , -1.59648E-04 ,  2.77657E-03 ,  2.45422E-08 ,  8.32671E-07 ,  1.04835E-07 , -1.07565E-10 , -2.78025E-04 , -1.59210E-05 ,  1.56530E-03 
    7031 ,  1.08140E+00 ,  8.34980E+00 , -1.56907E-04 ,  2.73363E-03 ,  2.42103E-08 ,  8.34026E-07 ,  1.05450E-07 , -1.56282E-10 , -2.73741E-04 , -1.56466E-05 ,  1.53644E-03 
    7041 ,  1.08296E+00 ,  8.34980E+00 , -1.56505E-04 ,  2.72426E-03 ,  2.39639E-08 ,  8.35286E-07 ,  1.05856E-07 , -1.12370E-10 , -2.72796E-04 , -1.56065E-05 ,  1.52970E-03 
    7051 ,  1.08453E+00 ,  8.34980E+00 , -1.57566E-04 ,  2.73665E-03 ,  2.38517E-08 ,  8.36369E-07 ,  1.06023E-07 , -1.09774E-10 , -2.74033E-04 , -1.57120E-05 ,  1.53824E-03 
    7061 ,  1.08609E+00 ,  8.34980E+00 , -1.60463E-04 ,  2.77550E-03 ,  2.38252E-08 ,  8.37407E-07 ,  1.05936E-07 , -1.67847E-10 , -2.77929E-04 , -1.60020E-05 ,  1.56494E-03 
    7071 ,  1.08765E+00 ,  8.34980E+00 , -1.63502E-04 ,  2.81754E-03 ,  2.39267E-08 ,  8.38480E-07 ,  1.05604E-07 , -1.77184E-10 , -2.82135E-04 , -1.63059E-05 ,  1.59507E-03 
    7081 ,  1.08922E+00 ,  8.34980E+00 , -1.67109E-04 ,  2.86809E-03 ,  2.40841E-08 ,  8.39472E-07 ,  1.05148E-07 , -1.52046E-10 , -2.87197E-04 , -1.66673E-05 ,  1.63139E-03 
    7091 ,  1.09078E+00 ,  8.34980E+00 , -1.70562E-04 ,  2.91685E-03 ,  2.42754E-08 ,  8.40486E-07 ,  1.04690E-07 , -1.45381E-10 , -2.92059E-04 , -1.70115E-05 ,  1.66695E-03 
    7101 ,  1.09235E+00 ,  8.34980E+00 , -1.73255E-04 ,  2.95503E-03 ,  2.44577E-08 ,  8.41544E-07 ,  1.04261E-07 , -1.77853E-10 , -2.95893E-04 , -1.72814E-05 ,  1.69563E-03 
    7111 ,  1.09391E+00 ,  8.34980E+00 , -1.74837E-04 ,  2.97746E-03 ,  2.46082E-08 ,  8.42654E-07 ,  1.04000E-07 , -1.76350E-10 , -2.98132E-04 , -1.74394E-05 ,  1.71371E-03 
    7121 ,  1.09547E+00 ,  8.34980E+00 , -1.75419E-04 ,  2.98558E-03 ,  2.47067E-08 ,  8.43641E-07 ,  1.03861E-07 , -1.06076E-10 , -2.98941E-04 , -1.74982E-05 ,  1.72171E-03 
    7131 ,  1.09704E+00 ,  8.34980E+00 , -1.75110E-04 ,  2.98066E-03 ,  2.47355E-08 ,  8.44627E-07 ,  1.03923E-07 , -1.38618E-10 , -2.98443E-04 , -1.74662E-05 ,  1.72048E-03 
    7141 ,  1.09860E+00 ,  8.34980E+00 , -1.73535E-04 ,  2.95734E-03 ,  2.46998E-08 ,  8.45659E-07 ,  1.04156E-07 , -1.53513E-10 , -2.96113E-04 , -1.73088E-05 ,  1.70686E-03 
    7151 ,  1.10017E+00 ,  8.34980E+00 , -1.71232E-04 ,  2.92300E-03 ,  2.45850E-08 ,  8.46716E-07 ,  1.04573E-07 , -1.79352E-10 , -2.92650E-04 , -1.70759E-05 ,  1.68516E-03 
    7161 ,  1.10173E+00 ,  8.34980E+00 , -1.67987E-04 ,  2.87470E-03 ,  2.43912E-08 ,  8.47842E-07 ,  1.05193E-07 , -2.15208E-10 , -2.87852E-04 , -1.67530E-05 ,  1.65377E-03 
    7171 ,  1.10329E+00 ,  8.34980E+00 , -1.64235E-04 ,  2.81867E-03 ,  2.41491E-08 ,  8.49050E-07 ,  1.05887E-07 , -2.48845E-11 , -2.82250E-04 , -1.63799E-05 ,  1.61689E-03 
    7181 ,  1.10486E+00 ,  8.34980E+00 , -1.60687E-04 ,  2.76504E-03 ,  2.38656E-08 ,  8.50386E-07 ,  1.06670E-07 ,  1.77721E-12 , -2.76875E-04 , -1.60240E-05 ,  1.58094E-03 
    7191 ,  1.10642E+00 ,  8.34980E+00 , -1.57273E-04 ,  2.71301E-03 ,  2.35714E-08 ,  8.51665E-07 ,  1.07442E-07 ,  6.99332E-11 , -2.71661E-04 , -1.56822E-05 ,  1.54587E-03 
    7201 ,  1.10799E+00 ,  8.34980E+00 , -1.54643E-04 ,  2.67232E-03 ,  2.33001E-08 ,  8.52909E-07 ,  1.08135E-07 ,  1.46704E-10 , -2.67586E-04 , -1.54188E-05 ,  1.51782E-03 
    7211 ,  1.10955E+00 ,  8.34980E+00 , -1.52955E-04 ,  2.64521E-03 ,  2.30723E-08 ,  8.54149E-07 ,  1.08696E-07 ,  2.00430E-10 , -2.64881E-04 , -1.52509E-05 ,  1.49882E-03 
    7221 ,  1.11111E+00 ,  8.34980E+00 , -1.52483E-04 ,  2.63584E-03 ,  2.29111E-08 ,  8.55256E-07 ,  1.09118E-07 ,  2.53171E-10 , -2.63934E-04 , -1.52031E-05 ,  1.49151E-03 
    7231 ,  1.11268E+00 ,  8.34980E+00 , -1.52881E-04 ,  2.64003E-03 ,  2.28538E-08 ,  8.56264E-07 ,  1.09362E-07 ,  1.03702E-10 , -2.64388E-04 , -1.52433E-05 ,  1.49331E-03 
    7241 ,  1.11424E+00 ,  8.34980E+00 , -1.54852E-04 ,  2.66765E-03 ,  2.29031E-08 ,  8.57124E-07 ,  1.09383E-07 , -1.05376E-11 , -2.67118E-04 , -1.54371E-05 ,  1.51036E-03 
    7251 ,  1.11581E+00 ,  8.34980E+00 , -1.58178E-04 ,  2.71595E-03 ,  2.30692E-08 ,  8.57788E-07 ,  1.09184E-07 , -8.91934E-11 , -2.71948E-04 , -1.57688E-05 ,  1.54104E-03 
    7261 ,  1.11737E+00 ,  8.34980E+00 , -1.62142E-04 ,  2.77511E-03 ,  2.33565E-08 ,  8.58277E-07 ,  1.08721E-07 , -9.75175E-11 , -2.77891E-04 , -1.61671E-05 ,  1.57880E-03 
    7271 ,  1.11893E+00 ,  8.34980E+00 , -1.66322E-04 ,  2.83816E-03 ,  2.37208E-08 ,  8.58520E-07 ,  1.08079E-07 , -6.71544E-11 , -2.84181E-04 , -1.65847E-05 ,  1.61997E-03 
    7281 ,  1.12050E+00 ,  8.34980E+00 , -1.70654E-04 ,  2.90564E-03 ,  2.41848E-08 ,  8.58686E-07 ,  1.07399E-07 ,  1.69531E-11 , -2.90937E-04 , -1.70198E-05 ,  1.66281E-03 
    7291 ,  1.12206E+00 ,  8.34980E+00 , -1.74407E-04 ,  2.96430E-03 ,  2.46126E-08 ,  8.58722E-07 ,  1.06764E-07 ,  1.52257E-11 , -2.96818E-04 , -1.73962E-05 ,  1.70105E-03 
    7301 ,  1.12362E+00 ,  8.34980E+00 , -1.77107E-04 ,  3.00872E-03 ,  2.50279E-08 ,  8.58754E-07 ,  1.06288E-07 ,  4.54914E-11 , -3.01262E-04 , -1.76668E-05 ,  1.72925E-03 
    7311 ,  1.12519E+00 ,  8.34980E+00 , -1.78308E-04 ,  3.03224E-03 ,  2.54054E-08 ,  8.58726E-07 ,  1.05977E-07 ,  2.27830E-11 , -3.03604E-04 , -1.77861E-05 ,  1.74309E-03 
    7321 ,  1.12675E+00 ,  8.34980E+00 , -1.79105E-04 ,  3.04885E-03 ,  2.56502E-08 ,  8.58524E-07 ,  1.05870E-07 ,  4.57296E-11 , -3.05286E-04 , -1.78675E-05 ,  1.75168E-03 
    7331 ,  1.12831E+00 ,  8.34980E+00 , -1.77704E-04 ,  3.03443E-03 ,  2.58589E-08 ,  8.58395E-07 ,  1.05972E-07 ,  4.80407E-11 , -3.03828E-04 , -1.77264E-05 ,  1.73979E-03 
    7341 ,  1.12987E+00 ,  8.34980E+00 , -1.76063E-04 ,  3.01507E-03 ,  2.59192E-08 ,  8.58279E-07 ,  1.06265E-07 ,  1.03647E-10 , -3.01905E-04 , -1.75640E-05 ,  1.72387E-03 
    7351 ,  1.13144E+00 ,  8.34980E+00 , -1.73784E-04 ,  2.98559E-03 ,  2.58827E-08 ,  8.58238E-07 ,  1.06672E-07 ,  1.32598E-10 , -2.98944E-04 , -1.73354E-05 ,  1.70094E-03 
    7361 ,  1.13300E+00 ,  8.34980E+00 , -1.71015E-04 ,  2.94828E-03 ,  2.57756E-08 ,  8.58335E-07 ,  1.07150E-07 ,  9.79692E-11 , -2.95200E-04 , -1.70572E-05 ,  1.67266E-03 
    7371 ,  1.13456E+00 ,  8.34980E+00 , -1.68399E-04 ,  2.91234E-03 ,  2.56221E-08 ,  8.58597E-07 ,  1.07674E-07 ,  7.84263E-11 , -2.91624E-04 , -1.67966E-05 ,  1.64541E-03 
    7381 ,  1.13613E+00 ,  8.34980E+00 , -1.66321E-04 ,  2.88334E-03 ,  2.54584E-08 ,  8.59004E-07 ,  1.08141E-07 ,  6.74374E-11 , -2.88722E-04 , -1.65886E-05 ,  1.62330E-03 
    7391 ,  1.13769E+00 ,  8.34980E+00 , -1.65047E-04 ,  2.86496E-03 ,  2.52963E-08 ,  8.59661E-07 ,  1.08521E-07 ,  4.31011E-11 , -2.86894E-04 , -1.64616E-05 ,  1.60910E-03 
    7401 ,  1.13925E+00 ,  8.34980E+00 , -1.64770E-04 ,  2.86024E-03 ,  2.51616E-08 ,  8.60424E-07 ,  1.08800E-07 , -2.14483E-11 , -2.86414E-04 , -1.64324E-05 ,  1.60489E-03 
    7411 ,  1.14082E+00 ,  8.34980E+00 , -1.65457E-04 ,  2.86872E-03 ,  2.50603E-08 ,  8.61210E-07 ,  1.08868E-07 , -1.32412E-11 , -2.87260E-04 , -1.65007E-05 ,  1.61058E-03 
    7421 ,  1.14238E+00 ,  8.34980E+00 , -1.66844E-04 ,  2.88669E-03 ,  2.49905E-08 ,  8.62103E-07 ,  1.08823E-07 , -3.75615E-11 , -2.89066E-04 , -1.66396E-05 ,  1.62393E-03 
    7431 ,  1.14394E+00 ,  8.34980E+00 , -1.68532E-04 ,  2.90868E-03 ,  2.49604E-08 ,  8.63101E-07 ,  1.08650E-07 ,  4.05445E-11 , -2.91250E-04 , -1.68081E-05 ,  1.64120E-03 
    7441 ,  1.14550E+00 ,  8.34980E+00 , -1.70577E-04 ,  2.93511E-03 ,  2.49319E-08 ,  8.64267E-07 ,  1.08425E-07 ,  6.83773E-11 , -2.93885E-04 , -1.70123E-05 ,  1.66250E-03 
    7451 ,  1.14707E+00 ,  8.34980E+00 , -1.72359E-04 ,  2.95808E-03 ,  2.49326E-08 ,  8.65532E-07 ,  1.08214E-07 ,  8.08419E-11 , -2.96206E-04 , -1.71922E-05 ,  1.68194E-03 
    7461 ,  1.14863E+00 ,  8.34980E+00 , -1.73946E-04 ,  2.97775E-03 ,  2.49177E-08 ,  8.66801E-07 ,  1.08012E-07 ,  1.57235E-11 , -2.98174E-04 , -1.73501E-05 ,  1.69973E-03 
    7471 ,  1.15019E+00 ,  8.34980E+00 , -1.74807E-04 ,  2.98698E-03 ,  2.48906E-08 ,  8.68001E-07 ,  1.07884E-07 , -2.10515E-11 , -2.99081E-04 , -1.74346E-05 ,  1.71092E-03 
    7481 ,  1.15175E+00 ,  8.34980E+00 , -1.75114E-04 ,  2.98839E-03 ,  2.48365E-08 ,  8.69404E-07 ,  1.07879E-07 , -2.82166E-11 , -2.99235E-04 , -1.74660E-05 ,  1.71643E-03 
    7491 ,  1.15331E+00 ,  8.34980E+00 , -1.74523E-04 ,  2.97705E-03 ,  2.47637E-08 ,  8.70837E-07 ,  1.07939E-07 , -3.54932E-11 , -2.98107E-04 , -1.74070E-05 ,  1.71320E-03 
    7501 ,  1.15488E+00 ,  8.34980E+00 , -1.73058E-04 ,  2.95354E-03 ,  2.46697E-08 ,  8.72228E-07 ,  1.08091E-07 , -5.54796E-12 , -2.95734E-04 , -1.72590E-05 ,  1.70116E-03 
    7511 ,  1.15644E+00 ,  8.34980E+00 , -1.70860E-04 ,  2.91969E-03 ,  2.45331E-08 ,  8.73548E-07 ,  1.08440E-07 , -5.95560E-11 , -2.92351E-04 , -1.70381E-05 ,  1.68120E-03 
    7521 ,  1.15800E+00 ,  8.34980E+00 , -1.67986E-04 ,  2.87636E-03 ,  2.43617E-08 ,  8.74819E-07 ,  1.08944E-07 , -4.92837E-11 , -2.88023E-04 , -1.67508E-05 ,  1.65386E-03 
    7531 ,  1.15956E+00 ,  8.34980E+00 , -1.64781E-04 ,  2.82858E-03 ,  2.41692E-08 ,  8.76045E-07 ,  1.09571E-07 , -3.85066E-11 , -2.83231E-04 , -1.64289E-05 ,  1.62231E-03 
    7541 ,  1.16112E+00 ,  8.34980E+00 , -1.61424E-04 ,  2.77894E-03 ,  2.39688E-08 ,  8.77209E-07 ,  1.10263E-07 , -2.28180E-11 , -2.78265E-04 , -1.60933E-05 ,  1.58858E-03 
    7551 ,  1.16268E+00 ,  8.34980E+00 , -1.58474E-04 ,  2.73545E-03 ,  2.37751E-08 ,  8.78275E-07 ,  1.10988E-07 , -2.99914E-11 , -2.73908E-04 , -1.57979E-05 ,  1.55784E-03 
    7561 ,  1.16425E+00 ,  8.34980E+00 , -1.56309E-04 ,  2.70327E-03 ,  2.35966E-08 ,  8.79242E-07 ,  1.11647E-07 ,  1.92214E-11 , -2.70703E-04 , -1.55827E-05 ,  1.53411E-03 
    7571 ,  1.16581E+00 ,  8.34980E+00 , -1.55113E-04 ,  2.68503E-03 ,  2.34547E-08 ,  8.80103E-07 ,  1.12164E-07 , -4.87027E-11 , -2.68865E-04 , -1.54613E-05 ,  1.51955E-03 
    7581 ,  1.16737E+00 ,  8.34980E+00 , -1.55137E-04 ,  2.68434E-03 ,  2.33643E-08 ,  8.80872E-07 ,  1.12516E-07 ,  5.85975E-11 , -2.68791E-04 , -1.54642E-05 ,  1.51684E-03 
    7591 ,  1.16893E+00 ,  8.34980E+00 , -1.56353E-04 ,  2.70072E-03 ,  2.33305E-08 ,  8.81727E-07 ,  1.12666E-07 ,  3.85162E-11 , -2.70420E-04 , -1.55849E-05 ,  1.52614E-03 
    7601 ,  1.17049E+00 ,  8.34980E+00 , -1.57965E-04 ,  2.72319E-03 ,  2.33761E-08 ,  8.82596E-07 ,  1.12664E-07 ,  1.12707E-10 , -2.72662E-04 , -1.57462E-05 ,  1.54059E-03 
    7611 ,  1.17205E+00 ,  8.34980E+00 , -1.60717E-04 ,  2.76166E-03 ,  2.34465E-08 ,  8.83418E-07 ,  1.12486E-07 ,  1.18273E-10 , -2.76542E-04 , -1.60239E-05 ,  1.56642E-03 
    7621 ,  1.17362E+00 ,  8.34980E+00 , -1.63353E-04 ,  2.79897E-03 ,  2.35858E-08 ,  8.84299E-07 ,  1.12237E-07 ,  9.75442E-11 , -2.80248E-04 , -1.62857E-05 ,  1.59257E-03 
    7631 ,  1.17518E+00 ,  8.34980E+00 , -1.66292E-04 ,  2.84016E-03 ,  2.37117E-08 ,  8.85217E-07 ,  1.11941E-07 ,  4.42899E-11 , -2.84396E-04 , -1.65813E-05 ,  1.62194E-03 
    7641 ,  1.17674E+00 ,  8.34980E+00 , -1.68460E-04 ,  2.87090E-03 ,  2.38671E-08 ,  8.86148E-07 ,  1.11643E-07 ,  1.20774E-10 , -2.87456E-04 , -1.67978E-05 ,  1.64474E-03 
    7651 ,  1.17830E+00 ,  8.34980E+00 , -1.70088E-04 ,  2.89390E-03 ,  2.39980E-08 ,  8.87086E-07 ,  1.11436E-07 ,  1.17211E-10 , -2.89753E-04 , -1.69604E-05 ,  1.66242E-03 
    7661 ,  1.17986E+00 ,  8.34980E+00 , -1.70804E-04 ,  2.90421E-03 ,  2.41121E-08 ,  8.87973E-07 ,  1.11321E-07 ,  1.19579E-10 , -2.90793E-04 , -1.70327E-05 ,  1.67137E-03 
    7671 ,  1.18142E+00 ,  8.34980E+00 , -1.70883E-04 ,  2.90590E-03 ,  2.42028E-08 ,  8.88698E-07 ,  1.11276E-07 ,  1.27983E-10 , -2.90954E-04 , -1.70401E-05 ,  1.67356E-03 
    7681 ,  1.18298E+00 ,  8.34980E+00 , -1.70258E-04 ,  2.89798E-03 ,  2.42642E-08 ,  8.89413E-07 ,  1.11422E-07 ,  1.18766E-11 , -2.90164E-04 , -1.69762E-05 ,  1.66835E-03 
    7691 ,  1.18454E+00 ,  8.34980E+00 , -1.68829E-04 ,  2.87997E-03 ,  2.43565E-08 ,  8.89952E-07 ,  1.11692E-07 , -6.31536E-11 , -2.88355E-04 , -1.68324E-05 ,  1.65515E-03 
    7701 ,  1.18610E+00 ,  8.34980E+00 , -1.67852E-04 ,  2.86800E-03 ,  2.43913E-08 ,  8.90345E-07 ,  1.12029E-07 , -1.02038E-10 , -2.87161E-04 , -1.67345E-05 ,  1.64493E-03 
    7711 ,  1.18766E+00 ,  8.34980E+00 , -1.66416E-04 ,  2.85084E-03 ,  2.44615E-08 ,  8.90515E-07 ,  1.12384E-07 , -1.47209E-10 , -2.85452E-04 , -1.65911E-05 ,  1.62999E-03 
    7721 ,  1.18922E+00 ,  8.34980E+00 , -1.65122E-04 ,  2.83639E-03 ,  2.45440E-08 ,  8.90563E-07 ,  1.12764E-07 , -1.19098E-10 , -2.84008E-04 , -1.64619E-05 ,  1.61576E-03 
    7731 ,  1.19078E+00 ,  8.34980E+00 , -1.64102E-04 ,  2.82614E-03 ,  2.46316E-08 ,  8.90495E-07 ,  1.13107E-07 , -8.25923E-11 , -2.82984E-04 , -1.63607E-05 ,  1.60386E-03 
    7741 ,  1.19234E+00 ,  8.34980E+00 , -1.63509E-04 ,  2.82238E-03 ,  2.47367E-08 ,  8.90342E-07 ,  1.13415E-07 , -1.55994E-10 , -2.82594E-04 , -1.62999E-05 ,  1.59570E-03 
    7751 ,  1.19390E+00 ,  8.34980E+00 , -1.63631E-04 ,  2.82860E-03 ,  2.48427E-08 ,  8.90131E-07 ,  1.13623E-07 , -1.54133E-10 , -2.83225E-04 , -1.63128E-05 ,  1.59433E-03 
    7761 ,  1.19547E+00 ,  8.34980E+00 , -1.64517E-04 ,  2.84589E-03 ,  2.49798E-08 ,  8.89971E-07 ,  1.13679E-07 , -1.73782E-10 , -2.84960E-04 , -1.64017E-05 ,  1.60052E-03 
    7771 ,  1.19703E+00 ,  8.34980E+00 , -1.65894E-04 ,  2.86991E-03 ,  2.51425E-08 ,  8.89898E-07 ,  1.13597E-07 , -1.69097E-10 , -2.87367E-04 , -1.65396E-05 ,  1.61226E-03 
    7781 ,  1.19859E+00 ,  8.34980E+00 , -1.68086E-04 ,  2.90475E-03 ,  2.53030E-08 ,  8.89946E-07 ,  1.13378E-07 , -1.44869E-10 , -2.90856E-04 , -1.67592E-05 ,  1.63239E-03 
    7791 ,  1.20015E+00 ,  8.34980E+00 , -1.70682E-04 ,  2.94452E-03 ,  2.54577E-08 ,  8.90127E-07 ,  1.13118E-07 , -2.11433E-10 , -2.94830E-04 , -1.70180E-05 ,  1.65723E-03 
    7801 ,  1.20171E+00 ,  8.34980E+00 , -1.73490E-04 ,  2.98653E-03 ,  2.56087E-08 ,  8.90427E-07 ,  1.12791E-07 , -3.09025E-10 , -2.99031E-04 , -1.72976E-05 ,  1.68507E-03 
    7811 ,  1.20327E+00 ,  8.34980E+00 , -1.76418E-04 ,  3.02917E-03 ,  2.57327E-08 ,  8.90916E-07 ,  1.12412E-07 , -3.22109E-10 , -3.03306E-04 , -1.75908E-05 ,  1.71490E-03 
    7821 ,  1.20483E+00 ,  8.34980E+00 , -1.78609E-04 ,  3.06074E-03 ,  2.58419E-08 ,  8.91620E-07 ,  1.12055E-07 , -2.69265E-10 , -3.06471E-04 , -1.78112E-05 ,  1.73877E-03 
    7831 ,  1.20639E+00 ,  8.34980E+00 , -1.80210E-04 ,  3.08258E-03 ,  2.58814E-08 ,  8.92506E-07 ,  1.11759E-07 , -2.34258E-10 , -3.08653E-04 , -1.79715E-05 ,  1.75728E-03 
    7841 ,  1.20795E+00 ,  8.34980E+00 , -1.80687E-04 ,  3.08756E-03 ,  2.58611E-08 ,  8.93518E-07 ,  1.11594E-07 , -2.74390E-10 , -3.09159E-04 , -1.80190E-05 ,  1.76532E-03 
    7851 ,  1.20951E+00 ,  8.34980E+00 , -1.79984E-04 ,  3.07455E-03 ,  2.57524E-08 ,  8.94762E-07 ,  1.11643E-07 , -3.73866E-10 , -3.07859E-04 , -1.79477E-05 ,  1.76190E-03 
    7861 ,  1.21107E+00 ,  8.34980E+00 , -1.78008E-04 ,  3.04271E-03 ,  2.55652E-08 ,  8.96144E-07 ,  1.11899E-07 , -4.43440E-10 , -3.04657E-04 , -1.77479E-05 ,  1.74568E-03 
    7871 ,  1.21263E+00 ,  8.34980E+00 , -1.75329E-04 ,  3.00026E-03 ,  2.53071E-08 ,  8.97583E-07 ,  1.12332E-07 , -4.31441E-10 , -3.00422E-04 , -1.74804E-05 ,  1.72174E-03 
    7881 ,  1.21419E+00 ,  8.34980E+00 , -1.71696E-04 ,  2.94376E-03 ,  2.49938E-08 ,  8.99088E-07 ,  1.12870E-07 , -4.06157E-10 , -2.94747E-04 , -1.71155E-05 ,  1.68791E-03 
    7891 ,  1.21575E+00 ,  8.34980E+00 , -1.67679E-04 ,  2.88179E-03 ,  2.46526E-08 ,  9.00596E-07 ,  1.13519E-07 , -3.13458E-10 , -2.88536E-04 , -1.67138E-05 ,  1.64933E-03 
    7901 ,  1.21731E+00 ,  8.34980E+00 , -1.63731E-04 ,  2.82096E-03 ,  2.43057E-08 ,  9.02077E-07 ,  1.14229E-07 , -3.92786E-10 , -2.82464E-04 , -1.63185E-05 ,  1.61047E-03 
    7911 ,  1.21887E+00 ,  8.34980E+00 , -1.60245E-04 ,  2.76731E-03 ,  2.39869E-08 ,  9.03469E-07 ,  1.14978E-07 , -3.90938E-10 , -2.77083E-04 , -1.59685E-05 ,  1.57516E-03 
    7921 ,  1.22043E+00 ,  8.34980E+00 , -1.57628E-04 ,  2.72668E-03 ,  2.37178E-08 ,  9.04694E-07 ,  1.15687E-07 , -3.69103E-10 , -2.73035E-04 , -1.57076E-05 ,  1.54767E-03 
    7931 ,  1.22198E+00 ,  8.34980E+00 , -1.55997E-04 ,  2.70087E-03 ,  2.35209E-08 ,  9.05863E-07 ,  1.16273E-07 , -3.03573E-10 , -2.70449E-04 , -1.55445E-05 ,  1.52959E-03 
    7941 ,  1.22354E+00 ,  8.34980E+00 , -1.55398E-04 ,  2.69086E-03 ,  2.34181E-08 ,  9.06760E-07 ,  1.16639E-07 , -1.69498E-10 , -2.69444E-04 , -1.54857E-05 ,  1.52158E-03 
    7951 ,  1.22510E+00 ,  8.34980E+00 , -1.56446E-04 ,  2.70535E-03 ,  2.33985E-08 ,  9.07623E-07 ,  1.16811E-07 , -1.75311E-10 , -2.70890E-04 , -1.55902E-05 ,  1.52894E-03 
    7961 ,  1.22666E+00 ,  8.34980E+00 , -1.57728E-04 ,  2.72353E-03 ,  2.34546E-08 ,  9.08458E-07 ,  1.16815E-07 , -1.87063E-10 , -2.72729E-04 , -1.57200E-05 ,  1.54023E-03 
    7971 ,  1.22822E+00 ,  8.34980E+00 , -1.59832E-04 ,  2.75411E-03 ,  2.35777E-08 ,  9.09244E-07 ,  1.16681E-07 , -2.22211E-10 , -2.75765E-04 , -1.59283E-05 ,  1.55980E-03 
    7981 ,  1.22978E+00 ,  8.34980E+00 , -1.62491E-04 ,  2.79247E-03 ,  2.37185E-08 ,  9.10020E-07 ,  1.16438E-07 , -1.36116E-10 , -2.79617E-04 , -1.61962E-05 ,  1.58521E-03 
    7991 ,  1.23134E+00 ,  8.34980E+00 , -1.65274E-04 ,  2.83245E-03 ,  2.38630E-08 ,  9.10696E-07 ,  1.16146E-07 , -1.24400E-10 , -2.83621E-04 , -1.64752E-05 ,  1.61227E-03 
    8001 ,  1.23290E+00 ,  8.34980E+00 , -1.67553E-04 ,  2.86569E-03 ,  2.40390E-08 ,  9.11479E-07 ,  1.15828E-07 , -3.41582E-11 , -2.86928E-04 , -1.67030E-05 ,  1.63534E-03 
    8011 ,  1.23446E+00 ,  8.34980E+00 , -1.69633E-04 ,  2.89542E-03 ,  2.41789E-08 ,  9.12383E-07 ,  1.15561E-07 , -2.52894E-11 , -2.89913E-04 , -1.69124E-05 ,  1.65696E-03 
    8021 ,  1.23602E+00 ,  8.34980E+00 , -1.70972E-04 ,  2.91406E-03 ,  2.42739E-08 ,  9.13372E-07 ,  1.15400E-07 , -6.61748E-12 , -2.91774E-04 , -1.70462E-05 ,  1.67162E-03 
    8031 ,  1.23758E+00 ,  8.34980E+00 , -1.71367E-04 ,  2.91887E-03 ,  2.43164E-08 ,  9.14352E-07 ,  1.15366E-07 , -4.05134E-11 , -2.92248E-04 , -1.70848E-05 ,  1.67717E-03 
    8041 ,  1.23914E+00 ,  8.34980E+00 , -1.70848E-04 ,  2.91003E-03 ,  2.42938E-08 ,  9.15450E-07 ,  1.15503E-07 , -5.78198E-11 , -2.91372E-04 , -1.70331E-05 ,  1.67380E-03 
    8051 ,  1.24069E+00 ,  8.34980E+00 , -1.69687E-04 ,  2.89187E-03 ,  2.42217E-08 ,  9.16652E-07 ,  1.15801E-07 , -1.12260E-10 , -2.89563E-04 , -1.69168E-05 ,  1.66356E-03 
    8061 ,  1.24225E+00 ,  8.34980E+00 , -1.67491E-04 ,  2.85893E-03 ,  2.41239E-08 ,  9.17770E-07 ,  1.16232E-07 , -1.13440E-10 , -2.86256E-04 , -1.66960E-05 ,  1.64335E-03 
    8071 ,  1.24381E+00 ,  8.34980E+00 , -1.65287E-04 ,  2.82579E-03 ,  2.39791E-08 ,  9.18732E-07 ,  1.16734E-07 , -1.45013E-10 , -2.82960E-04 , -1.64764E-05 ,  1.62181E-03 
    8081 ,  1.24537E+00 ,  8.34980E+00 , -1.62682E-04 ,  2.78758E-03 ,  2.38467E-08 ,  9.19690E-07 ,  1.17323E-07 , -1.58543E-10 , -2.79129E-04 , -1.62150E-05 ,  1.59595E-03 
    8091 ,  1.24693E+00 ,  8.34980E+00 , -1.60420E-04 ,  2.75505E-03 ,  2.37361E-08 ,  9.20462E-07 ,  1.17909E-07 , -1.95657E-10 , -2.75881E-04 , -1.59885E-05 ,  1.57251E-03 
    8101 ,  1.24849E+00 ,  8.34980E+00 , -1.58534E-04 ,  2.72934E-03 ,  2.36934E-08 ,  9.21038E-07 ,  1.18420E-07 , -1.66733E-10 , -2.73290E-04 , -1.57989E-05 ,  1.55212E-03 
    8111 ,  1.25005E+00 ,  8.34980E+00 , -1.57640E-04 ,  2.71807E-03 ,  2.36768E-08 ,  9.21427E-07 ,  1.18802E-07 , -1.22856E-10 , -2.72176E-04 , -1.57111E-05 ,  1.54085E-03 
    8121 ,  1.25161E+00 ,  8.34980E+00 , -1.57780E-04 ,  2.72286E-03 ,  2.37481E-08 ,  9.21644E-07 ,  1.19066E-07 , -9.30852E-11 , -2.72657E-04 , -1.57256E-05 ,  1.53937E-03 
    8131 ,  1.25316E+00 ,  8.34980E+00 , -1.59037E-04 ,  2.74475E-03 ,  2.39073E-08 ,  9.21623E-07 ,  1.19155E-07 , -1.03641E-10 , -2.74832E-04 , -1.58504E-05 ,  1.54882E-03 
    8141 ,  1.25472E+00 ,  8.34980E+00 , -1.61068E-04 ,  2.77825E-03 ,  2.41331E-08 ,  9.21577E-07 ,  1.19004E-07 , -4.98302E-11 , -2.78199E-04 , -1.60555E-05 ,  1.56654E-03 
    8151 ,  1.25628E+00 ,  8.34980E+00 , -1.63997E-04 ,  2.82517E-03 ,  2.44223E-08 ,  9.21361E-07 ,  1.18670E-07 , -4.03137E-11 , -2.82891E-04 , -1.63483E-05 ,  1.59333E-03 
    8161 ,  1.25784E+00 ,  8.34980E+00 , -1.67460E-04 ,  2.88004E-03 ,  2.47524E-08 ,  9.21115E-07 ,  1.18229E-07 , -1.33347E-10 , -2.88393E-04 , -1.66950E-05 ,  1.62603E-03 
    8171 ,  1.25940E+00 ,  8.34980E+00 , -1.71264E-04 ,  2.93993E-03 ,  2.51140E-08 ,  9.20963E-07 ,  1.17728E-07 , -1.23550E-10 , -2.94380E-04 , -1.70754E-05 ,  1.66276E-03 
    8181 ,  1.26095E+00 ,  8.34980E+00 , -1.74935E-04 ,  2.99766E-03 ,  2.54725E-08 ,  9.20836E-07 ,  1.17199E-07 , -1.12401E-10 , -3.00151E-04 , -1.74426E-05 ,  1.69917E-03 
    8191 ,  1.26251E+00 ,  8.34980E+00 , -1.77984E-04 ,  3.04571E-03 ,  2.57826E-08 ,  9.20819E-07 ,  1.16734E-07 , -1.32085E-10 , -3.04967E-04 , -1.77483E-05 ,  1.73042E-03 
    8201 ,  1.26407E+00 ,  8.34980E+00 , -1.80239E-04 ,  3.08130E-03 ,  2.60144E-08 ,  9.20999E-07 ,  1.16336E-07 , -1.87776E-10 , -3.08522E-04 , -1.79728E-05 ,  1.75438E-03 
    8211 ,  1.26563E+00 ,  8.34980E+00 , -1.81289E-04 ,  3.09846E-03 ,  2.61482E-08 ,  9.21287E-07 ,  1.16109E-07 , -2.45037E-10 , -3.10258E-04 , -1.80786E-05 ,  1.76696E-03 
    8221 ,  1.26719E+00 ,  8.34980E+00 , -1.80786E-04 ,  3.09197E-03 ,  2.61803E-08 ,  9.21857E-07 ,  1.16079E-07 , -2.58110E-10 , -3.09581E-04 , -1.80261E-05 ,  1.76511E-03 
    8231 ,  1.26874E+00 ,  8.34980E+00 , -1.79691E-04 ,  3.07620E-03 ,  2.61084E-08 ,  9.22678E-07 ,  1.16256E-07 , -2.80547E-10 , -3.08007E-04 , -1.79167E-05 ,  1.75615E-03 
    8241 ,  1.27030E+00 ,  8.34980E+00 , -1.77194E-04 ,  3.03886E-03 ,  2.59282E-08 ,  9.23572E-07 ,  1.16660E-07 , -3.03423E-10 , -3.04284E-04 , -1.76673E-05 ,  1.73377E-03 
