   ITER        TIME        AREA        FPRE_X        FPRE_Y        FPRE_Z        FTAU_X        FTAU_Y        FTAU_Z
       0 ,  0.00000E+00 ,  4.07845E-01 ,  0.00000E+00 ,  0.00000E+00 ,  0.00000E+00 ,  1.66820E-10 , -1.88133E-10 , -1.16531E-14 ,  1.87992E-11 ,  1.64607E-11 , -9.29192E-11 
       1 ,  1.81485E-04 ,  4.07845E-01 ,  5.00366E-01 ,  1.42486E+00 , -2.74525E-09 ,  4.66473E-02 ,  1.65894E-03 , -1.98200E-10 , -1.42652E-01 ,  5.47014E-02 ,  7.18176E-01 
      11 ,  1.72985E-03 ,  4.07845E-01 ,  7.49023E-01 ,  3.04093E+00 , -7.43636E-09 ,  3.05960E-02 ,  3.30049E-04 , -4.61760E-09 , -3.04125E-01 ,  7.79618E-02 ,  1.52056E+00 
      21 ,  3.02095E-03 ,  4.07845E-01 ,  8.13098E-01 ,  4.41135E+00 , -8.48147E-09 ,  2.42164E-02 ,  4.12008E-04 , -1.16583E-08 , -4.41177E-01 ,  8.37314E-02 ,  2.16868E+00 
      31 ,  4.12781E-03 ,  4.07845E-01 ,  5.67803E-01 ,  4.83074E+00 ,  2.71941E-09 ,  2.09150E-02 ,  5.91353E-04 , -1.92671E-08 , -4.83133E-01 ,  5.88717E-02 ,  2.36512E+00 
      41 ,  5.11715E-03 ,  4.07845E-01 ,  1.57746E-01 ,  4.04096E+00 ,  9.61081E-09 ,  1.85818E-02 ,  5.77508E-04 , -1.79639E-08 , -4.04155E-01 ,  1.76327E-02 ,  2.02530E+00 
      51 ,  6.01861E-03 ,  4.07845E-01 , -2.69830E-01 ,  2.21585E+00 ,  8.38256E-09 ,  1.66271E-02 ,  5.84453E-04 , -1.21453E-08 , -2.21644E-01 , -2.53203E-02 ,  1.15609E+00 
      61 ,  6.87802E-03 ,  4.07845E-01 , -4.63935E-01 ,  9.90606E-02 ,  1.68016E-09 ,  1.48338E-02 ,  4.95690E-04 ,  1.42539E-09 , -9.95580E-03 , -4.49101E-02 ,  8.24120E-02 
      71 ,  7.74938E-03 ,  4.07845E-01 , -3.78300E-01 , -1.83119E+00 , -7.81235E-09 ,  1.30321E-02 ,  3.69289E-04 ,  4.64169E-09 ,  1.83082E-01 , -3.65268E-02 , -9.27162E-01 
      81 ,  8.65879E-03 ,  4.07845E-01 , -1.09531E-01 , -3.26025E+00 , -1.24256E-08 ,  1.15250E-02 ,  2.79369E-04 ,  3.95926E-09 ,  3.25997E-01 , -9.80061E-03 , -1.68496E+00 
      91 ,  9.63269E-03 ,  4.07845E-01 ,  1.11184E-01 , -3.48707E+00 , -1.00248E-08 ,  1.05355E-02 ,  1.19313E-04 , -2.60856E-10 ,  3.48695E-01 ,  1.21720E-02 , -1.80742E+00 
     101 ,  1.06287E-02 ,  4.07845E-01 ,  1.95746E-01 , -2.73176E+00 , -2.60715E-09 ,  1.01852E-02 , -9.19809E-05 , -1.61169E-09 ,  2.73185E-01 ,  2.05931E-02 , -1.40002E+00 
     111 ,  1.16552E-02 ,  4.07845E-01 ,  1.48545E-01 , -1.46375E+00 ,  5.61769E-09 ,  1.03332E-02 , -4.59923E-05 , -1.13678E-09 ,  1.46379E-01 ,  1.58878E-02 , -7.20748E-01 
     121 ,  1.27731E-02 ,  4.07845E-01 ,  6.78399E-02 , -8.90489E-02 ,  7.33101E-09 ,  1.04246E-02 ,  2.29990E-05 , -1.99194E-09 ,  8.90253E-03 ,  7.82645E-03 , -1.60547E-03 
     131 ,  1.38904E-02 ,  4.07845E-01 ,  4.59372E-02 ,  1.18077E+00 ,  3.95846E-09 ,  1.01321E-02 ,  3.65477E-05 , -2.15963E-09 , -1.18081E-01 ,  5.60693E-03 ,  6.34741E-01 
     141 ,  1.50204E-02 ,  4.07845E-01 ,  7.22101E-02 ,  2.20816E+00 , -7.69068E-11 ,  9.65704E-03 ,  1.42185E-04 , -2.18327E-09 , -2.20830E-01 ,  8.18675E-03 ,  1.12117E+00 
     151 ,  1.61439E-02 ,  4.07845E-01 ,  6.85938E-02 ,  2.63808E+00 , -3.83584E-09 ,  9.23745E-03 ,  2.31362E-04 , -2.69786E-09 , -2.63831E-01 ,  7.78319E-03 ,  1.28985E+00 
     161 ,  1.72599E-02 ,  4.07845E-01 ,  2.58385E-02 ,  2.43405E+00 , -4.41378E-09 ,  8.79961E-03 ,  3.55793E-04 , -2.80205E-09 , -2.43440E-01 ,  3.46384E-03 ,  1.16189E+00 
     171 ,  1.83722E-02 ,  4.07845E-01 , -2.02340E-02 ,  1.64452E+00 , -2.27195E-09 ,  8.36241E-03 ,  3.81788E-04 , -1.87333E-09 , -1.64490E-01 , -1.18711E-03 ,  7.76248E-01 
     181 ,  1.94596E-02 ,  4.07845E-01 , -5.44767E-02 ,  5.77962E-01 ,  6.72997E-10 ,  8.00842E-03 ,  3.87171E-04 , -5.61815E-10 , -5.78350E-02 , -4.64681E-03 ,  2.74891E-01 
     191 ,  2.05472E-02 ,  4.07845E-01 , -6.51395E-02 , -5.48543E-01 ,  2.19705E-09 ,  7.70837E-03 ,  3.23511E-04 ,  3.38759E-10 ,  5.48218E-02 , -5.74309E-03 , -2.53214E-01 
     201 ,  2.16685E-02 ,  4.07845E-01 , -3.62324E-02 , -1.42066E+00 ,  1.78933E-09 ,  7.46055E-03 ,  2.07239E-04 ,  9.24285E-10 ,  1.42045E-01 , -2.87713E-03 , -6.80491E-01 
     211 ,  2.28757E-02 ,  4.07845E-01 ,  3.80607E-02 , -1.79545E+00 ,  5.32202E-10 ,  7.29848E-03 ,  9.75981E-05 ,  5.12785E-10 ,  1.79535E-01 ,  4.53596E-03 , -8.92188E-01 
     221 ,  2.40988E-02 ,  4.07845E-01 ,  1.04924E-01 , -1.69255E+00 , -1.55181E-10 ,  7.24155E-03 ,  3.12149E-05 , -2.93295E-10 ,  1.69252E-01 ,  1.12166E-02 , -8.77094E-01 
     231 ,  2.53541E-02 ,  4.07845E-01 ,  9.22901E-02 , -1.23759E+00 ,  1.08105E-09 ,  7.18419E-03 ,  2.47251E-05 , -1.59201E-09 ,  1.23757E-01 ,  9.94748E-03 , -6.65840E-01 
     241 ,  2.66124E-02 ,  4.07845E-01 ,  2.09508E-02 , -4.31682E-01 ,  3.06871E-09 ,  7.02265E-03 ,  2.89396E-05 , -2.16024E-09 ,  4.31652E-02 ,  2.79739E-03 , -2.45606E-01 
     251 ,  2.79305E-02 ,  4.07845E-01 , -2.99272E-02 ,  4.23857E-01 ,  3.10129E-09 ,  6.79838E-03 ,  5.69107E-05 , -1.48305E-09 , -4.23916E-02 , -2.31287E-03 ,  2.17967E-01 
     261 ,  2.92418E-02 ,  4.07845E-01 , -4.92449E-02 ,  1.19495E+00 ,  1.28324E-09 ,  6.56220E-03 ,  1.21765E-04 , -1.82476E-10 , -1.19507E-01 , -4.26826E-03 ,  6.32543E-01 
     271 ,  3.05488E-02 ,  4.07845E-01 , -4.49196E-02 ,  1.61871E+00 , -1.44827E-09 ,  6.30454E-03 ,  1.86548E-04 ,  1.16385E-09 , -1.61890E-01 , -3.86151E-03 ,  8.43732E-01 
     281 ,  3.17862E-02 ,  4.07845E-01 , -1.50426E-02 ,  1.54956E+00 , -3.06102E-09 ,  6.06403E-03 ,  2.50380E-04 ,  1.33580E-09 , -1.54981E-01 , -8.97826E-04 ,  7.81621E-01 
     291 ,  3.30211E-02 ,  4.07845E-01 ,  2.67432E-02 ,  9.91935E-01 , -3.65231E-09 ,  5.89156E-03 ,  2.66460E-04 ,  1.93510E-10 , -9.92202E-02 ,  3.26350E-03 ,  4.70972E-01 
     301 ,  3.43012E-02 ,  4.07845E-01 ,  5.02110E-02 ,  1.46484E-01 , -2.84865E-09 ,  5.81380E-03 ,  2.40098E-04 , -6.31112E-10 , -1.46724E-02 ,  5.60250E-03 ,  2.86316E-02 
     311 ,  3.56228E-02 ,  4.07845E-01 ,  4.87915E-02 , -6.53752E-01 , -1.46488E-09 ,  5.81757E-03 ,  2.16363E-04 , -1.03114E-09 ,  6.53538E-02 ,  5.46092E-03 , -3.72481E-01 
     321 ,  3.69515E-02 ,  4.07845E-01 ,  3.43313E-02 , -1.13521E+00 , -2.95710E-10 ,  5.85125E-03 ,  1.53470E-04 , -7.53222E-10 ,  1.13506E-01 ,  4.01825E-03 , -5.93654E-01 
     331 ,  3.82653E-02 ,  4.07845E-01 ,  2.48901E-02 , -1.10644E+00 ,  3.99277E-10 ,  5.84836E-03 ,  1.09948E-04 , -4.82260E-10 ,  1.10633E-01 ,  3.07384E-03 , -5.45405E-01 
     341 ,  3.95664E-02 ,  4.07845E-01 ,  2.86872E-02 , -5.03788E-01 ,  2.67065E-10 ,  5.78314E-03 ,  8.80087E-05 , -4.60036E-10 ,  5.03697E-02 ,  3.44708E-03 , -2.13423E-01 
     351 ,  4.08534E-02 ,  4.07845E-01 ,  3.25204E-02 ,  2.56260E-01 ,  9.01137E-11 ,  5.68813E-03 ,  8.63353E-05 , -5.83231E-10 , -2.56347E-02 ,  3.82086E-03 ,  1.62917E-01 
     361 ,  4.21301E-02 ,  4.07845E-01 ,  2.25489E-02 ,  8.89513E-01 , -9.67653E-11 ,  5.58499E-03 ,  1.28341E-04 , -9.56338E-10 , -8.89642E-02 ,  2.81338E-03 ,  4.39977E-01 
     371 ,  4.34180E-02 ,  4.07845E-01 ,  3.40796E-03 ,  1.09317E+00 , -2.40141E-10 ,  5.46418E-03 ,  1.82439E-04 , -9.12417E-10 , -1.09336E-01 ,  8.87251E-04 ,  5.01791E-01 
     381 ,  4.47168E-02 ,  4.07845E-01 , -9.58211E-03 ,  8.54582E-01 , -5.90577E-10 ,  5.32598E-03 ,  2.31757E-04 , -4.18646E-10 , -8.54815E-02 , -4.25598E-04 ,  3.79092E-01 
     391 ,  4.60449E-02 ,  4.07845E-01 , -1.07224E-02 ,  3.06741E-01 , -9.91174E-10 ,  5.18245E-03 ,  2.34700E-04 ,  1.72421E-10 , -3.06977E-02 , -5.53982E-04 ,  1.35331E-01 
     401 ,  4.73655E-02 ,  4.07845E-01 , -9.40058E-03 , -3.94924E-01 , -1.04986E-09 ,  5.05875E-03 ,  1.98621E-04 ,  3.70657E-10 ,  3.94725E-02 , -4.34166E-04 , -1.78469E-01 
     411 ,  4.87039E-02 ,  4.07845E-01 , -5.38637E-03 , -8.92722E-01 , -1.05632E-09 ,  4.94390E-03 ,  1.19252E-04 ,  3.80281E-10 ,  8.92603E-02 , -4.42552E-05 , -4.13503E-01 
     421 ,  5.00427E-02 ,  4.07845E-01 ,  4.99680E-03 , -1.03105E+00 , -9.38329E-10 ,  4.86396E-03 ,  6.24865E-05 ,  3.76228E-10 ,  1.03098E-01 ,  9.86095E-04 , -4.98679E-01 
     431 ,  5.13805E-02 ,  4.07845E-01 ,  1.73272E-02 , -7.83357E-01 , -4.86008E-10 ,  4.83698E-03 ,  3.77953E-05 ,  3.34791E-10 ,  7.83320E-02 ,  2.21643E-03 , -4.08789E-01 
     441 ,  5.27114E-02 ,  4.07845E-01 ,  2.53119E-02 , -2.65945E-01 , -6.37621E-11 ,  4.83393E-03 ,  4.54089E-05 ,  1.36125E-10 ,  2.65899E-02 ,  3.01462E-03 , -1.77508E-01 
     451 ,  5.40377E-02 ,  4.07845E-01 ,  3.04301E-02 ,  3.80553E-01 ,  2.30627E-10 ,  4.84189E-03 ,  9.76435E-05 , -2.96716E-10 , -3.80652E-02 ,  3.52721E-03 ,  1.44321E-01 
     461 ,  5.53822E-02 ,  4.07845E-01 ,  3.72232E-02 ,  9.46862E-01 ,  1.95711E-10 ,  4.85059E-03 ,  1.56302E-04 , -7.04970E-10 , -9.47019E-02 ,  4.20740E-03 ,  4.56676E-01 
     471 ,  5.67275E-02 ,  4.07845E-01 ,  4.26512E-02 ,  1.28909E+00 ,  7.00664E-12 ,  4.86046E-03 ,  2.01730E-04 , -9.20118E-10 , -1.28929E-01 ,  4.75120E-03 ,  6.63968E-01 
     481 ,  5.80940E-02 ,  4.07845E-01 ,  3.80771E-02 ,  1.29056E+00 ,  8.15467E-11 ,  4.85427E-03 ,  2.44241E-04 , -8.79672E-10 , -1.29081E-01 ,  4.29316E-03 ,  6.79708E-01 
     491 ,  5.94673E-02 ,  4.07845E-01 ,  2.08875E-02 ,  9.32943E-01 ,  4.63830E-10 ,  4.80555E-03 ,  2.59692E-04 , -9.10315E-10 , -9.33204E-02 ,  2.56933E-03 ,  4.85816E-01 
     501 ,  6.08274E-02 ,  4.07845E-01 , -5.12317E-03 ,  2.77818E-01 ,  1.18050E-09 ,  4.69732E-03 ,  2.53788E-04 , -5.42485E-10 , -2.78073E-02 , -4.26000E-05 ,  1.23839E-01 
     511 ,  6.22049E-02 ,  4.07845E-01 , -2.93878E-02 , -4.22073E-01 ,  1.52801E-09 ,  4.53605E-03 ,  2.12243E-04 , -2.04594E-10 ,  4.21860E-02 , -2.48520E-03 , -2.52451E-01 
     521 ,  6.35898E-02 ,  4.07845E-01 , -4.73092E-02 , -1.01577E+00 ,  1.68350E-09 ,  4.35211E-03 ,  1.39666E-04 ,  3.55233E-10 ,  1.01563E-01 , -4.29566E-03 , -5.50993E-01 
     531 ,  6.49639E-02 ,  4.07845E-01 , -5.13381E-02 , -1.32494E+00 ,  1.31635E-09 ,  4.18279E-03 ,  7.77233E-05 ,  1.05920E-09 ,  1.32485E-01 , -4.71554E-03 , -6.83757E-01 
     541 ,  6.63334E-02 ,  4.07845E-01 , -3.72892E-02 , -1.31319E+00 ,  2.64581E-10 ,  4.05437E-03 ,  2.06650E-05 ,  1.36349E-09 ,  1.31317E-01 , -3.32347E-03 , -6.46502E-01 
     551 ,  6.76956E-02 ,  4.07845E-01 , -7.50384E-03 , -9.67328E-01 , -6.44727E-10 ,  3.99480E-03 , -8.20893E-06 ,  1.35282E-09 ,  9.67335E-02 , -3.50902E-04 , -4.56444E-01 
     561 ,  6.90600E-02 ,  4.07845E-01 ,  2.58123E-02 , -3.80871E-01 , -1.32018E-09 ,  4.01300E-03 , -1.27241E-05 ,  8.02415E-10 ,  3.80882E-02 ,  2.98254E-03 , -1.70634E-01 
     571 ,  7.04459E-02 ,  4.07845E-01 ,  4.99227E-02 ,  2.97182E-01 , -1.49981E-09 ,  4.09515E-03 ,  2.46233E-05 , -6.16056E-11 , -2.97207E-02 ,  5.40178E-03 ,  1.42833E-01 
     581 ,  7.18538E-02 ,  4.07845E-01 ,  5.89478E-02 ,  9.57237E-01 , -1.38576E-09 ,  4.20301E-03 ,  1.01318E-04 , -7.38076E-10 , -9.57338E-02 ,  6.31511E-03 ,  4.48635E-01 
     591 ,  7.32722E-02 ,  4.07845E-01 ,  5.16933E-02 ,  1.40490E+00 , -7.80565E-10 ,  4.28758E-03 ,  1.85328E-04 , -1.18635E-09 , -1.40508E-01 ,  5.59808E-03 ,  6.68601E-01 
     601 ,  7.47119E-02 ,  4.07845E-01 ,  3.50725E-02 ,  1.54542E+00 , -3.97982E-10 ,  4.32176E-03 ,  2.66258E-04 , -1.26062E-09 , -1.54569E-01 ,  3.93944E-03 ,  7.55071E-01 
     611 ,  7.61636E-02 ,  4.07845E-01 ,  1.29937E-02 ,  1.31964E+00 ,  2.21661E-10 ,  4.29223E-03 ,  3.12116E-04 , -1.02614E-09 , -1.31995E-01 ,  1.72861E-03 ,  6.66976E-01 
     621 ,  7.75964E-02 ,  4.07845E-01 , -7.32736E-03 ,  8.12556E-01 ,  4.67299E-10 ,  4.19752E-03 ,  3.02073E-04 , -5.72455E-10 , -8.12859E-02 , -3.12957E-04 ,  4.25996E-01 
     631 ,  7.90305E-02 ,  4.07845E-01 , -2.43833E-02 ,  6.48773E-02 ,  3.98965E-10 ,  4.05676E-03 ,  2.60320E-04 , -1.25373E-10 , -6.51389E-03 , -2.03262E-03 ,  4.42526E-02 
     641 ,  8.04795E-02 ,  4.07845E-01 , -3.35362E-02 , -7.44105E-01 ,  3.97926E-10 ,  3.89595E-03 ,  1.88994E-04 ,  3.81716E-10 ,  7.43913E-02 , -2.96404E-03 , -3.85737E-01 
     651 ,  8.19462E-02 ,  4.07845E-01 , -3.33386E-02 , -1.40549E+00 ,  1.80215E-10 ,  3.74937E-03 ,  1.06915E-04 ,  6.56315E-10 ,  1.40538E-01 , -2.95889E-03 , -7.41081E-01 
     661 ,  8.34145E-02 ,  4.07845E-01 , -2.43644E-02 , -1.72650E+00 , -1.98189E-10 ,  3.65066E-03 ,  2.88245E-05 ,  9.45087E-10 ,  1.72647E-01 , -2.07136E-03 , -9.06697E-01 
     671 ,  8.48912E-02 ,  4.07845E-01 , -6.27226E-03 , -1.53780E+00 , -6.06072E-10 ,  3.61549E-03 , -2.02642E-05 ,  8.39658E-10 ,  1.53782E-01 , -2.65664E-04 , -7.88984E-01 
     681 ,  8.63747E-02 ,  4.07845E-01 ,  1.39695E-02 , -8.84175E-01 , -1.10885E-09 ,  3.63409E-03 , -4.20903E-05 ,  6.08914E-10 ,  8.84216E-02 ,  1.76037E-03 , -4.29568E-01 
     691 ,  8.78560E-02 ,  4.07845E-01 ,  3.19665E-02 ,  8.49890E-02 , -1.40989E-09 ,  3.69625E-03 , -1.22847E-05 ,  1.23237E-10 , -8.49771E-03 ,  3.56628E-03 ,  7.52649E-02 
     701 ,  8.93413E-02 ,  4.07845E-01 ,  4.20144E-02 ,  1.00776E+00 , -1.51609E-09 ,  3.77243E-03 ,  5.72932E-05 , -3.00450E-10 , -1.00781E-01 ,  4.57871E-03 ,  5.28010E-01 
     711 ,  9.08384E-02 ,  4.07845E-01 ,  4.24661E-02 ,  1.60807E+00 , -1.27567E-09 ,  3.83740E-03 ,  1.51723E-04 , -6.20535E-10 , -1.60823E-01 ,  4.63036E-03 ,  7.99691E-01 
     721 ,  9.23519E-02 ,  4.07845E-01 ,  3.47508E-02 ,  1.76253E+00 , -8.76563E-10 ,  3.87325E-03 ,  2.46989E-04 , -1.01068E-09 , -1.76278E-01 ,  3.86243E-03 ,  8.49339E-01 
     731 ,  9.38630E-02 ,  4.07845E-01 ,  2.08300E-02 ,  1.44661E+00 , -4.15181E-10 ,  3.86926E-03 ,  3.08550E-04 , -1.05265E-09 , -1.44692E-01 ,  2.46993E-03 ,  6.83464E-01 
     741 ,  9.53577E-02 ,  4.07845E-01 ,  4.31350E-03 ,  7.87784E-01 ,  7.24497E-11 ,  3.81830E-03 ,  3.17517E-04 , -8.64121E-10 , -7.88102E-02 ,  8.13198E-04 ,  3.67702E-01 
     751 ,  9.68430E-02 ,  4.07845E-01 , -1.15842E-02 , -4.20349E-02 ,  5.86064E-10 ,  3.73142E-03 ,  2.82750E-04 , -4.79977E-10 ,  4.17509E-03 , -7.85253E-04 , -2.40029E-02 
     761 ,  9.83366E-02 ,  4.07845E-01 , -2.30254E-02 , -7.93856E-01 ,  9.74922E-10 ,  3.62190E-03 ,  2.03507E-04 ,  2.96871E-10 ,  7.93652E-02 , -1.94035E-03 , -3.84896E-01 
     771 ,  9.98422E-02 ,  4.07845E-01 , -2.68839E-02 , -1.25033E+00 ,  1.14891E-09 ,  3.50562E-03 ,  1.19152E-04 ,  6.14878E-10 ,  1.25021E-01 , -2.33781E-03 , -6.16224E-01 
     781 ,  1.01347E-01 ,  4.07845E-01 , -2.41187E-02 , -1.34369E+00 ,  1.08276E-09 ,  3.41100E-03 ,  4.12167E-05 ,  8.52418E-10 ,  1.34365E-01 , -2.07075E-03 , -6.79981E-01 
     791 ,  1.02846E-01 ,  4.07845E-01 , -1.65897E-02 , -1.09418E+00 ,  7.58238E-10 ,  3.34491E-03 ,  1.98589E-06 ,  7.64989E-10 ,  1.09418E-01 , -1.32446E-03 , -5.72781E-01 
     801 ,  1.04340E-01 ,  4.07845E-01 , -6.63968E-03 , -5.73407E-01 ,  1.87697E-10 ,  3.31103E-03 ,  1.49694E-06 ,  6.97301E-10 ,  5.73404E-02 , -3.32847E-04 , -3.15718E-01 
     811 ,  1.05836E-01 ,  4.07845E-01 ,  3.29379E-03 ,  4.71700E-03 , -3.46544E-10 ,  3.30778E-03 ,  3.46592E-05 ,  4.32371E-10 , -4.75326E-04 ,  6.60193E-04 , -1.23894E-02 
     821 ,  1.07333E-01 ,  4.07845E-01 ,  1.25844E-02 ,  5.15599E-01 , -7.76063E-10 ,  3.32662E-03 ,  7.52413E-05 ,  2.50474E-10 , -5.15675E-02 ,  1.59112E-03 ,  2.64949E-01 
     831 ,  1.08830E-01 ,  4.07845E-01 ,  1.94023E-02 ,  8.35797E-01 , -9.88177E-10 ,  3.35794E-03 ,  1.17414E-04 ,  5.56204E-11 , -8.35916E-02 ,  2.27606E-03 ,  4.37359E-01 
     841 ,  1.10334E-01 ,  4.07845E-01 ,  2.32178E-02 ,  9.41348E-01 , -8.14790E-10 ,  3.39315E-03 ,  1.64547E-04 , -1.61887E-10 , -9.41513E-02 ,  2.66111E-03 ,  4.83630E-01 
     851 ,  1.11846E-01 ,  4.07845E-01 ,  2.21397E-02 ,  8.42562E-01 , -3.31155E-10 ,  3.42213E-03 ,  2.03006E-04 , -3.38818E-10 , -8.42767E-02 ,  2.55619E-03 ,  4.13346E-01 
     861 ,  1.13360E-01 ,  4.07845E-01 ,  1.60667E-02 ,  5.98303E-01 ,  3.20299E-10 ,  3.43014E-03 ,  2.22474E-04 , -5.29201E-10 , -5.98528E-02 ,  1.94970E-03 ,  2.71111E-01 
     871 ,  1.14873E-01 ,  4.07845E-01 ,  5.67003E-03 ,  2.70136E-01 ,  8.67864E-10 ,  3.41222E-03 ,  2.29010E-04 , -2.96661E-10 , -2.70365E-02 ,  9.08260E-04 ,  1.00852E-01 
     881 ,  1.16381E-01 ,  4.07845E-01 , -6.10430E-03 , -6.03690E-02 ,  1.22256E-09 ,  3.36417E-03 ,  2.08355E-04 , -1.85939E-10 ,  6.01593E-03 , -2.73993E-04 , -5.37920E-02 
     891 ,  1.17895E-01 ,  4.07845E-01 , -1.59168E-02 , -3.34754E-01 ,  1.11611E-09 ,  3.29090E-03 ,  1.74902E-04 ,  1.68552E-10 ,  3.34578E-02 , -1.26257E-03 , -1.72012E-01 
     901 ,  1.19402E-01 ,  4.07845E-01 , -2.12203E-02 , -5.11791E-01 ,  6.66146E-10 ,  3.20215E-03 ,  1.32785E-04 ,  3.92079E-10 ,  5.11656E-02 , -1.80177E-03 , -2.47116E-01 
     911 ,  1.20905E-01 ,  4.07845E-01 , -2.14863E-02 , -5.78834E-01 ,  4.36903E-11 ,  3.11620E-03 ,  9.63708E-05 ,  6.39422E-10 ,  5.78736E-02 , -1.83699E-03 , -2.81094E-01 
     921 ,  1.22409E-01 ,  4.07845E-01 , -1.67217E-02 , -5.25038E-01 , -6.00191E-10 ,  3.04880E-03 ,  7.04988E-05 ,  6.86667E-10 ,  5.24965E-02 , -1.36726E-03 , -2.66982E-01 
     931 ,  1.23918E-01 ,  4.07845E-01 , -8.35510E-03 , -3.56287E-01 , -1.09997E-09 ,  3.01448E-03 ,  6.18715E-05 ,  6.53769E-10 ,  3.56226E-02 , -5.34063E-04 , -1.96758E-01 
     941 ,  1.25432E-01 ,  4.07845E-01 ,  2.70593E-03 , -1.05721E-01 , -1.28954E-09 ,  3.01615E-03 ,  7.19939E-05 ,  5.50213E-10 ,  1.05647E-02 ,  5.72266E-04 , -7.58835E-02 
     951 ,  1.26951E-01 ,  4.07845E-01 ,  1.36258E-02 ,  1.69707E-01 , -1.46899E-09 ,  3.04529E-03 ,  9.32693E-05 ,  2.44768E-10 , -1.69801E-02 ,  1.66712E-03 ,  7.04968E-02 
     961 ,  1.28469E-01 ,  4.07845E-01 ,  2.39236E-02 ,  4.21640E-01 , -1.39928E-09 ,  3.09794E-03 ,  1.24854E-04 ,  5.71383E-11 , -4.21766E-02 ,  2.70216E-03 ,  2.12551E-01 
     971 ,  1.29983E-01 ,  4.07845E-01 ,  2.93498E-02 ,  5.44931E-01 , -1.21584E-09 ,  3.15565E-03 ,  1.48629E-04 , -3.49618E-10 , -5.45081E-02 ,  3.25056E-03 ,  2.82783E-01 
     981 ,  1.31497E-01 ,  4.07845E-01 ,  2.87981E-02 ,  5.30737E-01 , -9.33012E-10 ,  3.20268E-03 ,  1.66404E-04 , -5.66756E-10 , -5.30905E-02 ,  3.20011E-03 ,  2.71297E-01 
     991 ,  1.33004E-01 ,  4.07845E-01 ,  2.13611E-02 ,  3.81021E-01 , -6.03245E-10 ,  3.22237E-03 ,  1.74651E-04 , -6.26143E-10 , -3.81197E-02 ,  2.45837E-03 ,  1.80170E-01 
    1001 ,  1.34503E-01 ,  4.07845E-01 ,  9.21816E-03 ,  1.62411E-01 , -3.25777E-10 ,  3.20702E-03 ,  1.78458E-04 , -5.58591E-10 , -1.62590E-02 ,  1.24254E-03 ,  5.49998E-02 
    1011 ,  1.36007E-01 ,  4.07845E-01 , -3.11542E-03 , -3.25491E-02 , -2.12036E-10 ,  3.15988E-03 ,  1.74268E-04 , -3.92911E-10 ,  3.23741E-03 ,  4.46572E-06 , -4.56130E-02 
    1021 ,  1.37509E-01 ,  4.07845E-01 , -1.22952E-02 , -1.52850E-01 , -2.57514E-10 ,  3.09188E-03 ,  1.63047E-04 , -1.74403E-11 ,  1.52687E-02 , -9.20313E-04 , -9.46742E-02 
    1031 ,  1.39009E-01 ,  4.07845E-01 , -1.63802E-02 , -1.76374E-01 , -3.91327E-10 ,  3.01496E-03 ,  1.47642E-04 ,  2.93690E-10 ,  1.76225E-02 , -1.33649E-03 , -8.89782E-02 
    1041 ,  1.40509E-01 ,  4.07845E-01 , -1.50311E-02 , -1.23809E-01 , -5.51537E-10 ,  2.94691E-03 ,  1.30012E-04 ,  4.29045E-10 ,  1.23677E-02 , -1.20838E-03 , -5.19288E-02 
    1051 ,  1.42012E-01 ,  4.07845E-01 , -1.08690E-02 , -4.73859E-02 , -6.40803E-10 ,  2.89520E-03 ,  1.21908E-04 ,  5.39363E-10 ,  4.72622E-03 , -7.97352E-04 , -1.69080E-02 
    1061 ,  1.43519E-01 ,  4.07845E-01 , -6.64992E-03 , -7.72386E-03 , -5.43768E-10 ,  2.86479E-03 ,  1.15155E-04 ,  4.96781E-10 ,  7.60787E-04 , -3.78483E-04 , -1.02415E-02 
    1071 ,  1.45027E-01 ,  4.07845E-01 , -2.72540E-03 , -2.27312E-02 , -3.27795E-10 ,  2.85191E-03 ,  1.20736E-04 ,  4.06653E-10 ,  2.26097E-03 ,  1.26855E-05 , -3.12530E-02 
    1081 ,  1.46536E-01 ,  4.07845E-01 ,  9.82754E-04 , -8.13872E-02 , -5.10676E-11 ,  2.85718E-03 ,  1.18841E-04 ,  3.21590E-10 ,  8.12672E-03 ,  3.84011E-04 , -6.47290E-02 
    1091 ,  1.48047E-01 ,  4.07845E-01 ,  5.10899E-03 , -1.47846E-01 ,  2.56618E-10 ,  2.87192E-03 ,  1.15795E-04 ,  2.21972E-10 ,  1.47729E-02 ,  7.98114E-04 , -8.98235E-02 
    1101 ,  1.49563E-01 ,  4.07845E-01 ,  9.09064E-03 , -1.66151E-01 ,  4.13960E-10 ,  2.89238E-03 ,  1.05555E-04 ,  1.45354E-10 ,  1.66044E-02 ,  1.19833E-03 , -8.56723E-02 
    1111 ,  1.51084E-01 ,  4.07845E-01 ,  1.11307E-02 , -1.06071E-01 ,  5.44723E-10 ,  2.91062E-03 ,  1.01839E-04 ,  3.52252E-11 ,  1.05969E-02 ,  1.40416E-03 , -4.70550E-02 
    1121 ,  1.52604E-01 ,  4.07845E-01 ,  9.52475E-03 ,  3.54956E-02 ,  7.43798E-10 ,  2.91526E-03 ,  1.05105E-04 , -6.59721E-11 , -3.56011E-03 ,  1.24401E-03 ,  2.14722E-02 
    1131 ,  1.54118E-01 ,  4.07845E-01 ,  4.24957E-03 ,  2.14485E-01 ,  8.60012E-10 ,  2.90248E-03 ,  1.20437E-04 , -1.11587E-10 , -2.14607E-02 ,  7.15221E-04 ,  1.00322E-01 
    1141 ,  1.55627E-01 ,  4.07845E-01 , -3.95950E-03 ,  3.86972E-01 ,  9.84069E-10 ,  2.87178E-03 ,  1.45331E-04 , -2.70264E-11 , -3.87118E-02 , -1.08759E-04 ,  1.75028E-01 
    1151 ,  1.57135E-01 ,  4.07845E-01 , -1.17265E-02 ,  4.79411E-01 ,  9.71097E-10 ,  2.82537E-03 ,  1.69250E-04 ,  1.12827E-10 , -4.79581E-02 , -8.90087E-04 ,  2.17616E-01 
    1161 ,  1.58645E-01 ,  4.07845E-01 , -1.64857E-02 ,  4.43473E-01 ,  8.13517E-10 ,  2.77314E-03 ,  1.86266E-04 ,  2.39975E-10 , -4.43660E-02 , -1.37123E-03 ,  2.06466E-01 
    1171 ,  1.60157E-01 ,  4.07845E-01 , -1.63482E-02 ,  2.87439E-01 ,  4.64010E-10 ,  2.72320E-03 ,  1.88065E-04 ,  5.20967E-10 , -2.87629E-02 , -1.36246E-03 ,  1.39063E-01 
    1181 ,  1.61675E-01 ,  4.07845E-01 , -1.20819E-02 ,  5.35865E-02 ,  1.52256E-10 ,  2.68438E-03 ,  1.75310E-04 ,  5.98084E-10 , -5.37630E-03 , -9.39719E-04 ,  2.86821E-02 
    1191 ,  1.63196E-01 ,  4.07845E-01 , -5.59071E-03 , -1.84290E-01 , -1.04976E-10 ,  2.66230E-03 ,  1.53366E-04 ,  5.64815E-10 ,  1.84136E-02 , -2.92823E-04 , -9.19099E-02 
    1201 ,  1.64714E-01 ,  4.07845E-01 ,  1.66184E-03 , -3.71150E-01 , -2.66072E-10 ,  2.66087E-03 ,  1.25763E-04 ,  4.45768E-10 ,  3.71023E-02 ,  4.32273E-04 , -1.93770E-01 
    1211 ,  1.66232E-01 ,  4.07845E-01 ,  8.07858E-03 , -4.50342E-01 , -3.75031E-10 ,  2.67676E-03 ,  1.01483E-04 ,  2.42260E-10 ,  4.50239E-02 ,  1.07555E-03 , -2.42116E-01 
    1221 ,  1.67752E-01 ,  4.07845E-01 ,  1.25726E-02 , -4.10510E-01 , -4.67445E-10 ,  2.70576E-03 ,  8.61699E-05 ,  1.13983E-10 ,  4.10424E-02 ,  1.52785E-03 , -2.24508E-01 
    1231 ,  1.69275E-01 ,  4.07845E-01 ,  1.47015E-02 , -2.70182E-01 , -6.45571E-10 ,  2.73716E-03 ,  8.03336E-05 , -7.34923E-11 ,  2.70100E-02 ,  1.74388E-03 , -1.48167E-01 
    1241 ,  1.70802E-01 ,  4.07845E-01 ,  1.47554E-02 , -7.98492E-02 , -8.48964E-10 ,  2.76053E-03 ,  8.58162E-05 , -1.51400E-10 ,  7.97624E-03 ,  1.75161E-03 , -4.32808E-02 
    1251 ,  1.72328E-01 ,  4.07845E-01 ,  1.32036E-02 ,  1.29506E-01 , -1.07728E-09 ,  2.77294E-03 ,  9.53408E-05 , -2.15045E-10 , -1.29601E-02 ,  1.59766E-03 ,  6.80583E-02 
    1261 ,  1.73853E-01 ,  4.07845E-01 ,  1.04054E-02 ,  3.15367E-01 , -1.23447E-09 ,  2.77144E-03 ,  1.15400E-04 , -2.33127E-10 , -3.15483E-02 ,  1.31769E-03 ,  1.59159E-01 
    1271 ,  1.75379E-01 ,  4.07845E-01 ,  6.78309E-03 ,  4.38277E-01 , -1.28698E-09 ,  2.75870E-03 ,  1.40554E-04 , -2.35207E-10 , -4.38419E-02 ,  9.54195E-04 ,  2.12004E-01 
    1281 ,  1.76908E-01 ,  4.07845E-01 ,  2.75066E-03 ,  4.85346E-01 , -1.10316E-09 ,  2.73528E-03 ,  1.65678E-04 , -1.34819E-10 , -4.85512E-02 ,  5.48615E-04 ,  2.26639E-01 
    1291 ,  1.78441E-01 ,  4.07845E-01 , -1.58638E-03 ,  4.52734E-01 , -9.52368E-10 ,  2.70610E-03 ,  1.85983E-04 , -4.73968E-11 , -4.52920E-02 ,  1.11990E-04 ,  2.07457E-01 
    1301 ,  1.79977E-01 ,  4.07845E-01 , -5.10797E-03 ,  3.42795E-01 , -6.89745E-10 ,  2.67311E-03 ,  1.96975E-04 ,  3.86793E-11 , -3.42993E-02 , -2.43471E-04 ,  1.57171E-01 
    1311 ,  1.81513E-01 ,  4.07845E-01 , -7.32026E-03 ,  1.68904E-01 , -3.83858E-10 ,  2.64059E-03 ,  1.90867E-04 ,  2.08783E-10 , -1.69095E-02 , -4.67953E-04 ,  7.80787E-02 
    1321 ,  1.83050E-01 ,  4.07845E-01 , -7.83666E-03 , -4.38455E-02 , -1.04711E-10 ,  2.60954E-03 ,  1.71106E-04 ,  3.01892E-10 ,  4.36737E-03 , -5.22703E-04 , -2.35127E-02 
    1331 ,  1.84586E-01 ,  4.07845E-01 , -6.99315E-03 , -2.62747E-01 ,  1.29581E-10 ,  2.58502E-03 ,  1.44376E-04 ,  3.11672E-10 ,  2.62602E-02 , -4.40816E-04 , -1.34481E-01 
    1341 ,  1.86115E-01 ,  4.07845E-01 , -4.50081E-03 , -4.56439E-01 ,  2.87218E-10 ,  2.56820E-03 ,  1.15555E-04 ,  3.49996E-10 ,  4.56325E-02 , -1.93283E-04 , -2.38319E-01 
    1351 ,  1.87653E-01 ,  4.07845E-01 , -1.26226E-03 , -5.38878E-01 ,  5.70688E-10 ,  2.56244E-03 ,  8.76221E-05 ,  3.80880E-10 ,  5.38789E-02 ,  1.30030E-04 , -2.85011E-01 
    1361 ,  1.89192E-01 ,  4.07845E-01 ,  1.99667E-03 , -4.87727E-01 ,  4.92686E-10 ,  2.56455E-03 ,  7.14061E-05 ,  2.52804E-10 ,  4.87656E-02 ,  4.56120E-04 , -2.59319E-01 
    1371 ,  1.90732E-01 ,  4.07845E-01 ,  4.83751E-03 , -3.08537E-01 ,  4.82309E-10 ,  2.57122E-03 ,  6.66748E-05 ,  2.24939E-10 ,  3.08469E-02 ,  7.40873E-04 , -1.64032E-01 
    1381 ,  1.92276E-01 ,  4.07845E-01 ,  6.24772E-03 , -2.25681E-02 ,  5.14093E-10 ,  2.57963E-03 ,  7.63832E-05 ,  7.94356E-11 ,  2.24920E-03 ,  8.82754E-04 , -1.33944E-02 
    1391 ,  1.93821E-01 ,  4.07845E-01 ,  5.07202E-03 ,  2.68185E-01 ,  5.43742E-10 ,  2.58233E-03 ,  9.68183E-05 , -9.59322E-12 , -2.68283E-02 ,  7.65441E-04 ,  1.35446E-01 
    1401 ,  1.95369E-01 ,  4.07845E-01 ,  1.04366E-03 ,  5.14327E-01 ,  5.61413E-10 ,  2.57323E-03 ,  1.28435E-04 , -1.23679E-11 , -5.14455E-02 ,  3.61703E-04 ,  2.55888E-01 
    1411 ,  1.96917E-01 ,  4.07845E-01 , -4.79987E-03 ,  6.33560E-01 ,  6.41900E-10 ,  2.54903E-03 ,  1.62995E-04 ,  3.29563E-11 , -6.33724E-02 , -2.25073E-04 ,  3.08819E-01 
    1421 ,  1.98465E-01 ,  4.07845E-01 , -1.16403E-02 ,  6.10676E-01 ,  6.09603E-10 ,  2.51134E-03 ,  1.90632E-04 ,  1.83785E-10 , -6.10867E-02 , -9.12892E-04 ,  2.90228E-01 
    1431 ,  2.00010E-01 ,  4.07845E-01 , -1.63912E-02 ,  4.52178E-01 ,  5.17499E-10 ,  2.46327E-03 ,  2.03811E-04 ,  2.49377E-10 , -4.52383E-02 , -1.39279E-03 ,  2.08598E-01 
    1441 ,  2.01552E-01 ,  4.07845E-01 , -1.81115E-02 ,  1.92922E-01 ,  3.75604E-10 ,  2.41463E-03 ,  2.00086E-04 ,  5.57967E-10 , -1.93123E-02 , -1.56966E-03 ,  8.21926E-02 
    1451 ,  2.03091E-01 ,  4.07845E-01 , -1.60961E-02 , -1.03235E-01 ,  1.43170E-10 ,  2.37373E-03 ,  1.78851E-04 ,  6.05622E-10 ,  1.03054E-02 , -1.37221E-03 , -5.96014E-02 
    1461 ,  2.04634E-01 ,  4.07845E-01 , -1.06975E-02 , -3.45897E-01 ,  5.96695E-11 ,  2.34946E-03 ,  1.47789E-04 ,  5.90096E-10 ,  3.45748E-02 , -8.34787E-04 , -1.76670E-01 
    1471 ,  2.06177E-01 ,  4.07845E-01 , -3.43232E-03 , -4.91624E-01 , -5.69904E-11 ,  2.34587E-03 ,  1.13729E-04 ,  5.49536E-10 ,  4.91510E-02 , -1.08630E-04 , -2.49522E-01 
    1481 ,  2.07722E-01 ,  4.07845E-01 ,  4.66307E-03 , -5.17374E-01 , -1.41494E-10 ,  2.36366E-03 ,  8.53485E-05 ,  4.40820E-10 ,  5.17287E-02 ,  7.02677E-04 , -2.66148E-01 
    1491 ,  2.09270E-01 ,  4.07845E-01 ,  1.16749E-02 , -4.22484E-01 , -2.62538E-10 ,  2.40035E-03 ,  6.99095E-05 ,  2.55400E-10 ,  4.22413E-02 ,  1.40754E-03 , -2.22915E-01 
    1501 ,  2.10821E-01 ,  4.07845E-01 ,  1.66239E-02 , -2.27542E-01 , -3.90366E-10 ,  2.44387E-03 ,  6.96495E-05 ,  6.56581E-11 ,  2.27471E-02 ,  1.90678E-03 , -1.26581E-01 
    1511 ,  2.12374E-01 ,  4.07845E-01 ,  1.81208E-02 , -5.53276E-04 , -6.22352E-10 ,  2.48293E-03 ,  7.89543E-05 , -2.07258E-10 ,  4.73987E-05 ,  2.06038E-03 , -1.00919E-02 
    1521 ,  2.13929E-01 ,  4.07845E-01 ,  1.65096E-02 ,  2.15350E-01 , -8.26555E-10 ,  2.51055E-03 ,  9.92838E-05 , -2.91356E-10 , -2.15450E-02 ,  1.90204E-03 ,  1.02603E-01 
    1531 ,  2.15481E-01 ,  4.07845E-01 ,  1.26549E-02 ,  3.94185E-01 , -9.84491E-10 ,  2.52104E-03 ,  1.25765E-04 , -3.42574E-10 , -3.94312E-02 ,  1.51761E-03 ,  1.95095E-01 
    1541 ,  2.17029E-01 ,  4.07845E-01 ,  7.64373E-03 ,  4.99798E-01 , -1.11863E-09 ,  2.51341E-03 ,  1.51931E-04 , -2.77256E-10 , -4.99951E-02 ,  1.01573E-03 ,  2.46921E-01 
    1551 ,  2.18574E-01 ,  4.07845E-01 ,  2.06015E-03 ,  5.21911E-01 , -1.11905E-09 ,  2.49109E-03 ,  1.75162E-04 , -2.18396E-10 , -5.22087E-02 ,  4.55135E-04 ,  2.53024E-01 
    1561 ,  2.20117E-01 ,  4.07845E-01 , -2.63336E-03 ,  4.44282E-01 , -1.04842E-09 ,  2.45913E-03 ,  1.88543E-04 , -9.26961E-11 , -4.44472E-02 , -1.74084E-05 ,  2.09039E-01 
    1571 ,  2.21659E-01 ,  4.07845E-01 , -6.45470E-03 ,  2.77566E-01 , -8.83164E-10 ,  2.42198E-03 ,  1.93834E-04 , -1.73532E-11 , -2.77761E-02 , -4.03260E-04 ,  1.23522E-01 
    1581 ,  2.23203E-01 ,  4.07845E-01 , -9.09706E-03 ,  5.51295E-02 , -6.50724E-10 ,  2.38237E-03 ,  1.83552E-04 ,  1.34610E-10 , -5.53146E-03 , -6.71448E-04 ,  1.42160E-02 
    1591 ,  2.24748E-01 ,  4.07845E-01 , -1.01723E-02 , -1.73878E-01 , -4.60669E-10 ,  2.34674E-03 ,  1.62233E-04 ,  2.74785E-10 ,  1.73715E-02 , -7.82539E-04 , -9.63165E-02 
    1601 ,  2.26295E-01 ,  4.07845E-01 , -9.34155E-03 , -3.65842E-01 , -1.63971E-10 ,  2.31813E-03 ,  1.32291E-04 ,  3.73154E-10 ,  3.65708E-02 , -7.02324E-04 , -1.89029E-01 
    1611 ,  2.27841E-01 ,  4.07845E-01 , -6.30471E-03 , -4.68177E-01 ,  9.73285E-11 ,  2.30334E-03 ,  1.04216E-04 ,  3.95055E-10 ,  4.68073E-02 , -4.00108E-04 , -2.39694E-01 
    1621 ,  2.29391E-01 ,  4.07845E-01 , -1.51402E-03 , -4.53754E-01 ,  3.57406E-10 ,  2.30406E-03 ,  8.27737E-05 ,  4.00934E-10 ,  4.53670E-02 ,  7.90017E-05 , -2.34426E-01 
    1631 ,  2.30941E-01 ,  4.07845E-01 ,  3.90698E-03 , -3.20878E-01 ,  5.32722E-10 ,  2.32068E-03 ,  7.45242E-05 ,  2.80221E-10 ,  3.20803E-02 ,  6.22772E-04 , -1.70173E-01 
    1641 ,  2.32489E-01 ,  4.07845E-01 ,  8.32287E-03 , -9.91222E-02 ,  6.45850E-10 ,  2.34580E-03 ,  8.07794E-05 ,  1.25589E-10 ,  9.90404E-03 ,  1.06688E-03 , -5.95791E-02 
    1651 ,  2.34036E-01 ,  4.07845E-01 ,  1.02719E-02 ,  1.54738E-01 ,  6.73871E-10 ,  2.37070E-03 ,  9.67636E-05 , -1.68980E-11 , -1.54836E-02 ,  1.26427E-03 ,  6.94479E-02 
    1661 ,  2.35583E-01 ,  4.07845E-01 ,  8.66423E-03 ,  3.76116E-01 ,  6.16328E-10 ,  2.38587E-03 ,  1.24386E-04 , -5.12643E-11 , -3.76241E-02 ,  1.10501E-03 ,  1.82967E-01 
    1671 ,  2.37130E-01 ,  4.07845E-01 ,  4.20696E-03 ,  4.86081E-01 ,  4.85754E-10 ,  2.38647E-03 ,  1.48069E-04 , -1.31181E-10 , -4.86231E-02 ,  6.59364E-04 ,  2.38856E-01 
    1681 ,  2.38678E-01 ,  4.07845E-01 , -2.92191E-03 ,  4.77436E-01 ,  2.59819E-10 ,  2.36360E-03 ,  1.67516E-04 , -6.77831E-11 , -4.77604E-02 , -5.57907E-05 ,  2.32571E-01 
    1691 ,  2.40224E-01 ,  4.07845E-01 , -9.58851E-03 ,  3.64027E-01 ,  1.04641E-11 ,  2.32306E-03 ,  1.78634E-04 ,  5.38400E-11 , -3.64206E-02 , -7.26512E-04 ,  1.72308E-01 
    1701 ,  2.41769E-01 ,  4.07845E-01 , -1.51975E-02 ,  1.75286E-01 , -2.25219E-10 ,  2.26943E-03 ,  1.79434E-04 ,  2.37165E-10 , -1.75466E-02 , -1.29279E-03 ,  7.46752E-02 
    1711 ,  2.43315E-01 ,  4.07845E-01 , -1.81905E-02 , -2.22327E-02 , -3.66155E-10 ,  2.21147E-03 ,  1.68039E-04 ,  4.07966E-10 ,  2.20634E-03 , -1.59789E-03 , -2.49772E-02 
    1721 ,  2.44863E-01 ,  4.07845E-01 , -1.83742E-02 , -1.87494E-01 , -4.07322E-10 ,  2.16106E-03 ,  1.50074E-04 ,  5.77016E-10 ,  1.87343E-02 , -1.62127E-03 , -1.05648E-01 
    1731 ,  2.46414E-01 ,  4.07845E-01 , -1.56849E-02 , -2.79139E-01 , -3.37575E-10 ,  2.12591E-03 ,  1.29629E-04 ,  6.72583E-10 ,  2.79008E-02 , -1.35588E-03 , -1.48038E-01 
    1741 ,  2.47969E-01 ,  4.07845E-01 , -1.08470E-02 , -2.86938E-01 , -2.10512E-10 ,  2.11137E-03 ,  1.12999E-04 ,  6.70410E-10 ,  2.86822E-02 , -8.73554E-04 , -1.49251E-01 
    1751 ,  2.49527E-01 ,  4.07845E-01 , -4.44086E-03 , -2.25512E-01 , -7.81315E-11 ,  2.11911E-03 ,  1.00600E-04 ,  6.25492E-10 ,  2.25409E-02 , -2.32147E-04 , -1.17842E-01 
    1761 ,  2.51087E-01 ,  4.07845E-01 ,  2.87604E-03 , -1.19882E-01 , -4.63194E-12 ,  2.14742E-03 ,  9.78051E-05 ,  4.60145E-10 ,  1.19783E-02 ,  5.02365E-04 , -6.63528E-02 
    1771 ,  2.52649E-01 ,  4.07845E-01 ,  9.93073E-03 , -2.02473E-03 , -3.97252E-14 ,  2.18852E-03 ,  1.02364E-04 ,  2.46173E-10 ,  1.92125E-04 ,  1.21195E-03 , -9.50911E-03 
    1781 ,  2.54213E-01 ,  4.07845E-01 ,  1.58449E-02 ,  1.01148E-01 , -9.17170E-11 ,  2.23657E-03 ,  1.10765E-04 ,  3.01448E-11 , -1.01261E-02 ,  1.80814E-03 ,  4.09945E-02 
    1791 ,  2.55778E-01 ,  4.07845E-01 ,  1.86783E-02 ,  1.66813E-01 , -2.15595E-10 ,  2.28202E-03 ,  1.21470E-04 , -1.66535E-10 , -1.66936E-02 ,  2.09608E-03 ,  7.43294E-02 
    1801 ,  2.57343E-01 ,  4.07845E-01 ,  1.80617E-02 ,  1.93545E-01 , -3.82646E-10 ,  2.31243E-03 ,  1.33566E-04 , -3.47644E-10 , -1.93680E-02 ,  2.03745E-03 ,  8.93546E-02 
    1811 ,  2.58905E-01 ,  4.07845E-01 ,  1.32541E-02 ,  1.87043E-01 , -5.42653E-10 ,  2.32430E-03 ,  1.41404E-04 , -3.06471E-10 , -1.87185E-02 ,  1.55786E-03 ,  8.72254E-02 
    1821 ,  2.60465E-01 ,  4.07845E-01 ,  5.76220E-03 ,  1.61304E-01 , -6.34101E-10 ,  2.31194E-03 ,  1.46299E-04 , -3.17786E-10 , -1.61452E-02 ,  8.07480E-04 ,  7.37900E-02 
    1831 ,  2.62023E-01 ,  4.07845E-01 , -3.04227E-03 ,  1.25920E-01 , -6.81426E-10 ,  2.27743E-03 ,  1.48942E-04 , -1.64139E-10 , -1.26071E-02 , -7.64545E-05 ,  5.40679E-02 
    1841 ,  2.63582E-01 ,  4.07845E-01 , -1.14194E-02 ,  8.40954E-02 , -6.81902E-10 ,  2.22586E-03 ,  1.49679E-04 ,  4.47513E-11 , -8.42465E-03 , -9.19344E-04 ,  3.09901E-02 
    1851 ,  2.65141E-01 ,  4.07845E-01 , -1.62699E-02 ,  4.69207E-02 , -6.61004E-10 ,  2.16932E-03 ,  1.47657E-04 ,  2.68499E-10 , -4.70698E-03 , -1.41006E-03 ,  1.15257E-02 
    1861 ,  2.66700E-01 ,  4.07845E-01 , -1.70793E-02 ,  8.12532E-03 , -6.12843E-10 ,  2.11875E-03 ,  1.44773E-04 ,  4.33829E-10 , -8.27267E-04 , -1.49603E-03 , -6.83069E-03 
    1871 ,  2.68261E-01 ,  4.07845E-01 , -1.29498E-02 , -2.11071E-02 , -4.81022E-10 ,  2.08709E-03 ,  1.39194E-04 ,  5.56790E-10 ,  2.09676E-03 , -1.08627E-03 , -1.90754E-02 
    1881 ,  2.69824E-01 ,  4.07845E-01 , -5.23221E-03 , -3.99098E-02 , -3.26936E-10 ,  2.08066E-03 ,  1.34184E-04 ,  5.33574E-10 ,  3.97747E-03 , -3.15115E-04 , -2.64021E-02 
    1891 ,  2.71389E-01 ,  4.07845E-01 ,  4.08259E-03 , -4.56041E-02 , -1.23212E-10 ,  2.10129E-03 ,  1.28205E-04 ,  4.36548E-10 ,  4.54750E-03 ,  6.18412E-04 , -2.86755E-02 
    1901 ,  2.72957E-01 ,  4.07845E-01 ,  1.26103E-02 , -3.99662E-02 ,  1.27340E-10 ,  2.14237E-03 ,  1.25188E-04 ,  2.41749E-10 ,  3.98406E-03 ,  1.47533E-03 , -2.69995E-02 
    1911 ,  2.74527E-01 ,  4.07845E-01 ,  1.72951E-02 , -2.93624E-02 ,  3.50447E-10 ,  2.19131E-03 ,  1.22748E-04 , -7.41629E-11 ,  2.92388E-03 ,  1.94867E-03 , -2.33521E-02 
    1921 ,  2.76099E-01 ,  4.07845E-01 ,  1.72693E-02 , -1.75241E-02 ,  5.07922E-10 ,  2.23339E-03 ,  1.22273E-04 , -2.68481E-10 ,  1.74008E-03 ,  1.95030E-03 , -1.86816E-02 
    1931 ,  2.77670E-01 ,  4.07845E-01 ,  1.23672E-02 , -7.30669E-03 ,  6.09147E-10 ,  2.25512E-03 ,  1.22569E-04 , -3.37988E-10 ,  7.18222E-04 ,  1.46224E-03 , -1.34496E-02 
    1941 ,  2.79236E-01 ,  4.07845E-01 ,  4.05613E-03 ,  4.52978E-03 ,  5.99475E-10 ,  2.24926E-03 ,  1.22182E-04 , -3.07123E-10 , -4.65317E-04 ,  6.30567E-04 , -6.46399E-03 
    1951 ,  2.80800E-01 ,  4.07845E-01 , -5.39094E-03 ,  2.47632E-02 ,  5.02547E-10 ,  2.21518E-03 ,  1.23412E-04 , -1.40004E-10 , -2.48883E-03 , -3.17559E-04 ,  4.77517E-03 
    1961 ,  2.82360E-01 ,  4.07845E-01 , -1.36126E-02 ,  5.99467E-02 ,  3.30700E-10 ,  2.16130E-03 ,  1.27848E-04 ,  9.81970E-11 , -6.00761E-03 , -1.14511E-03 ,  2.27788E-02 
    1971 ,  2.83920E-01 ,  4.07845E-01 , -1.82407E-02 ,  1.08958E-01 ,  1.68522E-10 ,  2.10078E-03 ,  1.33028E-04 ,  3.18046E-10 , -1.09092E-02 , -1.61398E-03 ,  4.66149E-02 
    1981 ,  2.85479E-01 ,  4.07845E-01 , -1.88303E-02 ,  1.67226E-01 ,  6.23369E-12 ,  2.04606E-03 ,  1.41892E-04 ,  5.17428E-10 , -1.67370E-02 , -1.67843E-03 ,  7.46465E-02 
    1991 ,  2.87040E-01 ,  4.07845E-01 , -1.56941E-02 ,  2.09637E-01 , -8.62229E-11 ,  2.00751E-03 ,  1.51419E-04 ,  6.23569E-10 , -2.09790E-02 , -1.36863E-03 ,  9.52129E-02 
    2001 ,  2.88602E-01 ,  4.07845E-01 , -1.04747E-02 ,  2.14777E-01 , -1.03988E-10 ,  1.99107E-03 ,  1.58061E-04 ,  5.97366E-10 , -2.14936E-02 , -8.48343E-04 ,  9.80300E-02 
    2011 ,  2.90169E-01 ,  4.07845E-01 , -4.51797E-03 ,  1.66612E-01 , -7.78900E-11 ,  1.99241E-03 ,  1.59657E-04 ,  5.07058E-10 , -1.66773E-02 , -2.52535E-04 ,  7.48268E-02 
    2021 ,  2.91731E-01 ,  4.07845E-01 ,  6.35663E-04 ,  6.10211E-02 , -1.91695E-11 ,  2.00807E-03 ,  1.56520E-04 ,  4.04732E-10 , -6.11793E-03 ,  2.64351E-04 ,  2.28812E-02 
    2031 ,  2.93297E-01 ,  4.07845E-01 ,  3.68294E-03 , -7.41078E-02 ,  5.81209E-11 ,  2.03098E-03 ,  1.42718E-04 ,  2.55684E-10 ,  7.39642E-03 ,  5.71420E-04 , -4.47023E-02 
    2041 ,  2.94870E-01 ,  4.07845E-01 ,  4.79027E-03 , -2.04559E-01 ,  9.46948E-11 ,  2.05037E-03 ,  1.26718E-04 ,  1.57963E-10 ,  2.04432E-02 ,  6.84098E-04 , -1.10604E-01 
    2051 ,  2.96443E-01 ,  4.07845E-01 ,  4.41848E-03 , -2.97020E-01 ,  1.26720E-10 ,  2.06455E-03 ,  1.08806E-04 ,  1.07627E-10 ,  2.96909E-02 ,  6.48342E-04 , -1.57703E-01 
    2061 ,  2.98017E-01 ,  4.07845E-01 ,  3.24710E-03 , -3.09724E-01 ,  1.29628E-10 ,  2.07116E-03 ,  9.52803E-05 ,  1.00952E-10 ,  3.09628E-02 ,  5.31859E-04 , -1.64399E-01 
    2071 ,  2.99589E-01 ,  4.07845E-01 ,  1.99976E-03 , -2.29420E-01 ,  1.11101E-10 ,  2.07209E-03 ,  8.83756E-05 ,  1.02893E-10 ,  2.29325E-02 ,  4.07277E-04 , -1.23530E-01 
    2081 ,  3.01162E-01 ,  4.07845E-01 ,  9.27555E-04 , -7.30073E-02 ,  1.75576E-11 ,  2.06902E-03 ,  9.08551E-05 ,  9.69123E-11 ,  7.29140E-03 ,  2.99702E-04 , -4.41120E-02 
    2091 ,  3.02734E-01 ,  4.07845E-01 ,  1.70279E-04 ,  1.35035E-01 , -1.08951E-10 ,  2.06353E-03 ,  1.06182E-04 ,  9.97522E-11 , -1.35144E-02 ,  2.23372E-04 ,  6.10241E-02 
    2101 ,  3.04307E-01 ,  4.07845E-01 , -2.56545E-04 ,  3.24828E-01 , -2.55865E-10 ,  2.05569E-03 ,  1.27625E-04 ,  9.29972E-11 , -3.24957E-02 ,  1.79946E-04 ,  1.56103E-01 
    2111 ,  3.05881E-01 ,  4.07845E-01 , -6.22321E-04 ,  4.61470E-01 , -4.30535E-10 ,  2.04816E-03 ,  1.53732E-04 ,  1.06604E-10 , -4.61626E-02 ,  1.42615E-04 ,  2.23516E-01 
    2121 ,  3.07457E-01 ,  4.07845E-01 , -1.03744E-03 ,  4.85787E-01 , -5.60867E-10 ,  2.03976E-03 ,  1.73976E-04 ,  1.18587E-10 , -4.85961E-02 ,  1.00250E-04 ,  2.34161E-01 
    2131 ,  3.09032E-01 ,  4.07845E-01 , -1.59249E-03 ,  3.95386E-01 , -6.58870E-10 ,  2.03029E-03 ,  1.86541E-04 ,  1.03294E-10 , -3.95574E-02 ,  4.37946E-05 ,  1.87586E-01 
    2141 ,  3.10605E-01 ,  4.07845E-01 , -2.12510E-03 ,  2.05750E-01 , -6.94579E-10 ,  2.01939E-03 ,  1.85158E-04 ,  1.17694E-10 , -2.05936E-02 , -1.05310E-05 ,  9.22559E-02 
    2151 ,  3.12177E-01 ,  4.07845E-01 , -2.38895E-03 , -3.25868E-02 , -6.45710E-10 ,  2.00765E-03 ,  1.72714E-04 ,  1.41568E-10 ,  3.24125E-03 , -3.81248E-05 , -2.64460E-02 
    2161 ,  3.13747E-01 ,  4.07845E-01 , -2.13865E-03 , -2.43721E-01 , -5.29020E-10 ,  1.99789E-03 ,  1.48288E-04 ,  1.74839E-10 ,  2.43571E-02 , -1.40305E-05 , -1.31161E-01 
    2171 ,  3.15324E-01 ,  4.07845E-01 , -1.19547E-03 , -3.88663E-01 , -3.73338E-10 ,  1.99239E-03 ,  1.21148E-04 ,  2.06772E-10 ,  3.88540E-02 ,  7.97182E-05 , -2.02852E-01 
    2181 ,  3.16902E-01 ,  4.07845E-01 ,  4.65355E-04 , -4.36113E-01 , -1.98071E-10 ,  1.99297E-03 ,  9.79347E-05 ,  2.21933E-10 ,  4.36014E-02 ,  2.45879E-04 , -2.26256E-01 
    2191 ,  3.18480E-01 ,  4.07845E-01 ,  2.87197E-03 , -3.65603E-01 , -2.72668E-11 ,  2.00143E-03 ,  8.20753E-05 ,  1.86457E-10 ,  3.65520E-02 ,  4.87359E-04 , -1.90953E-01 
    2201 ,  3.20058E-01 ,  4.07845E-01 ,  5.09550E-03 , -2.02826E-01 ,  8.30866E-11 ,  2.01636E-03 ,  7.89808E-05 ,  1.34694E-10 ,  2.02745E-02 ,  7.11226E-04 , -1.09525E-01 
    2211 ,  3.21637E-01 ,  4.07845E-01 ,  6.68191E-03 ,  1.03119E-02 ,  1.31712E-10 ,  2.03286E-03 ,  8.89841E-05 ,  4.51558E-11 , -1.04029E-03 ,  8.71520E-04 , -2.53516E-03 
    2221 ,  3.23215E-01 ,  4.07845E-01 ,  6.94996E-03 ,  2.47750E-01 ,  1.12336E-10 ,  2.04674E-03 ,  1.09833E-04 , -1.77691E-11 , -2.47863E-02 ,  8.99649E-04 ,  1.16895E-01 
    2231 ,  3.24793E-01 ,  4.07845E-01 ,  5.38410E-03 ,  4.19631E-01 ,  4.77980E-11 ,  2.05199E-03 ,  1.37857E-04 , -7.65246E-11 , -4.19770E-02 ,  7.43647E-04 ,  2.03265E-01 
    2241 ,  3.26371E-01 ,  4.07845E-01 ,  1.96214E-03 ,  5.05773E-01 , -1.38091E-11 ,  2.04534E-03 ,  1.63649E-04 , -8.46010E-11 , -5.05939E-02 ,  4.00720E-04 ,  2.46149E-01 
    2251 ,  3.27951E-01 ,  4.07845E-01 , -2.88149E-03 ,  4.81842E-01 , -6.12920E-11 ,  2.02631E-03 ,  1.82592E-04 , -3.19762E-11 , -4.82026E-02 , -8.55176E-05 ,  2.33086E-01 
    2261 ,  3.29533E-01 ,  4.07845E-01 , -8.34485E-03 ,  3.46517E-01 , -6.46121E-11 ,  1.99453E-03 ,  1.89872E-04 ,  1.10422E-10 , -3.46709E-02 , -6.35026E-04 ,  1.63791E-01 
    2271 ,  3.31104E-01 ,  4.07845E-01 , -1.31310E-02 ,  1.17811E-01 , -1.36831E-11 ,  1.95334E-03 ,  1.83945E-04 ,  2.29857E-10 , -1.17998E-02 , -1.11783E-03 ,  4.79881E-02 
    2281 ,  3.32670E-01 ,  4.07845E-01 , -1.54701E-02 , -1.19025E-01 ,  8.47692E-11 ,  1.91028E-03 ,  1.65138E-04 ,  4.09879E-10 ,  1.18859E-02 , -1.35593E-03 , -7.09078E-02 
    2291 ,  3.34240E-01 ,  4.07845E-01 , -1.48959E-02 , -3.21690E-01 ,  1.95597E-10 ,  1.87450E-03 ,  1.39855E-04 ,  5.56435E-10 ,  3.21550E-02 , -1.30208E-03 , -1.71571E-01 
    2301 ,  3.35815E-01 ,  4.07845E-01 , -1.14678E-02 , -4.44017E-01 ,  3.29842E-10 ,  1.85312E-03 ,  1.11769E-04 ,  6.13052E-10 ,  4.43902E-02 , -9.61458E-04 , -2.31263E-01 
    2311 ,  3.37396E-01 ,  4.07845E-01 , -6.11868E-03 , -4.45244E-01 ,  4.43082E-10 ,  1.85167E-03 ,  8.90391E-05 ,  5.68270E-10 ,  4.45153E-02 , -4.26702E-04 , -2.30341E-01 
    2321 ,  3.38975E-01 ,  4.07845E-01 ,  1.03449E-04 , -3.27208E-01 ,  5.15526E-10 ,  1.86776E-03 ,  7.83945E-05 ,  4.43592E-10 ,  3.27129E-02 ,  1.97155E-04 , -1.70173E-01 
    2331 ,  3.40564E-01 ,  4.07845E-01 ,  5.61530E-03 , -1.13363E-01 ,  5.17926E-10 ,  1.89805E-03 ,  8.09440E-05 ,  2.77365E-10 ,  1.13279E-02 ,  7.51366E-04 , -6.27765E-02 
    2341 ,  3.42152E-01 ,  4.07845E-01 ,  8.68684E-03 ,  1.21175E-01 ,  4.31826E-10 ,  1.93105E-03 ,  9.61912E-05 ,  1.23437E-10 , -1.21272E-02 ,  1.06185E-03 ,  5.43650E-02 
    2351 ,  3.43740E-01 ,  4.07845E-01 ,  8.98470E-03 ,  3.27513E-01 ,  2.60567E-10 ,  1.95833E-03 ,  1.19899E-04 , -3.73896E-11 , -3.27635E-02 ,  1.09434E-03 ,  1.57089E-01 
    2361 ,  3.45322E-01 ,  4.07845E-01 ,  6.40656E-03 ,  4.58434E-01 ,  1.85365E-11 ,  1.97167E-03 ,  1.45999E-04 , -1.12575E-10 , -4.58582E-02 ,  8.37855E-04 ,  2.21905E-01 
    2371 ,  3.46905E-01 ,  4.07845E-01 ,  1.94877E-03 ,  4.69912E-01 , -2.71186E-10 ,  1.96801E-03 ,  1.67641E-04 , -1.29456E-10 , -4.70081E-02 ,  3.91711E-04 ,  2.26892E-01 
    2381 ,  3.48488E-01 ,  4.07845E-01 , -3.20705E-03 ,  3.69117E-01 , -5.42131E-10 ,  1.94679E-03 ,  1.79604E-04 , -1.00986E-11 , -3.69298E-02 , -1.26019E-04 ,  1.75585E-01 
    2391 ,  3.50059E-01 ,  4.07845E-01 , -7.43049E-03 ,  1.95574E-01 , -7.54353E-10 ,  1.91510E-03 ,  1.79012E-04 ,  1.10387E-10 , -1.95755E-02 , -5.51484E-04 ,  8.78681E-02 
    2401 ,  3.51641E-01 ,  4.07845E-01 , -9.66863E-03 , -7.58312E-03 , -8.87286E-10 ,  1.87967E-03 ,  1.68569E-04 ,  2.49034E-10 ,  7.41253E-04 , -7.78874E-04 , -1.43744E-02 
    2411 ,  3.53221E-01 ,  4.07845E-01 , -9.39325E-03 , -1.83916E-01 , -9.49618E-10 ,  1.85031E-03 ,  1.50277E-04 ,  3.67511E-10 ,  1.83764E-02 , -7.54242E-04 , -1.02702E-01 
    2421 ,  3.54794E-01 ,  4.07845E-01 , -6.51122E-03 , -2.93934E-01 , -9.33034E-10 ,  1.83302E-03 ,  1.30167E-04 ,  3.88071E-10 ,  2.93802E-02 , -4.67778E-04 , -1.57110E-01 
    2431 ,  3.56371E-01 ,  4.07845E-01 , -1.98856E-03 , -3.06140E-01 , -8.54861E-10 ,  1.83371E-03 ,  1.12509E-04 ,  3.21119E-10 ,  3.06026E-02 , -1.54579E-05 , -1.62021E-01 
    2441 ,  3.57961E-01 ,  4.07845E-01 ,  3.46102E-03 , -2.23262E-01 , -7.54943E-10 ,  1.85089E-03 ,  1.02177E-04 ,  3.24786E-10 ,  2.23159E-02 ,  5.31262E-04 , -1.19087E-01 
    2451 ,  3.59556E-01 ,  4.07845E-01 ,  8.05320E-03 , -9.03498E-02 , -6.74333E-10 ,  1.87997E-03 ,  1.01132E-04 ,  1.81891E-10 ,  9.02471E-03 ,  9.93326E-04 , -5.15730E-02 
    2461 ,  3.61154E-01 ,  4.07845E-01 ,  1.09910E-02 ,  5.49008E-02 , -6.17076E-10 ,  1.91263E-03 ,  1.08791E-04 ,  2.79434E-11 , -5.50110E-03 ,  1.29037E-03 ,  2.13480E-02 
    2471 ,  3.62749E-01 ,  4.07845E-01 ,  1.17600E-02 ,  1.75817E-01 , -5.69139E-10 ,  1.94077E-03 ,  1.21168E-04 , -1.28760E-10 , -1.75941E-02 ,  1.37009E-03 ,  8.13270E-02 
    2481 ,  3.64344E-01 ,  4.07845E-01 ,  1.01862E-02 ,  2.45213E-01 , -5.31204E-10 ,  1.95913E-03 ,  1.35423E-04 , -2.25455E-10 , -2.45351E-02 ,  1.21456E-03 ,  1.15038E-01 
    2491 ,  3.65935E-01 ,  4.07845E-01 ,  6.60869E-03 ,  2.52091E-01 , -4.83125E-10 ,  1.96325E-03 ,  1.47162E-04 , -2.06123E-10 , -2.52240E-02 ,  8.57234E-04 ,  1.17453E-01 
    2501 ,  3.67522E-01 ,  4.07845E-01 ,  1.65919E-03 ,  2.04943E-01 , -4.37491E-10 ,  1.95217E-03 ,  1.54619E-04 , -1.44576E-10 , -2.05101E-02 ,  3.61171E-04 ,  9.32227E-02 
    2511 ,  3.69106E-01 ,  4.07845E-01 , -3.60195E-03 ,  1.26980E-01 , -3.29771E-10 ,  1.92668E-03 ,  1.57116E-04 , -2.67533E-11 , -1.27139E-02 , -1.67523E-04 ,  5.39843E-02 
    2521 ,  3.70687E-01 ,  4.07845E-01 , -8.59813E-03 ,  4.03367E-02 , -2.03428E-10 ,  1.89169E-03 ,  1.53801E-04 ,  1.15805E-10 , -4.04922E-03 , -6.70633E-04 ,  1.07212E-02 
    2531 ,  3.72269E-01 ,  4.07845E-01 , -1.19723E-02 , -2.49416E-02 , -3.32522E-11 ,  1.85247E-03 ,  1.47888E-04 ,  2.76049E-10 ,  2.47923E-03 , -1.01197E-03 , -2.17723E-02 
    2541 ,  3.73849E-01 ,  4.07845E-01 , -1.34867E-02 , -6.17682E-02 ,  1.54780E-10 ,  1.81574E-03 ,  1.40472E-04 ,  4.15768E-10 ,  6.16262E-03 , -1.16709E-03 , -4.00102E-02 
    2551 ,  3.75429E-01 ,  4.07845E-01 , -1.28595E-02 , -6.71581E-02 ,  3.88978E-10 ,  1.78833E-03 ,  1.33569E-04 ,  5.02093E-10 ,  6.70228E-03 , -1.10712E-03 , -4.24689E-02 
    2561 ,  3.77014E-01 ,  4.07845E-01 , -1.03232E-02 , -4.91092E-02 ,  5.74605E-10 ,  1.77162E-03 ,  1.29799E-04 ,  4.96313E-10 ,  4.89775E-03 , -8.55155E-04 , -3.30190E-02 
    2571 ,  3.78597E-01 ,  4.07845E-01 , -6.35074E-03 , -1.92950E-02 ,  7.40956E-10 ,  1.76934E-03 ,  1.27703E-04 ,  5.00475E-10 ,  1.91655E-03 , -4.58123E-04 , -1.74831E-02 
    2581 ,  3.80182E-01 ,  4.07845E-01 , -2.25523E-03 ,  7.30458E-03 ,  8.42839E-10 ,  1.77853E-03 ,  1.27763E-04 ,  4.07334E-10 , -7.43370E-04 , -4.76429E-05 , -3.61145E-03 
    2591 ,  3.81776E-01 ,  4.07845E-01 ,  1.30313E-03 ,  2.43096E-02 ,  8.86737E-10 ,  1.79510E-03 ,  1.28169E-04 ,  3.12519E-10 , -2.44386E-03 ,  3.09839E-04 ,  5.18274E-03 
    2601 ,  3.83370E-01 ,  4.07845E-01 ,  3.51756E-03 ,  2.95211E-02 ,  8.77092E-10 ,  1.81415E-03 ,  1.28487E-04 ,  2.35086E-10 , -2.96511E-03 ,  5.33190E-04 ,  7.56571E-03 
    2611 ,  3.84963E-01 ,  4.07845E-01 ,  4.03099E-03 ,  2.30676E-02 ,  7.79674E-10 ,  1.83067E-03 ,  1.28168E-04 ,  1.13355E-10 , -2.31981E-03 ,  5.86163E-04 ,  3.73181E-03 
    2621 ,  3.86557E-01 ,  4.07845E-01 ,  2.92256E-03 ,  1.19265E-02 ,  5.97371E-10 ,  1.83905E-03 ,  1.28157E-04 ,  9.08410E-11 , -1.20573E-03 ,  4.76186E-04 , -2.56029E-03 
    2631 ,  3.88148E-01 ,  4.07845E-01 ,  5.34346E-04 ,  5.27481E-03 ,  3.58167E-10 ,  1.83705E-03 ,  1.28106E-04 ,  2.21413E-11 , -5.40577E-04 ,  2.37165E-04 , -6.40117E-03 
    2641 ,  3.89741E-01 ,  4.07845E-01 , -2.38819E-03 ,  1.20148E-02 ,  4.77346E-11 ,  1.82519E-03 ,  1.28151E-04 ,  5.14739E-11 , -1.21465E-03 , -5.63851E-05 , -3.05957E-03 
    2651 ,  3.91334E-01 ,  4.07845E-01 , -4.90062E-03 ,  3.73928E-02 , -2.54884E-10 ,  1.80529E-03 ,  1.31039E-04 ,  1.19774E-10 , -3.75258E-03 , -3.09529E-04 ,  9.92957E-03 
    2661 ,  3.92929E-01 ,  4.07845E-01 , -6.32838E-03 ,  7.95782E-02 , -5.34897E-10 ,  1.78338E-03 ,  1.34178E-04 ,  2.11534E-10 , -7.97130E-03 , -4.54468E-04 ,  3.15064E-02 
    2671 ,  3.94523E-01 ,  4.07845E-01 , -6.16836E-03 ,  1.27322E-01 , -7.46437E-10 ,  1.76484E-03 ,  1.39813E-04 ,  2.99047E-10 , -1.27464E-02 , -4.40357E-04 ,  5.57408E-02 
    2681 ,  3.96111E-01 ,  4.07845E-01 , -4.40753E-03 ,  1.61888E-01 , -8.76822E-10 ,  1.75409E-03 ,  1.46685E-04 ,  2.75922E-10 , -1.62037E-02 , -2.65351E-04 ,  7.30908E-02 
    2691 ,  3.97696E-01 ,  4.07845E-01 , -1.39743E-03 ,  1.67358E-01 , -9.17597E-10 ,  1.75376E-03 ,  1.51930E-04 ,  2.25482E-10 , -1.67512E-02 ,  3.56480E-05 ,  7.55876E-02 
    2701 ,  3.99282E-01 ,  4.07845E-01 ,  2.01298E-03 ,  1.35527E-01 , -8.82643E-10 ,  1.76454E-03 ,  1.54052E-04 ,  1.83946E-10 , -1.35683E-02 ,  3.77758E-04 ,  5.93790E-02 
    2711 ,  4.00864E-01 ,  4.07845E-01 ,  5.29975E-03 ,  6.52494E-02 , -7.95463E-10 ,  1.78221E-03 ,  1.52145E-04 ,  1.24382E-10 , -6.54028E-03 ,  7.08210E-04 ,  2.39701E-02 
    2721 ,  4.02448E-01 ,  4.07845E-01 ,  7.64140E-03 , -2.92225E-02 , -6.69528E-10 ,  1.80388E-03 ,  1.45582E-04 ,  4.37108E-11 ,  2.90759E-03 ,  9.44492E-04 , -2.33609E-02 
    2731 ,  4.04034E-01 ,  4.07845E-01 ,  8.43645E-03 , -1.20044E-01 , -5.72953E-10 ,  1.82433E-03 ,  1.34568E-04 , -2.31061E-11 ,  1.19908E-02 ,  1.02610E-03 , -6.87046E-02 
    2741 ,  4.05624E-01 ,  4.07845E-01 ,  7.70126E-03 , -1.81818E-01 , -5.00524E-10 ,  1.83911E-03 ,  1.22066E-04 , -6.91454E-11 ,  1.81694E-02 ,  9.54048E-04 , -9.94184E-02 
    2751 ,  4.07212E-01 ,  4.07845E-01 ,  5.49253E-03 , -1.92909E-01 , -4.61530E-10 ,  1.84475E-03 ,  1.12284E-04 , -8.24995E-11 ,  1.92794E-02 ,  7.33743E-04 , -1.04770E-01 
    2761 ,  4.08806E-01 ,  4.07845E-01 ,  2.49516E-03 , -1.39126E-01 , -4.46292E-10 ,  1.84022E-03 ,  1.07784E-04 , -4.71564E-11 ,  1.39016E-02 ,  4.33539E-04 , -7.76895E-02 
    2771 ,  4.10401E-01 ,  4.07845E-01 , -6.89212E-04 , -3.19380E-02 , -4.51365E-10 ,  1.82674E-03 ,  1.10483E-04 ,  9.80110E-12 ,  3.18249E-03 ,  1.13750E-04 , -2.38990E-02 
    2781 ,  4.11998E-01 ,  4.07845E-01 , -3.52813E-03 ,  1.06337E-01 , -4.17853E-10 ,  1.80683E-03 ,  1.20092E-04 ,  8.65605E-11 , -1.06459E-02 , -1.72121E-04 ,  4.54477E-02 
    2791 ,  4.13594E-01 ,  4.07845E-01 , -5.63443E-03 ,  2.39932E-01 , -3.38584E-10 ,  1.78416E-03 ,  1.35863E-04 ,  1.91260E-10 , -2.40070E-02 , -3.85008E-04 ,  1.12389E-01 
    2801 ,  4.15181E-01 ,  4.07845E-01 , -6.83689E-03 ,  3.29732E-01 , -1.91633E-10 ,  1.76224E-03 ,  1.52749E-04 ,  2.41954E-10 , -3.29886E-02 , -5.07454E-04 ,  1.57237E-01 
    2811 ,  4.16765E-01 ,  4.07845E-01 , -7.10658E-03 ,  3.41392E-01 ,  4.91619E-12 ,  1.74436E-03 ,  1.67155E-04 ,  2.78616E-10 , -3.41561E-02 , -5.36195E-04 ,  1.62713E-01 
    2821 ,  4.18342E-01 ,  4.07845E-01 , -6.72528E-03 ,  2.67674E-01 ,  2.62408E-10 ,  1.73223E-03 ,  1.73619E-04 ,  2.73433E-10 , -2.67849E-02 , -4.99285E-04 ,  1.25209E-01 
    2831 ,  4.19911E-01 ,  4.07845E-01 , -6.00779E-03 ,  1.31139E-01 ,  5.11628E-10 ,  1.72439E-03 ,  1.71231E-04 ,  2.99941E-10 , -1.31313E-02 , -4.28324E-04 ,  5.62972E-02 
    2841 ,  4.21480E-01 ,  4.07845E-01 , -5.19966E-03 , -4.18815E-02 ,  7.32838E-10 ,  1.71953E-03 ,  1.60971E-04 ,  2.84099E-10 ,  4.17193E-03 , -3.47994E-04 , -3.06205E-02 
    2851 ,  4.23038E-01 ,  4.07845E-01 , -4.54940E-03 , -1.90243E-01 ,  8.32993E-10 ,  1.71668E-03 ,  1.44263E-04 ,  2.85629E-10 ,  1.90098E-02 , -2.83230E-04 , -1.04746E-01 
    2861 ,  4.24612E-01 ,  4.07845E-01 , -3.98406E-03 , -2.88462E-01 ,  8.55094E-10 ,  1.71387E-03 ,  1.25063E-04 ,  3.16643E-10 ,  2.88335E-02 , -2.26992E-04 , -1.53319E-01 
    2871 ,  4.26198E-01 ,  4.07845E-01 , -3.54945E-03 , -3.09668E-01 ,  7.69147E-10 ,  1.71128E-03 ,  1.07948E-04 ,  3.15814E-10 ,  3.09559E-02 , -1.83822E-04 , -1.63083E-01 
    2881 ,  4.27793E-01 ,  4.07845E-01 , -3.18419E-03 , -2.46570E-01 ,  6.07346E-10 ,  1.70858E-03 ,  9.76626E-05 ,  3.07110E-10 ,  2.46471E-02 , -1.47544E-04 , -1.30722E-01 
    2891 ,  4.29398E-01 ,  4.07845E-01 , -2.73450E-03 , -1.12748E-01 ,  3.82873E-10 ,  1.70560E-03 ,  9.71155E-05 ,  2.79267E-10 ,  1.12649E-02 , -1.02865E-04 , -6.32743E-02 
    2901 ,  4.31003E-01 ,  4.07845E-01 , -2.20723E-03 ,  5.24961E-02 ,  1.48009E-10 ,  1.70336E-03 ,  1.04996E-04 ,  2.72298E-10 , -5.26030E-03 , -5.03527E-05 ,  1.94805E-02 
    2911 ,  4.32609E-01 ,  4.07845E-01 , -1.61406E-03 ,  2.03130E-01 , -7.50657E-11 ,  1.70137E-03 ,  1.20814E-04 ,  2.57015E-10 , -2.03253E-02 ,  8.75161E-06 ,  9.46157E-02 
    2921 ,  4.34212E-01 ,  4.07845E-01 , -1.08929E-03 ,  3.10819E-01 , -2.31243E-10 ,  1.70044E-03 ,  1.40445E-04 ,  1.95483E-10 , -3.10961E-02 ,  6.11413E-05 ,  1.48062E-01 
    2931 ,  4.35814E-01 ,  4.07845E-01 , -7.45102E-04 ,  3.50558E-01 , -3.63756E-10 ,  1.69987E-03 ,  1.57802E-04 ,  1.89877E-10 , -3.50717E-02 ,  9.55013E-05 ,  1.67428E-01 
    2941 ,  4.37409E-01 ,  4.07845E-01 , -5.81944E-04 ,  3.14224E-01 , -4.17755E-10 ,  1.70042E-03 ,  1.69546E-04 ,  1.75305E-10 , -3.14394E-02 ,  1.11851E-04 ,  1.48717E-01 
    2951 ,  4.38993E-01 ,  4.07845E-01 , -6.03038E-04 ,  2.09461E-01 , -4.58908E-10 ,  1.70103E-03 ,  1.72858E-04 ,  1.65634E-10 , -2.09636E-02 ,  1.09821E-04 ,  9.57811E-02 
    2961 ,  4.40570E-01 ,  4.07845E-01 , -5.79483E-04 ,  7.11956E-02 , -4.78130E-10 ,  1.70121E-03 ,  1.67056E-04 ,  1.59725E-10 , -7.13651E-03 ,  1.12197E-04 ,  2.62302E-02 
    2971 ,  4.42145E-01 ,  4.07845E-01 , -3.35024E-04 , -7.35486E-02 , -5.05696E-10 ,  1.70066E-03 ,  1.55130E-04 ,  1.73092E-10 ,  7.33909E-03 ,  1.36603E-04 , -4.63915E-02 
    2981 ,  4.43722E-01 ,  4.07845E-01 ,  3.00200E-04 , -1.88836E-01 , -5.48326E-10 ,  1.70105E-03 ,  1.39103E-04 ,  1.75583E-10 ,  1.88695E-02 ,  2.00156E-04 , -1.03974E-01 
    2991 ,  4.45305E-01 ,  4.07845E-01 ,  1.43283E-03 , -2.55032E-01 , -6.12573E-10 ,  1.70261E-03 ,  1.22976E-04 ,  1.81494E-10 ,  2.54907E-02 ,  3.13555E-04 , -1.36575E-01 
    3001 ,  4.46895E-01 ,  4.07845E-01 ,  2.68418E-03 , -2.46291E-01 , -6.76413E-10 ,  1.70677E-03 ,  1.10337E-04 ,  1.42775E-10 ,  2.46180E-02 ,  4.39116E-04 , -1.31490E-01 
    3011 ,  4.48494E-01 ,  4.07845E-01 ,  4.09729E-03 , -1.65107E-01 , -7.25926E-10 ,  1.71419E-03 ,  1.04469E-04 ,  8.56355E-11 ,  1.65001E-02 ,  5.81143E-04 , -9.00047E-02 
    3021 ,  4.50093E-01 ,  4.07845E-01 ,  5.11759E-03 , -3.70375E-02 , -7.39442E-10 ,  1.72349E-03 ,  1.07175E-04 ,  5.82792E-11 ,  3.69286E-03 ,  6.84113E-04 , -2.53241E-02 
    3031 ,  4.51696E-01 ,  4.07845E-01 ,  5.47610E-03 ,  1.06292E-01 , -6.98365E-10 ,  1.73285E-03 ,  1.16630E-04 ,  1.40807E-11 , -1.06410E-02 ,  7.20912E-04 ,  4.65332E-02 
    3041 ,  4.53295E-01 ,  4.07845E-01 ,  4.91944E-03 ,  2.21449E-01 , -6.09019E-10 ,  1.73964E-03 ,  1.31978E-04 , -4.29178E-11 , -2.21584E-02 ,  6.65913E-04 ,  1.03796E-01 
    3051 ,  4.54889E-01 ,  4.07845E-01 ,  3.23718E-03 ,  2.95018E-01 , -4.77621E-10 ,  1.74150E-03 ,  1.48408E-04 , -4.47067E-11 , -2.95167E-02 ,  4.97905E-04 ,  1.39818E-01 
    3061 ,  4.56477E-01 ,  4.07845E-01 ,  8.25901E-04 ,  2.98404E-01 , -3.08216E-10 ,  1.73761E-03 ,  1.61135E-04 , -2.24113E-11 , -2.98566E-02 ,  2.56371E-04 ,  1.40709E-01 
    3071 ,  4.58053E-01 ,  4.07845E-01 , -2.38031E-03 ,  2.33628E-01 , -1.33302E-10 ,  1.72612E-03 ,  1.68477E-04 ,  1.85656E-11 , -2.33797E-02 , -6.53694E-05 ,  1.07603E-01 
    3081 ,  4.59624E-01 ,  4.07845E-01 , -5.33150E-03 ,  1.30142E-01 ,  5.81142E-12 ,  1.70817E-03 ,  1.67804E-04 ,  1.04246E-10 , -1.30311E-02 , -3.62285E-04 ,  5.54841E-02 
    3091 ,  4.61200E-01 ,  4.07845E-01 , -7.58153E-03 ,  1.00800E-02 ,  1.05330E-10 ,  1.68671E-03 ,  1.60122E-04 ,  1.84138E-10 , -1.02419E-03 , -5.89431E-04 , -4.51775E-03 
    3101 ,  4.62776E-01 ,  4.07845E-01 , -8.72258E-03 , -9.78246E-02 ,  1.34566E-10 ,  1.66373E-03 ,  1.48561E-04 ,  2.95093E-10 ,  9.76744E-03 , -7.05878E-04 , -5.82056E-02 
    3111 ,  4.64350E-01 ,  4.07845E-01 , -8.41923E-03 , -1.63698E-01 ,  1.28465E-10 ,  1.64402E-03 ,  1.35944E-04 ,  3.41407E-10 ,  1.63560E-02 , -6.77545E-04 , -9.06704E-02 
    3121 ,  4.65933E-01 ,  4.07845E-01 , -6.93836E-03 , -1.77161E-01 ,  9.60976E-11 ,  1.63049E-03 ,  1.25076E-04 ,  4.00308E-10 ,  1.77035E-02 , -5.30749E-04 , -9.68586E-02 
    3131 ,  4.67521E-01 ,  4.07845E-01 , -4.73704E-03 , -1.42207E-01 ,  4.84923E-11 ,  1.62416E-03 ,  1.17488E-04 ,  3.86726E-10 ,  1.42088E-02 , -3.11255E-04 , -7.88640E-02 
    3141 ,  4.69113E-01 ,  4.07845E-01 , -2.33271E-03 , -7.28445E-02 ,  1.22565E-11 ,  1.62552E-03 ,  1.15644E-04 ,  3.34250E-10 ,  7.27280E-03 , -7.06960E-05 , -4.37421E-02 
    3151 ,  4.70714E-01 ,  4.07845E-01 , -4.25822E-04 ,  8.74832E-03 , -1.82849E-12 ,  1.63162E-03 ,  1.18628E-04 ,  2.76928E-10 , -8.86816E-04 ,  1.20607E-04 , -2.68388E-03 
    3161 ,  4.72310E-01 ,  4.07845E-01 ,  5.63253E-04 ,  8.57596E-02 ,  1.00902E-11 ,  1.63963E-03 ,  1.25130E-04 ,  2.17960E-10 , -8.58857E-03 ,  2.20320E-04 ,  3.58432E-02 
    3171 ,  4.73906E-01 ,  4.07845E-01 ,  3.01523E-04 ,  1.36889E-01 ,  2.56376E-11 ,  1.64571E-03 ,  1.33178E-04 ,  1.93750E-10 , -1.37024E-02 ,  1.94733E-04 ,  6.11322E-02 
    3181 ,  4.75497E-01 ,  4.07845E-01 , -9.82290E-04 ,  1.54975E-01 ,  5.45523E-11 ,  1.64666E-03 ,  1.40565E-04 ,  1.63476E-10 , -1.55117E-02 ,  6.64472E-05 ,  6.96562E-02 
    3191 ,  4.77088E-01 ,  4.07845E-01 , -2.90380E-03 ,  1.42129E-01 ,  5.52240E-11 ,  1.64105E-03 ,  1.46273E-04 ,  2.06185E-10 , -1.42277E-02 , -1.26255E-04 ,  6.26568E-02 
    3201 ,  4.78679E-01 ,  4.07845E-01 , -4.69782E-03 ,  1.09954E-01 ,  3.58989E-11 ,  1.63113E-03 ,  1.49283E-04 ,  2.35450E-10 , -1.10104E-02 , -3.06631E-04 ,  4.61562E-02 
    3211 ,  4.80265E-01 ,  4.07845E-01 , -6.03020E-03 ,  6.69490E-02 , -1.51837E-11 ,  1.61739E-03 ,  1.49868E-04 ,  2.60773E-10 , -6.71005E-03 , -4.41264E-04 ,  2.44894E-02 
    3221 ,  4.81853E-01 ,  4.07845E-01 , -6.21443E-03 ,  2.65413E-02 , -8.74096E-11 ,  1.60427E-03 ,  1.46889E-04 ,  3.14662E-10 , -2.66899E-03 , -4.61030E-04 ,  4.43992E-03 
    3231 ,  4.83440E-01 ,  4.07845E-01 , -5.12150E-03 , -7.28348E-04 , -1.79469E-10 ,  1.59536E-03 ,  1.43771E-04 ,  3.30018E-10 ,  5.82784E-05 , -3.52602E-04 , -8.90245E-03 
    3241 ,  4.85023E-01 ,  4.07845E-01 , -2.93451E-03 , -1.49526E-02 , -2.77826E-10 ,  1.59270E-03 ,  1.40061E-04 ,  3.19189E-10 ,  1.48104E-03 , -1.34143E-04 , -1.56970E-02 
    3251 ,  4.86614E-01 ,  4.07845E-01 , -8.13826E-05 , -1.77681E-02 , -3.57168E-10 ,  1.59833E-03 ,  1.36324E-04 ,  2.91655E-10 ,  1.76292E-03 ,  1.51702E-04 , -1.68984E-02 
    3261 ,  4.88203E-01 ,  4.07845E-01 ,  2.80338E-03 , -1.27134E-02 , -4.27824E-10 ,  1.60936E-03 ,  1.34224E-04 ,  2.50112E-10 ,  1.25776E-03 ,  4.41350E-04 , -1.42547E-02 
    3271 ,  4.89786E-01 ,  4.07845E-01 ,  5.05496E-03 , -4.06808E-03 , -4.71914E-10 ,  1.62508E-03 ,  1.32941E-04 ,  1.61597E-10 ,  3.93414E-04 ,  6.68052E-04 , -9.91913E-03 
    3281 ,  4.91373E-01 ,  4.07845E-01 ,  6.36837E-03 ,  6.69884E-03 , -5.01626E-10 ,  1.64161E-03 ,  1.32527E-04 ,  8.19942E-11 , -6.83268E-04 ,  8.01022E-04 , -4.55337E-03 
    3291 ,  4.92964E-01 ,  4.07845E-01 ,  6.32684E-03 ,  1.78480E-02 , -5.05744E-10 ,  1.65553E-03 ,  1.32657E-04 ,  3.07892E-11 , -1.79824E-03 ,  7.98199E-04 ,  1.02446E-03 
    3301 ,  4.94554E-01 ,  4.07845E-01 ,  4.94393E-03 ,  2.99214E-02 , -4.80917E-10 ,  1.66334E-03 ,  1.33470E-04 , -2.92746E-12 , -3.00564E-03 ,  6.60770E-04 ,  6.99840E-03 
    3311 ,  4.96145E-01 ,  4.07845E-01 ,  2.86084E-03 ,  4.18482E-02 , -4.42858E-10 ,  1.66387E-03 ,  1.34962E-04 ,  2.45506E-11 , -4.19848E-03 ,  4.52502E-04 ,  1.28360E-02 
    3321 ,  4.97736E-01 ,  4.07845E-01 ,  3.68283E-04 ,  5.52766E-02 , -3.97032E-10 ,  1.65704E-03 ,  1.37577E-04 ,  5.75897E-11 , -5.54162E-03 ,  2.02555E-04 ,  1.93463E-02 
    3331 ,  4.99325E-01 ,  4.07845E-01 , -1.82502E-03 ,  6.90244E-02 , -3.41985E-10 ,  1.64529E-03 ,  1.39753E-04 ,  1.06444E-10 , -6.91661E-03 , -1.79473E-05 ,  2.60289E-02 
    3341 ,  5.00913E-01 ,  4.07845E-01 , -3.39534E-03 ,  8.27894E-02 , -2.72228E-10 ,  1.63143E-03 ,  1.42829E-04 ,  1.67970E-10 , -8.29338E-03 , -1.76356E-04 ,  3.27951E-02 
    3351 ,  5.02498E-01 ,  4.07845E-01 , -3.89693E-03 ,  9.20348E-02 , -2.12082E-10 ,  1.61800E-03 ,  1.45819E-04 ,  2.13539E-10 , -9.21829E-03 , -2.27864E-04 ,  3.74631E-02 
    3361 ,  5.04085E-01 ,  4.07845E-01 , -3.34774E-03 ,  9.46922E-02 , -1.15938E-10 ,  1.60816E-03 ,  1.48287E-04 ,  2.51632E-10 , -9.48428E-03 , -1.73930E-04 ,  3.89656E-02 
    3371 ,  5.05665E-01 ,  4.07845E-01 , -2.22468E-03 ,  8.76086E-02 , -3.44808E-11 ,  1.60385E-03 ,  1.49762E-04 ,  2.46512E-10 , -8.77606E-03 , -6.20197E-05 ,  3.55874E-02 
    3381 ,  5.07244E-01 ,  4.07845E-01 , -7.41397E-04 ,  6.83605E-02 ,  3.83352E-11 ,  1.60522E-03 ,  1.49979E-04 ,  2.19664E-10 , -6.85134E-03 ,  8.64282E-05 ,  2.60570E-02 
    3391 ,  5.08823E-01 ,  4.07845E-01 ,  6.13182E-04 ,  3.70099E-02 ,  1.03214E-10 ,  1.60922E-03 ,  1.48847E-04 ,  1.77751E-10 , -3.71614E-03 ,  2.22309E-04 ,  1.03436E-02 
    3401 ,  5.10394E-01 ,  4.07845E-01 ,  1.28521E-03 , -7.63715E-04 ,  1.43644E-10 ,  1.61448E-03 ,  1.44865E-04 ,  1.37981E-10 ,  6.16488E-05 ,  2.90001E-04 , -8.66495E-03 
    3411 ,  5.11972E-01 ,  4.07845E-01 ,  1.05550E-03 , -3.82803E-02 ,  1.58195E-10 ,  1.61794E-03 ,  1.39718E-04 ,  1.10847E-10 ,  3.81387E-03 ,  2.67382E-04 , -2.75335E-02 
    3421 ,  5.13553E-01 ,  4.07845E-01 , -7.69629E-05 , -6.53272E-02 ,  1.52278E-10 ,  1.61673E-03 ,  1.33650E-04 ,  1.19058E-10 ,  6.51919E-03 ,  1.54009E-04 , -4.10504E-02 
    3431 ,  5.15135E-01 ,  4.07845E-01 , -1.94122E-03 , -7.55577E-02 ,  1.17441E-10 ,  1.60990E-03 ,  1.28517E-04 ,  1.49150E-10 ,  7.54274E-03 , -3.31108E-05 , -4.60207E-02 
    3441 ,  5.16724E-01 ,  4.07845E-01 , -4.16893E-03 , -6.31629E-02 ,  6.42115E-11 ,  1.59679E-03 ,  1.25388E-04 ,  1.95071E-10 ,  6.30353E-03 , -2.57196E-04 , -3.95759E-02 
    3451 ,  5.18316E-01 ,  4.07845E-01 , -6.20599E-03 , -2.74917E-02 ,  1.68797E-11 ,  1.57953E-03 ,  1.25157E-04 ,  2.61625E-10 ,  2.73646E-03 , -4.62599E-04 , -2.15299E-02 
    3461 ,  5.19907E-01 ,  4.07845E-01 , -7.58305E-03 ,  2.48506E-02 , -2.53426E-11 ,  1.56062E-03 ,  1.27481E-04 ,  3.11663E-10 , -2.49803E-03 , -6.02213E-04 ,  4.73846E-03 
    3471 ,  5.21500E-01 ,  4.07845E-01 , -8.01512E-03 ,  8.22255E-02 , -4.69414E-11 ,  1.54275E-03 ,  1.33135E-04 ,  3.77303E-10 , -8.23604E-03 , -6.47214E-04 ,  3.33726E-02 
    3481 ,  5.23088E-01 ,  4.07845E-01 , -7.54673E-03 ,  1.30659E-01 , -3.01374E-11 ,  1.52941E-03 ,  1.40079E-04 ,  4.11742E-10 , -1.30801E-02 , -6.01711E-04 ,  5.74658E-02 
    3491 ,  5.24677E-01 ,  4.07845E-01 , -6.25040E-03 ,  1.57265E-01 ,  3.32773E-12 ,  1.52157E-03 ,  1.47162E-04 ,  4.15862E-10 , -1.57414E-02 , -4.72860E-04 ,  7.06122E-02 
    3501 ,  5.26263E-01 ,  4.07845E-01 , -4.49834E-03 ,  1.54434E-01 ,  5.10804E-11 ,  1.52055E-03 ,  1.52014E-04 ,  3.96755E-10 , -1.54589E-02 , -2.97740E-04 ,  6.90279E-02 
    3511 ,  5.27844E-01 ,  4.07845E-01 , -2.43299E-03 ,  1.19399E-01 ,  9.70855E-11 ,  1.52575E-03 ,  1.54310E-04 ,  3.56342E-10 , -1.19556E-02 , -9.06940E-05 ,  5.13542E-02 
    3521 ,  5.29423E-01 ,  4.07845E-01 , -5.05645E-04 ,  6.00019E-02 ,  1.18528E-10 ,  1.53450E-03 ,  1.52717E-04 ,  2.90895E-10 , -6.01575E-03 ,  1.02927E-04 ,  2.15092E-02 
    3531 ,  5.31003E-01 ,  4.07845E-01 ,  9.76016E-04 , -6.31253E-03 ,  9.38179E-11 ,  1.54483E-03 ,  1.48453E-04 ,  2.39163E-10 ,  6.16124E-04 ,  2.52131E-04 , -1.17514E-02 
    3541 ,  5.32583E-01 ,  4.07845E-01 ,  1.86126E-03 , -5.94550E-02 ,  2.49388E-11 ,  1.55473E-03 ,  1.41444E-04 ,  1.89471E-10 ,  5.93108E-03 ,  3.41624E-04 , -3.83454E-02 
    3551 ,  5.34166E-01 ,  4.07845E-01 ,  2.29601E-03 , -9.32811E-02 , -7.95667E-11 ,  1.56238E-03 ,  1.34223E-04 ,  1.43889E-10 ,  9.31447E-03 ,  3.85861E-04 , -5.51572E-02 
    3561 ,  5.35757E-01 ,  4.07845E-01 ,  2.27894E-03 , -9.40048E-02 , -2.16079E-10 ,  1.56751E-03 ,  1.27878E-04 ,  1.14766E-10 ,  9.38749E-03 ,  3.84660E-04 , -5.53024E-02 
    3571 ,  5.37347E-01 ,  4.07845E-01 ,  1.92355E-03 , -6.28281E-02 , -3.53982E-10 ,  1.56974E-03 ,  1.24608E-04 ,  1.04777E-10 ,  6.27016E-03 ,  3.49360E-04 , -3.94413E-02 
    3581 ,  5.38939E-01 ,  4.07845E-01 ,  1.41447E-03 , -9.27246E-03 , -4.71387E-10 ,  1.56953E-03 ,  1.25746E-04 ,  1.01479E-10 ,  9.14461E-04 ,  2.98416E-04 , -1.24272E-02 
    3591 ,  5.40532E-01 ,  4.07845E-01 ,  8.05613E-04 ,  5.74047E-02 , -5.64848E-10 ,  1.56732E-03 ,  1.30440E-04 ,  1.08221E-10 , -5.75373E-03 ,  2.37316E-04 ,  2.10284E-02 
    3601 ,  5.42123E-01 ,  4.07845E-01 ,  2.84895E-04 ,  1.16064E-01 , -6.13059E-10 ,  1.56387E-03 ,  1.37350E-04 ,  1.06947E-10 , -1.16203E-02 ,  1.84896E-04 ,  5.02813E-02 
    3611 ,  5.43714E-01 ,  4.07845E-01 , -1.03004E-04 ,  1.59150E-01 , -6.08681E-10 ,  1.56069E-03 ,  1.45138E-04 ,  1.26387E-10 , -1.59297E-02 ,  1.45790E-04 ,  7.15799E-02 
    3621 ,  5.45304E-01 ,  4.07845E-01 , -2.58880E-04 ,  1.70866E-01 , -5.82289E-10 ,  1.55775E-03 ,  1.52615E-04 ,  1.28379E-10 , -1.71020E-02 ,  1.29911E-04 ,  7.71297E-02 
    3631 ,  5.46890E-01 ,  4.07845E-01 , -1.56989E-04 ,  1.52518E-01 , -5.07645E-10 ,  1.55654E-03 ,  1.57098E-04 ,  1.35078E-10 , -1.52676E-02 ,  1.39971E-04 ,  6.76925E-02 
    3641 ,  5.48469E-01 ,  4.07845E-01 ,  1.90688E-04 ,  1.09292E-01 , -4.22307E-10 ,  1.55678E-03 ,  1.58593E-04 ,  1.47272E-10 , -1.09453E-02 ,  1.74760E-04 ,  4.59155E-02 
    3651 ,  5.50045E-01 ,  4.07845E-01 ,  7.21949E-04 ,  4.42560E-02 , -3.16511E-10 ,  1.55829E-03 ,  1.55681E-04 ,  1.48579E-10 , -4.44138E-03 ,  2.28036E-04 ,  1.33433E-02 
    3661 ,  5.51618E-01 ,  4.07845E-01 ,  1.15751E-03 , -1.40527E-02 , -2.36059E-10 ,  1.56110E-03 ,  1.50187E-04 ,  1.41388E-10 ,  1.39003E-03 ,  2.71924E-04 , -1.57733E-02 
    3671 ,  5.53194E-01 ,  4.07845E-01 ,  1.47101E-03 , -6.18859E-02 , -1.67037E-10 ,  1.56356E-03 ,  1.43222E-04 ,  1.24935E-10 ,  6.17407E-03 ,  3.03485E-04 , -3.95537E-02 
    3681 ,  5.54771E-01 ,  4.07845E-01 ,  1.42449E-03 , -8.86166E-02 , -1.09720E-10 ,  1.56522E-03 ,  1.36198E-04 ,  1.08447E-10 ,  8.84786E-03 ,  2.98964E-04 , -5.27412E-02 
    3691 ,  5.56351E-01 ,  4.07845E-01 ,  9.45000E-04 , -8.91367E-02 , -7.37579E-11 ,  1.56507E-03 ,  1.30359E-04 ,  8.83065E-11 ,  8.90042E-03 ,  2.51001E-04 , -5.27863E-02 
    3701 ,  5.57935E-01 ,  4.07845E-01 , -3.99053E-05 , -6.40379E-02 , -4.28053E-11 ,  1.56186E-03 ,  1.26918E-04 ,  9.43257E-11 ,  6.39094E-03 ,  1.52234E-04 , -3.99770E-02 
    3711 ,  5.59520E-01 ,  4.07845E-01 , -1.47000E-03 , -1.89825E-02 , -1.15458E-11 ,  1.55514E-03 ,  1.26856E-04 ,  1.34240E-10 ,  1.88537E-03 ,  8.52694E-06 , -1.72274E-02 
    3721 ,  5.61101E-01 ,  4.07845E-01 , -2.99537E-03 ,  3.12160E-02 ,  1.84798E-11 ,  1.54514E-03 ,  1.29701E-04 ,  1.61076E-10 , -3.13481E-03 , -1.45006E-04 ,  7.98894E-03 
    3731 ,  5.62688E-01 ,  4.07845E-01 , -4.58435E-03 ,  7.98680E-02 ,  6.96219E-11 ,  1.53198E-03 ,  1.35035E-04 ,  1.98731E-10 , -8.00053E-03 , -3.05232E-04 ,  3.22292E-02 
    3741 ,  5.64272E-01 ,  4.07845E-01 , -5.91905E-03 ,  1.14371E-01 ,  1.27111E-10 ,  1.51750E-03 ,  1.40798E-04 ,  2.33242E-10 , -1.14514E-02 , -4.40113E-04 ,  4.92646E-02 
    3751 ,  5.65853E-01 ,  4.07845E-01 , -6.96601E-03 ,  1.31478E-01 ,  1.91407E-10 ,  1.50251E-03 ,  1.46594E-04 ,  2.82701E-10 , -1.31626E-02 , -5.46321E-04 ,  5.74799E-02 
    3761 ,  5.67434E-01 ,  4.07845E-01 , -7.42474E-03 ,  1.24858E-01 ,  2.44050E-10 ,  1.48858E-03 ,  1.50692E-04 ,  3.29133E-10 , -1.25010E-02 , -5.93641E-04 ,  5.38705E-02 
    3771 ,  5.69018E-01 ,  4.07845E-01 , -7.23444E-03 ,  9.80085E-02 ,  2.72364E-10 ,  1.47716E-03 ,  1.52933E-04 ,  3.67452E-10 , -9.81633E-03 , -5.75709E-04 ,  4.02709E-02 
    3781 ,  5.70599E-01 ,  4.07845E-01 , -6.32426E-03 ,  5.58534E-02 ,  2.68569E-10 ,  1.46991E-03 ,  1.51826E-04 ,  3.73985E-10 , -5.60075E-03 , -4.85444E-04 ,  1.91681E-02 
    3791 ,  5.72181E-01 ,  4.07845E-01 , -4.92069E-03 ,  1.42345E-02 ,  2.25432E-10 ,  1.46661E-03 ,  1.48791E-04 ,  3.78085E-10 , -1.43854E-03 , -3.45382E-04 , -1.55947E-03 
    3801 ,  5.73754E-01 ,  4.07845E-01 , -3.13643E-03 , -2.11409E-02 ,  1.45094E-10 ,  1.46818E-03 ,  1.44238E-04 ,  3.75933E-10 ,  2.09945E-03 , -1.66803E-04 , -1.90853E-02 
    3811 ,  5.75319E-01 ,  4.07845E-01 , -1.25012E-03 , -4.28441E-02 ,  3.01281E-11 ,  1.47317E-03 ,  1.39547E-04 ,  3.13458E-10 ,  4.27023E-03 ,  2.23241E-05 , -2.97640E-02 
    3821 ,  5.76905E-01 ,  4.07845E-01 ,  4.75903E-04 , -4.63004E-02 , -1.20397E-10 ,  1.48063E-03 ,  1.35474E-04 ,  2.76932E-10 ,  4.61631E-03 ,  1.95678E-04 , -3.13420E-02 
    3831 ,  5.78490E-01 ,  4.07845E-01 ,  1.73551E-03 , -3.31570E-02 , -2.76046E-10 ,  1.48956E-03 ,  1.32649E-04 ,  2.35554E-10 ,  3.30226E-03 ,  3.22519E-04 , -2.46454E-02 
    3841 ,  5.80075E-01 ,  4.07845E-01 ,  2.41419E-03 , -7.11004E-03 , -4.36110E-10 ,  1.49827E-03 ,  1.31963E-04 ,  1.99893E-10 ,  6.97628E-04 ,  3.91280E-04 , -1.15343E-02 
    3851 ,  5.81664E-01 ,  4.07845E-01 ,  2.45755E-03 ,  2.35939E-02 , -5.70330E-10 ,  1.50460E-03 ,  1.33375E-04 ,  1.75742E-10 , -2.37301E-03 ,  3.96231E-04 ,  3.86010E-03 
    3861 ,  5.83254E-01 ,  4.07845E-01 ,  1.91905E-03 ,  5.53263E-02 , -6.92368E-10 ,  1.50834E-03 ,  1.36360E-04 ,  1.78632E-10 , -5.54643E-03 ,  3.42762E-04 ,  1.96445E-02 
    3871 ,  5.84841E-01 ,  4.07845E-01 ,  1.14387E-03 ,  7.91993E-02 , -7.90986E-10 ,  1.50858E-03 ,  1.40224E-04 ,  1.58000E-10 , -7.93414E-03 ,  2.65268E-04 ,  3.14681E-02 
    3881 ,  5.86431E-01 ,  4.07845E-01 ,  2.67809E-04 ,  9.40208E-02 , -8.54128E-10 ,  1.50636E-03 ,  1.44163E-04 ,  1.42704E-10 , -9.41663E-03 ,  1.77432E-04 ,  3.86807E-02 
    3891 ,  5.88016E-01 ,  4.07845E-01 , -3.38913E-04 ,  9.71844E-02 , -8.83716E-10 ,  1.50268E-03 ,  1.47507E-04 ,  1.77981E-10 , -9.73333E-03 ,  1.16388E-04 ,  4.00738E-02 
    3901 ,  5.89600E-01 ,  4.07845E-01 , -5.48356E-04 ,  8.95168E-02 , -8.75123E-10 ,  1.49881E-03 ,  1.50176E-04 ,  1.94886E-10 , -8.96680E-03 ,  9.50602E-05 ,  3.60844E-02 
    3911 ,  5.91179E-01 ,  4.07845E-01 , -2.57133E-04 ,  7.29710E-02 , -8.27052E-10 ,  1.49646E-03 ,  1.51121E-04 ,  1.98029E-10 , -7.31233E-03 ,  1.23954E-04 ,  2.77659E-02 
    3921 ,  5.92760E-01 ,  4.07845E-01 ,  4.43685E-04 ,  5.12435E-02 , -7.56623E-10 ,  1.49644E-03 ,  1.50734E-04 ,  1.98128E-10 , -5.13962E-03 ,  1.94030E-04 ,  1.69278E-02 
    3931 ,  5.94336E-01 ,  4.07845E-01 ,  1.36116E-03 ,  2.73493E-02 , -6.45649E-10 ,  1.49943E-03 ,  1.48824E-04 ,  1.64233E-10 , -2.75000E-03 ,  2.86083E-04 ,  5.02934E-03 
    3941 ,  5.95910E-01 ,  4.07845E-01 ,  2.25653E-03 ,  4.04782E-03 , -5.09311E-10 ,  1.50451E-03 ,  1.46163E-04 ,  1.36297E-10 , -4.19525E-04 ,  3.76140E-04 , -6.53556E-03 
    3951 ,  5.97483E-01 ,  4.07845E-01 ,  2.73619E-03 , -1.24058E-02 , -3.61897E-10 ,  1.51062E-03 ,  1.42689E-04 ,  8.50879E-11 ,  1.22609E-03 ,  4.24703E-04 , -1.46612E-02 
    3961 ,  5.99059E-01 ,  4.07845E-01 ,  2.62228E-03 , -2.09793E-02 , -1.95316E-10 ,  1.51551E-03 ,  1.39930E-04 ,  9.41965E-11 ,  2.08376E-03 ,  4.13799E-04 , -1.88539E-02 
    3971 ,  6.00635E-01 ,  4.07845E-01 ,  1.80045E-03 , -2.02738E-02 , -4.29489E-11 ,  1.51783E-03 ,  1.37599E-04 ,  7.65953E-11 ,  2.01340E-03 ,  3.31842E-04 , -1.84123E-02 
    3981 ,  6.02214E-01 ,  4.07845E-01 ,  2.91658E-04 , -9.99160E-03 ,  1.12306E-10 ,  1.51574E-03 ,  1.36426E-04 ,  7.85426E-11 ,  9.85320E-04 ,  1.80752E-04 , -1.31906E-02 
    3991 ,  6.03796E-01 ,  4.07845E-01 , -1.59998E-03 ,  6.94800E-03 ,  2.40213E-10 ,  1.50900E-03 ,  1.36236E-04 ,  1.14689E-10 , -7.08624E-04 , -9.09521E-06 , -4.67631E-03 
    4001 ,  6.05378E-01 ,  4.07845E-01 , -3.75346E-03 ,  2.81271E-02 ,  3.46400E-10 ,  1.49703E-03 ,  1.37285E-04 ,  1.81183E-10 , -2.82664E-03 , -2.25623E-04 ,  5.90577E-03 
    4011 ,  6.06961E-01 ,  4.07845E-01 , -5.73694E-03 ,  4.91127E-02 ,  4.25650E-10 ,  1.48141E-03 ,  1.39368E-04 ,  2.49453E-10 , -4.92539E-03 , -4.25531E-04 ,  1.63359E-02 
    4021 ,  6.08544E-01 ,  4.07845E-01 , -7.23126E-03 ,  6.58088E-02 ,  4.76188E-10 ,  1.46382E-03 ,  1.42051E-04 ,  3.13793E-10 , -6.59522E-03 , -5.76737E-04 ,  2.45686E-02 
    4031 ,  6.10127E-01 ,  4.07845E-01 , -8.04175E-03 ,  7.58184E-02 ,  4.98703E-10 ,  1.44657E-03 ,  1.44841E-04 ,  3.72980E-10 , -7.59641E-03 , -6.59511E-04 ,  2.94211E-02 
    4041 ,  6.11713E-01 ,  4.07845E-01 , -7.99535E-03 ,  7.70940E-02 ,  4.91705E-10 ,  1.43162E-03 ,  1.47215E-04 ,  4.18288E-10 , -7.72421E-03 , -6.56371E-04 ,  2.99509E-02 
    4051 ,  6.13296E-01 ,  4.07845E-01 , -7.08042E-03 ,  6.97227E-02 ,  4.56080E-10 ,  1.42113E-03 ,  1.48510E-04 ,  4.43958E-10 , -6.98728E-03 , -5.65924E-04 ,  2.62227E-02 
    4061 ,  6.14878E-01 ,  4.07845E-01 , -5.35603E-03 ,  5.45909E-02 ,  3.89970E-10 ,  1.41658E-03 ,  1.48707E-04 ,  4.40642E-10 , -5.47415E-03 , -3.93937E-04 ,  1.86613E-02 
    4071 ,  6.16460E-01 ,  4.07845E-01 , -3.34448E-03 ,  3.67278E-02 ,  3.06897E-10 ,  1.41762E-03 ,  1.48038E-04 ,  4.22656E-10 , -3.68778E-03 , -1.92666E-04 ,  9.76992E-03 
    4081 ,  6.18042E-01 ,  4.07845E-01 , -1.33220E-03 ,  1.88218E-02 ,  2.02668E-10 ,  1.42315E-03 ,  1.46158E-04 ,  3.74466E-10 , -1.89709E-03 ,  9.11093E-06 ,  8.75008E-04 
    4091 ,  6.19626E-01 ,  4.07845E-01 ,  4.18319E-04 ,  3.32764E-03 ,  9.29007E-11 ,  1.43170E-03 ,  1.44071E-04 ,  3.15407E-10 , -3.47369E-04 ,  1.85026E-04 , -6.82904E-03 
    4101 ,  6.21208E-01 ,  4.07845E-01 ,  1.67866E-03 , -7.41600E-03 , -4.57797E-11 ,  1.44150E-03 ,  1.41456E-04 ,  2.49241E-10 ,  7.27253E-04 ,  3.12042E-04 , -1.21510E-02 
    4111 ,  6.22793E-01 ,  4.07845E-01 ,  2.20865E-03 , -1.07751E-02 , -1.82812E-10 ,  1.45043E-03 ,  1.39020E-04 ,  1.94791E-10 ,  1.06343E-03 ,  3.65926E-04 , -1.37956E-02 
    4121 ,  6.24379E-01 ,  4.07845E-01 ,  2.09159E-03 , -6.66288E-03 , -3.20672E-10 ,  1.45673E-03 ,  1.37778E-04 ,  1.62354E-10 ,  6.52326E-04 ,  3.54848E-04 , -1.16995E-02 
    4131 ,  6.25967E-01 ,  4.07845E-01 ,  1.47406E-03 ,  4.67880E-03 , -4.51628E-10 ,  1.45963E-03 ,  1.37225E-04 ,  1.39109E-10 , -4.81844E-04 ,  2.93380E-04 , -6.00130E-03 
    4141 ,  6.27554E-01 ,  4.07845E-01 ,  6.26560E-04 ,  2.19510E-02 , -5.73575E-10 ,  1.45921E-03 ,  1.37753E-04 ,  1.48950E-10 , -2.20912E-03 ,  2.08571E-04 ,  2.64953E-03 
    4151 ,  6.29140E-01 ,  4.07845E-01 , -1.97610E-04 ,  4.25980E-02 , -6.71370E-10 ,  1.45578E-03 ,  1.39491E-04 ,  1.42918E-10 , -4.27394E-03 ,  1.25821E-04 ,  1.29591E-02 
    4161 ,  6.30725E-01 ,  4.07845E-01 , -6.88421E-04 ,  6.14399E-02 , -7.33243E-10 ,  1.45146E-03 ,  1.42028E-04 ,  1.70517E-10 , -6.15832E-03 ,  7.63285E-05 ,  2.23229E-02 
    4171 ,  6.32312E-01 ,  4.07845E-01 , -7.95716E-04 ,  7.73321E-02 , -7.61948E-10 ,  1.44746E-03 ,  1.45120E-04 ,  1.84820E-10 , -7.74783E-03 ,  6.51693E-05 ,  3.01802E-02 
    4181 ,  6.33894E-01 ,  4.07845E-01 , -4.54750E-04 ,  8.69054E-02 , -7.50387E-10 ,  1.44532E-03 ,  1.47923E-04 ,  1.90319E-10 , -8.70544E-03 ,  9.90573E-05 ,  3.48523E-02 
    4191 ,  6.35475E-01 ,  4.07845E-01 ,  2.57971E-04 ,  8.57078E-02 , -6.97531E-10 ,  1.44578E-03 ,  1.50421E-04 ,  1.81152E-10 , -8.58600E-03 ,  1.70358E-04 ,  3.41673E-02 
    4201 ,  6.37054E-01 ,  4.07845E-01 ,  1.05609E-03 ,  7.40368E-02 , -6.29686E-10 ,  1.44886E-03 ,  1.51625E-04 ,  1.63089E-10 , -7.41903E-03 ,  2.50510E-04 ,  2.82765E-02 
    4211 ,  6.38632E-01 ,  4.07845E-01 ,  1.79272E-03 ,  5.27918E-02 , -5.32872E-10 ,  1.45365E-03 ,  1.51206E-04 ,  1.42949E-10 , -5.29456E-03 ,  3.24648E-04 ,  1.76403E-02 
    4221 ,  6.40205E-01 ,  4.07845E-01 ,  2.23811E-03 ,  2.58087E-02 , -4.20062E-10 ,  1.45908E-03 ,  1.49754E-04 ,  1.10074E-10 , -2.59606E-03 ,  3.69729E-04 ,  4.17169E-03 
    4231 ,  6.41775E-01 ,  4.07845E-01 ,  2.19738E-03 ,  2.79419E-04 , -3.00265E-10 ,  1.46353E-03 ,  1.46723E-04 ,  1.09286E-10 , -4.28610E-05 ,  3.66034E-04 , -8.54742E-03 
    4241 ,  6.43344E-01 ,  4.07845E-01 ,  1.54111E-03 , -1.89643E-02 , -1.71984E-10 ,  1.46563E-03 ,  1.43340E-04 ,  9.86868E-11 ,  1.88192E-03 ,  3.00703E-04 , -1.81116E-02 
    4251 ,  6.44919E-01 ,  4.07845E-01 ,  4.09328E-04 , -2.73471E-02 , -5.85711E-11 ,  1.46407E-03 ,  1.40243E-04 ,  1.17141E-10 ,  2.72036E-03 ,  1.87332E-04 , -2.22241E-02 
    4261 ,  6.46497E-01 ,  4.07845E-01 , -1.09475E-03 , -2.37494E-02 ,  4.96759E-11 ,  1.45868E-03 ,  1.38042E-04 ,  1.37901E-10 ,  2.36093E-03 ,  3.64412E-05 , -2.03610E-02 
    4271 ,  6.48077E-01 ,  4.07845E-01 , -2.96474E-03 , -6.92266E-03 ,  1.60264E-10 ,  1.44936E-03 ,  1.36886E-04 ,  1.92519E-10 ,  6.78351E-04 , -1.51515E-04 , -1.18728E-02 
    4281 ,  6.49652E-01 ,  4.07845E-01 , -4.57254E-03 ,  1.60197E-02 ,  2.37278E-10 ,  1.43681E-03 ,  1.37379E-04 ,  2.19236E-10 , -1.61591E-03 , -3.13572E-04 , -3.58149E-04 
    4291 ,  6.51230E-01 ,  4.07845E-01 , -5.91918E-03 ,  4.37375E-02 ,  3.00404E-10 ,  1.42269E-03 ,  1.39487E-04 ,  2.66554E-10 , -4.38790E-03 , -4.49652E-04 ,  1.35067E-02 
    4301 ,  6.52809E-01 ,  4.07845E-01 , -6.68934E-03 ,  6.92076E-02 ,  3.37094E-10 ,  1.40828E-03 ,  1.42697E-04 ,  3.09182E-10 , -6.93518E-03 , -5.28102E-04 ,  2.61774E-02 
    4311 ,  6.54390E-01 ,  4.07845E-01 , -6.76799E-03 ,  8.85765E-02 ,  3.53017E-10 ,  1.39590E-03 ,  1.46348E-04 ,  3.37602E-10 , -8.87244E-03 , -5.37210E-04 ,  3.57591E-02 
    4321 ,  6.55971E-01 ,  4.07845E-01 , -6.17659E-03 ,  9.54424E-02 ,  3.40223E-10 ,  1.38682E-03 ,  1.49713E-04 ,  3.70320E-10 , -9.55935E-03 , -4.78976E-04 ,  3.90874E-02 
    4331 ,  6.57551E-01 ,  4.07845E-01 , -4.86281E-03 ,  8.90044E-02 ,  3.03166E-10 ,  1.38192E-03 ,  1.51999E-04 ,  3.70911E-10 , -8.91579E-03 , -3.48078E-04 ,  3.57673E-02 
    4341 ,  6.59131E-01 ,  4.07845E-01 , -3.34311E-03 ,  7.12414E-02 ,  2.50279E-10 ,  1.38158E-03 ,  1.52802E-04 ,  3.38407E-10 , -7.13959E-03 , -1.96144E-04 ,  2.68328E-02 
    4351 ,  6.60710E-01 ,  4.07845E-01 , -1.61042E-03 ,  4.17136E-02 ,  1.78844E-10 ,  1.38504E-03 ,  1.51760E-04 ,  3.15751E-10 , -4.18679E-03 , -2.25381E-05 ,  1.20619E-02 
    4361 ,  6.62288E-01 ,  4.07845E-01 , -3.46173E-04 ,  1.26297E-02 ,  1.08441E-10 ,  1.39093E-03 ,  1.49265E-04 ,  2.71522E-10 , -1.27812E-03 ,  1.04490E-04 , -2.45653E-03 
    4371 ,  6.63863E-01 ,  4.07845E-01 ,  5.50182E-04 , -1.55470E-02 ,  2.58188E-11 ,  1.39731E-03 ,  1.45485E-04 ,  2.33201E-10 ,  1.53999E-03 ,  1.94773E-04 , -1.64895E-02 
    4381 ,  6.65443E-01 ,  4.07845E-01 ,  8.77414E-04 , -3.39719E-02 , -6.01279E-11 ,  1.40318E-03 ,  1.41341E-04 ,  2.19533E-10 ,  3.38281E-03 ,  2.28066E-04 , -2.56258E-02 
    4391 ,  6.67026E-01 ,  4.07845E-01 ,  6.83420E-04 , -3.93929E-02 , -1.45651E-10 ,  1.40694E-03 ,  1.37849E-04 ,  1.99400E-10 ,  3.92543E-03 ,  2.09058E-04 , -2.82406E-02 
    4401 ,  6.68609E-01 ,  4.07845E-01 ,  1.23841E-04 , -2.92256E-02 , -2.44944E-10 ,  1.40796E-03 ,  1.35550E-04 ,  1.92700E-10 ,  2.90877E-03 ,  1.53190E-04 , -2.30372E-02 
    4411 ,  6.70193E-01 ,  4.07845E-01 , -5.48793E-04 , -4.69093E-03 , -3.40465E-10 ,  1.40643E-03 ,  1.35180E-04 ,  2.09441E-10 ,  4.55400E-04 ,  8.57894E-05 , -1.06729E-02 
    4421 ,  6.71778E-01 ,  4.07845E-01 , -1.06866E-03 ,  2.96129E-02 , -4.30420E-10 ,  1.40336E-03 ,  1.36853E-04 ,  2.17924E-10 , -2.97516E-03 ,  3.34939E-05 ,  6.52263E-03 
    4431 ,  6.73363E-01 ,  4.07845E-01 , -1.21270E-03 ,  6.35359E-02 , -5.05786E-10 ,  1.40038E-03 ,  1.40262E-04 ,  2.23977E-10 , -6.36776E-03 ,  1.87881E-05 ,  2.34461E-02 
    4441 ,  6.74945E-01 ,  4.07845E-01 , -9.24492E-04 ,  9.17002E-02 , -5.64529E-10 ,  1.39814E-03 ,  1.44694E-04 ,  2.37091E-10 , -9.18463E-03 ,  4.73788E-05 ,  3.74281E-02 
    4451 ,  6.76526E-01 ,  4.07845E-01 , -2.27760E-04 ,  1.08101E-01 , -5.99227E-10 ,  1.39815E-03 ,  1.49040E-04 ,  2.18698E-10 , -1.08252E-02 ,  1.17048E-04 ,  4.54822E-02 
    4461 ,  6.78105E-01 ,  4.07845E-01 ,  7.22996E-04 ,  1.08445E-01 , -6.14457E-10 ,  1.40085E-03 ,  1.52608E-04 ,  2.00086E-10 , -1.08598E-02 ,  2.12389E-04 ,  4.54791E-02 
    4471 ,  6.79682E-01 ,  4.07845E-01 ,  1.72119E-03 ,  9.22440E-02 , -6.03756E-10 ,  1.40586E-03 ,  1.54497E-04 ,  1.70385E-10 , -9.23997E-03 ,  3.12708E-04 ,  3.72317E-02 
    4481 ,  6.81256E-01 ,  4.07845E-01 ,  2.52308E-03 ,  6.32866E-02 , -5.75702E-10 ,  1.41225E-03 ,  1.54488E-04 ,  1.36857E-10 , -6.34422E-03 ,  3.93538E-04 ,  2.26559E-02 
    4491 ,  6.82830E-01 ,  4.07845E-01 ,  2.94121E-03 ,  2.61184E-02 , -5.30638E-10 ,  1.41895E-03 ,  1.52417E-04 ,  1.09727E-10 , -2.62718E-03 ,  4.36035E-04 ,  4.04488E-03 
    4501 ,  6.84401E-01 ,  4.07845E-01 ,  2.78509E-03 , -6.79198E-03 , -4.69899E-10 ,  1.42408E-03 ,  1.48888E-04 ,  9.37116E-11 ,  6.64182E-04 ,  4.20922E-04 , -1.23635E-02 
    4511 ,  6.85976E-01 ,  4.07845E-01 ,  2.06831E-03 , -2.94312E-02 , -4.09287E-10 ,  1.42632E-03 ,  1.44779E-04 ,  8.00977E-11 ,  2.92848E-03 ,  3.49486E-04 , -2.35808E-02 
    4521 ,  6.87552E-01 ,  4.07845E-01 ,  8.27714E-04 , -3.75318E-02 , -3.39725E-10 ,  1.42514E-03 ,  1.41037E-04 ,  9.49504E-11 ,  3.73895E-03 ,  2.25291E-04 , -2.74869E-02 
    4531 ,  6.89128E-01 ,  4.07845E-01 , -6.40858E-04 , -2.89102E-02 , -2.86531E-10 ,  1.42027E-03 ,  1.38477E-04 ,  1.04747E-10 ,  2.87699E-03 ,  7.79510E-05 , -2.30512E-02 
    4541 ,  6.90701E-01 ,  4.07845E-01 , -2.29961E-03 , -4.90413E-03 , -2.23393E-10 ,  1.41163E-03 ,  1.37790E-04 ,  1.40161E-10 ,  4.76448E-04 , -8.87650E-05 , -1.09206E-02 
    4551 ,  6.92275E-01 ,  4.07845E-01 , -3.78636E-03 ,  2.77118E-02 , -1.71599E-10 ,  1.40029E-03 ,  1.39274E-04 ,  1.72520E-10 , -2.78528E-03 , -2.38593E-04 ,  5.46338E-03 
    4561 ,  6.93849E-01 ,  4.07845E-01 , -4.83811E-03 ,  5.94049E-02 , -1.31165E-10 ,  1.38801E-03 ,  1.42122E-04 ,  2.34804E-10 , -5.95480E-03 , -3.44970E-04 ,  2.13070E-02 
    4571 ,  6.95425E-01 ,  4.07845E-01 , -5.36248E-03 ,  8.23387E-02 , -9.67513E-11 ,  1.37606E-03 ,  1.45887E-04 ,  2.73003E-10 , -8.24864E-03 , -3.98670E-04 ,  3.27148E-02 
    4581 ,  6.96999E-01 ,  4.07845E-01 , -5.42107E-03 ,  9.43846E-02 , -6.56932E-11 ,  1.36568E-03 ,  1.49204E-04 ,  3.10041E-10 , -9.45347E-03 , -4.05521E-04 ,  3.86179E-02 
    4591 ,  6.98575E-01 ,  4.07845E-01 , -5.04888E-03 ,  9.26638E-02 , -3.87137E-11 ,  1.35779E-03 ,  1.51997E-04 ,  3.38625E-10 , -9.28169E-03 , -3.69094E-04 ,  3.76226E-02 
    4601 ,  7.00146E-01 ,  4.07845E-01 , -4.31470E-03 ,  7.70062E-02 , -1.16086E-11 ,  1.35305E-03 ,  1.53421E-04 ,  3.42022E-10 , -7.71608E-03 , -2.96167E-04 ,  2.96556E-02 
    4611 ,  7.01717E-01 ,  4.07845E-01 , -3.39124E-03 ,  5.06979E-02 ,  1.46992E-11 ,  1.35093E-03 ,  1.53055E-04 ,  3.44426E-10 , -5.08518E-03 , -2.04013E-04 ,  1.64094E-02 
    4621 ,  7.03287E-01 ,  4.07845E-01 , -2.48065E-03 ,  2.05468E-02 ,  3.53412E-11 ,  1.35121E-03 ,  1.51143E-04 ,  3.40750E-10 , -2.06988E-03 , -1.12919E-04 ,  1.31132E-03 
    4631 ,  7.04857E-01 ,  4.07845E-01 , -1.77690E-03 , -4.48532E-03 ,  4.86819E-11 ,  1.35301E-03 ,  1.48035E-04 ,  3.16533E-10 ,  4.33631E-04 , -4.23633E-05 , -1.11607E-02 
    4641 ,  7.06427E-01 ,  4.07845E-01 , -1.27860E-03 , -2.16997E-02 ,  5.38555E-11 ,  1.35537E-03 ,  1.44543E-04 ,  3.08924E-10 ,  2.15538E-03 ,  7.69511E-06 , -1.96628E-02 
    4651 ,  7.08004E-01 ,  4.07845E-01 , -1.02660E-03 , -2.69429E-02 ,  4.70028E-11 ,  1.35754E-03 ,  1.41571E-04 ,  2.95168E-10 ,  2.68005E-03 ,  3.31042E-05 , -2.21522E-02 
    4661 ,  7.09583E-01 ,  4.07845E-01 , -1.00735E-03 , -1.92163E-02 ,  2.59327E-11 ,  1.35935E-03 ,  1.39416E-04 ,  2.65794E-10 ,  1.90759E-03 ,  3.51787E-05 , -1.81614E-02 
    4671 ,  7.11160E-01 ,  4.07845E-01 , -1.12288E-03 , -1.61762E-03 , -8.07710E-12 ,  1.35951E-03 ,  1.38917E-04 ,  2.73278E-10 ,  1.47887E-04 ,  2.37023E-05 , -9.26331E-03 
    4681 ,  7.12731E-01 ,  4.07845E-01 , -1.31040E-03 ,  2.27602E-02 , -6.30350E-11 ,  1.35901E-03 ,  1.39498E-04 ,  2.70907E-10 , -2.29026E-03 ,  4.82976E-06 ,  2.99513E-03 
    4691 ,  7.14310E-01 ,  4.07845E-01 , -1.46993E-03 ,  4.90104E-02 , -1.31980E-10 ,  1.35755E-03 ,  1.41643E-04 ,  2.61303E-10 , -4.91530E-03 , -1.12356E-05 ,  1.61004E-02 
    4701 ,  7.15890E-01 ,  4.07845E-01 , -1.50686E-03 ,  6.87742E-02 , -2.04748E-10 ,  1.35562E-03 ,  1.44546E-04 ,  2.41608E-10 , -6.89218E-03 , -1.51044E-05 ,  2.59066E-02 
    4711 ,  7.17466E-01 ,  4.07845E-01 , -1.36657E-03 ,  7.89521E-02 , -2.64118E-10 ,  1.35395E-03 ,  1.47366E-04 ,  2.36760E-10 , -7.91005E-03 , -1.27096E-06 ,  3.08713E-02 
    4721 ,  7.19038E-01 ,  4.07845E-01 , -1.01669E-03 ,  7.90963E-02 , -3.20053E-10 ,  1.35307E-03 ,  1.49736E-04 ,  2.32600E-10 , -7.92467E-03 ,  3.36209E-05 ,  3.07891E-02 
    4731 ,  7.20608E-01 ,  4.07845E-01 , -4.54745E-04 ,  6.98995E-02 , -3.60473E-10 ,  1.35352E-03 ,  1.51330E-04 ,  2.13773E-10 , -7.00513E-03 ,  8.98514E-05 ,  2.60532E-02 
    4741 ,  7.22182E-01 ,  4.07845E-01 ,  2.32270E-04 ,  5.48224E-02 , -3.80432E-10 ,  1.35559E-03 ,  1.51583E-04 ,  1.85761E-10 , -5.49761E-03 ,  1.58825E-04 ,  1.84360E-02 
    4751 ,  7.23758E-01 ,  4.07845E-01 ,  1.00223E-03 ,  3.71570E-02 , -3.80321E-10 ,  1.35922E-03 ,  1.51122E-04 ,  1.84974E-10 , -3.73104E-03 ,  2.36141E-04 ,  9.57932E-03 
    4761 ,  7.25333E-01 ,  4.07845E-01 ,  1.66041E-03 ,  2.26388E-02 , -3.57876E-10 ,  1.36424E-03 ,  1.49674E-04 ,  1.54327E-10 , -2.27909E-03 ,  3.02449E-04 ,  2.35871E-03 
    4771 ,  7.26905E-01 ,  4.07845E-01 ,  2.16858E-03 ,  1.24506E-02 , -3.25836E-10 ,  1.37005E-03 ,  1.48058E-04 ,  1.37080E-10 , -1.25974E-03 ,  3.53888E-04 , -2.66610E-03 
    4781 ,  7.28480E-01 ,  4.07845E-01 ,  2.42537E-03 ,  8.21981E-03 , -2.82034E-10 ,  1.37575E-03 ,  1.46457E-04 ,  1.11684E-10 , -8.36720E-04 ,  3.80082E-04 , -4.68014E-03 
    4791 ,  7.30055E-01 ,  4.07845E-01 ,  2.32227E-03 ,  9.88391E-03 , -2.43458E-10 ,  1.38056E-03 ,  1.45325E-04 ,  1.13394E-10 , -1.00301E-03 ,  3.70291E-04 , -3.76575E-03 
    4801 ,  7.31627E-01 ,  4.07845E-01 ,  1.83640E-03 ,  1.57762E-02 , -2.11067E-10 ,  1.38350E-03 ,  1.44666E-04 ,  1.05225E-10 , -1.59217E-03 ,  3.21983E-04 , -7.68167E-04 
    4811 ,  7.33199E-01 ,  4.07845E-01 ,  9.81032E-04 ,  2.39973E-02 , -1.89662E-10 ,  1.38367E-03 ,  1.44564E-04 ,  1.23103E-10 , -2.41413E-03 ,  2.36585E-04 ,  3.35496E-03 
    4821 ,  7.34765E-01 ,  4.07845E-01 , -1.30046E-04 ,  3.23660E-02 , -1.81028E-10 ,  1.38066E-03 ,  1.44976E-04 ,  1.27330E-10 , -3.25134E-03 ,  1.25077E-04 ,  7.52423E-03 
    4831 ,  7.36339E-01 ,  4.07845E-01 , -1.26734E-03 ,  3.92496E-02 , -1.88029E-10 ,  1.37474E-03 ,  1.45832E-04 ,  1.59864E-10 , -3.93962E-03 ,  1.07804E-05 ,  1.09209E-02 
    4841 ,  7.37914E-01 ,  4.07845E-01 , -2.42366E-03 ,  4.51100E-02 , -1.98950E-10 ,  1.36620E-03 ,  1.46887E-04 ,  2.06870E-10 , -4.52578E-03 , -1.05793E-04 ,  1.37933E-02 
    4851 ,  7.39487E-01 ,  4.07845E-01 , -3.27698E-03 ,  4.90340E-02 , -2.03629E-10 ,  1.35630E-03 ,  1.47989E-04 ,  2.19549E-10 , -4.91831E-03 , -1.92143E-04 ,  1.56997E-02 
    4861 ,  7.41062E-01 ,  4.07845E-01 , -3.76792E-03 ,  5.13619E-02 , -1.98150E-10 ,  1.34653E-03 ,  1.49017E-04 ,  2.55830E-10 , -5.15112E-03 , -2.42113E-04 ,  1.68220E-02 
    4871 ,  7.42630E-01 ,  4.07845E-01 , -3.95366E-03 ,  5.23631E-02 , -1.81209E-10 ,  1.33773E-03 ,  1.49978E-04 ,  2.93992E-10 , -5.25138E-03 , -2.61566E-04 ,  1.72970E-02 
    4881 ,  7.44203E-01 ,  4.07845E-01 , -3.81226E-03 ,  5.12171E-02 , -1.43428E-10 ,  1.33076E-03 ,  1.50727E-04 ,  2.90511E-10 , -5.13689E-03 , -2.48165E-04 ,  1.67227E-02 
    4891 ,  7.45777E-01 ,  4.07845E-01 , -3.44204E-03 ,  4.71597E-02 , -8.90834E-11 ,  1.32600E-03 ,  1.50999E-04 ,  2.95048E-10 , -4.73116E-03 , -2.11491E-04 ,  1.47141E-02 
    4901 ,  7.47352E-01 ,  4.07845E-01 , -3.00926E-03 ,  4.03551E-02 , -2.02579E-11 ,  1.32334E-03 ,  1.50818E-04 ,  2.94855E-10 , -4.05061E-03 , -1.68572E-04 ,  1.13391E-02 
    4911 ,  7.48925E-01 ,  4.07845E-01 , -2.62383E-03 ,  3.03388E-02 ,  5.42084E-11 ,  1.32217E-03 ,  1.50023E-04 ,  2.95770E-10 , -3.04895E-03 , -1.30181E-04 ,  6.36662E-03 
    4921 ,  7.50496E-01 ,  4.07845E-01 , -2.40923E-03 ,  1.76109E-02 ,  1.35698E-10 ,  1.32178E-03 ,  1.48705E-04 ,  2.82231E-10 , -1.77598E-03 , -1.08762E-04 ,  3.44398E-05 
    4931 ,  7.52069E-01 ,  4.07845E-01 , -2.44719E-03 ,  6.16576E-03 ,  1.88668E-10 ,  1.32116E-03 ,  1.46921E-04 ,  2.69205E-10 , -6.31302E-04 , -1.12580E-04 , -5.65944E-03 
    4941 ,  7.53643E-01 ,  4.07845E-01 , -2.73395E-03 , -2.83076E-03 ,  2.26168E-10 ,  1.31956E-03 ,  1.44885E-04 ,  2.95644E-10 ,  2.68555E-04 , -1.41425E-04 , -1.01319E-02 
    4951 ,  7.55218E-01 ,  4.07845E-01 , -3.11662E-03 , -5.40855E-03 ,  2.28550E-10 ,  1.31662E-03 ,  1.43186E-04 ,  3.06872E-10 ,  5.26450E-04 , -1.80000E-04 , -1.13998E-02 
    4961 ,  7.56794E-01 ,  4.07845E-01 , -3.46040E-03 , -9.45627E-04 ,  1.97605E-10 ,  1.31252E-03 ,  1.42140E-04 ,  2.84582E-10 ,  8.03049E-05 , -2.14750E-04 , -9.14754E-03 
    4971 ,  7.58368E-01 ,  4.07845E-01 , -3.63936E-03 ,  1.12733E-02 ,  1.38716E-10 ,  1.30789E-03 ,  1.41881E-04 ,  3.30602E-10 , -1.14142E-03 , -2.33317E-04 , -3.02234E-03 
    4981 ,  7.59943E-01 ,  4.07845E-01 , -3.50526E-03 ,  2.86660E-02 ,  5.90282E-11 ,  1.30360E-03 ,  1.42769E-04 ,  3.77848E-10 , -2.88095E-03 , -2.20080E-04 ,  5.67412E-03 
    4991 ,  7.61520E-01 ,  4.07845E-01 , -2.95169E-03 ,  4.91025E-02 , -3.02794E-11 ,  1.30070E-03 ,  1.44538E-04 ,  3.49900E-10 , -4.92471E-03 , -1.64995E-04 ,  1.58794E-02 
    5001 ,  7.63100E-01 ,  4.07845E-01 , -2.03488E-03 ,  6.74824E-02 , -1.32427E-10 ,  1.30023E-03 ,  1.47166E-04 ,  3.21813E-10 , -6.76307E-03 , -7.35207E-05 ,  2.50367E-02 
    5011 ,  7.64678E-01 ,  4.07845E-01 , -9.06185E-04 ,  7.91807E-02 , -2.13846E-10 ,  1.30258E-03 ,  1.49972E-04 ,  3.08351E-10 , -7.93318E-03 ,  3.96257E-05 ,  3.08393E-02 
    5021 ,  7.66255E-01 ,  4.07845E-01 ,  3.89797E-04 ,  8.26747E-02 , -2.89724E-10 ,  1.30769E-03 ,  1.52419E-04 ,  2.55047E-10 , -8.28280E-03 ,  1.69724E-04 ,  3.25125E-02 
    5031 ,  7.67831E-01 ,  4.07845E-01 ,  1.55757E-03 ,  7.59962E-02 , -3.44373E-10 ,  1.31508E-03 ,  1.53953E-04 ,  2.12469E-10 , -7.61513E-03 ,  2.87298E-04 ,  2.90956E-02 
    5041 ,  7.69406E-01 ,  4.07845E-01 ,  2.46622E-03 ,  5.97340E-02 , -3.90085E-10 ,  1.32368E-03 ,  1.54164E-04 ,  1.86168E-10 , -5.98886E-03 ,  3.79027E-04 ,  2.08956E-02 
    5051 ,  7.70979E-01 ,  4.07845E-01 ,  2.93546E-03 ,  3.72529E-02 , -4.19082E-10 ,  1.33187E-03 ,  1.53279E-04 ,  1.57252E-10 , -3.74067E-03 ,  4.26770E-04 ,  9.61443E-03 
    5061 ,  7.72552E-01 ,  4.07845E-01 ,  2.93284E-03 ,  1.44930E-02 , -4.37873E-10 ,  1.33858E-03 ,  1.51234E-04 ,  1.17812E-10 , -1.46447E-03 ,  4.27156E-04 , -1.77683E-03 
    5071 ,  7.74124E-01 ,  4.07845E-01 ,  2.49476E-03 , -5.76175E-03 , -4.49543E-10 ,  1.34297E-03 ,  1.48452E-04 ,  1.12814E-10 ,  5.61308E-04 ,  3.83782E-04 , -1.18771E-02 
    5081 ,  7.75697E-01 ,  4.07845E-01 ,  1.77112E-03 , -1.65804E-02 , -4.61983E-10 ,  1.34435E-03 ,  1.45687E-04 ,  1.15540E-10 ,  1.64352E-03 ,  3.11573E-04 , -1.72241E-02 
    5091 ,  7.77269E-01 ,  4.07845E-01 ,  9.65631E-04 , -1.54506E-02 , -4.63308E-10 ,  1.34335E-03 ,  1.43483E-04 ,  1.22651E-10 ,  1.53057E-03 ,  2.30892E-04 , -1.65791E-02 
    5101 ,  7.78842E-01 ,  4.07845E-01 ,  1.49456E-04 , -1.85453E-03 , -4.59812E-10 ,  1.34043E-03 ,  1.42503E-04 ,  1.41415E-10 ,  1.71136E-04 ,  1.49009E-04 , -9.69051E-03 
    5111 ,  7.80415E-01 ,  4.07845E-01 , -5.39845E-04 ,  2.27368E-02 , -4.41498E-10 ,  1.33614E-03 ,  1.43214E-04 ,  1.56905E-10 , -2.28809E-03 ,  7.96166E-05 ,  2.67994E-03 
    5121 ,  7.81989E-01 ,  4.07845E-01 , -9.75308E-04 ,  5.05307E-02 , -4.08409E-10 ,  1.33157E-03 ,  1.45407E-04 ,  1.79160E-10 , -5.06767E-03 ,  3.55704E-05 ,  1.66109E-02 
    5131 ,  7.83563E-01 ,  4.07845E-01 , -1.17767E-03 ,  7.37889E-02 , -3.52162E-10 ,  1.32736E-03 ,  1.48380E-04 ,  1.98245E-10 , -7.39382E-03 ,  1.50029E-05 ,  2.82174E-02 
    5141 ,  7.85135E-01 ,  4.07845E-01 , -1.28045E-03 ,  8.94196E-02 , -2.86053E-10 ,  1.32384E-03 ,  1.51646E-04 ,  1.82180E-10 , -8.95716E-03 ,  4.38906E-06 ,  3.59505E-02 
    5151 ,  7.86704E-01 ,  4.07845E-01 , -1.38171E-03 ,  9.20610E-02 , -1.99511E-10 ,  1.32092E-03 ,  1.54572E-04 ,  2.03609E-10 , -9.22163E-03 , -6.03214E-06 ,  3.71616E-02 
    5161 ,  7.88274E-01 ,  4.07845E-01 , -1.59953E-03 ,  8.11583E-02 , -1.06782E-10 ,  1.31811E-03 ,  1.56246E-04 ,  2.15379E-10 , -8.13151E-03 , -2.81525E-05 ,  3.15980E-02 
    5171 ,  7.89841E-01 ,  4.07845E-01 , -2.01393E-03 ,  5.81633E-02 , -1.30883E-11 ,  1.31484E-03 ,  1.56273E-04 ,  2.38470E-10 , -5.83210E-03 , -7.00058E-05 ,  2.00140E-02 
    5181 ,  7.91410E-01 ,  4.07845E-01 , -2.60808E-03 ,  2.95808E-02 ,  7.17623E-11 ,  1.31036E-03 ,  1.54725E-04 ,  2.46875E-10 , -2.97363E-03 , -1.29756E-04 ,  5.68373E-03 
    5191 ,  7.92978E-01 ,  4.07845E-01 , -3.31526E-03 ,  1.87093E-03 ,  1.41222E-10 ,  1.30442E-03 ,  1.51892E-04 ,  2.85191E-10 , -2.02247E-04 , -2.01058E-04 , -8.15433E-03 
    5201 ,  7.94546E-01 ,  4.07845E-01 , -4.06396E-03 , -1.99177E-02 ,  1.86889E-10 ,  1.29713E-03 ,  1.48390E-04 ,  3.03130E-10 ,  1.97682E-03 , -2.76708E-04 , -1.89769E-02 
    5211 ,  7.96118E-01 ,  4.07845E-01 , -4.69721E-03 , -2.95496E-02 ,  2.14582E-10 ,  1.28888E-03 ,  1.45038E-04 ,  3.27137E-10 ,  2.94037E-03 , -3.40826E-04 , -2.36788E-02 
    5221 ,  7.97691E-01 ,  4.07845E-01 , -5.04267E-03 , -2.47627E-02 ,  2.15024E-10 ,  1.28067E-03 ,  1.42594E-04 ,  3.56020E-10 ,  2.46200E-03 , -3.76186E-04 , -2.11604E-02 
    5231 ,  7.99265E-01 ,  4.07845E-01 , -5.04472E-03 , -7.47764E-03 ,  1.89717E-10 ,  1.27350E-03 ,  1.41493E-04 ,  3.74999E-10 ,  7.33490E-04 , -3.77078E-04 , -1.24044E-02 
    5241 ,  8.00841E-01 ,  4.07845E-01 , -4.67425E-03 ,  1.82605E-02 ,  1.37860E-10 ,  1.26815E-03 ,  1.42115E-04 ,  3.79749E-10 , -1.84003E-03 , -3.40558E-04 ,  5.32972E-04 
    5251 ,  8.02418E-01 ,  4.07845E-01 , -3.97028E-03 ,  4.69467E-02 ,  6.31028E-11 ,  1.26508E-03 ,  1.44182E-04 ,  3.72327E-10 , -4.70890E-03 , -2.70431E-04 ,  1.48948E-02 
    5261 ,  8.03993E-01 ,  4.07845E-01 , -3.04867E-03 ,  7.08142E-02 , -2.62706E-11 ,  1.26450E-03 ,  1.47257E-04 ,  3.62193E-10 , -7.09625E-03 , -1.78394E-04 ,  2.67893E-02 
    5271 ,  8.05568E-01 ,  4.07845E-01 , -1.99097E-03 ,  8.56289E-02 , -1.34458E-10 ,  1.26630E-03 ,  1.50270E-04 ,  3.29899E-10 , -8.57769E-03 , -7.24210E-05 ,  3.40782E-02 
    5281 ,  8.07144E-01 ,  4.07845E-01 , -1.04391E-03 ,  8.64143E-02 , -2.48983E-10 ,  1.26973E-03 ,  1.53205E-04 ,  2.85502E-10 , -8.65690E-03 ,  2.26372E-05 ,  3.43471E-02 
    5291 ,  8.08717E-01 ,  4.07845E-01 , -2.82053E-04 ,  7.55259E-02 , -3.50248E-10 ,  1.27428E-03 ,  1.54672E-04 ,  2.65674E-10 , -7.56816E-03 ,  9.92398E-05 ,  2.87773E-02 
    5301 ,  8.10291E-01 ,  4.07845E-01 ,  3.09184E-04 ,  5.58848E-02 , -4.53567E-10 ,  1.27879E-03 ,  1.54854E-04 ,  2.33147E-10 , -5.60399E-03 ,  1.58828E-04 ,  1.88615E-02 
    5311 ,  8.11864E-01 ,  4.07845E-01 ,  7.03353E-04 ,  3.26824E-02 , -5.40655E-10 ,  1.28319E-03 ,  1.53522E-04 ,  1.97519E-10 , -3.28365E-03 ,  1.98682E-04 ,  7.21918E-03 
    5321 ,  8.13437E-01 ,  4.07845E-01 ,  9.49193E-04 ,  1.05257E-02 , -6.11266E-10 ,  1.28684E-03 ,  1.51499E-04 ,  1.98947E-10 , -1.06774E-03 ,  2.23615E-04 , -3.84055E-03 
    5331 ,  8.15010E-01 ,  4.07845E-01 ,  1.07998E-03 , -4.91374E-03 , -6.64710E-10 ,  1.29005E-03 ,  1.48904E-04 ,  1.90096E-10 ,  4.76480E-04 ,  2.37019E-04 , -1.14930E-02 
    5341 ,  8.16584E-01 ,  4.07845E-01 ,  1.15142E-03 , -1.01937E-02 , -6.86748E-10 ,  1.29261E-03 ,  1.46665E-04 ,  1.81040E-10 ,  1.00467E-03 ,  2.44414E-04 , -1.40332E-02 
    5351 ,  8.18157E-01 ,  4.07845E-01 ,  1.20213E-03 , -4.96406E-03 , -6.88758E-10 ,  1.29490E-03 ,  1.45026E-04 ,  1.69283E-10 ,  4.81870E-04 ,  2.49707E-04 , -1.13046E-02 
    5361 ,  8.19732E-01 ,  4.07845E-01 ,  1.22627E-03 ,  9.25818E-03 , -6.64825E-10 ,  1.29716E-03 ,  1.44631E-04 ,  1.56284E-10 , -9.40285E-04 ,  2.52352E-04 , -4.10141E-03 
    5371 ,  8.21306E-01 ,  4.07845E-01 ,  1.20113E-03 ,  2.82502E-02 , -6.17914E-10 ,  1.29922E-03 ,  1.45379E-04 ,  1.55837E-10 , -2.83956E-03 ,  2.50097E-04 ,  5.43011E-03 
    5381 ,  8.22881E-01 ,  4.07845E-01 ,  1.09568E-03 ,  4.89589E-02 , -5.45866E-10 ,  1.30097E-03 ,  1.47118E-04 ,  1.57897E-10 , -4.91065E-03 ,  2.39704E-04 ,  1.57616E-02 
    5391 ,  8.24454E-01 ,  4.07845E-01 ,  8.64837E-04 ,  6.55717E-02 , -4.53410E-10 ,  1.30221E-03 ,  1.49392E-04 ,  1.54631E-10 , -6.57216E-03 ,  2.16744E-04 ,  2.39919E-02 
    5401 ,  8.26024E-01 ,  4.07845E-01 ,  4.95482E-04 ,  7.48484E-02 , -3.48613E-10 ,  1.30252E-03 ,  1.51908E-04 ,  1.64133E-10 , -7.50005E-03 ,  1.79823E-04 ,  2.85238E-02 
    5411 ,  8.27593E-01 ,  4.07845E-01 ,  2.38182E-06 ,  7.52439E-02 , -2.37691E-10 ,  1.30168E-03 ,  1.53995E-04 ,  1.60122E-10 , -7.53983E-03 ,  1.30423E-04 ,  2.86121E-02 
    5421 ,  8.29160E-01 ,  4.07845E-01 , -6.12437E-04 ,  6.72630E-02 , -1.23453E-10 ,  1.29956E-03 ,  1.55451E-04 ,  1.74696E-10 , -6.74182E-03 ,  6.87275E-05 ,  2.45263E-02 
    5431 ,  8.30724E-01 ,  4.07845E-01 , -1.30798E-03 ,  5.31966E-02 , -1.38466E-11 ,  1.29585E-03 ,  1.55706E-04 ,  2.06386E-10 , -5.33514E-03 , -1.13712E-06 ,  1.74274E-02 
    5441 ,  8.32292E-01 ,  4.07845E-01 , -1.94554E-03 ,  3.79423E-02 ,  9.45045E-11 ,  1.29108E-03 ,  1.54950E-04 ,  2.17907E-10 , -3.80975E-03 , -6.54360E-05 ,  9.79265E-03 
    5451 ,  8.33857E-01 ,  4.07845E-01 , -2.55238E-03 ,  2.28617E-02 ,  1.88608E-10 ,  1.28531E-03 ,  1.53684E-04 ,  2.34766E-10 , -2.30162E-03 , -1.26772E-04 ,  2.29253E-03 
    5461 ,  8.35426E-01 ,  4.07845E-01 , -3.06130E-03 ,  1.18585E-02 ,  2.58767E-10 ,  1.27910E-03 ,  1.51922E-04 ,  2.54328E-10 , -1.20109E-03 , -1.78229E-04 , -3.13485E-03 
    5471 ,  8.36993E-01 ,  4.07845E-01 , -3.46351E-03 ,  5.93698E-03 ,  3.11088E-10 ,  1.27262E-03 ,  1.50155E-04 ,  2.70775E-10 , -6.08721E-04 , -2.19070E-04 , -5.99813E-03 
    5481 ,  8.38564E-01 ,  4.07845E-01 , -3.75458E-03 ,  5.34281E-03 ,  3.43041E-10 ,  1.26640E-03 ,  1.48576E-04 ,  2.92368E-10 , -5.49184E-04 , -2.48819E-04 , -6.20342E-03 
    5491 ,  8.40135E-01 ,  4.07845E-01 , -3.94750E-03 ,  9.34249E-03 ,  3.49368E-10 ,  1.26044E-03 ,  1.47602E-04 ,  3.03376E-10 , -9.49050E-04 , -2.68702E-04 , -4.13017E-03 
    5501 ,  8.41706E-01 ,  4.07845E-01 , -4.03139E-03 ,  1.63948E-02 ,  3.29329E-10 ,  1.25500E-03 ,  1.47107E-04 ,  3.11469E-10 , -1.65420E-03 , -2.77636E-04 , -5.72174E-04 
    5511 ,  8.43279E-01 ,  4.07845E-01 , -3.99513E-03 ,  2.48104E-02 ,  2.89270E-10 ,  1.25016E-03 ,  1.47237E-04 ,  3.26799E-10 , -2.49579E-03 , -2.74498E-04 ,  3.63047E-03 
    5521 ,  8.44852E-01 ,  4.07845E-01 , -3.82412E-03 ,  3.31896E-02 ,  2.22848E-10 ,  1.24605E-03 ,  1.47790E-04 ,  3.29742E-10 , -3.33375E-03 , -2.57788E-04 ,  7.78612E-03 
    5531 ,  8.46426E-01 ,  4.07845E-01 , -3.50970E-03 ,  3.99222E-02 ,  1.42513E-10 ,  1.24303E-03 ,  1.48518E-04 ,  3.30677E-10 , -4.00706E-03 , -2.26670E-04 ,  1.11047E-02 
    5541 ,  8.47998E-01 ,  4.07845E-01 , -3.01604E-03 ,  4.50960E-02 ,  4.23970E-11 ,  1.24099E-03 ,  1.49756E-04 ,  3.21560E-10 , -4.52465E-03 , -1.77483E-04 ,  1.36408E-02 
    5551 ,  8.49570E-01 ,  4.07845E-01 , -2.34980E-03 ,  4.82942E-02 , -6.40619E-11 ,  1.24063E-03 ,  1.50599E-04 ,  3.08885E-10 , -4.84449E-03 , -1.10887E-04 ,  1.52010E-02 
    5561 ,  8.51143E-01 ,  4.07845E-01 , -1.58988E-03 ,  4.93361E-02 , -1.66568E-10 ,  1.24186E-03 ,  1.51455E-04 ,  3.01058E-10 , -4.94886E-03 , -3.47980E-05 ,  1.56966E-02 
    5571 ,  8.52716E-01 ,  4.07845E-01 , -7.27514E-04 ,  4.82402E-02 , -2.70707E-10 ,  1.24454E-03 ,  1.52168E-04 ,  2.76160E-10 , -4.83929E-03 ,  5.17522E-05 ,  1.51367E-02 
    5581 ,  8.54288E-01 ,  4.07845E-01 ,  2.94263E-05 ,  4.52358E-02 , -3.53245E-10 ,  1.24867E-03 ,  1.52503E-04 ,  2.52180E-10 , -4.53881E-03 ,  1.27815E-04 ,  1.36264E-02 
    5591 ,  8.55857E-01 ,  4.07845E-01 ,  7.24150E-04 ,  3.97411E-02 , -4.27588E-10 ,  1.25362E-03 ,  1.52363E-04 ,  2.38669E-10 , -3.98942E-03 ,  1.97758E-04 ,  1.08826E-02 
    5601 ,  8.57427E-01 ,  4.07845E-01 ,  1.12326E-03 ,  3.34244E-02 , -4.80379E-10 ,  1.25848E-03 ,  1.52138E-04 ,  2.03885E-10 , -3.35767E-03 ,  2.38233E-04 ,  7.72665E-03 
    5611 ,  8.58999E-01 ,  4.07845E-01 ,  1.25733E-03 ,  2.65479E-02 , -5.11365E-10 ,  1.26296E-03 ,  1.51285E-04 ,  1.81561E-10 , -2.67000E-03 ,  2.52056E-04 ,  4.29801E-03 
    5621 ,  8.60569E-01 ,  4.07845E-01 ,  1.12184E-03 ,  2.07183E-02 , -5.29478E-10 ,  1.26623E-03 ,  1.50410E-04 ,  1.67597E-10 , -2.08689E-03 ,  2.38806E-04 ,  1.38739E-03 
    5631 ,  8.62139E-01 ,  4.07845E-01 ,  7.62835E-04 ,  1.71460E-02 , -5.34433E-10 ,  1.26781E-03 ,  1.49543E-04 ,  1.65949E-10 , -1.72959E-03 ,  2.03082E-04 , -3.89148E-04 
    5641 ,  8.63710E-01 ,  4.07845E-01 ,  2.55686E-04 ,  1.72499E-02 , -5.26547E-10 ,  1.26774E-03 ,  1.48941E-04 ,  1.65181E-10 , -1.73990E-03 ,  1.52354E-04 , -3.30195E-04 
    5651 ,  8.65282E-01 ,  4.07845E-01 , -2.79946E-04 ,  2.18643E-02 , -4.96794E-10 ,  1.26628E-03 ,  1.48624E-04 ,  1.72382E-10 , -2.20128E-03 ,  9.86397E-05 ,  1.97911E-03 
    5661 ,  8.66853E-01 ,  4.07845E-01 , -6.97559E-04 ,  3.01765E-02 , -4.58021E-10 ,  1.26369E-03 ,  1.48990E-04 ,  1.83540E-10 , -3.03258E-03 ,  5.66105E-05 ,  6.12826E-03 
    5671 ,  8.68421E-01 ,  4.07845E-01 , -9.56757E-04 ,  4.12712E-02 , -3.99887E-10 ,  1.26107E-03 ,  1.49988E-04 ,  1.94674E-10 , -4.14219E-03 ,  3.04184E-05 ,  1.16580E-02 
    5681 ,  8.69990E-01 ,  4.07845E-01 , -1.03586E-03 ,  5.25187E-02 , -3.26626E-10 ,  1.25910E-03 ,  1.51415E-04 ,  2.02996E-10 , -5.26701E-03 ,  2.23681E-05 ,  1.72626E-02 
    5691 ,  8.71560E-01 ,  4.07845E-01 , -9.98521E-04 ,  6.15127E-02 , -2.40273E-10 ,  1.25731E-03 ,  1.53161E-04 ,  2.10976E-10 , -6.16665E-03 ,  2.58320E-05 ,  2.17317E-02 
    5701 ,  8.73129E-01 ,  4.07845E-01 , -9.13640E-04 ,  6.57471E-02 , -1.45584E-10 ,  1.25675E-03 ,  1.54671E-04 ,  2.11425E-10 , -6.59016E-03 ,  3.43265E-05 ,  2.38274E-02 
    5711 ,  8.74695E-01 ,  4.07845E-01 , -8.85244E-04 ,  6.38807E-02 , -5.25321E-11 ,  1.25627E-03 ,  1.55834E-04 ,  2.05508E-10 , -6.40376E-03 ,  3.71181E-05 ,  2.28745E-02 
    5721 ,  8.76258E-01 ,  4.07845E-01 , -9.99345E-04 ,  5.58419E-02 ,  3.91742E-11 ,  1.25557E-03 ,  1.56479E-04 ,  2.15850E-10 , -5.59999E-03 ,  2.55991E-05 ,  1.88240E-02 
    5731 ,  8.77823E-01 ,  4.07845E-01 , -1.30414E-03 ,  4.26414E-02 ,  1.16721E-10 ,  1.25455E-03 ,  1.55921E-04 ,  2.25124E-10 , -4.27983E-03 , -4.97491E-06 ,  1.21939E-02 
    5741 ,  8.79386E-01 ,  4.07845E-01 , -1.77831E-03 ,  2.70256E-02 ,  1.78390E-10 ,  1.25214E-03 ,  1.54920E-04 ,  2.26823E-10 , -2.71807E-03 , -5.25838E-05 ,  4.37587E-03 
    5751 ,  8.80951E-01 ,  4.07845E-01 , -2.41794E-03 ,  1.15625E-02 ,  2.15513E-10 ,  1.24815E-03 ,  1.53245E-04 ,  2.41775E-10 , -1.17175E-03 , -1.16945E-04 , -3.34609E-03 
    5761 ,  8.82518E-01 ,  4.07845E-01 , -3.02480E-03 ,  9.66147E-04 ,  2.30731E-10 ,  1.24288E-03 ,  1.51110E-04 ,  2.53300E-10 , -1.11758E-04 , -1.78173E-04 , -8.59535E-03 
    5771 ,  8.84085E-01 ,  4.07845E-01 , -3.52144E-03 , -2.94955E-03 ,  2.21146E-10 ,  1.23658E-03 ,  1.49185E-04 ,  2.83034E-10 ,  2.79975E-04 , -2.28492E-04 , -1.04853E-02 
    5781 ,  8.85655E-01 ,  4.07845E-01 , -3.81712E-03 ,  5.05989E-04 ,  1.92990E-10 ,  1.23020E-03 ,  1.47754E-04 ,  3.07369E-10 , -6.53610E-05 , -2.58682E-04 , -8.68499E-03 
    5791 ,  8.87226E-01 ,  4.07845E-01 , -3.83379E-03 ,  1.11406E-02 ,  1.51493E-10 ,  1.22431E-03 ,  1.47354E-04 ,  3.19360E-10 , -1.12887E-03 , -2.60965E-04 , -3.30424E-03 
    5801 ,  8.88797E-01 ,  4.07845E-01 , -3.54566E-03 ,  2.67460E-02 ,  9.44819E-11 ,  1.21991E-03 ,  1.47815E-04 ,  3.21986E-10 , -2.68938E-03 , -2.32577E-04 ,  4.53295E-03 
    5811 ,  8.90369E-01 ,  4.07845E-01 , -2.98315E-03 ,  4.39124E-02 ,  3.37906E-11 ,  1.21742E-03 ,  1.49181E-04 ,  3.27492E-10 , -4.40620E-03 , -1.76591E-04 ,  1.31163E-02 
    5821 ,  8.91942E-01 ,  4.07845E-01 , -2.27776E-03 ,  5.78405E-02 , -2.60308E-11 ,  1.21702E-03 ,  1.51133E-04 ,  3.18678E-10 , -5.79918E-03 , -1.06073E-04 ,  2.00461E-02 
    5831 ,  8.93512E-01 ,  4.07845E-01 , -1.48360E-03 ,  6.61727E-02 , -9.02341E-11 ,  1.21866E-03 ,  1.53031E-04 ,  2.95348E-10 , -6.63260E-03 , -2.65136E-05 ,  2.41552E-02 
    5841 ,  8.95083E-01 ,  4.07845E-01 , -8.06480E-04 ,  6.60941E-02 , -1.45701E-10 ,  1.22155E-03 ,  1.54527E-04 ,  2.70170E-10 , -6.62484E-03 ,  4.15387E-05 ,  2.40540E-02 
    5851 ,  8.96652E-01 ,  4.07845E-01 , -2.84806E-04 ,  5.81387E-02 , -2.01524E-10 ,  1.22521E-03 ,  1.55338E-04 ,  2.56089E-10 , -5.82946E-03 ,  9.40143E-05 ,  2.00103E-02 
    5861 ,  8.98219E-01 ,  4.07845E-01 ,  1.87804E-05 ,  4.39363E-02 , -2.52671E-10 ,  1.22872E-03 ,  1.55241E-04 ,  2.39518E-10 , -4.40921E-03 ,  1.24751E-04 ,  1.28547E-02 
    5871 ,  8.99783E-01 ,  4.07845E-01 ,  9.66392E-05 ,  2.74714E-02 , -3.02745E-10 ,  1.23157E-03 ,  1.54166E-04 ,  2.18074E-10 , -2.76255E-03 ,  1.32802E-04 ,  4.58431E-03 
    5881 ,  9.01347E-01 ,  4.07845E-01 , -1.05705E-07 ,  1.26295E-02 , -3.54058E-10 ,  1.23322E-03 ,  1.52503E-04 ,  2.04932E-10 , -1.27823E-03 ,  1.23290E-04 , -2.83381E-03 
    5891 ,  9.02917E-01 ,  4.07845E-01 , -1.98972E-04 ,  2.85034E-03 , -4.01921E-10 ,  1.23385E-03 ,  1.50772E-04 ,  2.13144E-10 , -3.00148E-04 ,  1.03471E-04 , -7.68639E-03 
    5901 ,  9.04487E-01 ,  4.07845E-01 , -3.98982E-04 ,  1.18256E-03 , -4.43579E-10 ,  1.23352E-03 ,  1.49094E-04 ,  2.21809E-10 , -1.33204E-04 ,  8.34697E-05 , -8.45455E-03 
    5911 ,  9.06057E-01 ,  4.07845E-01 , -5.27274E-04 ,  8.01692E-03 , -4.77164E-10 ,  1.23261E-03 ,  1.48182E-04 ,  2.28460E-10 , -8.16518E-04 ,  7.05488E-05 , -4.96858E-03 
    5921 ,  9.07627E-01 ,  4.07845E-01 , -5.47299E-04 ,  2.15258E-02 , -4.99762E-10 ,  1.23161E-03 ,  1.48429E-04 ,  2.31060E-10 , -2.16748E-03 ,  6.84054E-05 ,  1.83508E-03 
    5931 ,  9.09198E-01 ,  4.07845E-01 , -4.67620E-04 ,  3.81307E-02 , -5.08981E-10 ,  1.23123E-03 ,  1.49376E-04 ,  2.25201E-10 , -3.82804E-03 ,  7.63551E-05 ,  1.01522E-02 
    5941 ,  9.10769E-01 ,  4.07845E-01 , -3.16129E-04 ,  5.52841E-02 , -5.05243E-10 ,  1.23136E-03 ,  1.51220E-04 ,  2.16705E-10 , -5.54355E-03 ,  9.15227E-05 ,  1.87042E-02 
    5951 ,  9.12340E-01 ,  4.07845E-01 , -1.62431E-04 ,  6.77774E-02 , -4.86430E-10 ,  1.23209E-03 ,  1.53502E-04 ,  2.08789E-10 , -6.79310E-03 ,  1.06974E-04 ,  2.48911E-02 
    5961 ,  9.13910E-01 ,  4.07845E-01 , -5.74633E-05 ,  7.44159E-02 , -4.51906E-10 ,  1.23303E-03 ,  1.55711E-04 ,  2.06340E-10 , -7.45716E-03 ,  1.17550E-04 ,  2.81236E-02 
    5971 ,  9.15478E-01 ,  4.07845E-01 , -7.63300E-05 ,  7.24847E-02 , -4.04618E-10 ,  1.23403E-03 ,  1.57381E-04 ,  2.04171E-10 , -7.26426E-03 ,  1.15721E-04 ,  2.70765E-02 
    5981 ,  9.17045E-01 ,  4.07845E-01 , -2.62820E-04 ,  6.32757E-02 , -3.52120E-10 ,  1.23444E-03 ,  1.58183E-04 ,  2.07975E-10 , -6.34346E-03 ,  9.71581E-05 ,  2.24033E-02 
    5991 ,  9.18611E-01 ,  4.07845E-01 , -5.96117E-04 ,  4.89573E-02 , -2.94980E-10 ,  1.23386E-03 ,  1.58224E-04 ,  1.99883E-10 , -4.91155E-03 ,  6.38181E-05 ,  1.52131E-02 
    6001 ,  9.20175E-01 ,  4.07845E-01 , -1.06722E-03 ,  3.22828E-02 , -2.41437E-10 ,  1.23208E-03 ,  1.57152E-04 ,  2.11936E-10 , -3.24401E-03 ,  1.64991E-05 ,  6.87838E-03 
    6011 ,  9.21740E-01 ,  4.07845E-01 , -1.60311E-03 ,  1.72420E-02 , -1.88926E-10 ,  1.22891E-03 ,  1.55433E-04 ,  2.21898E-10 , -1.73977E-03 , -3.73922E-05 , -6.08645E-04 
    6021 ,  9.23305E-01 ,  4.07845E-01 , -2.16753E-03 ,  5.97700E-03 , -1.40771E-10 ,  1.22465E-03 ,  1.53427E-04 ,  2.39114E-10 , -6.13104E-04 , -9.42953E-05 , -6.17724E-03 
    6031 ,  9.24870E-01 ,  4.07845E-01 , -2.66254E-03 ,  1.39459E-03 , -1.04258E-10 ,  1.21943E-03 ,  1.51667E-04 ,  2.53955E-10 , -1.54661E-04 , -1.44284E-04 , -8.39104E-03 
    6041 ,  9.26437E-01 ,  4.07845E-01 , -3.01245E-03 ,  3.58843E-03 , -7.55631E-11 ,  1.21413E-03 ,  1.50232E-04 ,  2.70925E-10 , -3.73886E-04 , -1.79841E-04 , -7.21249E-03 
    6051 ,  9.28005E-01 ,  4.07845E-01 , -3.22083E-03 ,  1.15217E-02 , -4.93959E-11 ,  1.20891E-03 ,  1.49590E-04 ,  2.88003E-10 , -1.16723E-03 , -2.01249E-04 , -3.17217E-03 
    6061 ,  9.29574E-01 ,  4.07845E-01 , -3.25375E-03 ,  2.22137E-02 , -3.47077E-11 ,  1.20434E-03 ,  1.49611E-04 ,  3.04233E-10 , -2.23635E-03 , -2.04956E-04 ,  2.21489E-03 
    6071 ,  9.31142E-01 ,  4.07845E-01 , -3.13593E-03 ,  3.42611E-02 , -1.98307E-11 ,  1.20080E-03 ,  1.50226E-04 ,  3.05852E-10 , -3.44113E-03 , -1.93506E-04 ,  8.24090E-03 
    6081 ,  9.32711E-01 ,  4.07845E-01 , -2.89994E-03 ,  4.44831E-02 , -1.01380E-11 ,  1.19824E-03 ,  1.51420E-04 ,  3.04499E-10 , -4.46344E-03 , -1.70162E-04 ,  1.33197E-02 
    6091 ,  9.34280E-01 ,  4.07845E-01 , -2.57858E-03 ,  5.14432E-02 , -2.36243E-12 ,  1.19685E-03 ,  1.52775E-04 ,  2.99160E-10 , -5.15962E-03 , -1.38165E-04 ,  1.67378E-02 
    6101 ,  9.35849E-01 ,  4.07845E-01 , -2.23132E-03 ,  5.37790E-02 ,  2.78534E-13 ,  1.19632E-03 ,  1.53961E-04 ,  2.89954E-10 , -5.39331E-03 , -1.03496E-04 ,  1.78408E-02 
    6111 ,  9.37417E-01 ,  4.07845E-01 , -1.89405E-03 ,  5.15461E-02 , -3.72216E-12 ,  1.19655E-03 ,  1.54824E-04 ,  2.79267E-10 , -5.17009E-03 , -6.97829E-05 ,  1.66592E-02 
    6121 ,  9.38986E-01 ,  4.07845E-01 , -1.60592E-03 ,  4.55253E-02 , -1.56821E-11 ,  1.19718E-03 ,  1.55032E-04 ,  2.62603E-10 , -4.56807E-03 , -4.08344E-05 ,  1.36061E-02 
    6131 ,  9.40552E-01 ,  4.07845E-01 , -1.38804E-03 ,  3.78463E-02 , -3.30420E-11 ,  1.19798E-03 ,  1.54933E-04 ,  2.55881E-10 , -3.80014E-03 , -1.90058E-05 ,  9.75336E-03 
    6141 ,  9.42118E-01 ,  4.07845E-01 , -1.22722E-03 ,  3.00379E-02 , -5.27650E-11 ,  1.19872E-03 ,  1.54445E-04 ,  2.64661E-10 , -3.01923E-03 , -2.87501E-06 ,  5.86181E-03 
    6151 ,  9.43682E-01 ,  4.07845E-01 , -1.11855E-03 ,  2.36485E-02 , -7.99739E-11 ,  1.19928E-03 ,  1.53649E-04 ,  2.49608E-10 , -2.38026E-03 ,  8.04633E-06 ,  2.68950E-03 
    6161 ,  9.45246E-01 ,  4.07845E-01 , -1.03289E-03 ,  1.98166E-02 , -1.10320E-10 ,  1.19959E-03 ,  1.52722E-04 ,  2.41547E-10 , -1.99695E-03 ,  1.66894E-05 ,  8.01183E-04 
    6171 ,  9.46814E-01 ,  4.07845E-01 , -9.56397E-04 ,  1.94571E-02 , -1.39190E-10 ,  1.19986E-03 ,  1.51874E-04 ,  2.35409E-10 , -1.96096E-03 ,  2.43666E-05 ,  6.46999E-04 
    6181 ,  9.48383E-01 ,  4.07845E-01 , -8.39996E-04 ,  2.25005E-02 , -1.67678E-10 ,  1.20013E-03 ,  1.51521E-04 ,  2.27836E-10 , -2.26523E-03 ,  3.60209E-05 ,  2.19178E-03 
    6191 ,  9.49950E-01 ,  4.07845E-01 , -6.88461E-04 ,  2.79155E-02 , -1.96071E-10 ,  1.20068E-03 ,  1.51541E-04 ,  2.32131E-10 , -2.80675E-03 ,  5.11744E-05 ,  4.90984E-03 
    6201 ,  9.51518E-01 ,  4.07845E-01 , -4.93461E-04 ,  3.48317E-02 , -2.23449E-10 ,  1.20159E-03 ,  1.52001E-04 ,  2.29380E-10 , -3.49840E-03 ,  7.08105E-05 ,  8.36669E-03 
    6211 ,  9.53087E-01 ,  4.07845E-01 , -2.54299E-04 ,  4.22039E-02 , -2.49350E-10 ,  1.20289E-03 ,  1.52806E-04 ,  2.19976E-10 , -4.23572E-03 ,  9.48461E-05 ,  1.20324E-02 
    6221 ,  9.54656E-01 ,  4.07845E-01 ,  2.31090E-05 ,  4.92316E-02 , -2.73905E-10 ,  1.20471E-03 ,  1.53881E-04 ,  2.18826E-10 , -4.93855E-03 ,  1.22821E-04 ,  1.55055E-02 
    6231 ,  9.56225E-01 ,  4.07845E-01 ,  2.83787E-04 ,  5.39575E-02 , -2.94275E-10 ,  1.20698E-03 ,  1.55043E-04 ,  2.05531E-10 , -5.41124E-03 ,  1.49084E-04 ,  1.78279E-02 
    6241 ,  9.57793E-01 ,  4.07845E-01 ,  5.01451E-04 ,  5.62656E-02 , -3.12855E-10 ,  1.20930E-03 ,  1.56176E-04 ,  1.98781E-10 , -5.64223E-03 ,  1.71056E-04 ,  1.89416E-02 
    6251 ,  9.59359E-01 ,  4.07845E-01 ,  6.21725E-04 ,  5.54542E-02 , -3.27631E-10 ,  1.21158E-03 ,  1.57133E-04 ,  1.87142E-10 , -5.56116E-03 ,  1.83332E-04 ,  1.84989E-02 
    6261 ,  9.60925E-01 ,  4.07845E-01 ,  5.89690E-04 ,  5.15773E-02 , -3.34369E-10 ,  1.21334E-03 ,  1.57665E-04 ,  1.89793E-10 , -5.17353E-03 ,  1.80302E-04 ,  1.65397E-02 
    6271 ,  9.62489E-01 ,  4.07845E-01 ,  4.04807E-04 ,  4.53152E-02 , -3.32366E-10 ,  1.21422E-03 ,  1.57611E-04 ,  1.82690E-10 , -4.54726E-03 ,  1.61876E-04 ,  1.34088E-02 
    6281 ,  9.64054E-01 ,  4.07845E-01 ,  1.78872E-05 ,  3.67142E-02 , -3.22608E-10 ,  1.21396E-03 ,  1.57214E-04 ,  1.84334E-10 , -3.68724E-03 ,  1.23156E-04 ,  9.12004E-03 
    6291 ,  9.65618E-01 ,  4.07845E-01 , -4.79975E-04 ,  2.86026E-02 , -3.03416E-10 ,  1.21216E-03 ,  1.56314E-04 ,  1.93335E-10 , -2.87594E-03 ,  7.32869E-05 ,  5.08028E-03 
    6301 ,  9.67182E-01 ,  4.07845E-01 , -1.07862E-03 ,  2.11791E-02 , -2.74848E-10 ,  1.20905E-03 ,  1.55312E-04 ,  2.07702E-10 , -2.13351E-03 ,  1.30047E-05 ,  1.39788E-03 
    6311 ,  9.68745E-01 ,  4.07845E-01 , -1.72715E-03 ,  1.60223E-02 , -2.36150E-10 ,  1.20477E-03 ,  1.54097E-04 ,  2.19337E-10 , -1.61769E-03 , -5.22166E-05 , -1.15204E-03 
    6321 ,  9.70308E-01 ,  4.07845E-01 , -2.34539E-03 ,  1.39696E-02 , -1.89581E-10 ,  1.19955E-03 ,  1.53024E-04 ,  2.33965E-10 , -1.41231E-03 , -1.14581E-04 , -2.14448E-03 
    6331 ,  9.71872E-01 ,  4.07845E-01 , -2.91333E-03 ,  1.55610E-02 , -1.32817E-10 ,  1.19367E-03 ,  1.52308E-04 ,  2.57157E-10 , -1.57140E-03 , -1.71992E-04 , -1.31455E-03 
    6341 ,  9.73437E-01 ,  4.07845E-01 , -3.31447E-03 ,  2.08719E-02 , -6.85824E-11 ,  1.18779E-03 ,  1.52008E-04 ,  2.78022E-10 , -2.10245E-03 , -2.12671E-04 ,  1.36985E-03 
    6351 ,  9.75003E-01 ,  4.07845E-01 , -3.50485E-03 ,  2.76510E-02 , -1.35704E-11 ,  1.18236E-03 ,  1.52136E-04 ,  2.96249E-10 , -2.78033E-03 , -2.32241E-04 ,  4.77325E-03 
    6361 ,  9.76569E-01 ,  4.07845E-01 , -3.54081E-03 ,  3.62016E-02 ,  4.58605E-11 ,  1.17771E-03 ,  1.52802E-04 ,  3.05227E-10 , -3.63543E-03 , -2.36308E-04 ,  9.04736E-03 
    6371 ,  9.78135E-01 ,  4.07845E-01 , -3.44391E-03 ,  4.35182E-02 ,  9.47465E-11 ,  1.17411E-03 ,  1.53674E-04 ,  3.14695E-10 , -4.36723E-03 , -2.26984E-04 ,  1.26874E-02 
    6381 ,  9.79701E-01 ,  4.07845E-01 , -3.24464E-03 ,  4.89304E-02 ,  1.37502E-10 ,  1.17161E-03 ,  1.54672E-04 ,  3.16898E-10 , -4.90853E-03 , -2.07303E-04 ,  1.53637E-02 
    6391 ,  9.81267E-01 ,  4.07845E-01 , -3.01430E-03 ,  5.07792E-02 ,  1.63752E-10 ,  1.16985E-03 ,  1.55627E-04 ,  3.13402E-10 , -5.09354E-03 , -1.84460E-04 ,  1.62582E-02 
    6401 ,  9.82833E-01 ,  4.07845E-01 , -2.79444E-03 ,  4.87434E-02 ,  1.73113E-10 ,  1.16880E-03 ,  1.56177E-04 ,  3.06173E-10 , -4.88999E-03 , -1.62569E-04 ,  1.52069E-02 
    6411 ,  9.84398E-01 ,  4.07845E-01 , -2.61479E-03 ,  4.32047E-02 ,  1.62413E-10 ,  1.16800E-03 ,  1.56299E-04 ,  2.96277E-10 , -4.33612E-03 , -1.44655E-04 ,  1.24114E-02 
    6421 ,  9.85963E-01 ,  4.07845E-01 , -2.47992E-03 ,  3.56046E-02 ,  1.33819E-10 ,  1.16721E-03 ,  1.56041E-04 ,  2.92305E-10 , -3.57614E-03 , -1.31272E-04 ,  8.59763E-03 
    6431 ,  9.87527E-01 ,  4.07845E-01 , -2.36652E-03 ,  2.74129E-02 ,  8.74183E-11 ,  1.16629E-03 ,  1.55339E-04 ,  2.94290E-10 , -2.75688E-03 , -1.20027E-04 ,  4.50205E-03 
    6441 ,  9.89091E-01 ,  4.07845E-01 , -2.22938E-03 ,  2.07829E-02 ,  2.75683E-11 ,  1.16543E-03 ,  1.54474E-04 ,  2.88723E-10 , -2.09380E-03 , -1.06411E-04 ,  1.19362E-03 
    6451 ,  9.90651E-01 ,  4.07845E-01 , -2.01367E-03 ,  1.71350E-02 , -4.36755E-11 ,  1.16480E-03 ,  1.53491E-04 ,  2.80412E-10 , -1.72884E-03 , -8.48801E-05 , -6.15481E-04 
    6461 ,  9.92217E-01 ,  4.07845E-01 , -1.69891E-03 ,  1.76544E-02 , -1.14675E-10 ,  1.16455E-03 ,  1.52760E-04 ,  2.64731E-10 , -1.78079E-03 , -5.34297E-05 , -3.36119E-04 
    6471 ,  9.93783E-01 ,  4.07845E-01 , -1.23550E-03 ,  2.24744E-02 , -1.90144E-10 ,  1.16530E-03 ,  1.52439E-04 ,  2.65325E-10 , -2.26268E-03 , -7.01392E-06 ,  2.09709E-03 
    6481 ,  9.95350E-01 ,  4.07845E-01 , -6.68385E-04 ,  3.05628E-02 , -2.58769E-10 ,  1.16717E-03 ,  1.52686E-04 ,  2.50370E-10 , -3.07159E-03 ,  4.98848E-05 ,  6.16121E-03 
    6491 ,  9.96917E-01 ,  4.07845E-01 ,  1.05533E-05 ,  4.09872E-02 , -3.25085E-10 ,  1.17040E-03 ,  1.53519E-04 ,  2.42795E-10 , -4.11411E-03 ,  1.18092E-04 ,  1.13769E-02 
    6501 ,  9.98484E-01 ,  4.07845E-01 ,  6.59654E-04 ,  5.06325E-02 , -3.76669E-10 ,  1.17477E-03 ,  1.54741E-04 ,  2.20361E-10 , -5.07873E-03 ,  1.83464E-04 ,  1.61788E-02 
    6511 ,  1.00005E+00 ,  4.07845E-01 ,  1.23087E-03 ,  5.77640E-02 , -4.16242E-10 ,  1.17993E-03 ,  1.56179E-04 ,  2.00366E-10 , -5.79204E-03 ,  2.41075E-04 ,  1.97058E-02 
    6521 ,  1.00162E+00 ,  4.07845E-01 ,  1.65315E-03 ,  6.10982E-02 , -4.42909E-10 ,  1.18546E-03 ,  1.57533E-04 ,  1.77421E-10 , -6.12561E-03 ,  2.83865E-04 ,  2.13239E-02 
    6531 ,  1.00318E+00 ,  4.07845E-01 ,  1.87067E-03 ,  5.98252E-02 , -4.58055E-10 ,  1.19061E-03 ,  1.58624E-04 ,  1.58251E-10 , -5.99840E-03 ,  3.06133E-04 ,  2.06391E-02 
