   ITER        TIME        AREA        FPRE_X        FPRE_Y        FPRE_Z        FTAU_X        FTAU_Y        FTAU_Z
       0 ,  0.00000E+00 ,  4.07996E-01 ,  0.00000E+00 ,  0.00000E+00 ,  0.00000E+00 ,  1.66682E-10 , -1.87672E-10 , -9.31050E-15 ,  1.87526E-11 ,  1.64539E-11 , -9.39529E-11 
       1 ,  1.80761E-04 ,  4.07996E-01 ,  4.84596E-01 ,  1.40557E+00 ,  8.87553E-09 ,  4.66885E-02 ,  1.43050E-03 ,  1.04711E-10 , -1.40700E-01 ,  5.31285E-02 ,  7.09138E-01 
      11 ,  1.54948E-03 ,  4.07996E-01 ,  8.13761E-01 ,  3.29127E+00 ,  1.87210E-08 ,  3.18950E-02 ,  3.34585E-04 , -2.70288E-10 , -3.29160E-01 ,  8.45654E-02 ,  1.63907E+00 
      21 ,  2.58585E-03 ,  4.07996E-01 ,  9.63422E-01 ,  5.26421E+00 ,  2.61573E-08 ,  2.60082E-02 ,  4.67403E-04 ,  1.57898E-09 , -5.26468E-01 ,  9.89429E-02 ,  2.60066E+00 
      31 ,  3.47134E-03 ,  4.07996E-01 ,  7.50588E-01 ,  6.13414E+00 ,  2.43233E-08 ,  2.29103E-02 ,  5.10092E-04 ,  5.19474E-09 , -6.13464E-01 ,  7.73499E-02 ,  3.06013E+00 
      41 ,  4.26509E-03 ,  4.07996E-01 ,  3.18342E-01 ,  5.72655E+00 ,  1.38735E-08 ,  2.07172E-02 ,  5.92849E-04 ,  6.06070E-09 , -5.72714E-01 ,  3.39059E-02 ,  2.88423E+00 
      51 ,  4.95561E-03 ,  4.07996E-01 , -2.38237E-01 ,  3.51978E+00 ,  1.95463E-09 ,  1.87041E-02 ,  6.46860E-04 ,  8.49062E-09 , -3.52043E-01 , -2.19534E-02 ,  1.76610E+00 
      61 ,  5.62516E-03 ,  4.07996E-01 , -6.10905E-01 ,  3.63158E-01 , -4.69299E-09 ,  1.65635E-02 ,  5.41794E-04 ,  3.33182E-09 , -3.63699E-02 , -5.94341E-02 ,  1.68771E-01 
      71 ,  6.30918E-03 ,  4.07996E-01 , -6.54835E-01 , -2.61190E+00 , -9.83521E-09 ,  1.44169E-02 ,  4.53330E-04 , -1.62553E-10 ,  2.61144E-01 , -6.40419E-02 , -1.34586E+00 
      81 ,  7.05178E-03 ,  4.07996E-01 , -4.68116E-01 , -4.57767E+00 , -1.19911E-08 ,  1.24235E-02 ,  2.56637E-04 , -2.66627E-09 ,  4.57742E-01 , -4.55690E-02 , -2.34056E+00 
      91 ,  7.84318E-03 ,  4.07996E-01 , -8.61177E-02 , -5.15183E+00 , -1.03134E-08 ,  1.11320E-02 ,  3.28465E-05 , -4.53412E-09 ,  5.15179E-01 , -7.49924E-03 , -2.61319E+00 
     101 ,  8.70880E-03 ,  4.07996E-01 ,  2.63352E-01 , -4.09358E+00 , -5.22081E-09 ,  1.07856E-02 , -1.66080E-04 , -4.99662E-09 ,  4.09375E-01 ,  2.74138E-02 , -2.05459E+00 
     111 ,  9.56347E-03 ,  4.07996E-01 ,  4.73396E-01 , -1.94455E+00 ,  3.05351E-09 ,  1.13443E-02 , -2.02533E-04 , -3.26709E-09 ,  1.94475E-01 ,  4.84737E-02 , -9.43704E-01 
     121 ,  1.04916E-02 ,  4.07996E-01 ,  5.28416E-01 ,  3.66282E-01 ,  7.78955E-09 ,  1.21420E-02 , -1.28383E-04 , -2.13108E-09 , -3.66151E-02 ,  5.40558E-02 ,  2.20090E-01 
     131 ,  1.14468E-02 ,  4.07996E-01 ,  4.74042E-01 ,  2.56708E+00 ,  8.87352E-09 ,  1.23472E-02 ,  3.58329E-05 ,  1.86076E-10 , -2.56712E-01 ,  4.86386E-02 ,  1.30319E+00 
     141 ,  1.24077E-02 ,  4.07996E-01 ,  2.36454E-01 ,  4.03344E+00 ,  9.53751E-09 ,  1.17659E-02 ,  2.04594E-04 ,  7.52594E-09 , -4.03364E-01 ,  2.48214E-02 ,  2.00603E+00 
     151 ,  1.34106E-02 ,  4.07996E-01 , -1.28153E-01 ,  4.39145E+00 ,  7.72626E-09 ,  1.07380E-02 ,  3.53190E-04 ,  7.85729E-09 , -4.39180E-01 , -1.17414E-02 ,  2.16069E+00 
     161 ,  1.43700E-02 ,  4.07996E-01 , -4.13279E-01 ,  3.67159E+00 ,  2.29673E-09 ,  9.54408E-03 ,  4.46620E-04 ,  3.38216E-09 , -3.67204E-01 , -4.03737E-02 ,  1.79047E+00 
     171 ,  1.52378E-02 ,  4.07996E-01 , -5.53773E-01 ,  1.82115E+00 , -5.89675E-09 ,  8.46863E-03 ,  4.79992E-04 , -2.49210E-09 , -1.82163E-01 , -5.45303E-02 ,  8.75227E-01 
     181 ,  1.60721E-02 ,  4.07996E-01 , -4.95825E-01 , -6.91001E-01 , -1.23685E-08 ,  7.60662E-03 ,  3.87314E-04 , -4.67604E-09 ,  6.90610E-02 , -4.88223E-02 , -3.59417E-01 
     191 ,  1.68962E-02 ,  4.07996E-01 , -1.74528E-01 , -3.04832E+00 , -1.28614E-08 ,  7.19783E-03 ,  2.20714E-04 , -2.44716E-09 ,  3.04809E-01 , -1.67332E-02 , -1.50973E+00 
     201 ,  1.77322E-02 ,  4.07996E-01 ,  2.76099E-01 , -4.36249E+00 , -7.35304E-09 ,  7.46502E-03 ,  1.03222E-04 , -1.10764E-09 ,  4.36239E-01 ,  2.83561E-02 , -2.16604E+00 
     211 ,  1.86714E-02 ,  4.07996E-01 ,  5.46699E-01 , -4.31738E+00 , -1.32142E-09 ,  8.19945E-03 , -9.14762E-05 , -2.66798E-09 ,  4.31748E-01 ,  5.54899E-02 , -2.16438E+00 
     221 ,  1.97057E-02 ,  4.07996E-01 ,  5.19764E-01 , -2.99101E+00 ,  3.02568E-09 ,  8.94384E-03 , -1.70436E-04 , -1.63281E-09 ,  2.99119E-01 ,  5.28708E-02 , -1.51802E+00 
     231 ,  2.08388E-02 ,  4.07996E-01 ,  2.65477E-01 , -1.06941E+00 ,  4.00591E-09 ,  9.17025E-03 , -1.90409E-04 , -1.33903E-09 ,  1.06962E-01 ,  2.74655E-02 , -5.61199E-01 
     241 ,  2.20475E-02 ,  4.07996E-01 , -4.83333E-02 ,  9.14695E-01 ,  3.41677E-09 ,  8.72707E-03 , -7.94836E-05 ,  5.58711E-10 , -9.14618E-02 , -3.96070E-03 ,  4.48828E-01 
     251 ,  2.32670E-02 ,  4.07996E-01 , -2.62209E-01 ,  2.74701E+00 ,  3.18275E-09 ,  7.78027E-03 ,  6.60751E-05 ,  2.96289E-09 , -2.74707E-01 , -2.54436E-02 ,  1.38873E+00 
     261 ,  2.45286E-02 ,  4.07996E-01 , -3.19687E-01 ,  3.60933E+00 ,  3.39816E-09 ,  6.78536E-03 ,  2.29395E-04 ,  1.89377E-09 , -3.60956E-01 , -3.12897E-02 ,  1.82382E+00 
     271 ,  2.57272E-02 ,  4.07996E-01 , -2.61488E-01 ,  3.54624E+00 ,  3.98480E-09 ,  6.02845E-03 ,  3.70229E-04 ,  1.75220E-09 , -3.54661E-01 , -2.55462E-02 ,  1.77414E+00 
     281 ,  2.67592E-02 ,  4.07996E-01 , -8.41836E-02 ,  2.37368E+00 ,  3.87705E-09 ,  5.65270E-03 ,  3.95497E-04 ,  2.43163E-10 , -2.37410E-01 , -7.85178E-03 ,  1.15686E+00 
     291 ,  2.76748E-02 ,  4.07996E-01 ,  1.47763E-01 ,  4.68126E-01 ,  2.05193E-09 ,  5.77986E-03 ,  4.33978E-04 ,  1.89403E-10 , -4.68560E-02 ,  1.53541E-02 ,  1.84204E-01 
     301 ,  2.85869E-02 ,  4.07996E-01 ,  3.21517E-01 , -1.45800E+00 ,  8.03100E-11 ,  6.33742E-03 ,  2.97233E-04 ,  8.24170E-10 ,  1.45770E-01 ,  3.27861E-02 , -7.74540E-01 
     311 ,  2.95891E-02 ,  4.07996E-01 ,  3.46937E-01 , -2.70897E+00 , -6.49809E-10 ,  7.03760E-03 ,  1.55884E-04 ,  1.45189E-09 ,  2.70879E-01 ,  3.53984E-02 , -1.37632E+00 
     321 ,  3.06432E-02 ,  4.07996E-01 ,  2.50923E-01 , -3.15875E+00 , -6.64705E-10 ,  7.43368E-03 ,  3.65962E-06 , -9.58282E-11 ,  3.15875E-01 ,  2.58359E-02 , -1.57337E+00 
     331 ,  3.18108E-02 ,  4.07996E-01 ,  9.03493E-02 , -2.68808E+00 , -6.78287E-10 ,  7.31259E-03 , -9.78208E-05 ,  4.94906E-10 ,  2.68816E-01 ,  9.76600E-03 , -1.32299E+00 
     341 ,  3.30622E-02 ,  4.07996E-01 , -6.38619E-02 , -1.61976E+00 , -1.85039E-09 ,  6.75367E-03 , -1.28854E-04 , -1.87531E-09 ,  1.61989E-01 , -5.71110E-03 , -7.95818E-01 
     351 ,  3.43570E-02 ,  4.07996E-01 , -1.85981E-01 , -1.32441E-01 , -3.32905E-09 ,  5.99072E-03 , -1.53744E-04 , -3.08937E-09 ,  1.32572E-02 , -1.79994E-02 , -7.48409E-02 
     361 ,  3.57123E-02 ,  4.07996E-01 , -2.43263E-01 ,  1.22204E+00 , -2.73167E-09 ,  5.32213E-03 , -4.21673E-05 , -4.49342E-09 , -1.22201E-01 , -2.37944E-02 ,  5.86053E-01 
     371 ,  3.70509E-02 ,  4.07996E-01 , -1.94532E-01 ,  2.32173E+00 , -8.57835E-10 ,  4.94891E-03 ,  1.56221E-04 , -3.17661E-09 , -2.32189E-01 , -1.89577E-02 ,  1.13485E+00 
     381 ,  3.83195E-02 ,  4.07996E-01 , -4.73407E-02 ,  2.80302E+00 ,  2.14106E-09 ,  4.90651E-03 ,  2.60961E-04 ,  4.41961E-10 , -2.80328E-01 , -4.24331E-03 ,  1.38907E+00 
     391 ,  3.95687E-02 ,  4.07996E-01 ,  1.36633E-01 ,  2.50849E+00 ,  4.68363E-09 ,  5.17778E-03 ,  3.77532E-04 ,  3.05824E-09 , -2.50888E-01 ,  1.41808E-02 ,  1.25697E+00 
     401 ,  4.06993E-02 ,  4.07996E-01 ,  2.76085E-01 ,  1.48427E+00 ,  6.18577E-09 ,  5.60139E-03 ,  3.62614E-04 ,  4.41439E-09 , -1.48459E-01 ,  2.81683E-02 ,  7.50227E-01 
     411 ,  4.17764E-02 ,  4.07996E-01 ,  2.77262E-01 ,  1.56854E-01 ,  4.80769E-09 ,  5.98453E-03 ,  3.19701E-04 ,  3.98865E-09 , -1.57203E-02 ,  2.83247E-02 ,  7.78703E-02 
     421 ,  4.28674E-02 ,  4.07996E-01 ,  1.60566E-01 , -1.06418E+00 ,  1.66149E-09 ,  6.13372E-03 ,  2.03913E-04 ,  1.66254E-09 ,  1.06398E-01 ,  1.66698E-02 , -5.51411E-01 
     431 ,  4.39205E-02 ,  4.07996E-01 , -9.30726E-03 , -1.95396E+00 , -2.30931E-09 ,  5.97563E-03 ,  1.11640E-04 ,  5.23554E-10 ,  1.95385E-01 , -3.32949E-04 , -1.01313E+00 
     441 ,  4.50373E-02 ,  4.07996E-01 , -1.40649E-01 , -2.33747E+00 , -5.30741E-09 ,  5.57826E-03 ,  1.92938E-05 , -2.74913E-10 ,  2.33745E-01 , -1.35069E-02 , -1.20534E+00 
     451 ,  4.63202E-02 ,  4.07996E-01 , -1.64190E-01 , -2.10375E+00 , -5.91418E-09 ,  5.08659E-03 , -2.97612E-05 , -8.54270E-10 ,  2.10378E-01 , -1.59102E-02 , -1.07288E+00 
     461 ,  4.75836E-02 ,  4.07996E-01 , -9.97348E-02 , -1.25099E+00 , -4.35442E-09 ,  4.73492E-03 , -1.24372E-04 , -1.99237E-09 ,  1.25113E-01 , -9.49983E-03 , -6.20930E-01 
     471 ,  4.89134E-02 ,  4.07996E-01 , -1.99109E-02 , -1.74450E-01 , -1.68292E-09 ,  4.57482E-03 , -4.87164E-05 , -1.35395E-09 ,  1.74502E-02 , -1.53354E-03 , -6.74628E-02 
     481 ,  5.03339E-02 ,  4.07996E-01 ,  3.79869E-02 ,  9.49416E-01 ,  1.57076E-09 ,  4.58287E-03 , -3.15041E-05 ,  7.42779E-11 , -9.49392E-02 ,  4.25659E-03 ,  4.89977E-01 
     491 ,  5.16480E-02 ,  4.07996E-01 ,  6.89920E-02 ,  1.84381E+00 ,  4.45490E-09 ,  4.73204E-03 ,  1.27022E-04 ,  2.60937E-10 , -1.84394E-01 ,  7.37294E-03 ,  9.16300E-01 
     501 ,  5.29132E-02 ,  4.07996E-01 ,  8.18311E-02 ,  2.15846E+00 ,  5.77738E-09 ,  4.92340E-03 ,  2.17816E-04 ,  1.45402E-09 , -2.15868E-01 ,  8.67571E-03 ,  1.05497E+00 
     511 ,  5.40692E-02 ,  4.07996E-01 ,  8.68199E-02 ,  1.94420E+00 ,  6.19189E-09 ,  5.08123E-03 ,  2.78571E-04 ,  1.03868E-09 , -1.94448E-01 ,  9.19037E-03 ,  9.41007E-01 
     521 ,  5.52938E-02 ,  4.07996E-01 ,  8.18454E-02 ,  1.25694E+00 ,  5.56012E-09 ,  5.13512E-03 ,  2.99337E-04 ,  1.61445E-09 , -1.25723E-01 ,  8.69839E-03 ,  6.06952E-01 
     531 ,  5.63890E-02 ,  4.07996E-01 ,  6.06626E-02 ,  2.61913E-01 ,  3.93700E-09 ,  5.04453E-03 ,  2.76948E-04 ,  1.53338E-09 , -2.62180E-02 ,  6.57108E-03 ,  1.24385E-01 
     541 ,  5.74972E-02 ,  4.07996E-01 ,  1.45810E-02 , -7.25767E-01 ,  4.51211E-10 ,  4.85700E-03 ,  2.02689E-04 , -7.66806E-11 ,  7.25562E-02 ,  1.94410E-03 , -3.61717E-01 
     551 ,  5.86132E-02 ,  4.07996E-01 , -4.67590E-02 , -1.47623E+00 , -3.94498E-09 ,  4.65535E-03 ,  8.35595E-05 , -1.85474E-09 ,  1.47614E-01 , -4.21061E-03 , -7.39910E-01 
     561 ,  5.98719E-02 ,  4.07996E-01 , -9.88286E-02 , -1.77409E+00 , -7.15724E-09 ,  4.45772E-03 ,  2.57375E-05 , -1.71712E-09 ,  1.77407E-01 , -9.43695E-03 , -8.97794E-01 
     571 ,  6.11766E-02 ,  4.07996E-01 , -1.10053E-01 , -1.58361E+00 , -7.76377E-09 ,  4.28380E-03 , -3.31772E-05 , -1.64722E-09 ,  1.58365E-01 , -1.05767E-02 , -8.10845E-01 
     581 ,  6.24998E-02 ,  4.07996E-01 , -6.24822E-02 , -9.56443E-01 , -5.27481E-09 ,  4.17201E-03 , -9.02070E-05 , -1.10724E-09 ,  9.56522E-02 , -5.83117E-03 , -4.98836E-01 
     591 ,  6.39146E-02 ,  4.07996E-01 ,  2.23383E-02 , -1.54878E-01 , -7.54276E-10 ,  4.16862E-03 , -1.60297E-05 ,  5.60381E-10 ,  1.54896E-02 ,  2.65105E-03 , -8.84867E-02 
     601 ,  6.52804E-02 ,  4.07996E-01 ,  9.74115E-02 ,  6.27307E-01 ,  3.33596E-09 ,  4.26746E-03 ,  1.38746E-05 ,  3.63153E-10 , -6.27318E-02 ,  1.01685E-02 ,  3.15796E-01 
     611 ,  6.67545E-02 ,  4.07996E-01 ,  1.11932E-01 ,  1.16007E+00 ,  5.29064E-09 ,  4.41534E-03 ,  1.10075E-04 ,  5.66811E-10 , -1.16018E-01 ,  1.16346E-02 ,  5.89233E-01 
     621 ,  6.82245E-02 ,  4.07996E-01 ,  7.72395E-02 ,  1.44059E+00 ,  5.12962E-09 ,  4.50113E-03 ,  1.80837E-04 ,  1.39753E-09 , -1.44078E-01 ,  8.17385E-03 ,  7.25079E-01 
     631 ,  6.96231E-02 ,  4.07996E-01 ,  1.18839E-02 ,  1.45219E+00 ,  3.28768E-09 ,  4.47739E-03 ,  2.33422E-04 ,  1.94292E-09 , -1.45240E-01 ,  1.63648E-03 ,  7.14962E-01 
     641 ,  7.09322E-02 ,  4.07996E-01 , -3.87991E-02 ,  1.05363E+00 ,  9.07718E-10 ,  4.37727E-03 ,  2.53396E-04 ,  2.35442E-09 , -1.05392E-01 , -3.44197E-03 ,  5.01493E-01 
     651 ,  7.22420E-02 ,  4.07996E-01 , -5.74036E-02 ,  4.60728E-01 , -8.68300E-10 ,  4.22832E-03 ,  2.52622E-04 ,  1.05461E-09 , -4.60971E-02 , -5.31761E-03 ,  2.00998E-01 
     661 ,  7.35590E-02 ,  4.07996E-01 , -5.41449E-02 , -2.43739E-01 , -1.79047E-09 ,  4.05109E-03 ,  2.02647E-04 ,  9.26164E-10 ,  2.43530E-02 , -5.00970E-03 , -1.42940E-01 
     671 ,  7.48025E-02 ,  4.07996E-01 , -3.70118E-02 , -9.03137E-01 , -2.14375E-09 ,  3.88125E-03 ,  1.46357E-04 ,  2.51321E-10 ,  9.02973E-02 , -3.31363E-03 , -4.58616E-01 
     681 ,  7.60827E-02 ,  4.07996E-01 , -1.62069E-02 , -1.37081E+00 , -1.84502E-09 ,  3.75366E-03 ,  6.91771E-05 , -3.22557E-10 ,  1.37073E-01 , -1.24583E-03 , -6.80997E-01 
     691 ,  7.74067E-02 ,  4.07996E-01 ,  4.57413E-03 , -1.44174E+00 , -9.69271E-10 ,  3.72506E-03 , -2.19326E-07 , -4.72216E-10 ,  1.44175E-01 ,  8.30188E-04 , -7.17455E-01 
     701 ,  7.88719E-02 ,  4.07996E-01 ,  2.61035E-02 , -1.15175E+00 ,  4.43315E-11 ,  3.80368E-03 , -4.98453E-05 , -8.45168E-10 ,  1.15181E-01 ,  2.99034E-03 , -5.81477E-01 
     711 ,  8.03748E-02 ,  4.07996E-01 ,  4.90075E-02 , -5.82201E-01 ,  1.15800E-09 ,  3.94094E-03 , -4.23384E-05 , -3.20522E-10 ,  5.82220E-02 ,  5.29417E-03 , -3.05489E-01 
     721 ,  8.19301E-02 ,  4.07996E-01 ,  6.72749E-02 ,  1.66738E-01 ,  2.16517E-09 ,  4.07562E-03 , -3.52443E-06 ,  1.66643E-11 , -1.66712E-02 ,  7.13503E-03 ,  6.72637E-02 
     731 ,  8.35064E-02 ,  4.07996E-01 ,  6.54134E-02 ,  7.99081E-01 ,  2.68516E-09 ,  4.14217E-03 ,  6.86739E-05 ,  1.25586E-09 , -7.99141E-02 ,  6.95561E-03 ,  3.90482E-01 
     741 ,  8.50970E-02 ,  4.07996E-01 ,  3.59279E-02 ,  1.26967E+00 ,  2.72232E-09 ,  4.12369E-03 ,  1.53359E-04 ,  1.56272E-09 , -1.26987E-01 ,  4.00386E-03 ,  6.36508E-01 
     751 ,  8.66560E-02 ,  4.07996E-01 , -1.13719E-02 ,  1.41291E+00 ,  1.80319E-09 ,  4.01822E-03 ,  2.18619E-04 ,  1.60464E-09 , -1.41315E-01 , -7.35291E-04 ,  7.11631E-01 
     761 ,  8.81475E-02 ,  4.07996E-01 , -6.86752E-02 ,  1.22326E+00 ,  3.35861E-10 ,  3.82260E-03 ,  2.48564E-04 ,  1.53893E-09 , -1.22349E-01 , -6.48479E-03 ,  6.09919E-01 
     771 ,  8.94869E-02 ,  4.07996E-01 , -1.08700E-01 ,  6.73905E-01 , -1.35681E-09 ,  3.58128E-03 ,  2.50251E-04 ,  5.11412E-10 , -6.74193E-02 , -1.05123E-02 ,  3.20850E-01 
     781 ,  9.07507E-02 ,  4.07996E-01 , -9.75267E-02 , -3.07395E-02 , -2.17148E-09 ,  3.35743E-03 ,  2.16046E-04 ,  5.47536E-10 ,  3.05147E-03 , -9.41676E-03 , -4.30598E-02 
     791 ,  9.20623E-02 ,  4.07996E-01 , -4.12870E-02 , -7.13863E-01 , -2.05989E-09 ,  3.24774E-03 ,  1.62808E-04 , -3.69427E-10 ,  7.13700E-02 , -3.80399E-03 , -3.84621E-01 
     801 ,  9.34069E-02 ,  4.07996E-01 ,  3.03219E-02 , -1.15310E+00 , -1.46393E-09 ,  3.30331E-03 ,  9.39078E-05 , -1.13047E-09 ,  1.15299E-01 ,  3.36258E-03 , -5.94111E-01 
     811 ,  9.48140E-02 ,  4.07996E-01 ,  9.21125E-02 , -1.31205E+00 , -9.08104E-10 ,  3.50258E-03 ,  2.45791E-05 , -1.17699E-09 ,  1.31203E-01 ,  9.56117E-03 , -6.58609E-01 
     821 ,  9.62565E-02 ,  4.07996E-01 ,  1.11968E-01 , -1.12538E+00 , -7.49403E-10 ,  3.76109E-03 , -2.22715E-05 , -5.47780E-10 ,  1.12540E-01 ,  1.15733E-02 , -5.54819E-01 
     831 ,  9.77886E-02 ,  4.07996E-01 ,  7.75017E-02 , -6.08743E-01 , -5.98425E-10 ,  3.95080E-03 , -2.28573E-05 ,  1.61346E-10 ,  6.08870E-02 ,  8.14680E-03 , -2.98221E-01 
     841 ,  9.93944E-02 ,  4.07996E-01 ,  2.13804E-02 , -1.25347E-02 , -7.70526E-10 ,  3.96929E-03 , -1.30202E-05 ,  6.34304E-10 ,  1.25243E-03 ,  2.53496E-03 , -8.71096E-03 
     851 ,  1.01008E-01 ,  4.07996E-01 , -3.86531E-02 ,  6.05965E-01 , -3.02035E-10 ,  3.80202E-03 ,  5.97453E-05 ,  6.55548E-10 , -6.06010E-02 , -3.48483E-03 ,  2.90431E-01 
     861 ,  1.02661E-01 ,  4.07996E-01 , -8.15527E-02 ,  1.08095E+00 ,  5.58373E-10 ,  3.49703E-03 ,  1.38593E-04 ,  7.03577E-10 , -1.08108E-01 , -7.80538E-03 ,  5.23428E-01 
     871 ,  1.04220E-01 ,  4.07996E-01 , -9.49057E-02 ,  1.31327E+00 ,  1.57664E-09 ,  3.17177E-03 ,  2.04834E-04 ,  5.77249E-10 , -1.31349E-01 , -9.17346E-03 ,  6.42347E-01 
     881 ,  1.05628E-01 ,  4.07996E-01 , -7.00340E-02 ,  1.21148E+00 ,  2.35206E-09 ,  2.95959E-03 ,  2.44029E-04 ,  2.71792E-10 , -1.21172E-01 , -6.70769E-03 ,  5.99836E-01 
     891 ,  1.07005E-01 ,  4.07996E-01 , -1.13620E-02 ,  7.81731E-01 ,  2.63939E-09 ,  2.93234E-03 ,  2.48754E-04 ,  3.09358E-11 , -7.81988E-02 , -8.42336E-04 ,  3.90180E-01 
     901 ,  1.08407E-01 ,  4.07996E-01 ,  5.23079E-02 ,  1.50848E-01 ,  2.29714E-09 ,  3.09300E-03 ,  2.21956E-04 ,  2.97346E-10 , -1.51089E-02 ,  5.54085E-03 ,  7.21776E-02 
     911 ,  1.09799E-01 ,  4.07996E-01 ,  9.99718E-02 , -4.92591E-01 ,  1.40133E-09 ,  3.37481E-03 ,  1.66175E-04 ,  1.78638E-10 ,  4.92422E-02 ,  1.03342E-02 , -2.57504E-01 
     921 ,  1.11238E-01 ,  4.07996E-01 ,  1.14612E-01 , -1.03118E+00 ,  1.61157E-10 ,  3.65148E-03 ,  9.76436E-05 , -5.28564E-11 ,  1.03108E-01 ,  1.18262E-02 , -5.34592E-01 
     931 ,  1.12682E-01 ,  4.07996E-01 ,  8.39148E-02 , -1.27162E+00 , -1.12188E-09 ,  3.79363E-03 ,  3.08727E-05 ,  2.63068E-10 ,  1.27160E-01 ,  8.77125E-03 , -6.55848E-01 
     941 ,  1.14208E-01 ,  4.07996E-01 ,  2.04001E-02 , -1.16895E+00 , -2.01489E-09 ,  3.73870E-03 , -1.50779E-05 , -5.58015E-10 ,  1.16897E-01 ,  2.41387E-03 , -5.97490E-01 
     951 ,  1.15835E-01 ,  4.07996E-01 , -6.91681E-02 , -5.87093E-01 , -2.21028E-09 ,  3.50426E-03 , -2.91644E-05 , -5.17657E-10 ,  5.87159E-02 , -6.56607E-03 , -2.93416E-01 
     961 ,  1.17507E-01 ,  4.07996E-01 , -1.12507E-01 , -1.15570E-02 , -1.55962E-09 ,  3.13237E-03 ,  3.74080E-06 , -8.79335E-10 ,  1.15635E-03 , -1.09374E-02 ,  1.96313E-04 
     971 ,  1.19181E-01 ,  4.07996E-01 , -1.10897E-01 ,  5.78319E-01 , -3.67131E-10 ,  2.81965E-03 ,  5.97810E-05 , -4.57138E-10 , -5.78366E-02 , -1.08076E-02 ,  2.93140E-01 
     981 ,  1.20821E-01 ,  4.07996E-01 , -5.94475E-02 ,  1.08168E+00 ,  1.23177E-09 ,  2.67792E-03 ,  1.32574E-04 , -1.61929E-11 , -1.08181E-01 , -5.67689E-03 ,  5.36510E-01 
     991 ,  1.22405E-01 ,  4.07996E-01 ,  2.42444E-02 ,  1.33168E+00 ,  2.63094E-09 ,  2.76191E-03 ,  2.01797E-04 ,  7.40223E-10 , -1.33189E-01 ,  2.70052E-03 ,  6.52065E-01 
    1001 ,  1.23962E-01 ,  4.07996E-01 ,  9.69240E-02 ,  1.21309E+00 ,  3.09494E-09 ,  3.02624E-03 ,  2.47418E-04 ,  1.20454E-09 , -1.21330E-01 ,  9.99529E-03 ,  5.88582E-01 
    1011 ,  1.25436E-01 ,  4.07996E-01 ,  1.27969E-01 ,  7.83100E-01 ,  2.31743E-09 ,  3.34930E-03 ,  2.55040E-04 ,  1.02867E-09 , -7.83370E-02 ,  1.31317E-02 ,  3.75768E-01 
    1021 ,  1.26871E-01 ,  4.07996E-01 ,  1.04387E-01 ,  1.34518E-01 ,  5.47593E-10 ,  3.58651E-03 ,  2.27363E-04 ,  9.93583E-10 , -1.34721E-02 ,  1.07977E-02 ,  5.70563E-02 
    1031 ,  1.28333E-01 ,  4.07996E-01 ,  3.84444E-02 , -5.68369E-01 , -1.69733E-09 ,  3.62746E-03 ,  1.64805E-04 ,  6.05300E-10 ,  5.68209E-02 ,  4.20725E-03 , -2.89813E-01 
    1041 ,  1.29795E-01 ,  4.07996E-01 , -3.87139E-02 , -1.10123E+00 , -3.46090E-09 ,  3.45695E-03 ,  8.89885E-05 ,  5.68241E-11 ,  1.10111E-01 , -3.52646E-03 , -5.56441E-01 
    1051 ,  1.31299E-01 ,  4.07996E-01 , -9.45871E-02 , -1.31707E+00 , -4.14264E-09 ,  3.13980E-03 ,  1.66845E-05 , -8.58639E-10 ,  1.31706E-01 , -9.14458E-03 , -6.67999E-01 
    1061 ,  1.32875E-01 ,  4.07996E-01 , -1.10821E-01 , -1.16959E+00 , -3.51735E-09 ,  2.78540E-03 , -2.93183E-05 , -1.52972E-09 ,  1.16961E-01 , -1.08036E-02 , -5.97295E-01 
    1071 ,  1.34507E-01 ,  4.07996E-01 , -8.42735E-02 , -7.11445E-01 , -1.87308E-09 ,  2.53865E-03 , -3.67046E-05 , -1.73443E-09 ,  7.11489E-02 , -8.17323E-03 , -3.67159E-01 
    1081 ,  1.36160E-01 ,  4.07996E-01 , -2.61610E-02 , -5.43863E-02 ,  3.90705E-10 ,  2.49162E-03 , -4.72224E-06 , -1.20478E-09 ,  5.43800E-03 , -2.36765E-03 , -3.32049E-02 
    1091 ,  1.37821E-01 ,  4.07996E-01 ,  4.24283E-02 ,  6.28715E-01 ,  2.60547E-09 ,  2.66245E-03 ,  5.87421E-05 ,  1.88578E-10 , -6.28746E-02 ,  4.50957E-03 ,  3.14878E-01 
    1101 ,  1.39478E-01 ,  4.07996E-01 ,  9.44330E-02 ,  1.13568E+00 ,  4.17001E-09 ,  2.96718E-03 ,  1.33959E-04 ,  1.09009E-09 , -1.13581E-01 ,  9.74036E-03 ,  5.71039E-01 
    1111 ,  1.41111E-01 ,  4.07996E-01 ,  1.11556E-01 ,  1.34472E+00 ,  4.70075E-09 ,  3.27245E-03 ,  2.01564E-04 ,  2.04164E-09 , -1.34493E-01 ,  1.14827E-02 ,  6.72290E-01 
    1121 ,  1.42704E-01 ,  4.07996E-01 ,  8.85489E-02 ,  1.22465E+00 ,  4.11235E-09 ,  3.45077E-03 ,  2.41858E-04 ,  2.46266E-09 , -1.22489E-01 ,  9.19995E-03 ,  6.03391E-01 
    1131 ,  1.44244E-01 ,  4.07996E-01 ,  2.35157E-02 ,  7.20160E-01 ,  2.31108E-09 ,  3.41381E-03 ,  2.46314E-04 ,  2.42646E-09 , -7.20400E-02 ,  2.69301E-03 ,  3.40940E-01 
    1141 ,  1.45709E-01 ,  4.07996E-01 , -4.71795E-02 ,  5.98006E-02 ,  7.60021E-11 ,  3.18764E-03 ,  2.16768E-04 ,  1.19069E-09 , -5.99989E-03 , -4.39884E-03 ,  6.98272E-03 
    1151 ,  1.47161E-01 ,  4.07996E-01 , -1.02851E-01 , -6.47793E-01 , -2.06212E-09 ,  2.86563E-03 ,  1.59070E-04 , -3.15251E-11 ,  6.47644E-02 , -9.99844E-03 , -3.43460E-01 
    1161 ,  1.48645E-01 ,  4.07996E-01 , -1.14393E-01 , -1.11760E+00 , -3.22028E-09 ,  2.56129E-03 ,  8.61528E-05 , -1.33249E-09 ,  1.11751E-01 , -1.11831E-02 , -5.70725E-01 
    1171 ,  1.50203E-01 ,  4.07996E-01 , -7.89525E-02 , -1.27600E+00 , -3.18424E-09 ,  2.38987E-03 ,  1.73287E-05 , -1.88263E-09 ,  1.27599E-01 , -7.65637E-03 , -6.42196E-01 
    1181 ,  1.51817E-01 ,  4.07996E-01 , -1.02017E-02 , -1.06876E+00 , -2.02921E-09 ,  2.42217E-03 , -2.55163E-05 , -1.65355E-09 ,  1.06878E-01 , -7.78128E-04 , -5.34743E-01 
    1191 ,  1.53460E-01 ,  4.07996E-01 ,  6.11864E-02 , -5.69990E-01 , -2.05059E-10 ,  2.63662E-03 , -2.76708E-05 , -7.95430E-10 ,  5.70031E-02 ,  6.38270E-03 , -2.86269E-01 
    1201 ,  1.55123E-01 ,  4.07996E-01 ,  1.05170E-01 ,  7.31511E-02 ,  1.37116E-09 ,  2.93791E-03 ,  9.71781E-06 ,  6.08189E-11 , -7.31617E-03 ,  1.08110E-02 ,  3.21363E-02 
    1211 ,  1.56787E-01 ,  4.07996E-01 ,  1.05131E-01 ,  7.48409E-01 ,  2.43597E-09 ,  3.19615E-03 ,  7.62528E-05 ,  9.31925E-10 , -7.48482E-02 ,  1.08324E-02 ,  3.66826E-01 
    1221 ,  1.58434E-01 ,  4.07996E-01 ,  5.58604E-02 ,  1.19967E+00 ,  2.49218E-09 ,  3.29026E-03 ,  1.51145E-04 ,  1.24591E-09 , -1.19983E-01 ,  5.91455E-03 ,  5.91770E-01 
    1231 ,  1.60055E-01 ,  4.07996E-01 , -1.69319E-02 ,  1.32014E+00 ,  1.72134E-09 ,  3.17360E-03 ,  2.13047E-04 ,  1.46177E-09 , -1.32035E-01 , -1.37565E-03 ,  6.52618E-01 
    1241 ,  1.61638E-01 ,  4.07996E-01 , -8.33109E-02 ,  1.05157E+00 ,  3.35196E-10 ,  2.90228E-03 ,  2.45254E-04 ,  9.35621E-10 , -1.05181E-01 , -8.04028E-03 ,  5.18191E-01 
    1251 ,  1.63170E-01 ,  4.07996E-01 , -1.10582E-01 ,  5.06556E-01 , -9.44083E-10 ,  2.58026E-03 ,  2.35695E-04 ,  3.78935E-10 , -5.06812E-02 , -1.08006E-02 ,  2.42970E-01 
    1261 ,  1.64640E-01 ,  4.07996E-01 , -9.27330E-02 , -1.81915E-01 , -1.88704E-09 ,  2.34413E-03 ,  1.94861E-04 , -4.95816E-10 ,  1.81704E-02 , -9.03884E-03 , -1.05218E-01 
    1271 ,  1.66116E-01 ,  4.07996E-01 , -4.09207E-02 , -8.06699E-01 , -2.36510E-09 ,  2.26534E-03 ,  1.31218E-04 , -1.13758E-09 ,  8.06580E-02 , -3.86528E-03 , -4.19938E-01 
    1281 ,  1.67592E-01 ,  4.07996E-01 ,  1.90890E-02 , -1.18194E+00 , -2.19476E-09 ,  2.36679E-03 ,  6.16670E-05 , -1.45089E-09 ,  1.18188E-01 ,  2.14553E-03 , -6.06344E-01 
    1291 ,  1.69120E-01 ,  4.07996E-01 ,  6.83261E-02 , -1.23735E+00 , -1.53319E-09 ,  2.59496E-03 ,  3.96408E-06 , -1.26933E-09 ,  1.23734E-01 ,  7.09204E-03 , -6.28592E-01 
    1301 ,  1.70727E-01 ,  4.07996E-01 ,  8.93521E-02 , -9.30376E-01 , -4.05232E-10 ,  2.86507E-03 , -2.70914E-05 , -7.48646E-10 ,  9.30474E-02 ,  9.22261E-03 , -4.68042E-01 
    1311 ,  1.72390E-01 ,  4.07996E-01 ,  7.41101E-02 , -3.56906E-01 ,  6.95351E-10 ,  3.05453E-03 , -1.40788E-05 , -2.03732E-10 ,  3.56936E-02 ,  7.71633E-03 , -1.76805E-01 
    1321 ,  1.74072E-01 ,  4.07996E-01 ,  3.03749E-02 ,  3.11682E-01 ,  1.60179E-09 ,  3.07516E-03 ,  2.71472E-05 ,  2.34711E-10 , -3.11719E-02 ,  3.34490E-03 ,  1.57068E-01 
    1331 ,  1.75754E-01 ,  4.07996E-01 , -1.85527E-02 ,  8.39416E-01 ,  2.00637E-09 ,  2.92329E-03 ,  9.21891E-05 ,  2.73686E-10 , -8.39552E-02 , -1.56430E-03 ,  4.16604E-01 
    1341 ,  1.77416E-01 ,  4.07996E-01 , -6.02281E-02 ,  1.16275E+00 ,  2.02259E-09 ,  2.67773E-03 ,  1.61877E-04 ,  2.13110E-10 , -1.16290E-01 , -5.75475E-03 ,  5.72252E-01 
    1351 ,  1.79046E-01 ,  4.07996E-01 , -7.78635E-02 ,  1.19097E+00 ,  1.68829E-09 ,  2.43797E-03 ,  2.15952E-04 , -5.73469E-11 , -1.19118E-01 , -7.54241E-03 ,  5.81676E-01 
    1361 ,  1.80641E-01 ,  4.07996E-01 , -6.46862E-02 ,  8.92901E-01 ,  1.03521E-09 ,  2.29157E-03 ,  2.38497E-04 , -3.89662E-10 , -8.93127E-02 , -6.23933E-03 ,  4.30439E-01 
    1371 ,  1.82207E-01 ,  4.07996E-01 , -2.42477E-02 ,  3.67653E-01 ,  3.40028E-10 ,  2.28327E-03 ,  2.25913E-04 , -5.42761E-10 , -3.67870E-02 , -2.19688E-03 ,  1.69867E-01 
    1381 ,  1.83757E-01 ,  4.07996E-01 ,  2.44000E-02 , -2.18135E-01 , -2.03504E-10 ,  2.39781E-03 ,  1.83166E-04 , -3.19841E-10 ,  2.17935E-02 ,  2.68009E-03 , -1.19279E-01 
    1391 ,  1.85293E-01 ,  4.07996E-01 ,  6.11510E-02 , -7.07672E-01 , -6.72072E-10 ,  2.57453E-03 ,  1.24752E-04 , -1.23866E-10 ,  7.07557E-02 ,  6.37211E-03 , -3.61357E-01 
    1401 ,  1.86861E-01 ,  4.07996E-01 ,  7.27102E-02 , -1.00672E+00 , -1.02612E-09 ,  2.74958E-03 ,  6.21938E-05 , -4.13403E-11 ,  1.00667E-01 ,  7.54566E-03 , -5.10175E-01 
    1411 ,  1.88463E-01 ,  4.07996E-01 ,  5.14661E-02 , -1.00914E+00 , -1.33229E-09 ,  2.85326E-03 ,  1.30627E-05 , -3.51390E-10 ,  1.00913E-01 ,  5.43314E-03 , -5.12737E-01 
    1421 ,  1.90096E-01 ,  4.07996E-01 ,  7.72502E-03 , -7.24388E-01 , -1.41835E-09 ,  2.82939E-03 , -8.36768E-06 , -3.57218E-10 ,  7.24400E-02 ,  1.05530E-03 , -3.71453E-01 
    1431 ,  1.91753E-01 ,  4.07996E-01 , -3.70805E-02 , -2.41062E-01 , -1.22909E-09 ,  2.68576E-03 ,  2.23779E-06 , -6.12238E-10 ,  2.41070E-02 , -3.43956E-03 , -1.28601E-01 
    1441 ,  1.93420E-01 ,  4.07996E-01 , -6.11352E-02 ,  2.65535E-01 , -7.27413E-10 ,  2.48942E-03 ,  4.26993E-05 , -5.27374E-10 , -2.65569E-02 , -5.86448E-03 ,  1.27596E-01 
    1451 ,  1.95083E-01 ,  4.07996E-01 , -5.90821E-02 ,  6.84753E-01 ,  1.21391E-11 ,  2.32216E-03 ,  9.66995E-05 , -2.93482E-10 , -6.84850E-02 , -5.67583E-03 ,  3.39827E-01 
    1461 ,  1.96727E-01 ,  4.07996E-01 , -3.54800E-02 ,  9.26783E-01 ,  7.54645E-10 ,  2.24220E-03 ,  1.49062E-04 ,  1.50714E-10 , -9.26932E-02 , -3.32355E-03 ,  4.60975E-01 
    1471 ,  1.98348E-01 ,  4.07996E-01 , -5.31344E-04 ,  9.24348E-01 ,  1.27765E-09 ,  2.26843E-03 ,  1.88594E-04 ,  4.51596E-10 , -9.24535E-02 ,  1.73698E-04 ,  4.56340E-01 
    1481 ,  1.99945E-01 ,  4.07996E-01 ,  3.17782E-02 ,  6.77687E-01 ,  1.42831E-09 ,  2.38284E-03 ,  2.04195E-04 ,  6.90609E-10 , -6.77887E-02 ,  3.41597E-03 ,  3.27567E-01 
    1491 ,  2.01527E-01 ,  4.07996E-01 ,  4.98529E-02 ,  2.50458E-01 ,  1.18520E-09 ,  2.53320E-03 ,  1.91744E-04 ,  7.43234E-10 , -2.50665E-02 ,  5.23917E-03 ,  1.09682E-01 
    1501 ,  2.03104E-01 ,  4.07996E-01 ,  4.64866E-02 , -1.91861E-01 ,  6.63699E-10 ,  2.64619E-03 ,  1.59118E-04 ,  7.47119E-10 ,  1.91699E-02 ,  4.91276E-03 , -1.11587E-01 
    1511 ,  2.04685E-01 ,  4.07996E-01 ,  2.72012E-02 , -5.55167E-01 ,  4.66576E-11 ,  2.67804E-03 ,  1.14270E-04 ,  4.11040E-10 ,  5.55056E-02 ,  2.98751E-03 , -2.89954E-01 
    1521 ,  2.06280E-01 ,  4.07996E-01 , -6.78869E-04 , -7.47755E-01 , -4.83606E-10 ,  2.61849E-03 ,  6.83585E-05 ,  1.02773E-11 ,  7.47686E-02 ,  1.93827E-04 , -3.81592E-01 
    1531 ,  2.07894E-01 ,  4.07996E-01 , -2.67610E-02 , -7.21431E-01 , -7.47224E-10 ,  2.49244E-03 ,  3.32497E-05 , -4.08144E-10 ,  7.21405E-02 , -2.42692E-03 , -3.65101E-01 
    1541 ,  2.09525E-01 ,  4.07996E-01 , -4.05485E-02 , -5.04058E-01 , -6.79444E-10 ,  2.35192E-03 ,  1.86238E-05 , -7.45979E-10 ,  5.04026E-02 , -3.82006E-03 , -2.56027E-01 
    1551 ,  2.11169E-01 ,  4.07996E-01 , -3.75520E-02 , -1.05101E-01 , -2.31723E-10 ,  2.25176E-03 ,  2.86307E-05 , -7.82746E-10 ,  1.05072E-02 , -3.52911E-03 , -5.84527E-02 
    1561 ,  2.12818E-01 ,  4.07996E-01 , -2.08054E-02 ,  2.65344E-01 ,  4.14552E-10 ,  2.22597E-03 ,  6.07369E-05 , -6.17888E-10 , -2.65396E-02 , -1.85838E-03 ,  1.24870E-01 
    1571 ,  2.14462E-01 ,  4.07996E-01 ,  3.59434E-03 ,  5.62336E-01 ,  1.20459E-09 ,  2.27076E-03 ,  1.03682E-04 ,  5.63852E-11 , -5.62457E-02 ,  5.86219E-04 ,  2.72586E-01 
    1581 ,  2.16092E-01 ,  4.07996E-01 ,  2.76259E-02 ,  7.24512E-01 ,  1.85894E-09 ,  2.36176E-03 ,  1.44342E-04 ,  5.93947E-10 , -7.24653E-02 ,  2.99876E-03 ,  3.54265E-01 
    1591 ,  2.17706E-01 ,  4.07996E-01 ,  4.04060E-02 ,  7.01047E-01 ,  2.09621E-09 ,  2.46145E-03 ,  1.72705E-04 ,  9.30620E-10 , -7.01218E-02 ,  4.28680E-03 ,  3.43574E-01 
    1601 ,  2.19303E-01 ,  4.07996E-01 ,  3.59263E-02 ,  5.01240E-01 ,  1.71784E-09 ,  2.52855E-03 ,  1.82976E-04 ,  1.02075E-09 , -5.01439E-02 ,  3.84535E-03 ,  2.43577E-01 
    1611 ,  2.20887E-01 ,  4.07996E-01 ,  1.45145E-02 ,  1.56558E-01 ,  6.94989E-10 ,  2.53448E-03 ,  1.70595E-04 ,  8.26303E-10 , -1.56734E-02 ,  1.70494E-03 ,  6.91807E-02 
    1621 ,  2.22466E-01 ,  4.07996E-01 , -1.07193E-02 , -1.89214E-01 , -4.83933E-10 ,  2.47451E-03 ,  1.43452E-04 ,  3.78047E-10 ,  1.89076E-02 , -8.23887E-04 , -1.06321E-01 
    1631 ,  2.24047E-01 ,  4.07996E-01 , -3.13256E-02 , -4.84228E-01 , -1.57882E-09 ,  2.37298E-03 ,  1.06360E-04 , -1.34293E-10 ,  4.84113E-02 , -2.89524E-03 , -2.55336E-01 
    1641 ,  2.25640E-01 ,  4.07996E-01 , -3.70573E-02 , -6.17867E-01 , -2.15673E-09 ,  2.26916E-03 ,  7.03405E-05 , -5.77971E-10 ,  6.17802E-02 , -3.47895E-03 , -3.21175E-01 
    1651 ,  2.27247E-01 ,  4.07996E-01 , -2.91061E-02 , -5.84961E-01 , -2.15887E-09 ,  2.20171E-03 ,  4.36906E-05 , -6.94937E-10 ,  5.84923E-02 , -2.69029E-03 , -3.01378E-01 
    1661 ,  2.28870E-01 ,  4.07996E-01 , -1.26043E-02 , -4.00019E-01 , -1.62316E-09 ,  2.18699E-03 ,  3.38647E-05 , -6.42395E-10 ,  3.99983E-02 , -1.04186E-03 , -2.05017E-01 
    1671 ,  2.30508E-01 ,  4.07996E-01 ,  8.20019E-03 , -5.29235E-02 , -4.97323E-10 ,  2.22296E-03 ,  4.23487E-05 , -1.02113E-10 ,  5.28881E-03 ,  1.04124E-03 , -2.87291E-02 
    1681 ,  2.32153E-01 ,  4.07996E-01 ,  1.95521E-02 ,  2.48742E-01 ,  3.85499E-10 ,  2.29095E-03 ,  6.88050E-05 ,  2.34625E-10 , -2.48811E-02 ,  2.18440E-03 ,  1.21513E-01 
    1691 ,  2.33796E-01 ,  4.07996E-01 ,  2.20508E-02 ,  4.85452E-01 ,  1.11974E-09 ,  2.35103E-03 ,  1.03476E-04 ,  6.10583E-10 , -4.85550E-02 ,  2.44006E-03 ,  2.36936E-01 
    1701 ,  2.35429E-01 ,  4.07996E-01 ,  1.65573E-02 ,  5.97506E-01 ,  1.49718E-09 ,  2.38138E-03 ,  1.37024E-04 ,  8.36263E-10 , -5.97636E-02 ,  1.89413E-03 ,  2.89441E-01 
    1711 ,  2.37047E-01 ,  4.07996E-01 ,  6.59588E-03 ,  5.59081E-01 ,  1.44559E-09 ,  2.37362E-03 ,  1.60525E-04 ,  7.31419E-10 , -5.59241E-02 ,  8.96811E-04 ,  2.67978E-01 
    1721 ,  2.38648E-01 ,  4.07996E-01 , -4.75466E-03 ,  3.83716E-01 ,  1.01558E-09 ,  2.33324E-03 ,  1.67550E-04 ,  5.61770E-10 , -3.83885E-02 , -2.42138E-04 ,  1.80072E-01 
    1731 ,  2.40237E-01 ,  4.07996E-01 , -1.34317E-02 ,  1.25088E-01 ,  3.85326E-10 ,  2.27401E-03 ,  1.59125E-04 ,  2.92103E-10 , -1.25244E-02 , -1.11595E-03 ,  5.21545E-02 
    1741 ,  2.41822E-01 ,  4.07996E-01 , -1.67856E-02 , -1.24891E-01 , -2.33925E-10 ,  2.22019E-03 ,  1.36812E-04 , -1.19335E-11 ,  1.24748E-02 , -1.45646E-03 , -7.13319E-02 
    1751 ,  2.43409E-01 ,  4.07996E-01 , -1.45668E-02 , -3.26602E-01 , -6.35058E-10 ,  2.18605E-03 ,  1.09306E-04 , -2.03349E-10 ,  3.26491E-02 , -1.23837E-03 , -1.71366E-01 
    1761 ,  2.45005E-01 ,  4.07996E-01 , -7.64398E-03 , -4.24265E-01 , -7.10540E-10 ,  2.17816E-03 ,  8.18357E-05 , -2.32097E-10 ,  4.24187E-02 , -5.46830E-04 , -2.20394E-01 
    1771 ,  2.46614E-01 ,  4.07996E-01 ,  2.00203E-03 , -4.10332E-01 , -4.58237E-10 ,  2.19320E-03 ,  6.14552E-05 , -2.74519E-10 ,  4.10272E-02 ,  4.19559E-04 , -2.13842E-01 
    1781 ,  2.48235E-01 ,  4.07996E-01 ,  1.10276E-02 , -2.91796E-01 ,  1.60418E-11 ,  2.22166E-03 ,  5.28905E-05 , -1.73189E-10 ,  2.91744E-02 ,  1.32494E-03 , -1.54359E-01 
    1791 ,  2.49864E-01 ,  4.07996E-01 ,  1.61604E-02 , -1.03778E-01 ,  5.31107E-10 ,  2.25222E-03 ,  5.67822E-05 , -3.82090E-11 ,  1.03720E-02 ,  1.84114E-03 , -5.91781E-02 
    1801 ,  2.51496E-01 ,  4.07996E-01 ,  1.51917E-02 ,  1.05011E-01 ,  8.79536E-10 ,  2.27336E-03 ,  7.24460E-05 ,  1.08917E-10 , -1.05092E-02 ,  1.74638E-03 ,  4.66468E-02 
    1811 ,  2.53125E-01 ,  4.07996E-01 ,  8.35202E-03 ,  2.91180E-01 ,  9.16428E-10 ,  2.27860E-03 ,  9.38655E-05 ,  2.14573E-10 , -2.91275E-02 ,  1.06303E-03 ,  1.40521E-01 
    1821 ,  2.54745E-01 ,  4.07996E-01 , -9.47300E-04 ,  3.98601E-01 ,  6.66432E-10 ,  2.26407E-03 ,  1.17782E-04 ,  3.82955E-10 , -3.98724E-02 ,  1.31628E-04 ,  1.93506E-01 
    1831 ,  2.56357E-01 ,  4.07996E-01 , -9.51697E-03 ,  4.13375E-01 ,  2.67319E-10 ,  2.23344E-03 ,  1.37003E-04 ,  4.10801E-10 , -4.13504E-02 , -7.28190E-04 ,  1.98966E-01 
    1841 ,  2.57959E-01 ,  4.07996E-01 , -1.49334E-02 ,  3.36465E-01 , -2.13821E-10 ,  2.19379E-03 ,  1.47294E-04 ,  3.25762E-10 , -3.36608E-02 , -1.27384E-03 ,  1.58212E-01 
    1851 ,  2.59554E-01 ,  4.07996E-01 , -1.62604E-02 ,  1.87745E-01 , -6.30241E-10 ,  2.15377E-03 ,  1.46403E-04 ,  2.39591E-10 , -1.87894E-02 , -1.41075E-03 ,  8.23933E-02 
    1861 ,  2.61147E-01 ,  4.07996E-01 , -1.36683E-02 , -7.28436E-03 , -8.81609E-10 ,  2.12181E-03 ,  1.34805E-04 ,  5.22586E-11 ,  7.15911E-04 , -1.15477E-03 , -1.48700E-02 
    1871 ,  2.62741E-01 ,  4.07996E-01 , -8.58337E-03 , -1.70349E-01 , -9.31985E-10 ,  2.10463E-03 ,  1.15446E-04 , -9.52343E-11 ,  1.70226E-02 , -6.47730E-04 , -9.48157E-02 
    1881 ,  2.64341E-01 ,  4.07996E-01 , -1.57800E-03 , -2.82406E-01 , -7.59893E-10 ,  2.10487E-03 ,  9.58013E-05 , -1.78090E-10 ,  2.82313E-02 ,  5.24747E-05 , -1.48831E-01 
    1891 ,  2.65949E-01 ,  4.07996E-01 ,  5.02247E-03 , -3.10977E-01 , -4.94526E-10 ,  2.12225E-03 ,  7.76862E-05 , -2.09886E-10 ,  3.10900E-02 ,  7.14446E-04 , -1.61987E-01 
    1901 ,  2.67565E-01 ,  4.07996E-01 ,  1.11648E-02 , -2.48406E-01 , -8.40380E-11 ,  2.14891E-03 ,  6.73728E-05 , -1.35810E-10 ,  2.48333E-02 ,  1.33093E-03 , -1.30888E-01 
    1911 ,  2.69187E-01 ,  4.07996E-01 ,  1.35219E-02 , -1.20907E-01 ,  2.84415E-10 ,  2.17689E-03 ,  6.65691E-05 , -1.08666E-10 ,  1.20840E-02 ,  1.56880E-03 , -6.81182E-02 
    1921 ,  2.70813E-01 ,  4.07996E-01 ,  1.05836E-02 ,  3.83579E-02 ,  5.83665E-10 ,  2.19211E-03 ,  7.58650E-05 ,  5.62241E-11 , -3.84360E-03 ,  1.27835E-03 ,  1.09497E-02 
    1931 ,  2.72440E-01 ,  4.07996E-01 ,  2.97933E-03 ,  1.90296E-01 ,  7.56875E-10 ,  2.18592E-03 ,  9.18608E-05 ,  1.40589E-10 , -1.90379E-02 ,  5.15711E-04 ,  8.71329E-02 
    1941 ,  2.74063E-01 ,  4.07996E-01 , -6.66935E-03 ,  3.00303E-01 ,  8.50448E-10 ,  2.15682E-03 ,  1.11078E-04 ,  1.77446E-10 , -3.00414E-02 , -4.51192E-04 ,  1.42975E-01 
    1951 ,  2.75682E-01 ,  4.07996E-01 , -1.39212E-02 ,  3.42183E-01 ,  8.82762E-10 ,  2.11302E-03 ,  1.28312E-04 ,  2.67553E-10 , -3.42311E-02 , -1.18083E-03 ,  1.64413E-01 
    1961 ,  2.77293E-01 ,  4.07996E-01 , -1.63288E-02 ,  3.11931E-01 ,  8.89272E-10 ,  2.06832E-03 ,  1.38416E-04 ,  2.88417E-10 , -3.12069E-02 , -1.42604E-03 ,  1.48605E-01 
    1971 ,  2.78897E-01 ,  4.07996E-01 , -1.14766E-02 ,  2.08366E-01 ,  8.44894E-10 ,  2.03772E-03 ,  1.40496E-04 ,  2.33638E-10 , -2.08496E-02 , -9.44039E-04 ,  9.53703E-02 
    1981 ,  2.80494E-01 ,  4.07996E-01 , -1.74303E-03 ,  6.72460E-02 ,  8.17425E-10 ,  2.03195E-03 ,  1.33881E-04 ,  8.94315E-11 , -6.73994E-03 ,  2.91435E-05 ,  2.34478E-02 
    1991 ,  2.82087E-01 ,  4.07996E-01 ,  9.34161E-03 , -8.69022E-02 ,  6.02742E-10 ,  2.05296E-03 ,  1.19916E-04 , -1.37980E-11 ,  8.67893E-03 ,  1.13913E-03 , -5.40173E-02 
    2001 ,  2.83680E-01 ,  4.07996E-01 ,  1.70472E-02 , -2.13731E-01 ,  3.45417E-10 ,  2.09384E-03 ,  1.02925E-04 , -5.27285E-11 ,  2.13622E-02 ,  1.91440E-03 , -1.16698E-01 
    2011 ,  2.85277E-01 ,  4.07996E-01 ,  1.82709E-02 , -2.83461E-01 ,  1.22923E-11 ,  2.13795E-03 ,  8.50270E-05 , -1.34537E-10 ,  2.83378E-02 ,  2.04084E-03 , -1.50025E-01 
    2021 ,  2.86881E-01 ,  4.07996E-01 ,  1.23649E-02 , -2.78703E-01 , -3.36555E-10 ,  2.16640E-03 ,  7.11738E-05 , -1.32737E-10 ,  2.78630E-02 ,  1.45309E-03 , -1.46150E-01 
    2031 ,  2.88494E-01 ,  4.07996E-01 ,  1.60253E-03 , -1.98858E-01 , -5.66096E-10 ,  2.16401E-03 ,  6.45355E-05 , -1.06571E-10 ,  1.98794E-02 ,  3.76705E-04 , -1.05523E-01 
    2041 ,  2.90115E-01 ,  4.07996E-01 , -1.10867E-02 , -5.41925E-02 , -6.23172E-10 ,  2.12534E-03 ,  6.89186E-05 , -2.03251E-11 ,  5.41276E-03 , -8.96026E-04 , -3.35255E-02 
    2051 ,  2.91742E-01 ,  4.07996E-01 , -1.98935E-02 ,  1.04529E-01 , -4.86176E-10 ,  2.06217E-03 ,  8.18594E-05 , -2.05922E-11 , -1.04611E-02 , -1.78309E-03 ,  4.49465E-02 
    2061 ,  2.93368E-01 ,  4.07996E-01 , -2.28330E-02 ,  2.51251E-01 , -2.26978E-10 ,  1.99604E-03 ,  1.00894E-04 ,  5.34562E-11 , -2.51355E-02 , -2.08376E-03 ,  1.17419E-01 
    2071 ,  2.94988E-01 ,  4.07996E-01 , -1.82457E-02 ,  3.44061E-01 ,  5.76810E-11 ,  1.95037E-03 ,  1.20573E-04 ,  5.42731E-11 , -3.44184E-02 , -1.62954E-03 ,  1.63463E-01 
    2081 ,  2.96599E-01 ,  4.07996E-01 , -7.22457E-03 ,  3.63280E-01 ,  2.91118E-10 ,  1.94166E-03 ,  1.36967E-04 ,  1.78972E-10 , -3.63418E-02 , -5.28285E-04 ,  1.73236E-01 
    2091 ,  2.98201E-01 ,  4.07996E-01 ,  5.62954E-03 ,  3.01677E-01 ,  3.67320E-10 ,  1.97163E-03 ,  1.44760E-04 ,  2.82840E-10 , -3.01819E-02 ,  7.60287E-04 ,  1.42645E-01 
    2101 ,  2.99794E-01 ,  4.07996E-01 ,  1.64281E-02 ,  1.68819E-01 ,  2.64649E-10 ,  2.02515E-03 ,  1.42706E-04 ,  3.67110E-10 , -1.68959E-02 ,  1.84535E-03 ,  7.61228E-02 
    2111 ,  3.01383E-01 ,  4.07996E-01 ,  2.03889E-02 , -1.44385E-03 ,  2.08356E-11 ,  2.08068E-03 ,  1.31317E-04 ,  3.00238E-10 ,  1.31103E-04 ,  2.24679E-03 , -9.56699E-03 
    2121 ,  3.02973E-01 ,  4.07996E-01 ,  1.54719E-02 , -1.66318E-01 , -3.20200E-10 ,  2.11353E-03 ,  1.13534E-04 ,  2.29316E-10 ,  1.66203E-02 ,  1.75847E-03 , -9.27043E-02 
    2131 ,  3.04569E-01 ,  4.07996E-01 ,  3.53612E-03 , -2.79617E-01 , -6.05431E-10 ,  2.10819E-03 ,  9.35900E-05 ,  1.06691E-10 ,  2.79515E-02 ,  5.64302E-04 , -1.49601E-01 
    2141 ,  3.06174E-01 ,  4.07996E-01 , -1.11275E-02 , -3.19106E-01 , -7.52750E-10 ,  2.06330E-03 ,  7.57396E-05 , -1.01577E-10 ,  3.19035E-02 , -9.06303E-04 , -1.68819E-01 
    2151 ,  3.07790E-01 ,  4.07996E-01 , -2.16124E-02 , -2.71793E-01 , -6.28761E-10 ,  1.99400E-03 ,  6.49932E-05 , -1.77561E-10 ,  2.71728E-02 , -1.96168E-03 , -1.43890E-01 
    2161 ,  3.09415E-01 ,  4.07996E-01 , -2.32365E-02 , -1.46770E-01 , -2.29325E-10 ,  1.92807E-03 ,  6.36529E-05 , -2.05827E-10 ,  1.46708E-02 , -2.13083E-03 , -7.98857E-02 
    2171 ,  3.11043E-01 ,  4.07996E-01 , -1.46846E-02 ,  2.79298E-02 ,  3.60648E-10 ,  1.89113E-03 ,  7.30088E-05 , -1.21452E-10 , -2.80024E-03 , -1.27926E-03 ,  8.39262E-03 
    2181 ,  3.12671E-01 ,  4.07996E-01 ,  2.10591E-04 ,  1.98381E-01 ,  9.42432E-10 ,  1.89750E-03 ,  9.01370E-05 , -3.38105E-11 , -1.98475E-02 ,  2.10823E-04 ,  9.35075E-02 
    2191 ,  3.14292E-01 ,  4.07996E-01 ,  1.55513E-02 ,  3.26906E-01 ,  1.36297E-09 ,  1.94400E-03 ,  1.10779E-04 ,  1.25522E-10 , -3.27010E-02 ,  1.74958E-03 ,  1.56709E-01 
    2201 ,  3.15903E-01 ,  4.07996E-01 ,  2.54634E-02 ,  3.84705E-01 ,  1.47759E-09 ,  2.01262E-03 ,  1.29778E-04 ,  3.38395E-10 , -3.84837E-02 ,  2.74749E-03 ,  1.84038E-01 
    2211 ,  3.17505E-01 ,  4.07996E-01 ,  2.45333E-02 ,  3.47579E-01 ,  1.21851E-09 ,  2.07317E-03 ,  1.41778E-04 ,  4.69809E-10 , -3.47720E-02 ,  2.66061E-03 ,  1.64338E-01 
    2221 ,  3.19098E-01 ,  4.07996E-01 ,  1.36141E-02 ,  2.28540E-01 ,  6.64902E-10 ,  2.09798E-03 ,  1.44239E-04 ,  4.98320E-10 , -2.28683E-02 ,  1.57108E-03 ,  1.04377E-01 
    2231 ,  3.20688E-01 ,  4.07996E-01 , -3.69898E-03 ,  4.81662E-02 , -5.37570E-11 ,  2.07358E-03 ,  1.36258E-04 ,  4.08834E-10 , -4.83049E-03 , -1.62522E-04 ,  1.44036E-02 
    2241 ,  3.22277E-01 ,  4.07996E-01 , -1.95123E-02 , -1.35254E-01 , -7.17511E-10 ,  2.00636E-03 ,  1.19111E-04 ,  1.93655E-10 ,  1.35134E-02 , -1.75067E-03 , -7.68677E-02 
    2251 ,  3.23870E-01 ,  4.07996E-01 , -2.80483E-02 , -2.76617E-01 , -1.16447E-09 ,  1.92269E-03 ,  9.75164E-05 , -1.16621E-10 ,  2.76520E-02 , -2.61252E-03 , -1.47122E-01 
    2261 ,  3.25471E-01 ,  4.07996E-01 , -2.58661E-02 , -3.35317E-01 , -1.27236E-09 ,  1.85447E-03 ,  7.80488E-05 , -3.27359E-10 ,  3.35245E-02 , -2.40111E-03 , -1.76160E-01 
    2271 ,  3.27080E-01 ,  4.07996E-01 , -1.41485E-02 , -2.89979E-01 , -1.04568E-09 ,  1.82758E-03 ,  6.57053E-05 , -4.31768E-10 ,  2.89913E-02 , -1.23217E-03 , -1.53094E-01 
    2281 ,  3.28696E-01 ,  4.07996E-01 ,  1.71899E-03 , -1.55700E-01 , -5.89173E-10 ,  1.85005E-03 ,  6.45818E-05 , -2.93580E-10 ,  1.55634E-02 ,  3.56921E-04 , -8.52767E-02 
    2291 ,  3.30317E-01 ,  4.07996E-01 ,  1.56401E-02 ,  3.23677E-02 , -3.90684E-11 ,  1.90908E-03 ,  7.48203E-05 , -9.07967E-11 , -3.24442E-03 ,  1.75489E-03 ,  9.62758E-03 
    2301 ,  3.31939E-01 ,  4.07996E-01 ,  2.17577E-02 ,  2.15098E-01 ,  4.20013E-10 ,  1.97624E-03 ,  9.25648E-05 ,  1.95259E-10 , -2.15192E-02 ,  2.37342E-03 ,  1.01554E-01 
    2311 ,  3.33558E-01 ,  4.07996E-01 ,  1.84066E-02 ,  3.54266E-01 ,  7.04756E-10 ,  2.02210E-03 ,  1.14026E-04 ,  4.71506E-10 , -3.54380E-02 ,  2.04279E-03 ,  1.71010E-01 
    2321 ,  3.35171E-01 ,  4.07996E-01 ,  6.17522E-03 ,  4.13149E-01 ,  7.71285E-10 ,  2.02515E-03 ,  1.33548E-04 ,  5.89227E-10 , -4.13286E-02 ,  8.20198E-04 ,  1.99381E-01 
    2331 ,  3.36777E-01 ,  4.07996E-01 , -8.58000E-03 ,  3.59940E-01 ,  6.23459E-10 ,  1.98464E-03 ,  1.45164E-04 ,  4.99497E-10 , -3.60086E-02 , -6.59506E-04 ,  1.71266E-01 
    2341 ,  3.38375E-01 ,  4.07996E-01 , -2.09550E-02 ,  1.97578E-01 ,  3.31569E-10 ,  1.91630E-03 ,  1.45607E-04 ,  3.38138E-10 , -1.97710E-02 , -1.90375E-03 ,  8.86310E-02 
    2351 ,  3.39967E-01 ,  4.07996E-01 , -2.42554E-02 ,  9.59279E-04 ,  6.70384E-11 ,  1.84470E-03 ,  1.34370E-04 ,  8.84814E-11 , -1.09393E-04 , -2.24109E-03 , -1.02333E-02 
    2361 ,  3.41559E-01 ,  4.07996E-01 , -1.81658E-02 , -1.92841E-01 , -7.61853E-11 ,  1.79893E-03 ,  1.14130E-04 , -1.39679E-10 ,  1.92740E-02 , -1.63666E-03 , -1.06669E-01 
    2371 ,  3.43153E-01 ,  4.07996E-01 , -4.74369E-03 , -3.29538E-01 , -7.85663E-11 ,  1.79486E-03 ,  9.15642E-05 , -3.36577E-10 ,  3.29444E-02 , -2.95000E-04 , -1.73724E-01 
    2381 ,  3.44754E-01 ,  4.07996E-01 ,  1.10604E-02 , -3.70485E-01 ,  8.55144E-11 ,  1.83420E-03 ,  7.14240E-05 , -3.63387E-10 ,  3.70412E-02 ,  1.28975E-03 , -1.92645E-01 
    2391 ,  3.46364E-01 ,  4.07996E-01 ,  2.15585E-02 , -3.02486E-01 ,  3.30008E-10 ,  1.89871E-03 ,  5.97751E-05 , -2.70377E-10 ,  3.02425E-02 ,  2.34590E-03 , -1.57619E-01 
    2401 ,  3.47982E-01 ,  4.07996E-01 ,  2.39623E-02 , -1.33477E-01 ,  5.98230E-10 ,  1.96173E-03 ,  6.02911E-05 , -8.97410E-11 ,  1.33419E-02 ,  2.59252E-03 , -7.27774E-02 
    2411 ,  3.49606E-01 ,  4.07996E-01 ,  1.66793E-02 ,  7.32050E-02 ,  7.81109E-10 ,  1.99635E-03 ,  7.29492E-05 ,  5.83880E-11 , -7.32784E-03 ,  1.86771E-03 ,  3.02190E-02 
    2421 ,  3.51230E-01 ,  4.07996E-01 ,  2.52916E-03 ,  2.75967E-01 ,  8.55463E-10 ,  1.98628E-03 ,  9.48674E-05 ,  1.83947E-10 , -2.76074E-02 ,  4.51548E-04 ,  1.30946E-01 
    2431 ,  3.52849E-01 ,  4.07996E-01 , -1.18092E-02 ,  4.03352E-01 ,  7.85861E-10 ,  1.93676E-03 ,  1.19220E-04 ,  3.04730E-10 , -4.03473E-02 , -9.87318E-04 ,  1.93974E-01 
    2441 ,  3.54459E-01 ,  4.07996E-01 , -2.11050E-02 ,  4.29670E-01 ,  5.94539E-10 ,  1.86794E-03 ,  1.39170E-04 ,  2.53740E-10 , -4.29813E-02 , -1.92374E-03 ,  2.06529E-01 
    2451 ,  3.56057E-01 ,  4.07996E-01 , -2.29302E-02 ,  3.53206E-01 ,  2.96502E-10 ,  1.80509E-03 ,  1.49704E-04 ,  1.67536E-10 , -3.53361E-02 , -2.11256E-03 ,  1.67621E-01 
    2461 ,  3.57647E-01 ,  4.07996E-01 , -1.62631E-02 ,  1.84701E-01 , -6.79490E-11 ,  1.77060E-03 ,  1.47955E-04 ,  1.05253E-10 , -1.84856E-02 , -1.44930E-03 ,  8.27475E-02 
    2471 ,  3.59230E-01 ,  4.07996E-01 , -4.03468E-03 , -2.23150E-02 , -4.02512E-10 ,  1.77523E-03 ,  1.34801E-04 ,  9.70871E-11 ,  2.21807E-03 , -2.25801E-04 , -2.10372E-02 
    2481 ,  3.60814E-01 ,  4.07996E-01 ,  7.98336E-03 , -2.03156E-01 , -6.46417E-10 ,  1.81232E-03 ,  1.14406E-04 ,  9.43784E-12 ,  2.03040E-02 ,  9.79522E-04 , -1.11221E-01 
    2491 ,  3.62402E-01 ,  4.07996E-01 ,  1.54787E-02 , -3.19054E-01 , -7.78690E-10 ,  1.86330E-03 ,  9.25431E-05 , -6.31805E-11 ,  3.18960E-02 ,  1.73416E-03 , -1.68430E-01 
    2501 ,  3.64000E-01 ,  4.07996E-01 ,  1.56020E-02 , -3.42303E-01 , -8.00922E-10 ,  1.90660E-03 ,  7.39029E-05 , -1.10070E-10 ,  3.42229E-02 ,  1.75082E-03 , -1.78960E-01 
    2511 ,  3.65609E-01 ,  4.07996E-01 ,  8.30698E-03 , -2.66058E-01 , -7.26729E-10 ,  1.92261E-03 ,  6.32240E-05 , -6.18145E-11 ,  2.65992E-02 ,  1.02286E-03 , -1.39860E-01 
    2521 ,  3.67227E-01 ,  4.07996E-01 , -3.09286E-03 , -1.15022E-01 , -5.32282E-10 ,  1.90322E-03 ,  6.43526E-05 , -9.52938E-11 ,  1.14951E-02 , -1.19104E-04 , -6.37518E-02 
    2531 ,  3.68851E-01 ,  4.07996E-01 , -1.44412E-02 ,  7.90853E-02 , -2.54931E-10 ,  1.85439E-03 ,  7.64139E-05 , -1.81096E-11 , -7.91641E-03 , -1.25873E-03 ,  3.33835E-02 
    2541 ,  3.70475E-01 ,  4.07996E-01 , -2.01098E-02 ,  2.55991E-01 ,  6.88371E-11 ,  1.79607E-03 ,  9.59497E-05 , -1.94792E-11 , -2.56098E-02 , -1.83145E-03 ,  1.21302E-01 
    2551 ,  3.72093E-01 ,  4.07996E-01 , -1.78357E-02 ,  3.57071E-01 ,  3.83518E-10 ,  1.75149E-03 ,  1.17192E-04 ,  7.28575E-11 , -3.57195E-02 , -1.60848E-03 ,  1.71041E-01 
    2561 ,  3.73703E-01 ,  4.07996E-01 , -8.72703E-03 ,  3.71480E-01 ,  6.29495E-10 ,  1.73788E-03 ,  1.33916E-04 ,  1.33193E-10 , -3.71616E-02 , -6.98969E-04 ,  1.77379E-01 
    2571 ,  3.75303E-01 ,  4.07996E-01 ,  4.32150E-03 ,  2.90958E-01 ,  7.64627E-10 ,  1.76094E-03 ,  1.41871E-04 ,  2.10689E-10 , -2.91099E-02 ,  6.08238E-04 ,  1.36420E-01 
    2581 ,  3.76895E-01 ,  4.07996E-01 ,  1.48661E-02 ,  1.39217E-01 ,  7.33302E-10 ,  1.80731E-03 ,  1.39046E-04 ,  2.25669E-10 , -1.39350E-02 ,  1.66736E-03 ,  6.02961E-02 
    2591 ,  3.78484E-01 ,  4.07996E-01 ,  1.89810E-02 , -4.12894E-02 ,  5.57612E-10 ,  1.85618E-03 ,  1.26571E-04 ,  2.21272E-10 ,  4.11554E-03 ,  2.08369E-03 , -2.98527E-02 
    2601 ,  3.80074E-01 ,  4.07996E-01 ,  1.52331E-02 , -1.90589E-01 ,  2.85931E-10 ,  1.88682E-03 ,  1.09130E-04 ,  1.37510E-10 ,  1.90483E-02 ,  1.71201E-03 , -1.04240E-01 
    2611 ,  3.81669E-01 ,  4.07996E-01 ,  5.97341E-03 , -2.73205E-01 ,  2.25861E-11 ,  1.88718E-03 ,  9.05098E-05 ,  9.60315E-12 ,  2.73118E-02 ,  7.86133E-04 , -1.45198E-01 
    2621 ,  3.83271E-01 ,  4.07996E-01 , -5.80658E-03 , -2.70940E-01 , -1.74940E-10 ,  1.85671E-03 ,  7.69589E-05 , -1.53071E-10 ,  2.70859E-02 , -3.94898E-04 , -1.43638E-01 
    2631 ,  3.84881E-01 ,  4.07996E-01 , -1.44124E-02 , -1.83935E-01 , -2.28529E-10 ,  1.80663E-03 ,  7.11610E-05 , -2.37665E-10 ,  1.83866E-02 , -1.26051E-03 , -9.96474E-02 
    2641 ,  3.86495E-01 ,  4.07996E-01 , -1.68413E-02 , -3.94744E-02 , -1.23771E-10 ,  1.75780E-03 ,  7.50622E-05 , -3.11064E-10 ,  3.94014E-03 , -1.50827E-03 , -2.68775E-02 
    2651 ,  3.88111E-01 ,  4.07996E-01 , -1.26433E-02 ,  1.23648E-01 ,  8.06189E-11 ,  1.72821E-03 ,  8.70520E-05 , -1.98004E-10 , -1.23731E-02 , -1.09143E-03 ,  5.50944E-02 
    2661 ,  3.89724E-01 ,  4.07996E-01 , -4.51189E-03 ,  2.52271E-01 ,  2.88205E-10 ,  1.72612E-03 ,  1.04075E-04 , -6.41160E-11 , -2.52384E-02 , -2.78768E-04 ,  1.19421E-01 
    2671 ,  3.91331E-01 ,  4.07996E-01 ,  4.49072E-03 ,  3.22018E-01 ,  4.31948E-10 ,  1.74952E-03 ,  1.21174E-04 ,  1.02510E-10 , -3.22143E-02 ,  6.23812E-04 ,  1.53858E-01 
    2681 ,  3.92931E-01 ,  4.07996E-01 ,  1.02133E-02 ,  3.12587E-01 ,  4.09868E-10 ,  1.78639E-03 ,  1.33769E-04 ,  2.48756E-10 , -3.12721E-02 ,  1.19985E-03 ,  1.48347E-01 
    2691 ,  3.94525E-01 ,  4.07996E-01 ,  1.10739E-02 ,  2.26277E-01 ,  2.14883E-10 ,  1.81947E-03 ,  1.38015E-04 ,  3.07324E-10 , -2.26417E-02 ,  1.28939E-03 ,  1.04244E-01 
    2701 ,  3.96114E-01 ,  4.07996E-01 ,  6.67897E-03 ,  8.77624E-02 , -9.12689E-11 ,  1.83393E-03 ,  1.33404E-04 ,  2.76504E-10 , -8.78901E-03 ,  8.51579E-04 ,  3.43740E-02 
    2711 ,  3.97703E-01 ,  4.07996E-01 , -1.16582E-03 , -6.71345E-02 , -4.42378E-10 ,  1.82268E-03 ,  1.21505E-04 ,  1.86087E-10 ,  6.70207E-03 ,  6.56205E-05 , -4.31359E-02 
    2721 ,  3.99294E-01 ,  4.07996E-01 , -8.96325E-03 , -1.90496E-01 , -7.06928E-10 ,  1.78970E-03 ,  1.04519E-04 , -1.52890E-11 ,  1.90394E-02 , -7.17344E-04 , -1.04317E-01 
    2731 ,  4.00890E-01 ,  4.07996E-01 , -1.42431E-02 , -2.57560E-01 , -8.23355E-10 ,  1.74611E-03 ,  8.81008E-05 , -1.80946E-10 ,  2.57472E-02 , -1.24964E-03 , -1.37003E-01 
    2741 ,  4.02494E-01 ,  4.07996E-01 , -1.43126E-02 , -2.39753E-01 , -7.13042E-10 ,  1.70898E-03 ,  7.60575E-05 , -3.20006E-10 ,  2.39681E-02 , -1.26025E-03 , -1.27294E-01 
    2751 ,  4.04104E-01 ,  4.07996E-01 , -9.72964E-03 , -1.54128E-01 , -3.80558E-10 ,  1.69085E-03 ,  7.16232E-05 , -2.75619E-10 ,  1.54058E-02 , -8.03886E-04 , -8.40130E-02 
    2761 ,  4.05720E-01 ,  4.07996E-01 , -2.13524E-03 , -2.16205E-02 ,  7.88932E-11 ,  1.69628E-03 ,  7.63793E-05 , -1.94588E-10 ,  2.15421E-03 , -4.39685E-05 , -1.76127E-02 
    2771 ,  4.07338E-01 ,  4.07996E-01 ,  6.20896E-03 ,  1.31817E-01 ,  6.30374E-10 ,  1.72093E-03 ,  8.82634E-05 , -5.81069E-11 , -1.31903E-02 ,  7.92782E-04 ,  5.89597E-02 
    2781 ,  4.08954E-01 ,  4.07996E-01 ,  1.11182E-02 ,  2.44132E-01 ,  1.04439E-09 ,  1.75343E-03 ,  1.04958E-04 ,  1.41213E-10 , -2.44233E-02 ,  1.28692E-03 ,  1.14809E-01 
    2791 ,  4.10565E-01 ,  4.07996E-01 ,  1.14930E-02 ,  2.97143E-01 ,  1.26588E-09 ,  1.77941E-03 ,  1.20692E-04 ,  2.34559E-10 , -2.97251E-02 ,  1.32695E-03 ,  1.40898E-01 
    2801 ,  4.12169E-01 ,  4.07996E-01 ,  7.50796E-03 ,  2.81448E-01 ,  1.22798E-09 ,  1.78935E-03 ,  1.31393E-04 ,  2.75903E-10 , -2.81585E-02 ,  9.29684E-04 ,  1.32511E-01 
    2811 ,  4.13766E-01 ,  4.07996E-01 ,  5.74185E-04 ,  1.98128E-01 ,  9.74005E-10 ,  1.77927E-03 ,  1.35068E-04 ,  2.33580E-10 , -1.98260E-02 ,  2.35383E-04 ,  9.02524E-02 
    2821 ,  4.15357E-01 ,  4.07996E-01 , -5.70610E-03 ,  8.09237E-02 ,  5.98024E-10 ,  1.75336E-03 ,  1.30745E-04 ,  1.24491E-10 , -8.10574E-03 , -3.95272E-04 ,  3.11956E-02 
    2831 ,  4.16946E-01 ,  4.07996E-01 , -9.47613E-03 , -5.11914E-02 ,  1.89516E-10 ,  1.72271E-03 ,  1.20696E-04 ,  3.20834E-12 ,  5.10651E-03 , -7.75433E-04 , -3.50298E-02 
    2841 ,  4.18535E-01 ,  4.07996E-01 , -9.25266E-03 , -1.48007E-01 , -1.09230E-10 ,  1.69792E-03 ,  1.06984E-04 , -1.37280E-10 ,  1.47903E-02 , -7.55524E-04 , -8.31995E-02 
    2851 ,  4.20127E-01 ,  4.07996E-01 , -5.35396E-03 , -1.97518E-01 , -2.73917E-10 ,  1.68718E-03 ,  9.39715E-05 , -2.28674E-10 ,  1.97421E-02 , -3.67027E-04 , -1.07281E-01 
    2861 ,  4.21725E-01 ,  4.07996E-01 , -2.01863E-04 , -1.83987E-01 , -2.87130E-10 ,  1.69328E-03 ,  8.44133E-05 , -1.97419E-10 ,  1.83900E-02 ,  1.49126E-04 , -9.96998E-02 
    2871 ,  4.23328E-01 ,  4.07996E-01 ,  4.28701E-03 , -1.15594E-01 , -1.77725E-10 ,  1.71099E-03 ,  8.04306E-05 , -1.35609E-10 ,  1.15509E-02 ,  5.99883E-04 , -6.47882E-02 
    2881 ,  4.24935E-01 ,  4.07996E-01 ,  6.03223E-03 , -1.44239E-02 , -3.68209E-11 ,  1.73023E-03 ,  8.32971E-05 , -3.61002E-11 ,  1.43402E-03 ,  7.76083E-04 , -1.38829E-02 
    2891 ,  4.26544E-01 ,  4.07996E-01 ,  4.59986E-03 ,  9.48976E-02 ,  8.60040E-11 ,  1.74181E-03 ,  9.20083E-05 ,  7.04660E-11 , -9.49760E-03 ,  6.34602E-04 ,  4.06685E-02 
    2901 ,  4.28152E-01 ,  4.07996E-01 ,  7.72360E-04 ,  1.76817E-01 ,  1.16027E-10 ,  1.74055E-03 ,  1.03250E-04 ,  1.51562E-10 , -1.76932E-02 ,  2.51003E-04 ,  8.11434E-02 
    2911 ,  4.29757E-01 ,  4.07996E-01 , -4.05569E-03 ,  2.16245E-01 ,  6.44439E-11 ,  1.72601E-03 ,  1.14812E-04 ,  1.73638E-10 , -2.16364E-02 , -2.33180E-04 ,  1.00251E-01 
    2921 ,  4.31358E-01 ,  4.07996E-01 , -8.03458E-03 ,  2.04041E-01 , -8.46270E-11 ,  1.70310E-03 ,  1.22425E-04 ,  1.64458E-10 , -2.04164E-02 , -6.33032E-04 ,  9.36217E-02 
    2931 ,  4.32954E-01 ,  4.07996E-01 , -9.66077E-03 ,  1.47917E-01 , -2.48468E-10 ,  1.67946E-03 ,  1.25143E-04 ,  1.26348E-10 , -1.48044E-02 , -7.97994E-04 ,  6.52650E-02 
    2941 ,  4.34547E-01 ,  4.07996E-01 , -8.60276E-03 ,  6.56865E-02 , -3.78463E-10 ,  1.66243E-03 ,  1.22597E-04 ,  8.59249E-11 , -6.58043E-03 , -6.94220E-04 ,  2.40986E-02 
    2951 ,  4.36139E-01 ,  4.07996E-01 , -5.37651E-03 , -2.17883E-02 , -4.36210E-10 ,  1.65608E-03 ,  1.15482E-04 ,  4.04758E-11 ,  2.16722E-03 , -3.72266E-04 , -1.95340E-02 
    2961 ,  4.37733E-01 ,  4.07996E-01 , -1.07270E-03 , -9.36370E-02 , -3.93484E-10 ,  1.66071E-03 ,  1.06190E-04 ,  2.17308E-11 ,  9.35326E-03 ,  5.89967E-05 , -5.52547E-02 
    2971 ,  4.39330E-01 ,  4.07996E-01 ,  2.55384E-03 , -1.26507E-01 , -2.68084E-10 ,  1.67231E-03 ,  9.67291E-05 , -1.99579E-12 ,  1.26404E-02 ,  4.22323E-04 , -7.14672E-02 
    2981 ,  4.40932E-01 ,  4.07996E-01 ,  4.62307E-03 , -1.17654E-01 , -6.32460E-11 ,  1.68575E-03 ,  9.00346E-05 , -5.53635E-12 ,  1.17565E-02 ,  6.30981E-04 , -6.67664E-02 
    2991 ,  4.42537E-01 ,  4.07996E-01 ,  4.74526E-03 , -6.76955E-02 ,  1.77601E-10 ,  1.69560E-03 ,  8.78955E-05 , -1.87784E-11 ,  6.76079E-03 ,  6.44229E-04 , -4.14992E-02 
    3001 ,  4.44144E-01 ,  4.07996E-01 ,  3.07476E-03 ,  6.63982E-03 ,  3.86919E-10 ,  1.69861E-03 ,  9.07304E-05 , -1.06075E-11 , -6.73055E-04 ,  4.77266E-04 , -4.11193E-03 
    3011 ,  4.45752E-01 ,  4.07996E-01 ,  3.90317E-04 ,  8.93622E-02 ,  5.50057E-10 ,  1.69416E-03 ,  9.67689E-05 ,  3.34791E-11 , -8.94731E-03 ,  2.08919E-04 ,  3.73210E-02 
    3021 ,  4.47358E-01 ,  4.07996E-01 , -1.81917E-03 ,  1.47519E-01 ,  6.25746E-10 ,  1.68398E-03 ,  1.05763E-04 ,  7.65070E-11 , -1.47623E-02 , -1.37044E-05 ,  6.62917E-02 
    3031 ,  4.48961E-01 ,  4.07996E-01 , -3.22274E-03 ,  1.76622E-01 ,  6.28962E-10 ,  1.67186E-03 ,  1.14407E-04 ,  9.27155E-11 , -1.76737E-02 , -1.54994E-04 ,  8.05222E-02 
    3041 ,  4.50560E-01 ,  4.07996E-01 , -3.47027E-03 ,  1.68949E-01 ,  5.62509E-10 ,  1.66117E-03 ,  1.20653E-04 ,  1.21647E-10 , -1.69067E-02 , -1.80962E-04 ,  7.62836E-02 
    3051 ,  4.52154E-01 ,  4.07996E-01 , -2.60327E-03 ,  1.21795E-01 ,  4.18858E-10 ,  1.65440E-03 ,  1.22425E-04 ,  8.80283E-11 , -1.21918E-02 , -9.48177E-05 ,  5.23357E-02 
    3061 ,  4.53746E-01 ,  4.07996E-01 , -1.23276E-03 ,  5.74118E-02 ,  2.48602E-10 ,  1.65255E-03 ,  1.20160E-04 ,  1.02501E-10 , -5.75289E-03 ,  4.20569E-05 ,  2.00278E-02 
    3071 ,  4.55336E-01 ,  4.07996E-01 ,  2.97919E-04 , -1.55075E-02 ,  6.27304E-11 ,  1.65463E-03 ,  1.14486E-04 ,  8.79199E-11 ,  1.53948E-03 ,  1.95299E-04 , -1.63153E-02 
    3081 ,  4.56927E-01 ,  4.07996E-01 ,  1.33103E-03 , -7.51497E-02 , -1.03949E-10 ,  1.65897E-03 ,  1.06256E-04 ,  1.70984E-11 ,  7.50439E-03 ,  2.99073E-04 , -4.58498E-02 
    3091 ,  4.58520E-01 ,  4.07996E-01 ,  1.48236E-03 , -1.05837E-01 , -2.40382E-10 ,  1.66285E-03 ,  9.81947E-05 , -1.70929E-11 ,  1.05739E-02 ,  3.14485E-04 , -6.09051E-02 
    3101 ,  4.60116E-01 ,  4.07996E-01 ,  5.49026E-04 , -1.04501E-01 , -3.44701E-10 ,  1.66397E-03 ,  9.20383E-05 , -3.33664E-11 ,  1.04408E-02 ,  2.21389E-04 , -5.99798E-02 
    3111 ,  4.61715E-01 ,  4.07996E-01 , -1.35845E-03 , -6.95342E-02 , -3.93036E-10 ,  1.66069E-03 ,  8.91977E-05 , -3.60878E-11 ,  6.94451E-03 ,  3.02914E-05 , -4.23341E-02 
    3121 ,  4.63317E-01 ,  4.07996E-01 , -3.65582E-03 , -1.23403E-02 , -3.75684E-10 ,  1.65241E-03 ,  8.98752E-05 , -9.27081E-12 ,  1.22503E-03 , -2.00260E-04 , -1.36735E-02 
    3131 ,  4.64922E-01 ,  4.07996E-01 , -5.71733E-03 ,  5.60494E-02 , -2.94211E-10 ,  1.64013E-03 ,  9.50872E-05 ,  1.21214E-11 , -5.61411E-03 , -4.07731E-04 ,  2.05146E-02 
    3141 ,  4.66527E-01 ,  4.07996E-01 , -6.63969E-03 ,  1.14771E-01 , -1.54418E-10 ,  1.62644E-03 ,  1.02601E-04 ,  5.36299E-11 , -1.14870E-02 , -5.01370E-04 ,  4.97969E-02 
    3151 ,  4.68131E-01 ,  4.07996E-01 , -6.06974E-03 ,  1.51200E-01 ,  2.25372E-11 ,  1.61467E-03 ,  1.10435E-04 ,  9.90033E-11 , -1.51311E-02 , -4.45467E-04 ,  6.78518E-02 
    3161 ,  4.69733E-01 ,  4.07996E-01 , -3.99313E-03 ,  1.60015E-01 ,  2.05472E-10 ,  1.60792E-03 ,  1.17035E-04 ,  1.38162E-10 , -1.60131E-02 , -2.38608E-04 ,  7.20076E-02 
    3171 ,  4.71331E-01 ,  4.07996E-01 , -1.10170E-03 ,  1.37201E-01 ,  3.64658E-10 ,  1.60743E-03 ,  1.20974E-04 ,  1.40115E-10 , -1.37324E-02 ,  5.05154E-05 ,  6.03019E-02 
    3181 ,  4.72927E-01 ,  4.07996E-01 ,  1.68382E-03 ,  8.98962E-02 ,  4.52907E-10 ,  1.61302E-03 ,  1.20894E-04 ,  1.20180E-10 , -9.00159E-03 ,  3.29695E-04 ,  3.64016E-02 
    3191 ,  4.74520E-01 ,  4.07996E-01 ,  3.46063E-03 ,  3.14514E-02 ,  4.77110E-10 ,  1.62186E-03 ,  1.17468E-04 ,  7.93393E-11 , -3.15699E-03 ,  5.08288E-04 ,  7.06517E-03 
    3201 ,  4.76113E-01 ,  4.07996E-01 ,  3.73711E-03 , -2.52595E-02 ,  4.42868E-10 ,  1.62979E-03 ,  1.11573E-04 ,  6.94719E-11 ,  2.51452E-03 ,  5.36767E-04 , -2.12286E-02 
    3211 ,  4.77706E-01 ,  4.07996E-01 ,  2.55887E-03 , -6.62566E-02 ,  3.71349E-10 ,  1.63390E-03 ,  1.05019E-04 , -1.13454E-12 ,  6.61543E-03 ,  4.19341E-04 , -4.15025E-02 
    3221 ,  4.79302E-01 ,  4.07996E-01 ,  4.62827E-04 , -8.34209E-02 ,  3.27079E-10 ,  1.63181E-03 ,  9.82360E-05 , -4.74285E-11 ,  8.33235E-03 ,  2.09489E-04 , -4.97900E-02 
    3231 ,  4.80900E-01 ,  4.07996E-01 , -1.89150E-03 , -7.26950E-02 ,  3.07422E-10 ,  1.62369E-03 ,  9.41215E-05 , -6.16430E-11 ,  7.26015E-03 , -2.67759E-05 , -4.41217E-02 
    3241 ,  4.82500E-01 ,  4.07996E-01 , -3.58344E-03 , -3.59197E-02 ,  3.25120E-10 ,  1.61166E-03 ,  9.27230E-05 , -6.79684E-11 ,  3.58306E-03 , -1.97116E-04 , -2.55161E-02 
    3251 ,  4.84102E-01 ,  4.07996E-01 , -3.80624E-03 ,  1.52650E-02 ,  3.80417E-10 ,  1.60023E-03 ,  9.50197E-05 , -6.48756E-11 , -1.53593E-03 , -2.20543E-04 ,  1.29046E-04 
    3261 ,  4.85704E-01 ,  4.07996E-01 , -2.62978E-03 ,  6.68415E-02 ,  4.38210E-10 ,  1.59322E-03 ,  9.94400E-05 , -1.86723E-11 , -6.69416E-03 , -1.03551E-04 ,  2.58421E-02 
    3271 ,  4.87305E-01 ,  4.07996E-01 , -5.50580E-04 ,  1.07491E-01 ,  4.65516E-10 ,  1.59276E-03 ,  1.05716E-04 ,  7.36800E-12 , -1.07597E-02 ,  1.04268E-04 ,  4.60287E-02 
    3281 ,  4.88903E-01 ,  4.07996E-01 ,  1.80857E-03 ,  1.31737E-01 ,  4.22956E-10 ,  1.59899E-03 ,  1.11799E-04 ,  6.41259E-11 , -1.31847E-02 ,  3.40692E-04 ,  5.80120E-02 
    3291 ,  4.90498E-01 ,  4.07996E-01 ,  3.04333E-03 ,  1.29204E-01 ,  3.11701E-10 ,  1.60876E-03 ,  1.16178E-04 ,  9.82776E-11 , -1.29321E-02 ,  4.65234E-04 ,  5.66265E-02 
    3301 ,  4.92090E-01 ,  4.07996E-01 ,  2.60809E-03 ,  1.01515E-01 ,  1.22135E-10 ,  1.61669E-03 ,  1.17872E-04 ,  1.09259E-10 , -1.01631E-02 ,  4.22548E-04 ,  4.26274E-02 
    3311 ,  4.93680E-01 ,  4.07996E-01 ,  4.10400E-04 ,  5.62005E-02 , -1.07967E-10 ,  1.61792E-03 ,  1.16520E-04 ,  1.15752E-10 , -5.63134E-03 ,  2.02774E-04 ,  1.97792E-02 
    3321 ,  4.95270E-01 ,  4.07996E-01 , -2.89023E-03 ,  4.84882E-03 , -3.33659E-10 ,  1.61012E-03 ,  1.12785E-04 ,  6.49261E-11 , -4.96171E-04 , -1.27997E-04 , -6.07014E-03 
    3331 ,  4.96861E-01 ,  4.07996E-01 , -6.08916E-03 , -3.88449E-02 , -5.04154E-10 ,  1.59429E-03 ,  1.07182E-04 ,  1.41673E-11 ,  3.87408E-03 , -4.49383E-04 , -2.79940E-02 
    3341 ,  4.98454E-01 ,  4.07996E-01 , -8.13353E-03 , -6.50707E-02 , -5.87801E-10 ,  1.57483E-03 ,  1.01611E-04 , -5.82286E-11 ,  6.49686E-03 , -6.55887E-04 , -4.09966E-02 
    3351 ,  5.00049E-01 ,  4.07996E-01 , -8.14416E-03 , -6.67354E-02 , -5.55769E-10 ,  1.55754E-03 ,  9.70028E-05 , -8.84863E-11 ,  6.66452E-03 , -6.58626E-04 , -4.14984E-02 
    3361 ,  5.01648E-01 ,  4.07996E-01 , -5.81178E-03 , -4.11935E-02 , -4.14441E-10 ,  1.54809E-03 ,  9.50961E-05 , -1.02864E-10 ,  4.10987E-03 , -4.26335E-04 , -2.83673E-02 
    3371 ,  5.03249E-01 ,  4.07996E-01 , -1.96301E-03 ,  4.23161E-03 , -1.97558E-10 ,  1.54945E-03 ,  9.60961E-05 , -7.22191E-11 , -4.32857E-04 , -4.13525E-05 , -5.39669E-03 
    3381 ,  5.04850E-01 ,  4.07996E-01 ,  1.97218E-03 ,  5.82381E-02 ,  4.19113E-11 ,  1.56036E-03 ,  1.00187E-04 , -1.07467E-11 , -5.83391E-03 ,  3.53254E-04 ,  2.16758E-02 
    3391 ,  5.06451E-01 ,  4.07996E-01 ,  4.51448E-03 ,  1.07147E-01 ,  2.53924E-10 ,  1.57570E-03 ,  1.06257E-04 ,  6.23890E-11 , -1.07252E-02 ,  6.09020E-04 ,  4.60054E-02 
    3401 ,  5.08050E-01 ,  4.07996E-01 ,  4.74556E-03 ,  1.36984E-01 ,  3.91358E-10 ,  1.58896E-03 ,  1.12595E-04 ,  1.11103E-10 , -1.37093E-02 ,  6.33546E-04 ,  6.06591E-02 
    3411 ,  5.09646E-01 ,  4.07996E-01 ,  2.77971E-03 ,  1.39906E-01 ,  4.49586E-10 ,  1.59433E-03 ,  1.17346E-04 ,  1.37678E-10 , -1.40021E-02 ,  4.37486E-04 ,  6.18247E-02 
    3421 ,  5.11241E-01 ,  4.07996E-01 , -4.51094E-04 ,  1.14288E-01 ,  4.32013E-10 ,  1.58930E-03 ,  1.19607E-04 ,  1.31247E-10 , -1.14405E-02 ,  1.13857E-04 ,  4.87663E-02 
    3431 ,  5.12833E-01 ,  4.07996E-01 , -3.61503E-03 ,  6.51546E-02 ,  3.70296E-10 ,  1.57514E-03 ,  1.18478E-04 ,  8.60415E-11 , -6.52714E-03 , -2.03916E-04 ,  2.40539E-02 
    3441 ,  5.14424E-01 ,  4.07996E-01 , -5.27343E-03 ,  3.17847E-03 ,  2.77897E-10 ,  1.55760E-03 ,  1.14153E-04 ,  2.27963E-11 , -3.28992E-04 , -3.71582E-04 , -6.95389E-03 
    3451 ,  5.16015E-01 ,  4.07996E-01 , -4.68896E-03 , -5.20726E-02 ,  2.10583E-10 ,  1.54318E-03 ,  1.07521E-04 , -4.44557E-11 ,  5.19645E-03 , -3.14560E-04 , -3.44879E-02 
    3461 ,  5.17606E-01 ,  4.07996E-01 , -2.10226E-03 , -8.84387E-02 ,  1.66539E-10 ,  1.53760E-03 ,  1.00218E-04 , -8.78614E-11 ,  8.83405E-03 , -5.64366E-05 , -5.24607E-02 
    3471 ,  5.19200E-01 ,  4.07996E-01 ,  1.15110E-03 , -9.32366E-02 ,  1.52779E-10 ,  1.54246E-03 ,  9.43731E-05 , -1.06675E-10 ,  9.31443E-03 ,  2.69407E-04 , -5.45911E-02 
    3481 ,  5.20796E-01 ,  4.07996E-01 ,  3.89029E-03 , -6.58019E-02 ,  1.54221E-10 ,  1.55508E-03 ,  9.17203E-05 , -1.03147E-10 ,  6.57137E-03 ,  5.44577E-04 , -4.06047E-02 
    3491 ,  5.22394E-01 ,  4.07996E-01 ,  4.76099E-03 , -1.22470E-02 ,  1.63573E-10 ,  1.56911E-03 ,  9.25037E-05 , -6.34022E-11 ,  1.21568E-03 ,  6.33076E-04 , -1.36239E-02 
    3501 ,  5.23993E-01 ,  4.07996E-01 ,  3.27861E-03 ,  5.38212E-02 ,  1.52922E-10 ,  1.57788E-03 ,  9.75201E-05 ,  7.80064E-12 , -5.39137E-03 ,  4.85706E-04 ,  1.94708E-02 
    3511 ,  5.25592E-01 ,  4.07996E-01 , -7.59853E-05 ,  1.14662E-01 ,  1.18432E-10 ,  1.57666E-03 ,  1.04324E-04 ,  6.99972E-11 , -1.14765E-02 ,  1.50121E-04 ,  4.97938E-02 
    3521 ,  5.27189E-01 ,  4.07996E-01 , -4.30669E-03 ,  1.57678E-01 ,  5.68130E-11 ,  1.56408E-03 ,  1.12393E-04 ,  9.57591E-11 , -1.57792E-02 , -2.74232E-04 ,  7.10349E-02 
    3531 ,  5.28784E-01 ,  4.07996E-01 , -7.49380E-03 ,  1.66706E-01 , -1.48336E-11 ,  1.54413E-03 ,  1.19055E-04 ,  1.03766E-10 , -1.66824E-02 , -5.94956E-04 ,  7.51760E-02 
    3541 ,  5.30376E-01 ,  4.07996E-01 , -8.70000E-03 ,  1.39981E-01 , -9.89914E-11 ,  1.52339E-03 ,  1.22677E-04 ,  9.99031E-11 , -1.40101E-02 , -7.17548E-04 ,  6.14462E-02 
    3551 ,  5.31965E-01 ,  4.07996E-01 , -7.24066E-03 ,  8.08961E-02 , -1.67020E-10 ,  1.50863E-03 ,  1.22006E-04 ,  5.44070E-11 , -8.10141E-03 , -5.73156E-04 ,  3.16857E-02 
    3561 ,  5.33553E-01 ,  4.07996E-01 , -3.89215E-03 ,  1.09878E-02 , -2.03222E-10 ,  1.50471E-03 ,  1.17367E-04 ,  1.00423E-11 , -1.11021E-03 , -2.38788E-04 , -3.25822E-03 
    3571 ,  5.35141E-01 ,  4.07996E-01 ,  3.55231E-05 , -5.22931E-02 , -1.93190E-10 ,  1.51116E-03 ,  1.10072E-04 , -8.47396E-12 ,  5.21874E-03 ,  1.54735E-04 , -3.47088E-02 
    3581 ,  5.36731E-01 ,  4.07996E-01 ,  2.94698E-03 , -9.09977E-02 , -1.47224E-10 ,  1.52374E-03 ,  1.02411E-04 , -2.70177E-11 ,  9.09036E-03 ,  4.47034E-04 , -5.37388E-02 
    3591 ,  5.38324E-01 ,  4.07996E-01 ,  3.89957E-03 , -9.68696E-02 , -4.41210E-11 ,  1.53655E-03 ,  9.60556E-05 , -2.41096E-11 ,  9.67764E-03 ,  5.43684E-04 , -5.63251E-02 
    3601 ,  5.39921E-01 ,  4.07996E-01 ,  2.63172E-03 , -6.75196E-02 ,  9.46907E-11 ,  1.54350E-03 ,  9.26788E-05 , -2.59855E-11 ,  6.74320E-03 ,  4.17504E-04 , -4.13621E-02 
    3611 ,  5.41520E-01 ,  4.07996E-01 , -9.18858E-05 , -1.31240E-02 ,  2.56353E-10 ,  1.54107E-03 ,  9.33339E-05 ,  1.28211E-12 ,  1.30340E-03 ,  1.45005E-04 , -1.40319E-02 
    3621 ,  5.43122E-01 ,  4.07996E-01 , -2.96709E-03 ,  5.08565E-02 ,  4.14820E-10 ,  1.52987E-03 ,  9.77554E-05 ,  3.09689E-11 , -5.09505E-03 , -1.43686E-04 ,  1.79244E-02 
    3631 ,  5.44723E-01 ,  4.07996E-01 , -4.77614E-03 ,  1.08368E-01 ,  5.59143E-10 ,  1.51454E-03 ,  1.04373E-04 ,  2.55003E-11 , -1.08470E-02 , -3.26111E-04 ,  4.65172E-02 
    3641 ,  5.46322E-01 ,  4.07996E-01 , -4.69582E-03 ,  1.43248E-01 ,  6.55493E-10 ,  1.50092E-03 ,  1.11644E-04 ,  5.92563E-11 , -1.43358E-02 , -3.19471E-04 ,  6.37202E-02 
    3651 ,  5.47917E-01 ,  4.07996E-01 , -2.59191E-03 ,  1.47637E-01 ,  6.97844E-10 ,  1.49454E-03 ,  1.17355E-04 ,  7.80066E-11 , -1.47753E-02 , -1.09696E-04 ,  6.56685E-02 
    3661 ,  5.49509E-01 ,  4.07996E-01 ,  5.53164E-04 ,  1.19357E-01 ,  6.67438E-10 ,  1.49804E-03 ,  1.19854E-04 ,  8.62843E-11 , -1.19473E-02 ,  2.05184E-04 ,  5.13183E-02 
    3671 ,  5.51098E-01 ,  4.07996E-01 ,  3.43774E-03 ,  6.72944E-02 ,  5.61700E-10 ,  1.50927E-03 ,  1.19292E-04 ,  8.44277E-11 , -6.74100E-03 ,  4.94766E-04 ,  2.51450E-02 
    3681 ,  5.52684E-01 ,  4.07996E-01 ,  4.87123E-03 ,  4.90877E-03 ,  3.93236E-10 ,  1.52280E-03 ,  1.14536E-04 ,  7.21277E-11 , -5.01952E-04 ,  6.39442E-04 , -6.11113E-03 
    3691 ,  5.54271E-01 ,  4.07996E-01 ,  4.13574E-03 , -4.67518E-02 ,  2.05783E-10 ,  1.53257E-03 ,  1.08510E-04 ,  3.90772E-11 ,  4.66464E-03 ,  5.66870E-04 , -3.18980E-02 
    3701 ,  5.55860E-01 ,  4.07996E-01 ,  1.42540E-03 , -7.63611E-02 ,  1.51076E-11 ,  1.53371E-03 ,  1.02070E-04 , -2.65410E-12 ,  7.62623E-03 ,  2.95964E-04 , -4.65453E-02 
    3711 ,  5.57451E-01 ,  4.07996E-01 , -2.12516E-03 , -7.47564E-02 , -1.25691E-10 ,  1.52518E-03 ,  9.73013E-05 , -2.65991E-11 ,  7.46614E-03 , -5.99703E-05 , -4.55116E-02 
    3721 ,  5.59044E-01 ,  4.07996E-01 , -5.53625E-03 , -4.28049E-02 , -2.09118E-10 ,  1.50913E-03 ,  9.54194E-05 , -4.57034E-11 ,  4.27129E-03 , -4.02666E-04 , -2.92659E-02 
    3731 ,  5.60640E-01 ,  4.07996E-01 , -7.33863E-03 ,  9.98756E-03 , -2.27143E-10 ,  1.49087E-03 ,  9.71478E-05 , -5.52201E-11 , -1.00805E-03 , -5.84722E-04 , -2.68519E-03 
    3741 ,  5.62236E-01 ,  4.07996E-01 , -6.99554E-03 ,  6.89526E-02 , -1.84137E-10 ,  1.47650E-03 ,  1.01739E-04 , -2.43045E-11 , -6.90512E-03 , -5.51859E-04 ,  2.68514E-02 
    3751 ,  5.63832E-01 ,  4.07996E-01 , -4.81060E-03 ,  1.17293E-01 , -1.16878E-10 ,  1.47014E-03 ,  1.08208E-04 ,  2.05483E-11 , -1.17398E-02 , -3.33985E-04 ,  5.09193E-02 
    3761 ,  5.65425E-01 ,  4.07996E-01 , -1.66003E-03 ,  1.43314E-01 , -6.16079E-11 ,  1.47308E-03 ,  1.14672E-04 ,  6.03321E-11 , -1.43424E-02 , -1.86150E-05 ,  6.37077E-02 
    3771 ,  5.67016E-01 ,  4.07996E-01 ,  1.09556E-03 ,  1.38403E-01 , -1.97190E-11 ,  1.48250E-03 ,  1.19301E-04 ,  1.22293E-10 , -1.38521E-02 ,  2.57832E-04 ,  6.09993E-02 
    3781 ,  5.68605E-01 ,  4.07996E-01 ,  2.43178E-03 ,  1.03205E-01 , -4.54060E-11 ,  1.49359E-03 ,  1.20852E-04 ,  1.40538E-10 , -1.03321E-02 ,  3.92608E-04 ,  4.31907E-02 
    3791 ,  5.70192E-01 ,  4.07996E-01 ,  1.84080E-03 ,  4.65737E-02 , -1.02332E-10 ,  1.50075E-03 ,  1.18580E-04 ,  1.28081E-10 , -4.66870E-03 ,  3.34167E-04 ,  1.47698E-02 
    3801 ,  5.71779E-01 ,  4.07996E-01 , -2.85105E-04 , -1.43228E-02 , -1.70837E-10 ,  1.50024E-03 ,  1.13600E-04 ,  1.10821E-10 ,  1.42126E-03 ,  1.21533E-04 , -1.56752E-02 
    3811 ,  5.73367E-01 ,  4.07996E-01 , -2.63350E-03 , -5.89989E-02 , -1.95153E-10 ,  1.49206E-03 ,  1.06491E-04 ,  4.14708E-11 ,  5.88943E-03 , -1.14018E-04 , -3.79274E-02 
    3821 ,  5.74957E-01 ,  4.07996E-01 , -4.42897E-03 , -8.19875E-02 , -1.76349E-10 ,  1.47940E-03 ,  1.00292E-04 , -2.59266E-11 ,  8.18910E-03 , -2.94914E-04 , -4.92401E-02 
    3831 ,  5.76551E-01 ,  4.07996E-01 , -4.76357E-03 , -7.42342E-02 , -7.91702E-11 ,  1.46690E-03 ,  9.58252E-05 , -5.45506E-11 ,  7.41393E-03 , -3.29596E-04 , -4.50989E-02 
    3841 ,  5.78147E-01 ,  4.07996E-01 , -3.40260E-03 , -3.84295E-02 ,  8.36795E-11 ,  1.45935E-03 ,  9.45149E-05 , -6.25372E-11 ,  3.83396E-03 , -1.94250E-04 , -2.69580E-02 
    3851 ,  5.79744E-01 ,  4.07996E-01 , -7.97988E-04 ,  1.73583E-02 ,  2.86464E-10 ,  1.45964E-03 ,  9.66866E-05 , -2.68509E-11 , -1.74488E-03 ,  6.62851E-05 ,  1.08931E-03 
    3861 ,  5.81341E-01 ,  4.07996E-01 ,  1.79599E-03 ,  7.23137E-02 ,  4.64164E-10 ,  1.46671E-03 ,  1.01676E-04 ,  2.24930E-11 , -7.24111E-03 ,  3.26430E-04 ,  2.85456E-02 
    3871 ,  5.82938E-01 ,  4.07996E-01 ,  3.59371E-03 ,  1.16215E-01 ,  5.83975E-10 ,  1.47714E-03 ,  1.08057E-04 ,  7.70288E-11 , -1.16319E-02 ,  5.07130E-04 ,  5.03106E-02 
    3881 ,  5.84531E-01 ,  4.07996E-01 ,  3.91115E-03 ,  1.38530E-01 ,  6.22013E-10 ,  1.48663E-03 ,  1.14403E-04 ,  1.30984E-10 , -1.38642E-02 ,  5.39826E-04 ,  6.11873E-02 
    3891 ,  5.86122E-01 ,  4.07996E-01 ,  2.53290E-03 ,  1.32298E-01 ,  5.57201E-10 ,  1.49110E-03 ,  1.18899E-04 ,  1.49450E-10 , -1.32413E-02 ,  4.02479E-04 ,  5.77880E-02 
    3901 ,  5.87710E-01 ,  4.07996E-01 , -7.78436E-06 ,  9.99035E-02 ,  4.00199E-10 ,  1.48800E-03 ,  1.20569E-04 ,  1.36471E-10 , -1.00019E-02 ,  1.48151E-04 ,  4.13753E-02 
    3911 ,  5.89296E-01 ,  4.07996E-01 , -2.73429E-03 ,  5.07817E-02 ,  1.93330E-10 ,  1.47794E-03 ,  1.18490E-04 ,  8.94150E-11 , -5.08941E-03 , -1.25510E-04 ,  1.67062E-02 
    3921 ,  5.90880E-01 ,  4.07996E-01 , -4.62076E-03 , -2.24070E-04 , -1.52426E-11 ,  1.46478E-03 ,  1.14277E-04 ,  4.01887E-11 ,  1.16222E-05 , -3.15542E-04 , -8.76544E-03 
    3931 ,  5.92465E-01 ,  4.07996E-01 , -5.17011E-03 , -4.02365E-02 , -1.82280E-10 ,  1.45261E-03 ,  1.08982E-04 , -1.42486E-12 ,  4.01319E-03 , -3.71692E-04 , -2.86218E-02 
    3941 ,  5.94052E-01 ,  4.07996E-01 , -4.36893E-03 , -5.91108E-02 , -2.76539E-10 ,  1.44485E-03 ,  1.03670E-04 , -4.32798E-11 ,  5.90117E-03 , -2.92341E-04 , -3.78352E-02 
    3951 ,  5.95640E-01 ,  4.07996E-01 , -2.69169E-03 , -5.28920E-02 , -2.89910E-10 ,  1.44309E-03 ,  9.98590E-05 , -4.71716E-11 ,  5.27965E-03 , -1.24807E-04 , -3.44740E-02 
    3961 ,  5.97231E-01 ,  4.07996E-01 , -8.73381E-04 , -2.41046E-02 , -2.32492E-10 ,  1.44653E-03 ,  9.85257E-05 , -2.40642E-11 ,  2.40106E-03 ,  5.73453E-05 , -1.98636E-02 
    3971 ,  5.98824E-01 ,  4.07996E-01 ,  2.86454E-04 ,  1.68744E-02 , -1.33043E-10 ,  1.45219E-03 ,  9.99772E-05 ,  1.93999E-11 , -1.69693E-03 ,  1.73960E-04 ,  7.22149E-04 
    3981 ,  6.00418E-01 ,  4.07996E-01 ,  4.47864E-04 ,  6.13134E-02 , -6.16808E-12 ,  1.45657E-03 ,  1.03581E-04 ,  6.42756E-11 , -6.14135E-03 ,  1.90458E-04 ,  2.29141E-02 
    3991 ,  6.02012E-01 ,  4.07996E-01 , -4.08734E-04 ,  9.46897E-02 ,  9.75583E-11 ,  1.45704E-03 ,  1.08267E-04 ,  9.58031E-11 , -9.47942E-03 ,  1.04857E-04 ,  3.94753E-02 
    4001 ,  6.03604E-01 ,  4.07996E-01 , -1.86534E-03 ,  1.09283E-01 ,  1.75096E-10 ,  1.45253E-03 ,  1.12542E-04 ,  1.18887E-10 , -1.09392E-02 , -4.11900E-05 ,  4.65872E-02 
    4011 ,  6.05196E-01 ,  4.07996E-01 , -3.20424E-03 ,  1.00680E-01 ,  2.18919E-10 ,  1.44438E-03 ,  1.15575E-04 ,  1.20575E-10 , -1.00790E-02 , -1.75907E-04 ,  4.21006E-02 
    4021 ,  6.06785E-01 ,  4.07996E-01 , -3.69190E-03 ,  7.24940E-02 ,  2.38435E-10 ,  1.43537E-03 ,  1.16111E-04 ,  6.73023E-11 , -7.26024E-03 , -2.25571E-04 ,  2.78453E-02 
    4031 ,  6.08373E-01 ,  4.07996E-01 , -3.15668E-03 ,  3.33904E-02 ,  2.48114E-10 ,  1.42842E-03 ,  1.14474E-04 ,  5.71582E-11 , -3.35026E-03 , -1.72644E-04 ,  8.20858E-03 
    4041 ,  6.09961E-01 ,  4.07996E-01 , -1.85544E-03 , -1.93808E-03 ,  2.65631E-10 ,  1.42557E-03 ,  1.11123E-04 ,  2.48419E-11 ,  1.83370E-04 , -4.29766E-05 , -9.48051E-03 
    4051 ,  6.11549E-01 ,  4.07996E-01 ,  2.56761E-05 , -3.01349E-02 ,  2.98930E-10 ,  1.42745E-03 ,  1.07218E-04 ,  2.10521E-11 ,  3.00333E-03 ,  1.45374E-04 , -2.34842E-02 
    4061 ,  6.13139E-01 ,  4.07996E-01 ,  1.54081E-03 , -3.81335E-02 ,  3.44347E-10 ,  1.43278E-03 ,  1.03438E-04 , -5.77385E-14 ,  3.80360E-03 ,  2.97353E-04 , -2.73534E-02 
    4071 ,  6.14729E-01 ,  4.07996E-01 ,  2.28998E-03 , -2.66849E-02 ,  3.95198E-10 ,  1.43897E-03 ,  1.01407E-04 , -1.02474E-12 ,  2.65870E-03 ,  3.72917E-04 , -2.14797E-02 
    4081 ,  6.16321E-01 ,  4.07996E-01 ,  2.09806E-03 ,  1.78772E-03 ,  4.36151E-10 ,  1.44356E-03 ,  1.01221E-04 ,  1.28260E-11 , -1.88433E-04 ,  3.54176E-04 , -7.09484E-03 
    4091 ,  6.17913E-01 ,  4.07996E-01 ,  1.02812E-03 ,  3.94018E-02 ,  4.54855E-10 ,  1.44460E-03 ,  1.03180E-04 ,  3.80738E-11 , -3.95000E-03 ,  2.47333E-04 ,  1.17773E-02 
    4101 ,  6.19505E-01 ,  4.07996E-01 , -4.91675E-04 ,  7.49943E-02 ,  4.33288E-10 ,  1.44157E-03 ,  1.06749E-04 ,  5.55869E-11 , -7.50948E-03 ,  9.50340E-05 ,  2.95405E-02 
    4111 ,  6.21095E-01 ,  4.07996E-01 , -1.85536E-03 ,  9.73796E-02 ,  3.69795E-10 ,  1.43565E-03 ,  1.11434E-04 ,  6.47788E-11 , -9.74845E-03 , -4.18987E-05 ,  4.05961E-02 
    4121 ,  6.22684E-01 ,  4.07996E-01 , -2.70030E-03 ,  1.02178E-01 ,  2.87688E-10 ,  1.42874E-03 ,  1.14851E-04 ,  7.44135E-11 , -1.02286E-02 , -1.27085E-04 ,  4.28388E-02 
    4131 ,  6.24270E-01 ,  4.07996E-01 , -2.92311E-03 ,  8.88811E-02 ,  1.55899E-10 ,  1.42270E-03 ,  1.16794E-04 ,  7.85558E-11 , -8.89960E-03 , -1.49850E-04 ,  3.60575E-02 
    4141 ,  6.25854E-01 ,  4.07996E-01 , -2.59606E-03 ,  6.19083E-02 ,  3.36194E-11 ,  1.41869E-03 ,  1.16780E-04 ,  8.31701E-11 , -6.20165E-03 , -1.17624E-04 ,  2.24815E-02 
    4151 ,  6.27438E-01 ,  4.07996E-01 , -1.96535E-03 ,  2.62700E-02 , -9.61727E-11 ,  1.41697E-03 ,  1.14779E-04 ,  6.44254E-11 , -2.63814E-03 , -5.47348E-05 ,  4.65417E-03 
    4161 ,  6.29022E-01 ,  4.07996E-01 , -1.36901E-03 , -7.88032E-03 , -2.10185E-10 ,  1.41686E-03 ,  1.11335E-04 ,  4.48585E-11 ,  7.77654E-04 ,  4.76127E-06 , -1.23747E-02 
    4171 ,  6.30606E-01 ,  4.07996E-01 , -1.12198E-03 , -2.98692E-02 , -2.80665E-10 ,  1.41733E-03 ,  1.07211E-04 ,  2.20913E-11 ,  2.97622E-03 ,  2.96229E-05 , -2.32750E-02 
    4181 ,  6.32193E-01 ,  4.07996E-01 , -1.27185E-03 , -3.69204E-02 , -3.18715E-10 ,  1.41703E-03 ,  1.03642E-04 ,  1.36472E-11 ,  3.68213E-03 ,  1.45760E-05 , -2.66908E-02 
    4191 ,  6.33781E-01 ,  4.07996E-01 , -1.74482E-03 , -2.75398E-02 , -3.11755E-10 ,  1.41527E-03 ,  1.01238E-04 ,  9.06097E-12 ,  2.74419E-03 , -3.28927E-05 , -2.18681E-02 
    4201 ,  6.35371E-01 ,  4.07996E-01 , -2.33410E-03 , -3.96600E-03 , -2.64579E-10 ,  1.41199E-03 ,  1.00662E-04 ,  9.11204E-12 ,  3.87178E-04 , -9.21223E-05 , -9.96412E-03 
    4211 ,  6.36962E-01 ,  4.07996E-01 , -2.78013E-03 ,  2.91421E-02 , -1.75775E-10 ,  1.40774E-03 ,  1.02741E-04 ,  3.22865E-11 , -2.92369E-03 , -1.37163E-04 ,  6.66062E-03 
    4221 ,  6.38553E-01 ,  4.07996E-01 , -2.81204E-03 ,  5.97371E-02 , -7.29181E-11 ,  1.40359E-03 ,  1.05550E-04 ,  5.34446E-11 , -5.98401E-03 , -1.40801E-04 ,  2.19301E-02 
    4231 ,  6.40145E-01 ,  4.07996E-01 , -2.39793E-03 ,  8.23301E-02 ,  4.52054E-11 ,  1.40048E-03 ,  1.09283E-04 ,  7.58415E-11 , -8.24340E-03 , -9.96943E-05 ,  3.31138E-02 
    4241 ,  6.41735E-01 ,  4.07996E-01 , -1.57271E-03 ,  9.20154E-02 ,  1.57785E-10 ,  1.39901E-03 ,  1.12740E-04 ,  8.36786E-11 , -9.21213E-03 , -1.73353E-05 ,  3.77899E-02 
    4251 ,  6.43324E-01 ,  4.07996E-01 , -6.24809E-04 ,  8.65157E-02 ,  2.44282E-10 ,  1.39938E-03 ,  1.15112E-04 ,  9.83681E-11 , -8.66251E-03 ,  7.75180E-05 ,  3.48784E-02 
    4261 ,  6.44911E-01 ,  4.07996E-01 ,  2.52041E-04 ,  6.87310E-02 ,  3.07199E-10 ,  1.40114E-03 ,  1.15968E-04 ,  9.51867E-11 , -6.88412E-03 ,  1.65356E-04 ,  2.58536E-02 
    4271 ,  6.46498E-01 ,  4.07996E-01 ,  8.37725E-04 ,  4.26837E-02 ,  3.38341E-10 ,  1.40331E-03 ,  1.15292E-04 ,  8.42606E-11 , -4.27938E-03 ,  2.24141E-04 ,  1.27688E-02 
    4281 ,  6.48083E-01 ,  4.07996E-01 ,  9.80766E-04 ,  1.81798E-02 ,  3.34423E-10 ,  1.40507E-03 ,  1.13089E-04 ,  6.25794E-11 , -1.82875E-03 ,  2.38655E-04 ,  5.27513E-04 
    4291 ,  6.49669E-01 ,  4.07996E-01 ,  7.04954E-04 , -2.94165E-03 ,  3.07135E-10 ,  1.40559E-03 ,  1.10281E-04 ,  4.27158E-11 ,  2.83771E-04 ,  2.11096E-04 , -9.95995E-03 
    4301 ,  6.51254E-01 ,  4.07996E-01 ,  1.09846E-04 , -1.34757E-02 ,  2.69257E-10 ,  1.40449E-03 ,  1.07364E-04 ,  1.61840E-11 ,  1.33741E-03 ,  1.51510E-04 , -1.51255E-02 
    4311 ,  6.52840E-01 ,  4.07996E-01 , -6.35048E-04 , -1.16553E-02 ,  2.22539E-10 ,  1.40191E-03 ,  1.05389E-04 ,  4.36595E-14 ,  1.15570E-03 ,  7.67788E-05 , -1.40962E-02 
    4321 ,  6.54427E-01 ,  4.07996E-01 , -1.36282E-03 ,  1.63740E-03 ,  1.81426E-10 ,  1.39830E-03 ,  1.04532E-04 ,  1.79325E-11 , -1.73695E-04 ,  3.62418E-06 , -7.32611E-03 
    4331 ,  6.56015E-01 ,  4.07996E-01 , -1.84332E-03 ,  2.13457E-02 ,  1.43335E-10 ,  1.39435E-03 ,  1.04998E-04 ,  1.71240E-11 , -2.14434E-03 , -4.47775E-05 ,  2.60958E-03 
    4341 ,  6.57602E-01 ,  4.07996E-01 , -2.00262E-03 ,  4.09205E-02 ,  1.20978E-10 ,  1.39077E-03 ,  1.06569E-04 ,  2.76371E-11 , -4.10163E-03 , -6.11035E-05 ,  1.24035E-02 
    4351 ,  6.59190E-01 ,  4.07996E-01 , -1.90380E-03 ,  5.73415E-02 ,  9.36376E-11 ,  1.38805E-03 ,  1.08757E-04 ,  4.34524E-11 , -5.74435E-03 , -5.14961E-05 ,  2.05705E-02 
    4361 ,  6.60776E-01 ,  4.07996E-01 , -1.63917E-03 ,  6.66295E-02 ,  6.40241E-11 ,  1.38639E-03 ,  1.10982E-04 ,  6.36325E-11 , -6.67340E-03 , -2.52064E-05 ,  2.51223E-02 
    4371 ,  6.62362E-01 ,  4.07996E-01 , -1.39878E-03 ,  6.61953E-02 ,  2.38354E-11 ,  1.38553E-03 ,  1.12660E-04 ,  6.98119E-11 , -6.63035E-03 , -1.30420E-06 ,  2.47972E-02 
    4381 ,  6.63947E-01 ,  4.07996E-01 , -1.34956E-03 ,  5.65390E-02 , -1.87558E-11 ,  1.38483E-03 ,  1.13406E-04 ,  7.50892E-11 , -5.66474E-03 ,  3.58738E-06 ,  1.98804E-02 
    4391 ,  6.65532E-01 ,  4.07996E-01 , -1.56270E-03 ,  4.12225E-02 , -5.75027E-11 ,  1.38356E-03 ,  1.13036E-04 ,  7.30506E-11 , -4.13292E-03 , -1.78376E-05 ,  1.21740E-02 
    4401 ,  6.67116E-01 ,  4.07996E-01 , -1.99564E-03 ,  2.31940E-02 , -8.60425E-11 ,  1.38109E-03 ,  1.11810E-04 ,  7.03892E-11 , -2.32984E-03 , -6.14055E-05 ,  3.14391E-03 
    4411 ,  6.68701E-01 ,  4.07996E-01 , -2.45886E-03 ,  8.36123E-03 , -8.72957E-11 ,  1.37734E-03 ,  1.09930E-04 ,  5.37278E-11 , -8.46496E-04 , -1.08092E-04 , -4.26183E-03 
    4421 ,  6.70287E-01 ,  4.07996E-01 , -2.75149E-03 ,  3.57162E-04 , -5.45943E-11 ,  1.37280E-03 ,  1.08046E-04 ,  2.95695E-11 , -4.58192E-05 , -1.37782E-04 , -8.23184E-03 
    4431 ,  6.71874E-01 ,  4.07996E-01 , -2.72937E-03 ,  5.05914E-04 ,  1.31423E-11 ,  1.36825E-03 ,  1.06581E-04 ,  2.41034E-11 , -6.06584E-05 , -1.36039E-04 , -8.09857E-03 
    4441 ,  6.73462E-01 ,  4.07996E-01 , -2.28464E-03 ,  9.35774E-03 ,  1.16067E-10 ,  1.36473E-03 ,  1.05889E-04 ,  2.13936E-11 , -9.45719E-04 , -9.20083E-05 , -3.60008E-03 
    4451 ,  6.75051E-01 ,  4.07996E-01 , -1.48666E-03 ,  2.40560E-02 ,  2.34577E-10 ,  1.36305E-03 ,  1.06315E-04 ,  2.99893E-11 , -2.41540E-03 , -1.22727E-05 ,  3.79841E-03 
    4461 ,  6.76639E-01 ,  4.07996E-01 , -4.63132E-04 ,  4.20817E-02 ,  3.56724E-10 ,  1.36364E-03 ,  1.07689E-04 ,  4.73066E-11 , -4.21807E-03 ,  9.01307E-05 ,  1.28352E-02 
    4471 ,  6.78228E-01 ,  4.07996E-01 ,  4.88669E-04 ,  5.84030E-02 ,  4.57910E-10 ,  1.36608E-03 ,  1.09827E-04 ,  5.99267E-11 , -5.85044E-03 ,  1.85554E-04 ,  2.09553E-02 
    4481 ,  6.79815E-01 ,  4.07996E-01 ,  1.01126E-03 ,  6.75176E-02 ,  5.11006E-10 ,  1.36928E-03 ,  1.11929E-04 ,  6.32921E-11 , -6.76233E-03 ,  2.38110E-04 ,  2.54409E-02 
    4491 ,  6.81401E-01 ,  4.07996E-01 ,  1.05629E-03 ,  6.89234E-02 ,  5.21625E-10 ,  1.37190E-03 ,  1.13701E-04 ,  8.79001E-11 , -6.90313E-03 ,  2.42908E-04 ,  2.60660E-02 
    4501 ,  6.82986E-01 ,  4.07996E-01 ,  6.00978E-04 ,  6.16297E-02 ,  4.83975E-10 ,  1.37287E-03 ,  1.14671E-04 ,  8.35588E-11 , -6.17389E-03 ,  1.97427E-04 ,  2.23576E-02 
    4511 ,  6.84570E-01 ,  4.07996E-01 , -1.91536E-04 ,  4.70434E-02 ,  4.14942E-10 ,  1.37164E-03 ,  1.14453E-04 ,  7.79901E-11 , -4.71507E-03 ,  1.18107E-04 ,  1.50169E-02 
    4521 ,  6.86153E-01 ,  4.07996E-01 , -1.09583E-03 ,  2.76115E-02 ,  3.14040E-10 ,  1.36820E-03 ,  1.13176E-04 ,  7.06507E-11 , -2.77167E-03 ,  2.73283E-05 ,  5.28898E-03 
    4531 ,  6.87735E-01 ,  4.07996E-01 , -1.71224E-03 ,  9.84325E-03 ,  2.12665E-10 ,  1.36371E-03 ,  1.11189E-04 ,  3.18827E-11 , -9.94690E-04 , -3.47537E-05 , -3.57298E-03 
    4541 ,  6.89318E-01 ,  4.07996E-01 , -1.94244E-03 , -3.35785E-03 ,  1.15201E-10 ,  1.35941E-03 ,  1.08859E-04 ,  1.71692E-11 ,  3.25753E-04 , -5.82168E-05 , -1.01112E-02 
    4551 ,  6.90901E-01 ,  4.07996E-01 , -1.76217E-03 , -8.64002E-03 ,  3.02668E-11 ,  1.35645E-03 ,  1.06781E-04 ,  1.49974E-11 ,  8.54175E-04 , -4.04955E-05 , -1.26575E-02 
    4561 ,  6.92485E-01 ,  4.07996E-01 , -1.34783E-03 , -4.02375E-03 , -3.50577E-11 ,  1.35531E-03 ,  1.05348E-04 ,  1.03722E-11 ,  3.92868E-04 ,  8.66028E-07 , -1.02506E-02 
    4571 ,  6.94070E-01 ,  4.07996E-01 , -9.91391E-04 ,  9.16723E-03 , -7.86697E-11 ,  1.35563E-03 ,  1.05052E-04 ,  1.25358E-11 , -9.26294E-04 ,  3.65552E-05 , -3.58254E-03 
    4581 ,  6.95655E-01 ,  4.07996E-01 , -9.24735E-04 ,  2.83688E-02 , -1.10693E-10 ,  1.35635E-03 ,  1.06050E-04 ,  3.26767E-11 , -2.84647E-03 ,  4.32649E-05 ,  6.03916E-03 
    4591 ,  6.97241E-01 ,  4.07996E-01 , -1.26481E-03 ,  4.80208E-02 , -1.28356E-10 ,  1.35618E-03 ,  1.08154E-04 ,  5.30846E-11 , -4.81223E-03 ,  9.20996E-06 ,  1.58198E-02 
    4601 ,  6.98826E-01 ,  4.07996E-01 , -1.95420E-03 ,  6.38872E-02 , -1.41318E-10 ,  1.35421E-03 ,  1.10512E-04 ,  7.26140E-11 , -6.39924E-03 , -5.99184E-05 ,  2.36583E-02 
    4611 ,  7.00411E-01 ,  4.07996E-01 , -2.82154E-03 ,  7.33039E-02 , -1.42736E-10 ,  1.35004E-03 ,  1.12903E-04 ,  7.95115E-11 , -7.34133E-03 , -1.47101E-04 ,  2.82576E-02 
    4621 ,  7.01996E-01 ,  4.07996E-01 , -3.42611E-03 ,  7.27201E-02 , -1.35988E-10 ,  1.34433E-03 ,  1.14753E-04 ,  8.54493E-11 , -7.28287E-03 , -2.08090E-04 ,  2.78740E-02 
    4631 ,  7.03579E-01 ,  4.07996E-01 , -3.49902E-03 ,  6.18311E-02 , -1.13308E-10 ,  1.33863E-03 ,  1.15482E-04 ,  7.80883E-11 , -6.19388E-03 , -2.15945E-04 ,  2.23559E-02 
    4641 ,  7.05163E-01 ,  4.07996E-01 , -2.91223E-03 ,  4.41401E-02 , -7.97201E-11 ,  1.33459E-03 ,  1.15052E-04 ,  7.64500E-11 , -4.42465E-03 , -1.57689E-04 ,  1.34723E-02 
    4651 ,  7.06746E-01 ,  4.07996E-01 , -1.81530E-03 ,  2.36443E-02 , -3.07042E-11 ,  1.33335E-03 ,  1.13589E-04 ,  6.08620E-11 , -2.37462E-03 , -4.80706E-05 ,  3.23619E-03 
    4661 ,  7.08329E-01 ,  4.07996E-01 , -5.54809E-04 ,  6.13060E-03 ,  3.05389E-11 ,  1.33494E-03 ,  1.11361E-04 ,  5.83078E-11 , -6.23346E-04 ,  7.81226E-05 , -5.47591E-03 
    4671 ,  7.09912E-01 ,  4.07996E-01 ,  4.84027E-04 , -4.09593E-03 ,  9.97335E-11 ,  1.33852E-03 ,  1.09041E-04 ,  3.56623E-11 ,  3.99857E-04 ,  1.82385E-04 , -1.05057E-02 
    4681 ,  7.11496E-01 ,  4.07996E-01 ,  1.02483E-03 , -4.69223E-03 ,  1.71541E-10 ,  1.34249E-03 ,  1.07281E-04 ,  3.29278E-11 ,  4.59198E-04 ,  2.36885E-04 , -1.07238E-02 
    4691 ,  7.13082E-01 ,  4.07996E-01 ,  8.96177E-04 ,  5.56450E-03 ,  2.44904E-10 ,  1.34520E-03 ,  1.06312E-04 ,  3.19237E-11 , -5.66399E-04 ,  2.24206E-04 , -5.51304E-03 
    4701 ,  7.14667E-01 ,  4.07996E-01 ,  3.04977E-04 ,  2.09667E-02 ,  2.99751E-10 ,  1.34539E-03 ,  1.06816E-04 ,  4.52334E-11 , -2.10665E-03 ,  1.65112E-04 ,  2.22041E-03 
    4711 ,  7.16253E-01 ,  4.07996E-01 , -5.50780E-04 ,  3.97888E-02 ,  3.40711E-10 ,  1.34296E-03 ,  1.08148E-04 ,  5.00245E-11 , -3.98915E-03 ,  7.92782E-05 ,  1.16228E-02 
    4721 ,  7.17838E-01 ,  4.07996E-01 , -1.31997E-03 ,  5.65804E-02 ,  3.60298E-10 ,  1.33870E-03 ,  1.10158E-04 ,  5.34730E-11 , -5.66851E-03 ,  1.93482E-06 ,  1.99824E-02 
    4731 ,  7.19422E-01 ,  4.07996E-01 , -1.74019E-03 ,  6.72660E-02 ,  3.53221E-10 ,  1.33394E-03 ,  1.12290E-04 ,  6.42597E-11 , -6.73713E-03 , -4.05548E-05 ,  2.52673E-02 
    4741 ,  7.21006E-01 ,  4.07996E-01 , -1.62917E-03 ,  6.74200E-02 ,  3.15586E-10 ,  1.33026E-03 ,  1.13952E-04 ,  6.37708E-11 , -6.75244E-03 , -2.97994E-05 ,  2.52766E-02 
    4751 ,  7.22588E-01 ,  4.07996E-01 , -1.13381E-03 ,  5.75378E-02 ,  2.51132E-10 ,  1.32875E-03 ,  1.14638E-04 ,  6.99261E-11 , -5.76414E-03 ,  1.96027E-05 ,  2.02629E-02 
    4761 ,  7.24168E-01 ,  4.07996E-01 , -5.66976E-04 ,  4.03054E-02 ,  1.66216E-10 ,  1.32928E-03 ,  1.14165E-04 ,  6.06561E-11 , -4.04058E-03 ,  7.64188E-05 ,  1.15912E-02 
    4771 ,  7.25749E-01 ,  4.07996E-01 , -2.81281E-04 ,  2.15841E-02 ,  7.37366E-11 ,  1.33077E-03 ,  1.12969E-04 ,  5.89070E-11 , -2.16877E-03 ,  1.04956E-04 ,  2.20409E-03 
    4781 ,  7.27329E-01 ,  4.07996E-01 , -4.90416E-04 ,  4.62810E-03 , -1.93934E-11 ,  1.33176E-03 ,  1.10866E-04 ,  5.35637E-11 , -4.72861E-04 ,  8.43234E-05 , -6.25817E-03 
    4791 ,  7.28910E-01 ,  4.07996E-01 , -1.17686E-03 , -3.89048E-03 , -8.82422E-11 ,  1.33090E-03 ,  1.08815E-04 ,  4.01958E-11 ,  3.79058E-04 ,  1.55002E-05 , -1.04775E-02 
    4801 ,  7.30492E-01 ,  4.07996E-01 , -2.15969E-03 , -1.89836E-03 , -1.23567E-10 ,  1.32757E-03 ,  1.07407E-04 ,  3.38219E-11 ,  1.79748E-04 , -8.31614E-05 , -9.42265E-03 
    4811 ,  7.32076E-01 ,  4.07996E-01 , -3.03907E-03 ,  9.37353E-03 , -1.20863E-10 ,  1.32210E-03 ,  1.06955E-04 ,  3.57603E-11 , -9.47654E-04 , -1.71647E-04 , -3.72560E-03 
    4821 ,  7.33660E-01 ,  4.07996E-01 , -3.58857E-03 ,  2.87407E-02 , -7.82249E-11 ,  1.31567E-03 ,  1.07704E-04 ,  3.45726E-11 , -2.88440E-03 , -2.27245E-04 ,  6.01645E-03 
    4831 ,  7.35245E-01 ,  4.07996E-01 , -3.49461E-03 ,  5.07945E-02 , -9.43207E-13 ,  1.30988E-03 ,  1.09620E-04 ,  4.55292E-11 , -5.08960E-03 , -2.18392E-04 ,  1.70660E-02 
    4841 ,  7.36829E-01 ,  4.07996E-01 , -2.79499E-03 ,  6.71744E-02 ,  8.79230E-11 ,  1.30631E-03 ,  1.12112E-04 ,  6.54298E-11 , -6.72765E-03 , -1.48779E-04 ,  2.52280E-02 
    4851 ,  7.38413E-01 ,  4.07996E-01 , -1.67263E-03 ,  7.48250E-02 ,  1.77991E-10 ,  1.30559E-03 ,  1.13933E-04 ,  7.00786E-11 , -7.49289E-03 , -3.66027E-05 ,  2.89808E-02 
    4861 ,  7.39996E-01 ,  4.07996E-01 , -5.41115E-04 ,  7.13460E-02 ,  2.51542E-10 ,  1.30757E-03 ,  1.15679E-04 ,  8.66401E-11 , -7.14509E-03 ,  7.67616E-05 ,  2.71519E-02 
    4871 ,  7.41578E-01 ,  4.07996E-01 ,  3.09716E-04 ,  5.70125E-02 ,  3.05841E-10 ,  1.31084E-03 ,  1.16130E-04 ,  9.15012E-11 , -5.71125E-03 ,  1.62205E-04 ,  1.98986E-02 
    4881 ,  7.43159E-01 ,  4.07996E-01 ,  5.86797E-04 ,  3.63004E-02 ,  3.25464E-10 ,  1.31377E-03 ,  1.15219E-04 ,  9.79948E-11 , -3.64053E-03 ,  1.90164E-04 ,  9.49865E-03 
    4891 ,  7.44740E-01 ,  4.07996E-01 ,  3.16525E-04 ,  1.38700E-02 ,  3.26400E-10 ,  1.31498E-03 ,  1.13298E-04 ,  7.38659E-11 , -1.39734E-03 ,  1.63262E-04 , -1.71944E-03 
    4901 ,  7.46321E-01 ,  4.07996E-01 , -3.32965E-04 , -4.42424E-03 ,  3.15030E-10 ,  1.31390E-03 ,  1.10611E-04 ,  4.76729E-11 ,  4.32067E-04 ,  9.81784E-05 , -1.08269E-02 
    4911 ,  7.47903E-01 ,  4.07996E-01 , -9.80324E-04 , -1.24482E-02 ,  3.02781E-10 ,  1.31092E-03 ,  1.08193E-04 ,  2.40292E-11 ,  1.23443E-03 ,  3.30990E-05 , -1.47717E-02 
    4921 ,  7.49485E-01 ,  4.07996E-01 , -1.37132E-03 , -9.37571E-03 ,  2.98646E-10 ,  1.30722E-03 ,  1.06489E-04 ,  2.40663E-11 ,  9.27293E-04 , -6.36902E-06 , -1.31484E-02 
    4931 ,  7.51068E-01 ,  4.07996E-01 , -1.36455E-03 ,  5.12968E-03 ,  2.99527E-10 ,  1.30419E-03 ,  1.06136E-04 ,  1.39787E-11 , -5.22767E-04 , -5.93662E-06 , -5.80505E-03 
    4941 ,  7.52652E-01 ,  4.07996E-01 , -9.54020E-04 ,  2.74832E-02 ,  3.01676E-10 ,  1.30289E-03 ,  1.07003E-04 ,  2.86240E-11 , -2.75830E-03 ,  3.48918E-05 ,  5.43166E-03 
    4951 ,  7.54235E-01 ,  4.07996E-01 , -4.03809E-04 ,  5.00769E-02 ,  2.95902E-10 ,  1.30353E-03 ,  1.09057E-04 ,  4.24278E-11 , -5.01748E-03 ,  9.00715E-05 ,  1.67256E-02 
    4961 ,  7.55817E-01 ,  4.07996E-01 , -3.50183E-06 ,  6.80287E-02 ,  2.68221E-10 ,  1.30532E-03 ,  1.11778E-04 ,  6.78282E-11 , -6.81293E-03 ,  1.30315E-04 ,  2.56428E-02 
    4971 ,  7.57399E-01 ,  4.07996E-01 , -1.32164E-05 ,  7.72110E-02 ,  2.11426E-10 ,  1.30712E-03 ,  1.14309E-04 ,  8.11978E-11 , -7.73143E-03 ,  1.29505E-04 ,  3.01341E-02 
    4981 ,  7.58979E-01 ,  4.07996E-01 , -5.67771E-04 ,  7.38573E-02 ,  1.24899E-10 ,  1.30738E-03 ,  1.16136E-04 ,  9.43855E-11 , -7.39637E-03 ,  7.40303E-05 ,  2.83383E-02 
    4991 ,  7.60558E-01 ,  4.07996E-01 , -1.45504E-03 ,  6.04389E-02 ,  1.89631E-11 ,  1.30533E-03 ,  1.16757E-04 ,  9.78836E-11 , -6.05463E-03 , -1.48886E-05 ,  2.15257E-02 
    5001 ,  7.62136E-01 ,  4.07996E-01 , -2.42491E-03 ,  4.07760E-02 , -8.54028E-11 ,  1.30096E-03 ,  1.16157E-04 ,  8.30016E-11 , -4.08826E-03 , -1.12258E-04 ,  1.16316E-02 
    5011 ,  7.63715E-01 ,  4.07996E-01 , -3.17753E-03 ,  1.98332E-02 , -1.75581E-10 ,  1.29519E-03 ,  1.14407E-04 ,  6.39734E-11 , -1.99418E-03 , -1.88237E-04 ,  1.14749E-03 
    5021 ,  7.65293E-01 ,  4.07996E-01 , -3.49172E-03 ,  2.17452E-03 , -2.40340E-10 ,  1.28937E-03 ,  1.12182E-04 ,  3.88556E-11 , -2.27904E-04 , -2.20121E-04 , -7.62722E-03 
    5031 ,  7.66872E-01 ,  4.07996E-01 , -3.23339E-03 , -6.32167E-03 , -2.60329E-10 ,  1.28493E-03 ,  1.09847E-04 ,  3.65446E-11 ,  6.21763E-04 , -1.94804E-04 , -1.17751E-02 
    5041 ,  7.68453E-01 ,  4.07996E-01 , -2.52225E-03 , -3.78037E-03 , -2.35210E-10 ,  1.28292E-03 ,  1.08296E-04 ,  2.51283E-11 ,  3.67944E-04 , -1.23885E-04 , -1.03831E-02 
    5051 ,  7.70034E-01 ,  4.07996E-01 , -1.51563E-03 ,  1.01288E-02 , -1.60265E-10 ,  1.28342E-03 ,  1.07665E-04 ,  1.99785E-11 , -1.02259E-03 , -2.30654E-05 , -3.30780E-03 
    5061 ,  7.71616E-01 ,  4.07996E-01 , -7.30030E-04 ,  2.83212E-02 , -6.97849E-11 ,  1.28572E-03 ,  1.08472E-04 ,  5.23102E-11 , -2.84179E-03 ,  5.56594E-05 ,  5.84429E-03 
    5071 ,  7.73199E-01 ,  4.07996E-01 , -2.85862E-04 ,  4.71614E-02 ,  2.99161E-11 ,  1.28826E-03 ,  1.09992E-04 ,  6.64441E-11 , -4.72606E-03 ,  1.00351E-04 ,  1.52512E-02 
    5081 ,  7.74781E-01 ,  4.07996E-01 , -2.71454E-04 ,  6.07386E-02 ,  1.21322E-10 ,  1.28976E-03 ,  1.12032E-04 ,  8.24074E-11 , -6.08409E-03 ,  1.01950E-04 ,  2.19698E-02 
    5091 ,  7.76363E-01 ,  4.07996E-01 , -5.84448E-04 ,  6.61805E-02 ,  1.96569E-10 ,  1.28945E-03 ,  1.13922E-04 ,  9.45178E-11 , -6.62861E-03 ,  7.05712E-05 ,  2.45862E-02 
    5101 ,  7.77944E-01 ,  4.07996E-01 , -9.75086E-04 ,  6.17448E-02 ,  2.42746E-10 ,  1.28750E-03 ,  1.15106E-04 ,  9.47029E-11 , -6.18510E-03 ,  3.13205E-05 ,  2.22686E-02 
    5111 ,  7.79525E-01 ,  4.07996E-01 , -1.24465E-03 ,  4.88276E-02 ,  2.66884E-10 ,  1.28457E-03 ,  1.15324E-04 ,  8.22595E-11 , -4.89344E-03 ,  4.10462E-06 ,  1.57339E-02 
    5121 ,  7.81104E-01 ,  4.07996E-01 , -1.21501E-03 ,  3.21060E-02 ,  2.71160E-10 ,  1.28181E-03 ,  1.14479E-04 ,  6.66420E-11 , -3.22115E-03 ,  6.79238E-06 ,  7.33630E-03 
    5131 ,  7.82683E-01 ,  4.07996E-01 , -8.88103E-04 ,  1.54553E-02 ,  2.65630E-10 ,  1.28012E-03 ,  1.12997E-04 ,  5.70932E-11 , -1.55599E-03 ,  3.92701E-05 , -9.83293E-04 
    5141 ,  7.84262E-01 ,  4.07996E-01 , -4.22329E-04 ,  4.29462E-03 ,  2.53067E-10 ,  1.27990E-03 ,  1.11119E-04 ,  3.58364E-11 , -4.39839E-04 ,  8.58308E-05 , -6.52445E-03 
    5151 ,  7.85842E-01 ,  4.07996E-01 ,  1.34922E-05 ,  1.26515E-03 ,  2.36985E-10 ,  1.28093E-03 ,  1.09468E-04 ,  3.53596E-11 , -1.36790E-04 ,  1.29550E-04 , -7.97337E-03 
    5161 ,  7.87422E-01 ,  4.07996E-01 ,  1.29260E-04 ,  7.53059E-03 ,  2.21630E-10 ,  1.28238E-03 ,  1.08718E-04 ,  3.74449E-11 , -7.62949E-04 ,  1.41246E-04 , -4.77502E-03 
    5171 ,  7.89002E-01 ,  4.07996E-01 , -1.19634E-04 ,  2.10244E-02 ,  2.02873E-10 ,  1.28313E-03 ,  1.08933E-04 ,  3.86859E-11 , -2.11248E-03 ,  1.16428E-04 ,  2.01438E-03 
    5181 ,  7.90582E-01 ,  4.07996E-01 , -7.25722E-04 ,  3.87393E-02 ,  1.79693E-10 ,  1.28239E-03 ,  1.10139E-04 ,  5.29378E-11 , -3.88383E-03 ,  5.58457E-05 ,  1.08937E-02 
    5191 ,  7.92162E-01 ,  4.07996E-01 , -1.51338E-03 ,  5.54935E-02 ,  1.46405E-10 ,  1.27988E-03 ,  1.11842E-04 ,  6.05188E-11 , -5.55944E-03 , -2.32503E-05 ,  1.92523E-02 
    5201 ,  7.93742E-01 ,  4.07996E-01 , -2.20576E-03 ,  6.57163E-02 ,  1.10245E-10 ,  1.27591E-03 ,  1.14027E-04 ,  7.54941E-11 , -6.58200E-03 , -9.28442E-05 ,  2.43109E-02 
    5211 ,  7.95320E-01 ,  4.07996E-01 , -2.66892E-03 ,  6.75480E-02 ,  6.72956E-11 ,  1.27144E-03 ,  1.15487E-04 ,  7.56601E-11 , -6.76540E-03 , -1.39627E-04 ,  2.51498E-02 
    5221 ,  7.96898E-01 ,  4.07996E-01 , -2.77101E-03 ,  6.04926E-02 ,  2.67220E-11 ,  1.26728E-03 ,  1.16484E-04 ,  8.27362E-11 , -6.06001E-03 , -1.50208E-04 ,  2.15450E-02 
    5231 ,  7.98476E-01 ,  4.07996E-01 , -2.53367E-03 ,  4.58458E-02 , -7.08916E-12 ,  1.26426E-03 ,  1.16135E-04 ,  7.59121E-11 , -4.59549E-03 , -1.26848E-04 ,  1.41682E-02 
    5241 ,  8.00053E-01 ,  4.07996E-01 , -2.09542E-03 ,  2.82653E-02 , -2.51485E-11 ,  1.26259E-03 ,  1.15367E-04 ,  7.36831E-11 , -2.83732E-03 , -8.32095E-05 ,  5.36779E-03 
    5251 ,  8.01630E-01 ,  4.07996E-01 , -1.59714E-03 ,  1.11565E-02 , -2.41127E-11 ,  1.26213E-03 ,  1.13301E-04 ,  5.23272E-11 , -1.12627E-03 , -3.34469E-05 , -3.14929E-03 
    5261 ,  8.03208E-01 ,  4.07996E-01 , -1.21468E-03 , -1.47102E-04 , -4.93926E-13 ,  1.26221E-03 ,  1.11389E-04 ,  4.95356E-11 ,  4.21689E-06 ,  4.89335E-06 , -8.72842E-03 
    5271 ,  8.04788E-01 ,  4.07996E-01 , -1.04357E-03 , -2.64969E-03 ,  4.68724E-11 ,  1.26227E-03 ,  1.09281E-04 ,  5.02068E-11 ,  2.54943E-04 ,  2.19749E-05 , -9.89333E-03 
    5281 ,  8.06367E-01 ,  4.07996E-01 , -1.05857E-03 ,  3.74595E-03 ,  1.10912E-10 ,  1.26175E-03 ,  1.08289E-04 ,  4.78355E-11 , -3.84358E-04 ,  2.04442E-05 , -6.62526E-03 
    5291 ,  8.07948E-01 ,  4.07996E-01 , -1.16049E-03 ,  1.74134E-02 ,  1.85016E-10 ,  1.26053E-03 ,  1.08361E-04 ,  4.96349E-11 , -1.75100E-03 ,  1.01840E-05 ,  2.47190E-04 
    5301 ,  8.09529E-01 ,  4.07996E-01 , -1.21958E-03 ,  3.50223E-02 ,  2.63407E-10 ,  1.25892E-03 ,  1.09504E-04 ,  5.35521E-11 , -3.51191E-03 ,  4.03818E-06 ,  9.05013E-03 
    5311 ,  8.11111E-01 ,  4.07996E-01 , -1.13148E-03 ,  5.08722E-02 ,  3.31067E-10 ,  1.25739E-03 ,  1.11220E-04 ,  5.44365E-11 , -5.09715E-03 ,  1.27513E-05 ,  1.69355E-02 
    5321 ,  8.12691E-01 ,  4.07996E-01 , -8.90205E-04 ,  6.09209E-02 ,  3.77291E-10 ,  1.25646E-03 ,  1.13133E-04 ,  6.95437E-11 , -6.10244E-03 ,  3.67743E-05 ,  2.18922E-02 
    5331 ,  8.14271E-01 ,  4.07996E-01 , -5.47561E-04 ,  6.39488E-02 ,  4.00188E-10 ,  1.25636E-03 ,  1.14847E-04 ,  7.77008E-11 , -6.40565E-03 ,  7.09551E-05 ,  2.33245E-02 
    5341 ,  8.15849E-01 ,  4.07996E-01 , -2.21503E-04 ,  5.95536E-02 ,  3.94528E-10 ,  1.25697E-03 ,  1.15969E-04 ,  8.40966E-11 , -5.96639E-03 ,  1.03592E-04 ,  2.10513E-02 
    5351 ,  8.17427E-01 ,  4.07996E-01 , -1.73459E-05 ,  4.85509E-02 ,  3.60006E-10 ,  1.25793E-03 ,  1.16157E-04 ,  7.79229E-11 , -4.86611E-03 ,  1.24116E-04 ,  1.54911E-02 
    5361 ,  8.19003E-01 ,  4.07996E-01 , -5.55771E-05 ,  3.47976E-02 ,  3.01366E-10 ,  1.25863E-03 ,  1.15536E-04 ,  6.98185E-11 , -3.49059E-03 ,  1.20370E-04 ,  8.58892E-03 
    5371 ,  8.20579E-01 ,  4.07996E-01 , -3.45417E-04 ,  2.18843E-02 ,  2.27849E-10 ,  1.25853E-03 ,  1.14333E-04 ,  6.52862E-11 , -2.19882E-03 ,  9.14159E-05 ,  2.14667E-03 
    5381 ,  8.22155E-01 ,  4.07996E-01 , -8.14390E-04 ,  1.31200E-02 ,  1.50563E-10 ,  1.25736E-03 ,  1.12948E-04 ,  5.74912E-11 , -1.32214E-03 ,  4.44240E-05 , -2.19097E-03 
    5391 ,  8.23732E-01 ,  4.07996E-01 , -1.35117E-03 ,  1.06194E-02 ,  7.62622E-11 ,  1.25520E-03 ,  1.11706E-04 ,  4.44266E-11 , -1.07183E-03 , -9.48143E-06 , -3.37230E-03 
    5401 ,  8.25309E-01 ,  4.07996E-01 , -1.81399E-03 ,  1.41918E-02 ,  1.47552E-11 ,  1.25237E-03 ,  1.10975E-04 ,  4.48642E-11 , -1.42900E-03 , -5.59909E-05 , -1.51664E-03 
    5411 ,  8.26886E-01 ,  4.07996E-01 , -2.14607E-03 ,  2.29777E-02 , -3.50827E-11 ,  1.24936E-03 ,  1.10917E-04 ,  4.45294E-11 , -2.30760E-03 , -8.94993E-05 ,  2.92753E-03 
    5421 ,  8.28463E-01 ,  4.07996E-01 , -2.27529E-03 ,  3.39726E-02 , -7.04935E-11 ,  1.24665E-03 ,  1.11507E-04 ,  5.25879E-11 , -3.40733E-03 , -1.02713E-04 ,  8.44608E-03 
    5431 ,  8.30040E-01 ,  4.07996E-01 , -2.22217E-03 ,  4.34858E-02 , -9.02733E-11 ,  1.24452E-03 ,  1.12438E-04 ,  6.84675E-11 , -4.35896E-03 , -9.76876E-05 ,  1.31888E-02 
    5441 ,  8.31617E-01 ,  4.07996E-01 , -2.06613E-03 ,  4.93045E-02 , -9.96887E-11 ,  1.24303E-03 ,  1.13567E-04 ,  7.85015E-11 , -4.94129E-03 , -8.22371E-05 ,  1.60594E-02 
    5451 ,  8.33194E-01 ,  4.07996E-01 , -1.87102E-03 ,  5.02970E-02 , -1.01281E-10 ,  1.24205E-03 ,  1.14456E-04 ,  7.89075E-11 , -5.04080E-03 , -6.28520E-05 ,  1.65074E-02 
    5461 ,  8.34771E-01 ,  4.07996E-01 , -1.70309E-03 ,  4.61506E-02 , -9.38708E-11 ,  1.24135E-03 ,  1.14940E-04 ,  9.19413E-11 , -4.62598E-03 , -4.61122E-05 ,  1.43926E-02 
    5471 ,  8.36347E-01 ,  4.07996E-01 , -1.58643E-03 ,  3.79620E-02 , -7.95847E-11 ,  1.24063E-03 ,  1.14846E-04 ,  7.35911E-11 , -3.80688E-03 , -3.44980E-05 ,  1.02681E-02 
    5481 ,  8.37924E-01 ,  4.07996E-01 , -1.52106E-03 ,  2.84495E-02 , -5.64591E-11 ,  1.23974E-03 ,  1.14052E-04 ,  8.16642E-11 , -2.85512E-03 , -2.80176E-05 ,  5.50145E-03 
    5491 ,  8.39501E-01 ,  4.07996E-01 , -1.47265E-03 ,  2.09314E-02 , -2.38999E-11 ,  1.23868E-03 ,  1.13249E-04 ,  7.10192E-11 , -2.10326E-03 , -2.32751E-05 ,  1.74893E-03 
    5501 ,  8.41078E-01 ,  4.07996E-01 , -1.37736E-03 ,  1.64762E-02 ,  2.69443E-11 ,  1.23758E-03 ,  1.12266E-04 ,  7.08249E-11 , -1.65732E-03 , -1.37618E-05 , -4.58484E-04 
    5511 ,  8.42655E-01 ,  4.07996E-01 , -1.21554E-03 ,  1.70581E-02 ,  8.49813E-11 ,  1.23657E-03 ,  1.11529E-04 ,  5.76639E-11 , -1.71574E-03 ,  2.26197E-06 , -1.45837E-04 
    5521 ,  8.44233E-01 ,  4.07996E-01 , -9.90130E-04 ,  2.18873E-02 ,  1.46634E-10 ,  1.23586E-03 ,  1.11290E-04 ,  6.85969E-11 , -2.19885E-03 ,  2.46725E-05 ,  2.28251E-03 
    5531 ,  8.45811E-01 ,  4.07996E-01 , -6.91980E-04 ,  3.06622E-02 ,  2.17728E-10 ,  1.23562E-03 ,  1.11621E-04 ,  6.28763E-11 , -3.07649E-03 ,  5.44851E-05 ,  6.68137E-03 
    5541 ,  8.47389E-01 ,  4.07996E-01 , -4.30778E-04 ,  3.95816E-02 ,  2.71795E-10 ,  1.23577E-03 ,  1.12423E-04 ,  7.66936E-11 , -3.96877E-03 ,  8.05639E-05 ,  1.11375E-02 
    5551 ,  8.48967E-01 ,  4.07996E-01 , -2.31441E-04 ,  4.76634E-02 ,  3.11832E-10 ,  1.23613E-03 ,  1.13510E-04 ,  6.94877E-11 , -4.77692E-03 ,  1.00559E-04 ,  1.51636E-02 
    5561 ,  8.50544E-01 ,  4.07996E-01 , -1.70333E-04 ,  5.23914E-02 ,  3.26452E-10 ,  1.23649E-03 ,  1.14636E-04 ,  8.79034E-11 , -5.24983E-03 ,  1.06690E-04 ,  1.74982E-02 
    5571 ,  8.52120E-01 ,  4.07996E-01 , -2.76097E-04 ,  5.26680E-02 ,  3.14427E-10 ,  1.23647E-03 ,  1.15566E-04 ,  8.83198E-11 , -5.27734E-03 ,  9.61810E-05 ,  1.76003E-02 
    5581 ,  8.53695E-01 ,  4.07996E-01 , -5.41384E-04 ,  4.84605E-02 ,  2.75933E-10 ,  1.23584E-03 ,  1.16035E-04 ,  8.48850E-11 , -4.85649E-03 ,  6.95748E-05 ,  1.54618E-02 
    5591 ,  8.55270E-01 ,  4.07996E-01 , -9.20995E-04 ,  4.08982E-02 ,  2.19073E-10 ,  1.23452E-03 ,  1.15987E-04 ,  8.65885E-11 , -4.10004E-03 ,  3.14733E-05 ,  1.16579E-02 
    5601 ,  8.56844E-01 ,  4.07996E-01 , -1.34304E-03 ,  3.16230E-02 ,  1.52169E-10 ,  1.23246E-03 ,  1.15402E-04 ,  7.97642E-11 , -3.17243E-03 , -1.08157E-05 ,  7.01679E-03 
    5611 ,  8.58418E-01 ,  4.07996E-01 , -1.70495E-03 ,  2.31586E-02 ,  8.79254E-11 ,  1.22994E-03 ,  1.14476E-04 ,  6.85796E-11 , -2.32593E-03 , -4.73455E-05 ,  2.80279E-03 
    5621 ,  8.59992E-01 ,  4.07996E-01 , -1.96300E-03 ,  1.68353E-02 ,  3.27565E-11 ,  1.22724E-03 ,  1.13349E-04 ,  5.53253E-11 , -1.69373E-03 , -7.34464E-05 , -3.21981E-04 
    5631 ,  8.61567E-01 ,  4.07996E-01 , -2.06308E-03 ,  1.44846E-02 , -9.87870E-13 ,  1.22474E-03 ,  1.12365E-04 ,  5.83375E-11 , -1.45884E-03 , -8.37334E-05 , -1.45837E-03 
    5641 ,  8.63142E-01 ,  4.07996E-01 , -2.02990E-03 ,  1.61006E-02 , -1.57980E-11 ,  1.22266E-03 ,  1.11657E-04 ,  6.24630E-11 , -1.62069E-03 , -8.06399E-05 , -6.14194E-04 
    5651 ,  8.64718E-01 ,  4.07996E-01 , -1.89696E-03 ,  2.15965E-02 , -1.13477E-11 ,  1.22110E-03 ,  1.11387E-04 ,  5.86407E-11 , -2.17024E-03 , -6.75298E-05 ,  2.16002E-03 
    5661 ,  8.66294E-01 ,  4.07996E-01 , -1.72797E-03 ,  2.99432E-02 ,  1.32488E-11 ,  1.22003E-03 ,  1.11735E-04 ,  7.51647E-11 , -3.00485E-03 , -5.06695E-05 ,  6.34314E-03 
    5671 ,  8.67871E-01 ,  4.07996E-01 , -1.60742E-03 ,  3.80912E-02 ,  4.92437E-11 ,  1.21919E-03 ,  1.12467E-04 ,  8.73262E-11 , -3.81940E-03 , -3.87390E-05 ,  1.04051E-02 
    5681 ,  8.69447E-01 ,  4.07996E-01 , -1.55034E-03 ,  4.48573E-02 ,  9.06843E-11 ,  1.21828E-03 ,  1.13439E-04 ,  9.62982E-11 , -4.49584E-03 , -3.30668E-05 ,  1.37579E-02 
    5691 ,  8.71023E-01 ,  4.07996E-01 , -1.54760E-03 ,  4.90472E-02 ,  1.38647E-10 ,  1.21711E-03 ,  1.14548E-04 ,  9.37953E-11 , -4.91493E-03 , -3.29505E-05 ,  1.58081E-02 
    5701 ,  8.72600E-01 ,  4.07996E-01 , -1.54967E-03 ,  4.93428E-02 ,  1.81344E-10 ,  1.21566E-03 ,  1.15245E-04 ,  8.14132E-11 , -4.94458E-03 , -3.32644E-05 ,  1.59128E-02 
    5711 ,  8.74175E-01 ,  4.07996E-01 , -1.49059E-03 ,  4.60325E-02 ,  2.22089E-10 ,  1.21412E-03 ,  1.15736E-04 ,  1.00181E-10 , -4.61370E-03 , -2.74992E-05 ,  1.42135E-02 
    5721 ,  8.75751E-01 ,  4.07996E-01 , -1.33416E-03 ,  4.03684E-02 ,  2.55339E-10 ,  1.21275E-03 ,  1.15734E-04 ,  8.34647E-11 , -4.04717E-03 , -1.20185E-05 ,  1.13516E-02 
    5731 ,  8.77326E-01 ,  4.07996E-01 , -1.06871E-03 ,  3.38118E-02 ,  2.79800E-10 ,  1.21190E-03 ,  1.15383E-04 ,  7.76759E-11 , -3.39161E-03 ,  1.44333E-05 ,  8.06304E-03 
    5741 ,  8.78900E-01 ,  4.07996E-01 , -7.16563E-04 ,  2.75794E-02 ,  2.97852E-10 ,  1.21176E-03 ,  1.14769E-04 ,  8.04155E-11 , -2.76852E-03 ,  4.96099E-05 ,  4.95179E-03 
    5751 ,  8.80475E-01 ,  4.07996E-01 , -3.75113E-04 ,  2.34514E-02 ,  3.06124E-10 ,  1.21229E-03 ,  1.14079E-04 ,  6.85041E-11 , -2.35575E-03 ,  8.38076E-05 ,  2.91261E-03 
    5761 ,  8.82050E-01 ,  4.07996E-01 , -1.38754E-04 ,  2.21235E-02 ,  3.04333E-10 ,  1.21330E-03 ,  1.13454E-04 ,  7.09389E-11 , -2.22292E-03 ,  1.07513E-04 ,  2.28082E-03 
    5771 ,  8.83624E-01 ,  4.07996E-01 , -8.40507E-05 ,  2.37669E-02 ,  2.91513E-10 ,  1.21426E-03 ,  1.13083E-04 ,  5.99081E-11 , -2.38717E-03 ,  1.13077E-04 ,  3.13636E-03 
    5781 ,  8.85199E-01 ,  4.07996E-01 , -2.58860E-04 ,  2.81580E-02 ,  2.65134E-10 ,  1.21474E-03 ,  1.13054E-04 ,  7.35300E-11 , -2.82613E-03 ,  9.56966E-05 ,  5.36266E-03 
    5791 ,  8.86773E-01 ,  4.07996E-01 , -6.13942E-04 ,  3.37230E-02 ,  2.29507E-10 ,  1.21431E-03 ,  1.13380E-04 ,  6.27581E-11 , -3.38264E-03 ,  6.01249E-05 ,  8.15873E-03 
    5801 ,  8.88347E-01 ,  4.07996E-01 , -1.07439E-03 ,  3.91297E-02 ,  1.82919E-10 ,  1.21291E-03 ,  1.13919E-04 ,  7.95375E-11 , -3.92330E-03 ,  1.39654E-05 ,  1.08602E-02 
    5811 ,  8.89921E-01 ,  4.07996E-01 , -1.52553E-03 ,  4.28691E-02 ,  1.29297E-10 ,  1.21065E-03 ,  1.14552E-04 ,  7.47078E-11 , -4.29740E-03 , -3.13820E-05 ,  1.27119E-02 
    5821 ,  8.91495E-01 ,  4.07996E-01 , -1.85049E-03 ,  4.37622E-02 ,  7.11448E-11 ,  1.20800E-03 ,  1.15127E-04 ,  7.52426E-11 , -4.38655E-03 , -6.41247E-05 ,  1.31340E-02 
    5831 ,  8.93067E-01 ,  4.07996E-01 , -1.98392E-03 ,  4.16553E-02 ,  1.67193E-11 ,  1.20550E-03 ,  1.15439E-04 ,  7.43887E-11 , -4.17614E-03 , -7.77369E-05 ,  1.20571E-02 
    5841 ,  8.94640E-01 ,  4.07996E-01 , -1.96285E-03 ,  3.69417E-02 , -3.69920E-11 ,  1.20351E-03 ,  1.15403E-04 ,  8.23852E-11 , -3.70474E-03 , -7.58478E-05 ,  9.68111E-03 
    5851 ,  8.96213E-01 ,  4.07996E-01 , -1.84203E-03 ,  3.10303E-02 , -8.23092E-11 ,  1.20219E-03 ,  1.15030E-04 ,  7.69494E-11 , -3.11352E-03 , -6.39287E-05 ,  6.71466E-03 
    5861 ,  8.97786E-01 ,  4.07996E-01 , -1.72029E-03 ,  2.56768E-02 , -1.13786E-10 ,  1.20139E-03 ,  1.14480E-04 ,  8.30369E-11 , -2.57839E-03 , -5.18025E-05 ,  4.03852E-03 
    5871 ,  8.99359E-01 ,  4.07996E-01 , -1.66333E-03 ,  2.22043E-02 , -1.28792E-10 ,  1.20078E-03 ,  1.13824E-04 ,  8.42846E-11 , -2.23115E-03 , -4.61942E-05 ,  2.31055E-03 
    5881 ,  9.00932E-01 ,  4.07996E-01 , -1.70145E-03 ,  2.17704E-02 , -1.26621E-10 ,  1.20001E-03 ,  1.13278E-04 ,  7.96556E-11 , -2.18766E-03 , -5.00638E-05 ,  2.10833E-03 
    5891 ,  9.02506E-01 ,  4.07996E-01 , -1.80184E-03 ,  2.47961E-02 , -1.02149E-10 ,  1.19881E-03 ,  1.13085E-04 ,  7.91328E-11 , -2.49015E-03 , -6.02215E-05 ,  3.63796E-03 
    5901 ,  9.04081E-01 ,  4.07996E-01 , -1.88659E-03 ,  3.06547E-02 , -5.83918E-11 ,  1.19722E-03 ,  1.13244E-04 ,  8.05960E-11 , -3.07579E-03 , -6.88305E-05 ,  6.57667E-03 
    5911 ,  9.05655E-01 ,  4.07996E-01 , -1.86705E-03 ,  3.80738E-02 , -9.32561E-13 ,  1.19545E-03 ,  1.13840E-04 ,  8.35891E-11 , -3.81778E-03 , -6.71385E-05 ,  1.02882E-02 
    5921 ,  9.07230E-01 ,  4.07996E-01 , -1.68324E-03 ,  4.49025E-02 ,  6.88692E-11 ,  1.19394E-03 ,  1.14688E-04 ,  7.92766E-11 , -4.50051E-03 , -4.88581E-05 ,  1.36929E-02 
    5931 ,  9.08804E-01 ,  4.07996E-01 , -1.34943E-03 ,  4.91894E-02 ,  1.34711E-10 ,  1.19306E-03 ,  1.15610E-04 ,  8.47019E-11 , -4.92937E-03 , -1.55136E-05 ,  1.58137E-02 
    5941 ,  9.10378E-01 ,  4.07996E-01 , -8.88370E-04 ,  4.99918E-02 ,  1.94276E-10 ,  1.19301E-03 ,  1.16377E-04 ,  9.11667E-11 , -5.00967E-03 ,  3.06392E-05 ,  1.61821E-02 
    5951 ,  9.11951E-01 ,  4.07996E-01 , -4.61873E-04 ,  4.69131E-02 ,  2.38122E-10 ,  1.19375E-03 ,  1.16793E-04 ,  1.03713E-10 , -4.70218E-03 ,  7.30921E-05 ,  1.46127E-02 
    5961 ,  9.13524E-01 ,  4.07996E-01 , -1.53498E-04 ,  4.02393E-02 ,  2.65725E-10 ,  1.19486E-03 ,  1.16707E-04 ,  9.17137E-11 , -4.03451E-03 ,  1.04167E-04 ,  1.12513E-02 
    5971 ,  9.15097E-01 ,  4.07996E-01 , -7.61735E-05 ,  3.19406E-02 ,  2.71082E-10 ,  1.19580E-03 ,  1.16204E-04 ,  9.35878E-11 , -3.20500E-03 ,  1.12075E-04 ,  7.09445E-03 
    5981 ,  9.16669E-01 ,  4.07996E-01 , -2.37001E-04 ,  2.40489E-02 ,  2.60516E-10 ,  1.19606E-03 ,  1.15333E-04 ,  8.25411E-11 , -2.41571E-03 ,  9.59575E-05 ,  3.15772E-03 
    5991 ,  9.18241E-01 ,  4.07996E-01 , -5.73044E-04 ,  1.82058E-02 ,  2.38967E-10 ,  1.19534E-03 ,  1.14328E-04 ,  7.67317E-11 , -1.83136E-03 ,  6.22991E-05 ,  2.62296E-04 
    6001 ,  9.19814E-01 ,  4.07996E-01 , -9.78753E-04 ,  1.60585E-02 ,  2.08516E-10 ,  1.19373E-03 ,  1.13445E-04 ,  6.34480E-11 , -1.61624E-03 ,  2.15590E-05 , -7.78170E-04 
    6011 ,  9.21386E-01 ,  4.07996E-01 , -1.37088E-03 ,  1.84199E-02 ,  1.77581E-10 ,  1.19148E-03 ,  1.12887E-04 ,  6.69087E-11 , -1.85198E-03 , -1.77810E-05 ,  4.38398E-04 
    6021 ,  9.22958E-01 ,  4.07996E-01 , -1.59337E-03 ,  2.44199E-02 ,  1.51241E-10 ,  1.18908E-03 ,  1.12819E-04 ,  6.31065E-11 , -2.45197E-03 , -4.03220E-05 ,  3.45991E-03 
    6031 ,  9.24531E-01 ,  4.07996E-01 , -1.64818E-03 ,  3.25312E-02 ,  1.27703E-10 ,  1.18711E-03 ,  1.13247E-04 ,  6.86506E-11 , -3.26320E-03 , -4.59717E-05 ,  7.52314E-03 
    6041 ,  9.26103E-01 ,  4.07996E-01 , -1.58800E-03 ,  4.09544E-02 ,  1.07747E-10 ,  1.18573E-03 ,  1.14078E-04 ,  7.51576E-11 , -4.10553E-03 , -4.00640E-05 ,  1.17273E-02 
    6051 ,  9.27675E-01 ,  4.07996E-01 , -1.50145E-03 ,  4.76086E-02 ,  9.20014E-11 ,  1.18491E-03 ,  1.15125E-04 ,  9.23207E-11 , -4.77123E-03 , -3.15481E-05 ,  1.50280E-02 
    6061 ,  9.29247E-01 ,  4.07996E-01 , -1.47885E-03 ,  5.06362E-02 ,  7.69990E-11 ,  1.18428E-03 ,  1.16091E-04 ,  9.72645E-11 , -5.07434E-03 , -2.93708E-05 ,  1.65050E-02 
    6071 ,  9.30819E-01 ,  4.07996E-01 , -1.56657E-03 ,  4.95139E-02 ,  6.48050E-11 ,  1.18340E-03 ,  1.16808E-04 ,  1.00680E-10 , -4.96250E-03 , -3.82466E-05 ,  1.58995E-02 
    6081 ,  9.32391E-01 ,  4.07996E-01 , -1.75734E-03 ,  4.45449E-02 ,  5.49254E-11 ,  1.18196E-03 ,  1.17057E-04 ,  9.22090E-11 , -4.46579E-03 , -5.74830E-05 ,  1.33702E-02 
    6091 ,  9.33963E-01 ,  4.07996E-01 , -1.97895E-03 ,  3.69827E-02 ,  5.10913E-11 ,  1.17986E-03 ,  1.16849E-04 ,  8.51089E-11 , -3.70943E-03 , -7.98638E-05 ,  9.55969E-03 
    6101 ,  9.35534E-01 ,  4.07996E-01 , -2.11790E-03 ,  2.88640E-02 ,  5.81912E-11 ,  1.17735E-03 ,  1.16240E-04 ,  8.11518E-11 , -2.89727E-03 , -9.39582E-05 ,  5.49503E-03 
    6111 ,  9.37106E-01 ,  4.07996E-01 , -2.07999E-03 ,  2.26309E-02 ,  7.93766E-11 ,  1.17492E-03 ,  1.15348E-04 ,  7.76501E-11 , -2.27365E-03 , -9.04079E-05 ,  2.40017E-03 
    6121 ,  9.38678E-01 ,  4.07996E-01 , -1.83594E-03 ,  2.00108E-02 ,  1.13957E-10 ,  1.17310E-03 ,  1.14560E-04 ,  7.06507E-11 , -2.01134E-03 , -6.62195E-05 ,  1.13166E-03 
    6131 ,  9.40250E-01 ,  4.07996E-01 , -1.42258E-03 ,  2.14023E-02 ,  1.62101E-10 ,  1.17229E-03 ,  1.14026E-04 ,  6.84805E-11 , -2.15036E-03 , -2.49252E-05 ,  1.87616E-03 
    6141 ,  9.41822E-01 ,  4.07996E-01 , -9.31152E-04 ,  2.64434E-02 ,  2.14887E-10 ,  1.17257E-03 ,  1.13912E-04 ,  6.84694E-11 , -2.65449E-03 ,  2.42632E-05 ,  4.43530E-03 
    6151 ,  9.43394E-01 ,  4.07996E-01 , -5.12501E-04 ,  3.34561E-02 ,  2.65080E-10 ,  1.17364E-03 ,  1.14211E-04 ,  7.99453E-11 , -3.35586E-03 ,  6.62266E-05 ,  7.95635E-03 
    6161 ,  9.44967E-01 ,  4.07996E-01 , -2.57770E-04 ,  4.07656E-02 ,  3.04527E-10 ,  1.17496E-03 ,  1.14870E-04 ,  8.57041E-11 , -4.08698E-03 ,  9.18634E-05 ,  1.16014E-02 
    6171 ,  9.46539E-01 ,  4.07996E-01 , -2.34032E-04 ,  4.55567E-02 ,  3.23561E-10 ,  1.17595E-03 ,  1.15667E-04 ,  9.06699E-11 , -4.56661E-03 ,  9.42578E-05 ,  1.39703E-02 
    6181 ,  9.48111E-01 ,  4.07996E-01 , -3.99593E-04 ,  4.69490E-02 ,  3.22420E-10 ,  1.17621E-03 ,  1.16365E-04 ,  9.35034E-11 , -4.70610E-03 ,  7.77016E-05 ,  1.46298E-02 
    6191 ,  9.49682E-01 ,  4.07996E-01 , -6.96884E-04 ,  4.43704E-02 ,  2.99014E-10 ,  1.17557E-03 ,  1.16772E-04 ,  1.03061E-10 , -4.44815E-03 ,  4.79221E-05 ,  1.33058E-02 
    6201 ,  9.51253E-01 ,  4.07996E-01 , -9.92478E-04 ,  3.87662E-02 ,  2.59868E-10 ,  1.17419E-03 ,  1.16770E-04 ,  9.92922E-11 , -3.88745E-03 ,  1.82539E-05 ,  1.04776E-02 
    6211 ,  9.52823E-01 ,  4.07996E-01 , -1.21960E-03 ,  3.13256E-02 ,  2.06976E-10 ,  1.17251E-03 ,  1.16306E-04 ,  8.61786E-11 , -3.14308E-03 , -4.59157E-06 ,  6.74566E-03 
    6221 ,  9.54393E-01 ,  4.07996E-01 , -1.32210E-03 ,  2.46907E-02 ,  1.49470E-10 ,  1.17092E-03 ,  1.15667E-04 ,  7.15313E-11 , -2.47946E-03 , -1.49825E-05 ,  3.43270E-03 
    6231 ,  9.55963E-01 ,  4.07996E-01 , -1.32620E-03 ,  2.08883E-02 ,  9.68373E-11 ,  1.16972E-03 ,  1.14908E-04 ,  7.58443E-11 , -2.09908E-03 , -1.55361E-05 ,  1.54822E-03 
    6241 ,  9.57533E-01 ,  4.07996E-01 , -1.30529E-03 ,  2.07050E-02 ,  4.74137E-11 ,  1.16894E-03 ,  1.14349E-04 ,  7.22463E-11 , -2.08068E-03 , -1.35518E-05 ,  1.48252E-03 
    6251 ,  9.59104E-01 ,  4.07996E-01 , -1.33559E-03 ,  2.45697E-02 ,  4.94905E-12 ,  1.16838E-03 ,  1.14149E-04 ,  8.15967E-11 , -2.46713E-03 , -1.65786E-05 ,  3.44021E-03 
    6261 ,  9.60674E-01 ,  4.07996E-01 , -1.46014E-03 ,  3.11608E-02 , -2.55175E-11 ,  1.16772E-03 ,  1.14363E-04 ,  8.59547E-11 , -3.12653E-03 , -2.91726E-05 ,  6.75540E-03 
    6271 ,  9.62245E-01 ,  4.07996E-01 , -1.67372E-03 ,  3.87859E-02 , -4.60732E-11 ,  1.16665E-03 ,  1.15002E-04 ,  7.21947E-11 , -3.88942E-03 , -5.06317E-05 ,  1.05720E-02 
    6281 ,  9.63816E-01 ,  4.07996E-01 , -1.93496E-03 ,  4.56772E-02 , -5.79847E-11 ,  1.16502E-03 ,  1.15873E-04 ,  9.30008E-11 , -4.57886E-03 , -7.69684E-05 ,  1.40014E-02 
    6291 ,  9.65386E-01 ,  4.07996E-01 , -2.15182E-03 ,  4.98187E-02 , -6.23485E-11 ,  1.16293E-03 ,  1.16811E-04 ,  9.32141E-11 , -4.99312E-03 , -9.88419E-05 ,  1.60428E-02 
    6301 ,  9.66956E-01 ,  4.07996E-01 , -2.25595E-03 ,  5.02147E-02 , -5.93502E-11 ,  1.16068E-03 ,  1.17515E-04 ,  1.05494E-10 , -5.03251E-03 , -1.09437E-04 ,  1.62027E-02 
    6311 ,  9.68526E-01 ,  4.07996E-01 , -2.17554E-03 ,  4.64182E-02 , -4.91313E-11 ,  1.15869E-03 ,  1.17915E-04 ,  1.02936E-10 , -4.65267E-03 , -1.01574E-04 ,  1.42736E-02 
    6321 ,  9.70096E-01 ,  4.07996E-01 , -1.92822E-03 ,  3.96484E-02 , -3.00048E-11 ,  1.15735E-03 ,  1.17739E-04 ,  1.01334E-10 , -3.97554E-03 , -7.70285E-05 ,  1.08726E-02 
    6331 ,  9.71666E-01 ,  4.07996E-01 , -1.54287E-03 ,  3.10179E-02 , -1.54727E-12 ,  1.15681E-03 ,  1.17145E-04 ,  9.72823E-11 , -3.11221E-03 , -3.85235E-05 ,  6.56153E-03 
    6341 ,  9.73235E-01 ,  4.07996E-01 , -1.12210E-03 ,  2.30615E-02 ,  3.72420E-11 ,  1.15699E-03 ,  1.16306E-04 ,  8.07615E-11 , -2.31656E-03 ,  3.75865E-06 ,  2.60027E-03 
    6351 ,  9.74805E-01 ,  4.07996E-01 , -8.03352E-04 ,  1.85302E-02 ,  7.79537E-11 ,  1.15766E-03 ,  1.15339E-04 ,  8.17109E-11 , -1.86348E-03 ,  3.55425E-05 ,  3.61758E-04 
    6361 ,  9.76376E-01 ,  4.07996E-01 , -6.07714E-04 ,  1.77768E-02 ,  1.24666E-10 ,  1.15834E-03 ,  1.14536E-04 ,  7.06672E-11 , -1.78823E-03 ,  5.51349E-05 ,  1.82318E-05 
    6371 ,  9.77946E-01 ,  4.07996E-01 , -5.65614E-04 ,  2.10203E-02 ,  1.71234E-10 ,  1.15867E-03 ,  1.14104E-04 ,  9.53072E-11 , -2.11264E-03 ,  5.93974E-05 ,  1.66681E-03 
    6381 ,  9.79517E-01 ,  4.07996E-01 , -6.42023E-04 ,  2.73921E-02 ,  2.14076E-10 ,  1.15848E-03 ,  1.14145E-04 ,  7.74591E-11 , -2.74992E-03 ,  5.17134E-05 ,  4.86983E-03 
    6391 ,  9.81088E-01 ,  4.07996E-01 , -7.82906E-04 ,  3.54649E-02 ,  2.48525E-10 ,  1.15778E-03 ,  1.14665E-04 ,  8.72771E-11 , -3.55724E-03 ,  3.75682E-05 ,  8.90683E-03 
    6401 ,  9.82659E-01 ,  4.07996E-01 , -9.24795E-04 ,  4.30776E-02 ,  2.69758E-10 ,  1.15669E-03 ,  1.15496E-04 ,  8.49112E-11 , -4.31851E-03 ,  2.32553E-05 ,  1.26945E-02 
    6411 ,  9.84229E-01 ,  4.07996E-01 , -1.00149E-03 ,  4.80900E-02 ,  2.76241E-10 ,  1.15552E-03 ,  1.16444E-04 ,  9.75393E-11 , -4.81975E-03 ,  1.55362E-05 ,  1.51638E-02 
    6421 ,  9.85799E-01 ,  4.07996E-01 , -1.01294E-03 ,  4.92351E-02 ,  2.65296E-10 ,  1.15456E-03 ,  1.17305E-04 ,  9.09050E-11 , -4.93423E-03 ,  1.42529E-05 ,  1.56960E-02 
    6431 ,  9.87368E-01 ,  4.07996E-01 , -1.00136E-03 ,  4.65848E-02 ,  2.38349E-10 ,  1.15383E-03 ,  1.17775E-04 ,  9.82847E-11 , -4.66909E-03 ,  1.53693E-05 ,  1.43303E-02 
    6441 ,  9.88937E-01 ,  4.07996E-01 , -1.02600E-03 ,  4.05712E-02 ,  1.96219E-10 ,  1.15320E-03 ,  1.17915E-04 ,  1.12933E-10 , -4.06777E-03 ,  1.28287E-05 ,  1.12930E-02 
    6451 ,  9.90505E-01 ,  4.07996E-01 , -1.12603E-03 ,  3.40579E-02 ,  1.54206E-10 ,  1.15260E-03 ,  1.17509E-04 ,  9.92719E-11 , -3.41636E-03 ,  2.80587E-06 ,  8.02688E-03 
    6461 ,  9.92073E-01 ,  4.07996E-01 , -1.32223E-03 ,  2.81050E-02 ,  1.11046E-10 ,  1.15161E-03 ,  1.16980E-04 ,  9.42357E-11 , -2.82105E-03 , -1.69562E-05 ,  5.05899E-03 
    6471 ,  9.93641E-01 ,  4.07996E-01 , -1.59440E-03 ,  2.43085E-02 ,  7.34177E-11 ,  1.15014E-03 ,  1.16344E-04 ,  8.42354E-11 , -2.44142E-03 , -4.42848E-05 ,  3.18389E-03 
    6481 ,  9.95209E-01 ,  4.07996E-01 , -1.85555E-03 ,  2.38177E-02 ,  4.94353E-11 ,  1.14819E-03 ,  1.15790E-04 ,  7.12318E-11 , -2.39248E-03 , -7.06480E-05 ,  2.96725E-03 
    6491 ,  9.96778E-01 ,  4.07996E-01 , -2.05035E-03 ,  2.62882E-02 ,  4.06120E-11 ,  1.14594E-03 ,  1.15496E-04 ,  7.17764E-11 , -2.63956E-03 , -9.03430E-05 ,  4.23282E-03 
    6501 ,  9.98347E-01 ,  4.07996E-01 , -2.13130E-03 ,  3.13054E-02 ,  4.78795E-11 ,  1.14371E-03 ,  1.15539E-04 ,  7.17084E-11 , -3.14118E-03 , -9.86518E-05 ,  6.75945E-03 
    6511 ,  9.99916E-01 ,  4.07996E-01 , -2.05161E-03 ,  3.69457E-02 ,  6.92027E-11 ,  1.14184E-03 ,  1.15946E-04 ,  8.99351E-11 , -3.70534E-03 , -9.08835E-05 ,  9.58855E-03 
    6521 ,  1.00149E+00 ,  4.07996E-01 , -1.85301E-03 ,  4.11832E-02 ,  9.76160E-11 ,  1.14056E-03 ,  1.16479E-04 ,  9.04714E-11 , -4.12908E-03 , -7.11465E-05 ,  1.17007E-02 
    6531 ,  1.00305E+00 ,  4.07996E-01 , -1.56297E-03 ,  4.33075E-02 ,  1.32991E-10 ,  1.13989E-03 ,  1.17004E-04 ,  9.81812E-11 , -4.34138E-03 , -4.22008E-05 ,  1.27436E-02 
    6541 ,  1.00462E+00 ,  4.07996E-01 , -1.28298E-03 ,  4.24584E-02 ,  1.64436E-10 ,  1.13972E-03 ,  1.17356E-04 ,  1.06669E-10 , -4.25662E-03 , -1.42568E-05 ,  1.22974E-02 
    6551 ,  1.00619E+00 ,  4.07996E-01 , -1.05536E-03 ,  3.89963E-02 ,  1.92288E-10 ,  1.13980E-03 ,  1.17472E-04 ,  9.55625E-11 , -3.91015E-03 ,  8.58067E-06 ,  1.05423E-02 
    6561 ,  1.00776E+00 ,  4.07996E-01 , -9.17698E-04 ,  3.42034E-02 ,  2.13497E-10 ,  1.13992E-03 ,  1.17288E-04 ,  8.71472E-11 , -3.43087E-03 ,  2.23483E-05 ,  8.13118E-03 
    6571 ,  1.00933E+00 ,  4.07996E-01 , -8.59883E-04 ,  2.89741E-02 ,  2.29717E-10 ,  1.13984E-03 ,  1.16850E-04 ,  1.09132E-10 , -2.90776E-03 ,  2.82564E-05 ,  5.50935E-03 
    6581 ,  1.01090E+00 ,  4.07996E-01 , -8.63185E-04 ,  2.55882E-02 ,  2.39608E-10 ,  1.13953E-03 ,  1.16308E-04 ,  7.93977E-11 , -2.56936E-03 ,  2.77347E-05 ,  3.82026E-03 
    6591 ,  1.01247E+00 ,  4.07996E-01 , -8.82066E-04 ,  2.45408E-02 ,  2.44910E-10 ,  1.13904E-03 ,  1.15840E-04 ,  7.86582E-11 , -2.46468E-03 ,  2.57915E-05 ,  3.31173E-03 
    6601 ,  1.01404E+00 ,  4.07996E-01 , -8.89928E-04 ,  2.62554E-02 ,  2.46568E-10 ,  1.13851E-03 ,  1.15571E-04 ,  7.79752E-11 , -2.63622E-03 ,  2.49464E-05 ,  4.18451E-03 
    6611 ,  1.01560E+00 ,  4.07996E-01 , -8.77260E-04 ,  3.03426E-02 ,  2.42392E-10 ,  1.13806E-03 ,  1.15610E-04 ,  7.41892E-11 , -3.04505E-03 ,  2.61553E-05 ,  6.23870E-03 
    6621 ,  1.01717E+00 ,  4.07996E-01 , -8.61025E-04 ,  3.58981E-02 ,  2.31169E-10 ,  1.13777E-03 ,  1.16020E-04 ,  9.11011E-11 , -3.60058E-03 ,  2.77440E-05 ,  9.01927E-03 
    6631 ,  1.01874E+00 ,  4.07996E-01 , -8.67859E-04 ,  4.14526E-02 ,  2.10856E-10 ,  1.13759E-03 ,  1.16645E-04 ,  8.32244E-11 , -4.15603E-03 ,  2.70539E-05 ,  1.17878E-02 
    6641 ,  1.02031E+00 ,  4.07996E-01 , -9.24224E-04 ,  4.52351E-02 ,  1.82138E-10 ,  1.13737E-03 ,  1.17365E-04 ,  9.62839E-11 , -4.53420E-03 ,  2.13978E-05 ,  1.36620E-02 
    6651 ,  1.02188E+00 ,  4.07996E-01 , -1.06985E-03 ,  4.68152E-02 ,  1.38467E-10 ,  1.13691E-03 ,  1.18068E-04 ,  9.88281E-11 , -4.69206E-03 ,  6.83658E-06 ,  1.44287E-02 
    6661 ,  1.02344E+00 ,  4.07996E-01 , -1.28402E-03 ,  4.51774E-02 ,  8.90388E-11 ,  1.13601E-03 ,  1.18432E-04 ,  9.60621E-11 , -4.52827E-03 , -1.46902E-05 ,  1.35906E-02 
    6671 ,  1.02501E+00 ,  4.07996E-01 , -1.54118E-03 ,  4.11042E-02 ,  3.93181E-11 ,  1.13469E-03 ,  1.18570E-04 ,  9.84873E-11 , -4.12102E-03 , -4.05127E-05 ,  1.15400E-02 
    6681 ,  1.02658E+00 ,  4.07996E-01 , -1.81572E-03 ,  3.51512E-02 , -1.29308E-11 ,  1.13296E-03 ,  1.18331E-04 ,  9.70454E-11 , -3.52587E-03 , -6.82124E-05 ,  8.55511E-03 
    6691 ,  1.02814E+00 ,  4.07996E-01 , -2.00737E-03 ,  2.97353E-02 , -5.38221E-11 ,  1.13100E-03 ,  1.17817E-04 ,  8.58489E-11 , -2.98438E-03 , -8.75452E-05 ,  5.85605E-03 
    6701 ,  1.02971E+00 ,  4.07996E-01 , -2.09136E-03 ,  2.55999E-02 , -8.03915E-11 ,  1.12912E-03 ,  1.17173E-04 ,  7.64036E-11 , -2.57103E-03 , -9.61264E-05 ,  3.80570E-03 
    6711 ,  1.03127E+00 ,  4.07996E-01 , -2.05469E-03 ,  2.36832E-02 , -9.08765E-11 ,  1.12753E-03 ,  1.16554E-04 ,  6.72603E-11 , -2.37954E-03 , -9.26512E-05 ,  2.87115E-03 
    6721 ,  1.03284E+00 ,  4.07996E-01 , -1.91486E-03 ,  2.42691E-02 , -8.27289E-11 ,  1.12638E-03 ,  1.16110E-04 ,  8.27745E-11 , -2.43810E-03 , -7.87974E-05 ,  3.19005E-03 
    6731 ,  1.03441E+00 ,  4.07996E-01 , -1.70901E-03 ,  2.72361E-02 , -5.64991E-11 ,  1.12574E-03 ,  1.15922E-04 ,  8.52161E-11 , -2.73454E-03 , -5.82613E-05 ,  4.69665E-03 
    6741 ,  1.03598E+00 ,  4.07996E-01 , -1.50361E-03 ,  3.15512E-02 , -1.69103E-11 ,  1.12545E-03 ,  1.16026E-04 ,  9.00106E-11 , -3.16577E-03 , -3.77121E-05 ,  6.86173E-03 
    6751 ,  1.03754E+00 ,  4.07996E-01 , -1.32278E-03 ,  3.63171E-02 ,  3.08498E-11 ,  1.12534E-03 ,  1.16394E-04 ,  9.24763E-11 , -3.64224E-03 , -1.95905E-05 ,  9.24045E-03 
    6761 ,  1.03911E+00 ,  4.07996E-01 , -1.19780E-03 ,  4.00212E-02 ,  7.86106E-11 ,  1.12524E-03 ,  1.16918E-04 ,  1.06012E-10 , -4.01250E-03 , -7.13025E-06 ,  1.10701E-02 
    6771 ,  1.04068E+00 ,  4.07996E-01 , -1.09703E-03 ,  4.24656E-02 ,  1.31700E-10 ,  1.12506E-03 ,  1.17432E-04 ,  1.06069E-10 , -4.25715E-03 ,  2.95761E-06 ,  1.22598E-02 
    6781 ,  1.04225E+00 ,  4.07996E-01 , -1.02811E-03 ,  4.26364E-02 ,  1.70727E-10 ,  1.12468E-03 ,  1.17851E-04 ,  1.09639E-10 , -4.27418E-03 ,  9.79078E-06 ,  1.23178E-02 
    6791 ,  1.04381E+00 ,  4.07996E-01 , -9.75920E-04 ,  4.10154E-02 ,  2.00294E-10 ,  1.12420E-03 ,  1.18140E-04 ,  9.86879E-11 , -4.11234E-03 ,  1.49025E-05 ,  1.14814E-02 
    6801 ,  1.04538E+00 ,  4.07996E-01 , -9.22558E-04 ,  3.81350E-02 ,  2.22866E-10 ,  1.12366E-03 ,  1.18198E-04 ,  9.36298E-11 , -3.82449E-03 ,  2.02004E-05 ,  1.00228E-02 
    6811 ,  1.04695E+00 ,  4.07996E-01 , -8.78560E-04 ,  3.47538E-02 ,  2.35981E-10 ,  1.12317E-03 ,  1.18043E-04 ,  9.21135E-11 , -3.48661E-03 ,  2.44878E-05 ,  8.32657E-03 
    6821 ,  1.04851E+00 ,  4.07996E-01 , -8.47419E-04 ,  3.20147E-02 ,  2.40017E-10 ,  1.12271E-03 ,  1.17812E-04 ,  8.01965E-11 , -3.21266E-03 ,  2.75818E-05 ,  6.95897E-03 
    6831 ,  1.05008E+00 ,  4.07996E-01 , -8.35581E-04 ,  3.03786E-02 ,  2.35193E-10 ,  1.12233E-03 ,  1.17524E-04 ,  8.27534E-11 , -3.04890E-03 ,  2.87609E-05 ,  6.14859E-03 
    6841 ,  1.05165E+00 ,  4.07996E-01 , -8.63782E-04 ,  3.02300E-02 ,  2.22903E-10 ,  1.12196E-03 ,  1.17294E-04 ,  8.13373E-11 , -3.03368E-03 ,  2.59239E-05 ,  6.08733E-03 
    6851 ,  1.05321E+00 ,  4.07996E-01 , -9.40622E-04 ,  3.14604E-02 ,  2.04700E-10 ,  1.12147E-03 ,  1.17199E-04 ,  8.58719E-11 , -3.15646E-03 ,  1.82580E-05 ,  6.71785E-03 
    6861 ,  1.05478E+00 ,  4.07996E-01 , -1.09053E-03 ,  3.37048E-02 ,  1.82644E-10 ,  1.12078E-03 ,  1.17266E-04 ,  7.70365E-11 , -3.38090E-03 ,  3.14840E-06 ,  7.85018E-03 
    6871 ,  1.05635E+00 ,  4.07996E-01 , -1.29778E-03 ,  3.61818E-02 ,  1.56243E-10 ,  1.11974E-03 ,  1.17467E-04 ,  8.19107E-11 , -3.62855E-03 , -1.76771E-05 ,  9.09495E-03 
    6881 ,  1.05791E+00 ,  4.07996E-01 , -1.52696E-03 ,  3.81096E-02 ,  1.30401E-10 ,  1.11836E-03 ,  1.17720E-04 ,  8.79334E-11 , -3.82137E-03 , -4.07239E-05 ,  1.00584E-02 
    6891 ,  1.05948E+00 ,  4.07996E-01 , -1.72423E-03 ,  3.89304E-02 ,  1.08640E-10 ,  1.11671E-03 ,  1.17997E-04 ,  9.13759E-11 , -3.90384E-03 , -6.06541E-05 ,  1.04614E-02 
    6901 ,  1.06104E+00 ,  4.07996E-01 , -1.87044E-03 ,  3.85063E-02 ,  9.01152E-11 ,  1.11494E-03 ,  1.18165E-04 ,  8.89164E-11 , -3.86177E-03 , -7.54830E-05 ,  1.02402E-02 
    6911 ,  1.06261E+00 ,  4.07996E-01 , -1.92467E-03 ,  3.68062E-02 ,  7.78419E-11 ,  1.11320E-03 ,  1.18213E-04 ,  8.43731E-11 , -3.69207E-03 , -8.11153E-05 ,  9.37923E-03 
    6921 ,  1.06417E+00 ,  4.07996E-01 , -1.89202E-03 ,  3.44163E-02 ,  7.34912E-11 ,  1.11165E-03 ,  1.18104E-04 ,  9.55719E-11 , -3.45308E-03 , -7.80061E-05 ,  8.17474E-03 
    6931 ,  1.06574E+00 ,  4.07996E-01 , -1.77861E-03 ,  3.17394E-02 ,  7.72200E-11 ,  1.11045E-03 ,  1.17881E-04 ,  8.79326E-11 , -3.18499E-03 , -6.67197E-05 ,  6.83413E-03 
    6941 ,  1.06730E+00 ,  4.07996E-01 , -1.62494E-03 ,  2.96864E-02 ,  9.03393E-11 ,  1.10961E-03 ,  1.17560E-04 ,  8.67860E-11 , -2.97942E-03 , -5.14691E-05 ,  5.81241E-03 
    6951 ,  1.06887E+00 ,  4.07996E-01 , -1.46646E-03 ,  2.88191E-02 ,  1.12497E-10 ,  1.10906E-03 ,  1.17290E-04 ,  8.18370E-11 , -2.89248E-03 , -3.56566E-05 ,  5.38589E-03 
    6961 ,  1.07044E+00 ,  4.07996E-01 , -1.34627E-03 ,  2.94541E-02 ,  1.38117E-10 ,  1.10866E-03 ,  1.17117E-04 ,  7.98586E-11 , -2.95569E-03 , -2.36240E-05 ,  5.70943E-03 
    6971 ,  1.07200E+00 ,  4.07996E-01 , -1.24710E-03 ,  3.14671E-02 ,  1.67988E-10 ,  1.10835E-03 ,  1.17079E-04 ,  8.19372E-11 , -3.15700E-03 , -1.37320E-05 ,  6.71715E-03 
    6981 ,  1.07357E+00 ,  4.07996E-01 , -1.17287E-03 ,  3.44890E-02 ,  1.98172E-10 ,  1.10799E-03 ,  1.17263E-04 ,  7.15831E-11 , -3.45928E-03 , -6.36443E-06 ,  8.22446E-03 
    6991 ,  1.07514E+00 ,  4.07996E-01 , -1.11417E-03 ,  3.77518E-02 ,  2.24645E-10 ,  1.10761E-03 ,  1.17618E-04 ,  7.64951E-11 , -3.78577E-03 , -5.42268E-07 ,  9.84756E-03 
    7001 ,  1.07670E+00 ,  4.07996E-01 , -1.05545E-03 ,  4.06261E-02 ,  2.44959E-10 ,  1.10720E-03 ,  1.18077E-04 ,  9.70332E-11 , -4.07348E-03 ,  5.28194E-06 ,  1.12712E-02 
    7011 ,  1.07827E+00 ,  4.07996E-01 , -9.86485E-04 ,  4.23762E-02 ,  2.55490E-10 ,  1.10687E-03 ,  1.18522E-04 ,  9.30546E-11 , -4.24872E-03 ,  1.20873E-05 ,  1.21302E-02 
    7021 ,  1.07983E+00 ,  4.07996E-01 , -9.01881E-04 ,  4.26173E-02 ,  2.57151E-10 ,  1.10668E-03 ,  1.18919E-04 ,  8.87611E-11 , -4.27290E-03 ,  2.05521E-05 ,  1.22385E-02 
    7031 ,  1.08140E+00 ,  4.07996E-01 , -8.36036E-04 ,  4.12801E-02 ,  2.45819E-10 ,  1.10662E-03 ,  1.19142E-04 ,  9.02221E-11 , -4.13911E-03 ,  2.71339E-05 ,  1.15608E-02 
    7041 ,  1.08296E+00 ,  4.07996E-01 , -8.13465E-04 ,  3.84870E-02 ,  2.22498E-10 ,  1.10664E-03 ,  1.19158E-04 ,  8.95867E-11 , -3.85962E-03 ,  2.94143E-05 ,  1.01594E-02 
    7051 ,  1.08453E+00 ,  4.07996E-01 , -8.62052E-04 ,  3.49304E-02 ,  1.89404E-10 ,  1.10657E-03 ,  1.19008E-04 ,  8.45104E-11 , -3.50374E-03 ,  2.45793E-05 ,  8.37860E-03 
    7061 ,  1.08609E+00 ,  4.07996E-01 , -9.89189E-04 ,  3.13549E-02 ,  1.48130E-10 ,  1.10623E-03 ,  1.18619E-04 ,  9.15708E-11 , -3.14604E-03 ,  1.18195E-05 ,  6.59395E-03 
    7071 ,  1.08765E+00 ,  4.07996E-01 , -1.17375E-03 ,  2.87061E-02 ,  1.05891E-10 ,  1.10557E-03 ,  1.18209E-04 ,  7.75718E-11 , -2.88113E-03 , -6.69984E-06 ,  5.28096E-03 
    7081 ,  1.08922E+00 ,  4.07996E-01 , -1.40148E-03 ,  2.73962E-02 ,  6.29356E-11 ,  1.10453E-03 ,  1.17814E-04 ,  7.32941E-11 , -2.75005E-03 , -2.95727E-05 ,  4.64185E-03 
    7091 ,  1.09078E+00 ,  4.07996E-01 , -1.61521E-03 ,  2.77746E-02 ,  2.51322E-11 ,  1.10316E-03 ,  1.17539E-04 ,  6.66197E-11 , -2.78808E-03 , -5.10908E-05 ,  4.84815E-03 
    7101 ,  1.09235E+00 ,  4.07996E-01 , -1.80209E-03 ,  2.97768E-02 , -6.68011E-12 ,  1.10157E-03 ,  1.17434E-04 ,  6.21299E-11 , -2.98838E-03 , -6.99457E-05 ,  5.86617E-03 
    7111 ,  1.09391E+00 ,  4.07996E-01 , -1.90438E-03 ,  3.28357E-02 , -2.83394E-11 ,  1.10002E-03 ,  1.17543E-04 ,  7.38998E-11 , -3.29441E-03 , -8.03609E-05 ,  7.40026E-03 
    7121 ,  1.09547E+00 ,  4.07996E-01 , -1.91193E-03 ,  3.60725E-02 , -3.81147E-11 ,  1.09866E-03 ,  1.17828E-04 ,  7.75256E-11 , -3.61827E-03 , -8.12542E-05 ,  9.01566E-03 
    7131 ,  1.09704E+00 ,  4.07996E-01 , -1.83959E-03 ,  3.89815E-02 , -3.88951E-11 ,  1.09763E-03 ,  1.18188E-04 ,  8.75536E-11 , -3.90925E-03 , -7.41255E-05 ,  1.04595E-02 
    7141 ,  1.09860E+00 ,  4.07996E-01 , -1.73483E-03 ,  4.07481E-02 , -3.07942E-11 ,  1.09691E-03 ,  1.18588E-04 ,  7.25792E-11 , -4.08594E-03 , -6.37184E-05 ,  1.13242E-02 
    7151 ,  1.10017E+00 ,  4.07996E-01 , -1.61653E-03 ,  4.11055E-02 , -1.52460E-11 ,  1.09638E-03 ,  1.18953E-04 ,  9.69085E-11 , -4.12148E-03 , -5.19240E-05 ,  1.14822E-02 
    7161 ,  1.10173E+00 ,  4.07996E-01 , -1.53117E-03 ,  3.99760E-02 ,  6.17679E-12 ,  1.09592E-03 ,  1.19157E-04 ,  8.16457E-11 , -4.00839E-03 , -4.34038E-05 ,  1.09012E-02 
    7171 ,  1.10329E+00 ,  4.07996E-01 , -1.47271E-03 ,  3.77978E-02 ,  3.12259E-11 ,  1.09539E-03 ,  1.19194E-04 ,  1.00577E-10 , -3.79052E-03 , -3.76012E-05 ,  9.79643E-03 
    7181 ,  1.10486E+00 ,  4.07996E-01 , -1.41829E-03 ,  3.51010E-02 ,  6.18598E-11 ,  1.09480E-03 ,  1.19054E-04 ,  8.30983E-11 , -3.52070E-03 , -3.22124E-05 ,  8.44127E-03 
    7191 ,  1.10642E+00 ,  4.07996E-01 , -1.34776E-03 ,  3.27244E-02 ,  9.49216E-11 ,  1.09415E-03 ,  1.18836E-04 ,  8.13432E-11 , -3.28308E-03 , -2.52334E-05 ,  7.25026E-03 
    7201 ,  1.10799E+00 ,  4.07996E-01 , -1.23802E-03 ,  3.12350E-02 ,  1.30874E-10 ,  1.09355E-03 ,  1.18598E-04 ,  7.83886E-11 , -3.13415E-03 , -1.43462E-05 ,  6.50795E-03 
    7211 ,  1.10955E+00 ,  4.07996E-01 , -1.09161E-03 ,  3.09953E-02 ,  1.66267E-10 ,  1.09313E-03 ,  1.18391E-04 ,  7.82285E-11 , -3.11026E-03 ,  2.56159E-07 ,  6.39751E-03 
    7221 ,  1.11111E+00 ,  4.07996E-01 , -9.30210E-04 ,  3.20910E-02 ,  2.00207E-10 ,  1.09295E-03 ,  1.18299E-04 ,  6.90189E-11 , -3.21980E-03 ,  1.63887E-05 ,  6.96018E-03 
    7231 ,  1.11268E+00 ,  4.07996E-01 , -7.95720E-04 ,  3.42652E-02 ,  2.27932E-10 ,  1.09298E-03 ,  1.18355E-04 ,  7.56332E-11 , -3.43744E-03 ,  2.98041E-05 ,  8.05828E-03 
    7241 ,  1.11424E+00 ,  4.07996E-01 , -7.29975E-04 ,  3.66883E-02 ,  2.44605E-10 ,  1.09311E-03 ,  1.18574E-04 ,  7.42043E-11 , -3.67968E-03 ,  3.64086E-05 ,  9.27342E-03 
    7251 ,  1.11581E+00 ,  4.07996E-01 , -7.60068E-04 ,  3.86092E-02 ,  2.48887E-10 ,  1.09309E-03 ,  1.18835E-04 ,  8.26795E-11 , -3.87183E-03 ,  3.33971E-05 ,  1.02276E-02 
    7261 ,  1.11737E+00 ,  4.07996E-01 , -8.73348E-04 ,  3.95109E-02 ,  2.41896E-10 ,  1.09278E-03 ,  1.19106E-04 ,  7.42806E-11 , -3.96181E-03 ,  2.20528E-05 ,  1.06669E-02 
    7271 ,  1.11893E+00 ,  4.07996E-01 , -1.05164E-03 ,  3.90238E-02 ,  2.23332E-10 ,  1.09205E-03 ,  1.19311E-04 ,  8.62955E-11 , -3.91292E-03 ,  4.17901E-06 ,  1.04088E-02 
    7281 ,  1.12050E+00 ,  4.07996E-01 , -1.26317E-03 ,  3.71604E-02 ,  1.96363E-10 ,  1.09100E-03 ,  1.19344E-04 ,  7.99729E-11 , -3.72652E-03 , -1.70216E-05 ,  9.46313E-03 
    7291 ,  1.12206E+00 ,  4.07996E-01 , -1.45752E-03 ,  3.45541E-02 ,  1.66397E-10 ,  1.08965E-03 ,  1.19240E-04 ,  7.76665E-11 , -3.46580E-03 , -3.66304E-05 ,  8.15506E-03 
    7301 ,  1.12362E+00 ,  4.07996E-01 , -1.60795E-03 ,  3.19022E-02 ,  1.36064E-10 ,  1.08813E-03 ,  1.18976E-04 ,  7.84094E-11 , -3.20067E-03 , -5.18416E-05 ,  6.82946E-03 
    7311 ,  1.12519E+00 ,  4.07996E-01 , -1.70222E-03 ,  2.98630E-02 ,  1.09256E-10 ,  1.08666E-03 ,  1.18672E-04 ,  8.20462E-11 , -2.99690E-03 , -6.14270E-05 ,  5.81459E-03 
    7321 ,  1.12675E+00 ,  4.07996E-01 , -1.73459E-03 ,  2.91509E-02 ,  9.13940E-11 ,  1.08532E-03 ,  1.18420E-04 ,  7.28767E-11 , -2.92579E-03 , -6.47749E-05 ,  5.46488E-03 
    7331 ,  1.12831E+00 ,  4.07996E-01 , -1.72325E-03 ,  3.00880E-02 ,  8.25009E-11 ,  1.08420E-03 ,  1.18264E-04 ,  7.69771E-11 , -3.01977E-03 , -6.38172E-05 ,  5.93979E-03 
    7341 ,  1.12987E+00 ,  4.07996E-01 , -1.69446E-03 ,  3.24702E-02 ,  8.45883E-11 ,  1.08323E-03 ,  1.18322E-04 ,  6.89911E-11 , -3.25825E-03 , -6.10753E-05 ,  7.13572E-03 
    7351 ,  1.13144E+00 ,  4.07996E-01 , -1.66507E-03 ,  3.59164E-02 ,  9.53156E-11 ,  1.08235E-03 ,  1.18553E-04 ,  7.72280E-11 , -3.60289E-03 , -5.82124E-05 ,  8.86084E-03 
    7361 ,  1.13300E+00 ,  4.07996E-01 , -1.63746E-03 ,  3.94604E-02 ,  1.12783E-10 ,  1.08151E-03 ,  1.18952E-04 ,  7.53177E-11 , -3.95714E-03 , -5.55181E-05 ,  1.06265E-02 
    7371 ,  1.13456E+00 ,  4.07996E-01 , -1.60118E-03 ,  4.20879E-02 ,  1.34036E-10 ,  1.08063E-03 ,  1.19419E-04 ,  8.42478E-11 , -4.21965E-03 , -5.19501E-05 ,  1.19271E-02 
    7381 ,  1.13613E+00 ,  4.07996E-01 , -1.54498E-03 ,  4.31276E-02 ,  1.56754E-10 ,  1.07979E-03 ,  1.19824E-04 ,  8.00326E-11 , -4.32324E-03 , -4.63582E-05 ,  1.24343E-02 
    7391 ,  1.13769E+00 ,  4.07996E-01 , -1.44952E-03 ,  4.21578E-02 ,  1.75957E-10 ,  1.07906E-03 ,  1.20102E-04 ,  8.60276E-11 , -4.22611E-03 , -3.69028E-05 ,  1.19360E-02 
    7401 ,  1.13925E+00 ,  4.07996E-01 , -1.32113E-03 ,  3.95832E-02 ,  1.91790E-10 ,  1.07854E-03 ,  1.20175E-04 ,  8.54312E-11 , -3.96865E-03 , -2.40679E-05 ,  1.06353E-02 
    7411 ,  1.14082E+00 ,  4.07996E-01 , -1.16012E-03 ,  3.58513E-02 ,  2.03947E-10 ,  1.07831E-03 ,  1.20043E-04 ,  8.62547E-11 , -3.59558E-03 , -8.04989E-06 ,  8.75681E-03 
    7421 ,  1.14238E+00 ,  4.07996E-01 , -1.00710E-03 ,  3.21653E-02 ,  2.11634E-10 ,  1.07828E-03 ,  1.19709E-04 ,  8.42652E-11 , -3.22722E-03 ,  7.24258E-06 ,  6.91633E-03 
    7431 ,  1.14394E+00 ,  4.07996E-01 , -8.50943E-04 ,  2.87538E-02 ,  2.14087E-10 ,  1.07849E-03 ,  1.19279E-04 ,  7.22968E-11 , -2.88600E-03 ,  2.28933E-05 ,  5.22421E-03 
    7441 ,  1.14550E+00 ,  4.07996E-01 , -7.74758E-04 ,  2.74562E-02 ,  2.12199E-10 ,  1.07881E-03 ,  1.18861E-04 ,  7.37558E-11 , -2.75664E-03 ,  3.04976E-05 ,  4.59176E-03 
    7451 ,  1.14707E+00 ,  4.07996E-01 , -7.79732E-04 ,  2.81072E-02 ,  2.04458E-10 ,  1.07901E-03 ,  1.18589E-04 ,  7.14199E-11 , -2.82179E-03 ,  3.00125E-05 ,  4.93845E-03 
    7461 ,  1.14863E+00 ,  4.07996E-01 , -8.73357E-04 ,  3.05380E-02 ,  1.90262E-10 ,  1.07895E-03 ,  1.18503E-04 ,  7.52718E-11 , -3.06469E-03 ,  2.06569E-05 ,  6.16849E-03 
    7471 ,  1.15019E+00 ,  4.07996E-01 , -1.03624E-03 ,  3.41036E-02 ,  1.69985E-10 ,  1.07848E-03 ,  1.18653E-04 ,  6.69069E-11 , -3.42095E-03 ,  4.36334E-06 ,  7.95702E-03 
    7481 ,  1.15175E+00 ,  4.07996E-01 , -1.23318E-03 ,  3.78748E-02 ,  1.43469E-10 ,  1.07769E-03 ,  1.18977E-04 ,  7.02845E-11 , -3.79775E-03 , -1.53827E-05 ,  9.83231E-03 
    7491 ,  1.15331E+00 ,  4.07996E-01 , -1.39108E-03 ,  4.05692E-02 ,  1.15633E-10 ,  1.07669E-03 ,  1.19428E-04 ,  9.12192E-11 , -4.06717E-03 , -3.12794E-05 ,  1.11647E-02 
    7501 ,  1.15488E+00 ,  4.07996E-01 , -1.51382E-03 ,  4.18158E-02 ,  8.36587E-11 ,  1.07560E-03 ,  1.19839E-04 ,  8.59210E-11 , -4.19185E-03 , -4.36433E-05 ,  1.17696E-02 
    7511 ,  1.15644E+00 ,  4.07996E-01 , -1.60452E-03 ,  4.13064E-02 ,  5.00430E-11 ,  1.07450E-03 ,  1.20157E-04 ,  9.03998E-11 , -4.14112E-03 , -5.28584E-05 ,  1.14957E-02 
    7521 ,  1.15800E+00 ,  4.07996E-01 , -1.66151E-03 ,  3.93427E-02 ,  1.89616E-11 ,  1.07348E-03 ,  1.20273E-04 ,  8.27297E-11 , -3.94507E-03 , -5.86847E-05 ,  1.04986E-02 
    7531 ,  1.15956E+00 ,  4.07996E-01 , -1.69869E-03 ,  3.64889E-02 , -7.63466E-12 ,  1.07253E-03 ,  1.20249E-04 ,  8.90381E-11 , -3.66003E-03 , -6.25298E-05 ,  9.06585E-03 
    7541 ,  1.16112E+00 ,  4.07996E-01 , -1.73044E-03 ,  3.35461E-02 , -2.77134E-11 ,  1.07164E-03 ,  1.20037E-04 ,  9.08656E-11 , -3.36612E-03 , -6.58297E-05 ,  7.59344E-03 
    7551 ,  1.16268E+00 ,  4.07996E-01 , -1.75530E-03 ,  3.14704E-02 , -3.69911E-11 ,  1.07073E-03 ,  1.19771E-04 ,  7.80133E-11 , -3.15882E-03 , -6.84395E-05 ,  6.55978E-03 
    7561 ,  1.16425E+00 ,  4.07996E-01 , -1.77393E-03 ,  3.05089E-02 , -3.39518E-11 ,  1.06981E-03 ,  1.19515E-04 ,  7.69834E-11 , -3.06234E-03 , -7.03588E-05 ,  6.08718E-03 
    7571 ,  1.16581E+00 ,  4.07996E-01 , -1.76061E-03 ,  3.12084E-02 , -1.71159E-11 ,  1.06885E-03 ,  1.19324E-04 ,  9.04307E-11 , -3.13181E-03 , -6.91138E-05 ,  6.44693E-03 
    7581 ,  1.16737E+00 ,  4.07996E-01 , -1.69921E-03 ,  3.32476E-02 ,  1.00089E-11 ,  1.06795E-03 ,  1.19331E-04 ,  7.43983E-11 , -3.33541E-03 , -6.29918E-05 ,  7.47523E-03 
    7591 ,  1.16893E+00 ,  4.07996E-01 , -1.58458E-03 ,  3.59569E-02 ,  4.58830E-11 ,  1.06725E-03 ,  1.19493E-04 ,  9.92743E-11 , -3.60613E-03 , -5.15830E-05 ,  8.83490E-03 
    7601 ,  1.17049E+00 ,  4.07996E-01 , -1.43724E-03 ,  3.83888E-02 ,  8.43697E-11 ,  1.06677E-03 ,  1.19762E-04 ,  7.86399E-11 , -3.84916E-03 , -3.68761E-05 ,  1.00511E-02 
    7611 ,  1.17205E+00 ,  4.07996E-01 , -1.25324E-03 ,  3.99979E-02 ,  1.25033E-10 ,  1.06656E-03 ,  1.20035E-04 ,  8.47258E-11 , -4.01028E-03 , -1.85214E-05 ,  1.08501E-02 
    7621 ,  1.17362E+00 ,  4.07996E-01 , -1.07799E-03 ,  4.01283E-02 ,  1.59707E-10 ,  1.06653E-03 ,  1.20289E-04 ,  9.85359E-11 , -4.02353E-03 , -9.91615E-07 ,  1.09063E-02 
    7631 ,  1.17518E+00 ,  4.07996E-01 , -9.43717E-04 ,  3.88068E-02 ,  1.87577E-10 ,  1.06660E-03 ,  1.20399E-04 ,  8.94390E-11 , -3.89157E-03 ,  1.24003E-05 ,  1.02281E-02 
    7641 ,  1.17674E+00 ,  4.07996E-01 , -8.67804E-04 ,  3.63936E-02 ,  2.07103E-10 ,  1.06666E-03 ,  1.20345E-04 ,  1.00832E-10 , -3.65042E-03 ,  1.99654E-05 ,  9.00662E-03 
    7651 ,  1.17830E+00 ,  4.07996E-01 , -8.61037E-04 ,  3.35674E-02 ,  2.18036E-10 ,  1.06658E-03 ,  1.20162E-04 ,  8.39873E-11 , -3.36788E-03 ,  2.06475E-05 ,  7.58701E-03 
    7661 ,  1.17986E+00 ,  4.07996E-01 , -9.23947E-04 ,  3.11067E-02 ,  2.21154E-10 ,  1.06625E-03 ,  1.19879E-04 ,  8.97856E-11 , -3.12173E-03 ,  1.43233E-05 ,  6.35566E-03 
    7671 ,  1.18142E+00 ,  4.07996E-01 , -1.02468E-03 ,  2.98250E-02 ,  2.17618E-10 ,  1.06564E-03 ,  1.19598E-04 ,  7.82781E-11 , -2.99340E-03 ,  4.20379E-06 ,  5.72064E-03 
    7681 ,  1.18298E+00 ,  4.07996E-01 , -1.12201E-03 ,  3.00581E-02 ,  2.09398E-10 ,  1.06489E-03 ,  1.19406E-04 ,  7.06465E-11 , -3.01654E-03 , -5.58457E-06 ,  5.84696E-03 
    7691 ,  1.18454E+00 ,  4.07996E-01 , -1.21836E-03 ,  3.19143E-02 ,  1.97633E-10 ,  1.06406E-03 ,  1.19360E-04 ,  7.35404E-11 , -3.20193E-03 , -1.52754E-05 ,  6.78654E-03 
    7701 ,  1.18610E+00 ,  4.07996E-01 , -1.30426E-03 ,  3.47313E-02 ,  1.83762E-10 ,  1.06316E-03 ,  1.19518E-04 ,  7.43454E-11 , -3.48369E-03 , -2.39683E-05 ,  8.19867E-03 
    7711 ,  1.18766E+00 ,  4.07996E-01 , -1.38961E-03 ,  3.78221E-02 ,  1.70265E-10 ,  1.06226E-03 ,  1.19793E-04 ,  9.24507E-11 , -3.79286E-03 , -3.25770E-05 ,  9.73910E-03 
    7721 ,  1.18922E+00 ,  4.07996E-01 , -1.46858E-03 ,  4.05140E-02 ,  1.54584E-10 ,  1.06135E-03 ,  1.20202E-04 ,  8.30690E-11 , -4.06209E-03 , -4.05895E-05 ,  1.10734E-02 
    7731 ,  1.19078E+00 ,  4.07996E-01 , -1.55061E-03 ,  4.20650E-02 ,  1.39043E-10 ,  1.06039E-03 ,  1.20628E-04 ,  9.90354E-11 , -4.21748E-03 , -4.89246E-05 ,  1.18309E-02 
    7741 ,  1.19234E+00 ,  4.07996E-01 , -1.62891E-03 ,  4.19537E-02 ,  1.24939E-10 ,  1.05938E-03 ,  1.20942E-04 ,  9.75152E-11 , -4.20666E-03 , -5.68592E-05 ,  1.17603E-02 
    7751 ,  1.19390E+00 ,  4.07996E-01 , -1.69737E-03 ,  4.03332E-02 ,  1.12975E-10 ,  1.05824E-03 ,  1.21117E-04 ,  8.58765E-11 , -4.04479E-03 , -6.38481E-05 ,  1.09410E-02 
    7761 ,  1.19547E+00 ,  4.07996E-01 , -1.74986E-03 ,  3.75513E-02 ,  1.04347E-10 ,  1.05707E-03 ,  1.21060E-04 ,  9.78526E-11 , -3.76659E-03 , -6.91933E-05 ,  9.54663E-03 
    7771 ,  1.19703E+00 ,  4.07996E-01 , -1.75849E-03 ,  3.43169E-02 ,  1.01440E-10 ,  1.05586E-03 ,  1.20858E-04 ,  8.34353E-11 , -3.44294E-03 , -7.01720E-05 ,  7.93109E-03 
    7781 ,  1.19859E+00 ,  4.07996E-01 , -1.72199E-03 ,  3.14513E-02 ,  1.05324E-10 ,  1.05480E-03 ,  1.20522E-04 ,  8.88716E-11 , -3.15609E-03 , -6.65743E-05 ,  6.50428E-03 
    7791 ,  1.20015E+00 ,  4.07996E-01 , -1.63443E-03 ,  2.97489E-02 ,  1.15810E-10 ,  1.05398E-03 ,  1.20191E-04 ,  7.16797E-11 , -2.98568E-03 , -5.79685E-05 ,  5.66344E-03 
    7801 ,  1.20171E+00 ,  4.07996E-01 , -1.51204E-03 ,  2.95058E-02 ,  1.32909E-10 ,  1.05338E-03 ,  1.19889E-04 ,  8.54735E-11 , -2.96128E-03 , -4.56362E-05 ,  5.55181E-03 
    7811 ,  1.20327E+00 ,  4.07996E-01 , -1.35143E-03 ,  3.07297E-02 ,  1.54571E-10 ,  1.05308E-03 ,  1.19754E-04 ,  7.97177E-11 , -3.08365E-03 , -2.96977E-05 ,  6.17561E-03 
    7821 ,  1.20483E+00 ,  4.07996E-01 , -1.19046E-03 ,  3.30752E-02 ,  1.77881E-10 ,  1.05301E-03 ,  1.19760E-04 ,  1.01344E-10 , -3.31803E-03 , -1.35958E-05 ,  7.35788E-03 
    7831 ,  1.20639E+00 ,  4.07996E-01 , -1.06720E-03 ,  3.58164E-02 ,  1.98835E-10 ,  1.05310E-03 ,  1.19941E-04 ,  8.17297E-11 , -3.59231E-03 , -1.27180E-06 ,  8.73153E-03 
    7841 ,  1.20795E+00 ,  4.07996E-01 , -9.95317E-04 ,  3.82306E-02 ,  2.13648E-10 ,  1.05323E-03 ,  1.20224E-04 ,  1.02405E-10 , -3.83382E-03 ,  5.95581E-06 ,  9.92981E-03 
    7851 ,  1.20951E+00 ,  4.07996E-01 , -9.63919E-04 ,  3.97449E-02 ,  2.20786E-10 ,  1.05326E-03 ,  1.20548E-04 ,  9.10432E-11 , -3.98542E-03 ,  9.03793E-06 ,  1.06722E-02 
    7861 ,  1.21107E+00 ,  4.07996E-01 , -9.75517E-04 ,  4.00803E-02 ,  2.18103E-10 ,  1.05315E-03 ,  1.20808E-04 ,  9.82166E-11 , -4.01914E-03 ,  7.87572E-06 ,  1.08214E-02 
    7871 ,  1.21263E+00 ,  4.07996E-01 , -1.01682E-03 ,  3.92520E-02 ,  2.06391E-10 ,  1.05289E-03 ,  1.20998E-04 ,  9.00601E-11 , -3.93631E-03 ,  3.71966E-06 ,  1.03888E-02 
    7881 ,  1.21419E+00 ,  4.07996E-01 , -1.08763E-03 ,  3.75657E-02 ,  1.85880E-10 ,  1.05252E-03 ,  1.21050E-04 ,  9.44436E-11 , -3.76759E-03 , -3.38153E-06 ,  9.53213E-03 
    7891 ,  1.21575E+00 ,  4.07996E-01 , -1.16821E-03 ,  3.57077E-02 ,  1.60442E-10 ,  1.05197E-03 ,  1.21003E-04 ,  9.25452E-11 , -3.58173E-03 , -1.14994E-05 ,  8.60033E-03 
    7901 ,  1.21731E+00 ,  4.07996E-01 , -1.25116E-03 ,  3.41307E-02 ,  1.31325E-10 ,  1.05136E-03 ,  1.20875E-04 ,  8.34631E-11 , -3.42393E-03 , -1.98549E-05 ,  7.81216E-03 
    7911 ,  1.21887E+00 ,  4.07996E-01 , -1.33205E-03 ,  3.32239E-02 ,  1.01074E-10 ,  1.05072E-03 ,  1.20751E-04 ,  8.69562E-11 , -3.33317E-03 , -2.79927E-05 ,  7.36836E-03 
    7921 ,  1.22043E+00 ,  4.07996E-01 , -1.41808E-03 ,  3.32345E-02 ,  6.96446E-11 ,  1.05004E-03 ,  1.20653E-04 ,  9.98658E-11 , -3.33414E-03 , -3.66451E-05 ,  7.38325E-03 
    7931 ,  1.22198E+00 ,  4.07996E-01 , -1.50779E-03 ,  3.40464E-02 ,  4.36323E-11 ,  1.04927E-03 ,  1.20620E-04 ,  9.22640E-11 , -3.41539E-03 , -4.56991E-05 ,  7.79448E-03 
    7941 ,  1.22354E+00 ,  4.07996E-01 , -1.60747E-03 ,  3.54617E-02 ,  2.03019E-11 ,  1.04842E-03 ,  1.20683E-04 ,  9.64064E-11 , -3.55700E-03 , -5.57784E-05 ,  8.50435E-03 
    7951 ,  1.22510E+00 ,  4.07996E-01 , -1.70532E-03 ,  3.69718E-02 ,  3.03585E-12 ,  1.04746E-03 ,  1.20858E-04 ,  9.17768E-11 , -3.70820E-03 , -6.56917E-05 ,  9.26188E-03 
    7961 ,  1.22666E+00 ,  4.07996E-01 , -1.77196E-03 ,  3.80067E-02 , -6.84209E-12 ,  1.04647E-03 ,  1.21011E-04 ,  1.04552E-10 , -3.81203E-03 , -7.24654E-05 ,  9.77680E-03 
    7971 ,  1.22822E+00 ,  4.07996E-01 , -1.80697E-03 ,  3.84104E-02 , -1.01191E-11 ,  1.04546E-03 ,  1.21173E-04 ,  9.60701E-11 , -3.85260E-03 , -7.60658E-05 ,  9.97585E-03 
    7981 ,  1.22978E+00 ,  4.07996E-01 , -1.79301E-03 ,  3.79757E-02 , -6.01300E-12 ,  1.04450E-03 ,  1.21270E-04 ,  9.93411E-11 , -3.80911E-03 , -7.47997E-05 ,  9.75491E-03 
    7991 ,  1.23134E+00 ,  4.07996E-01 , -1.73232E-03 ,  3.67585E-02 ,  5.57900E-12 ,  1.04367E-03 ,  1.21284E-04 ,  8.69634E-11 , -3.68727E-03 , -6.87923E-05 ,  9.14012E-03 
    8001 ,  1.23290E+00 ,  4.07996E-01 , -1.63556E-03 ,  3.51024E-02 ,  2.35770E-11 ,  1.04299E-03 ,  1.21191E-04 ,  9.59450E-11 , -3.52132E-03 , -5.91478E-05 ,  8.31017E-03 
    8011 ,  1.23446E+00 ,  4.07996E-01 , -1.50772E-03 ,  3.34151E-02 ,  4.91376E-11 ,  1.04254E-03 ,  1.21006E-04 ,  1.02733E-10 , -3.35230E-03 , -4.63780E-05 ,  7.46415E-03 
    8021 ,  1.23602E+00 ,  4.07996E-01 , -1.37586E-03 ,  3.23076E-02 ,  7.76431E-11 ,  1.04224E-03 ,  1.20823E-04 ,  9.12111E-11 , -3.24142E-03 , -3.32179E-05 ,  6.90894E-03 
    8031 ,  1.23758E+00 ,  4.07996E-01 , -1.24398E-03 ,  3.19944E-02 ,  1.10402E-10 ,  1.04208E-03 ,  1.20679E-04 ,  8.25184E-11 , -3.20997E-03 , -1.99980E-05 ,  6.75718E-03 
    8041 ,  1.23914E+00 ,  4.07996E-01 , -1.12594E-03 ,  3.26403E-02 ,  1.44438E-10 ,  1.04200E-03 ,  1.20607E-04 ,  1.03693E-10 , -3.27454E-03 , -8.24283E-06 ,  7.08132E-03 
    8051 ,  1.24069E+00 ,  4.07996E-01 , -1.05219E-03 ,  3.40899E-02 ,  1.75706E-10 ,  1.04188E-03 ,  1.20622E-04 ,  9.40845E-11 , -3.41965E-03 , -8.60502E-07 ,  7.80379E-03 
    8061 ,  1.24225E+00 ,  4.07996E-01 , -1.01058E-03 ,  3.60270E-02 ,  2.02202E-10 ,  1.04171E-03 ,  1.20735E-04 ,  9.44027E-11 , -3.61358E-03 ,  3.22194E-06 ,  8.76672E-03 
    8071 ,  1.24381E+00 ,  4.07996E-01 , -1.00687E-03 ,  3.78852E-02 ,  2.20509E-10 ,  1.04146E-03 ,  1.20984E-04 ,  9.34187E-11 , -3.79972E-03 ,  3.55402E-06 ,  9.68920E-03 
    8081 ,  1.24537E+00 ,  4.07996E-01 , -1.03669E-03 ,  3.93127E-02 ,  2.30952E-10 ,  1.04110E-03 ,  1.21259E-04 ,  1.04848E-10 , -3.94259E-03 ,  5.19742E-07 ,  1.03950E-02 
    8091 ,  1.24693E+00 ,  4.07996E-01 , -1.08551E-03 ,  4.00844E-02 ,  2.33032E-10 ,  1.04060E-03 ,  1.21528E-04 ,  9.20883E-11 , -4.01973E-03 , -4.40043E-06 ,  1.07684E-02 
    8101 ,  1.24849E+00 ,  4.07996E-01 , -1.13692E-03 ,  3.99599E-02 ,  2.26671E-10 ,  1.04002E-03 ,  1.21746E-04 ,  1.00670E-10 , -4.00709E-03 , -9.58956E-06 ,  1.06923E-02 
    8111 ,  1.25005E+00 ,  4.07996E-01 , -1.19151E-03 ,  3.90299E-02 ,  2.13946E-10 ,  1.03943E-03 ,  1.21878E-04 ,  9.82932E-11 , -3.91390E-03 , -1.50593E-05 ,  1.02232E-02 
    8121 ,  1.25161E+00 ,  4.07996E-01 , -1.25990E-03 ,  3.73879E-02 ,  1.94010E-10 ,  1.03875E-03 ,  1.21867E-04 ,  9.75141E-11 , -3.74950E-03 , -2.19508E-05 ,  9.39811E-03 
    8131 ,  1.25316E+00 ,  4.07996E-01 , -1.34680E-03 ,  3.56429E-02 ,  1.72672E-10 ,  1.03801E-03 ,  1.21764E-04 ,  9.79462E-11 , -3.57498E-03 , -3.07227E-05 ,  8.52417E-03 
    8141 ,  1.25472E+00 ,  4.07996E-01 , -1.45803E-03 ,  3.41084E-02 ,  1.50525E-10 ,  1.03715E-03 ,  1.21621E-04 ,  9.71623E-11 , -3.42160E-03 , -4.19490E-05 ,  7.76107E-03 
    8151 ,  1.25628E+00 ,  4.07996E-01 , -1.56551E-03 ,  3.30352E-02 ,  1.31187E-10 ,  1.03615E-03 ,  1.21455E-04 ,  9.14793E-11 , -3.31444E-03 , -5.28142E-05 ,  7.23234E-03 
    8161 ,  1.25784E+00 ,  4.07996E-01 , -1.65549E-03 ,  3.25692E-02 ,  1.15581E-10 ,  1.03506E-03 ,  1.21281E-04 ,  9.75378E-11 , -3.26817E-03 , -6.19473E-05 ,  7.00786E-03 
    8171 ,  1.25940E+00 ,  4.07996E-01 , -1.72122E-03 ,  3.27470E-02 ,  1.05760E-10 ,  1.03392E-03 ,  1.21149E-04 ,  9.63891E-11 , -3.28629E-03 , -6.86627E-05 ,  7.10594E-03 
    8181 ,  1.26095E+00 ,  4.07996E-01 , -1.74341E-03 ,  3.34324E-02 ,  1.02555E-10 ,  1.03283E-03 ,  1.21113E-04 ,  9.82458E-11 , -3.35511E-03 , -7.10348E-05 ,  7.45246E-03 
    8191 ,  1.26251E+00 ,  4.07996E-01 , -1.71995E-03 ,  3.45969E-02 ,  1.05519E-10 ,  1.03186E-03 ,  1.21152E-04 ,  1.05947E-10 , -3.47136E-03 , -6.87588E-05 ,  8.03523E-03 
    8201 ,  1.26407E+00 ,  4.07996E-01 , -1.65719E-03 ,  3.59013E-02 ,  1.14154E-10 ,  1.03107E-03 ,  1.21252E-04 ,  9.26258E-11 , -3.60150E-03 , -6.25309E-05 ,  8.68871E-03 
    8211 ,  1.26563E+00 ,  4.07996E-01 , -1.56527E-03 ,  3.70564E-02 ,  1.26816E-10 ,  1.03048E-03 ,  1.21395E-04 ,  9.24938E-11 , -3.71667E-03 , -5.33655E-05 ,  9.25910E-03 
    8221 ,  1.26719E+00 ,  4.07996E-01 , -1.46000E-03 ,  3.77994E-02 ,  1.42827E-10 ,  1.03009E-03 ,  1.21552E-04 ,  1.05160E-10 , -3.79065E-03 , -4.28446E-05 ,  9.61815E-03 
    8231 ,  1.26874E+00 ,  4.07996E-01 , -1.35787E-03 ,  3.79813E-02 ,  1.57048E-10 ,  1.02982E-03 ,  1.21724E-04 ,  1.01603E-10 , -3.80860E-03 , -3.26058E-05 ,  9.70214E-03 
    8241 ,  1.27030E+00 ,  4.07996E-01 , -1.26262E-03 ,  3.76926E-02 ,  1.70993E-10 ,  1.02966E-03 ,  1.21825E-04 ,  9.32337E-11 , -3.77982E-03 , -2.31285E-05 ,  9.55014E-03 
