$MeshFormat
4.1 0 8
$EndMeshFormat
$Entities
22 31 10 0
1 0 0 0 0 
2 0 0.005 0 0 
3 0 0.01 0 0 
4 0 0.02 0 0 
5 0 0.04 0 0 
6 0 0.08 0 0 
7 0 0.16 0 0 
8 0 2 0 0 
9 0 4 0 0 
10 0 0 0.2 0 
11 0 0.005 0.2 0 
12 0 0.01 0.2 0 
13 0 0.02 0.2 0 
14 0 0.04 0.2 0 
15 0 0.08 0.2 0 
16 0 0.16 0.2 0 
17 0 2 0.2 0 
18 0 4 0.2 0 
19 0 8 0 0 
20 0 8 0.2 0 
21 0 20 0 0 
22 0 20 0.2 0 
1 0 0 0 0 0.005 0 0 2 1 -2 
2 0 0.005 0 0 0.01 0 0 2 2 -3 
3 0 0.01 0 0 0.02 0 0 2 3 -4 
4 0 0.02 0 0 0.04 0 0 2 4 -5 
5 0 0.04 0 0 0.08 0 0 2 5 -6 
6 0 0.08 0 0 0.16 0 0 2 6 -7 
7 0 0.16 0 0 2 0 0 2 7 -8 
8 0 2 0 0 4 0 0 2 8 -9 
9 0 0 0.2 0 0.005 0.2 0 2 10 -11 
10 0 0.005 0.2 0 0.01 0.2 0 2 11 -12 
11 0 0.01 0.2 0 0.02 0.2 0 2 12 -13 
12 0 0.02 0.2 0 0.04 0.2 0 2 13 -14 
13 0 0.04 0.2 0 0.08 0.2 0 2 14 -15 
14 0 0.08 0.2 0 0.16 0.2 0 2 15 -16 
15 0 0.16 0.2 0 2 0.2 0 2 16 -17 
16 0 2 0.2 0 4 0.2 0 2 17 -18 
17 0 0 0 0 0 0.2 0 2 1 -10 
18 0 0.005 0 0 0.005 0.2 0 2 2 -11 
19 0 0.01 0 0 0.01 0.2 0 2 3 -12 
20 0 0.02 0 0 0.02 0.2 0 2 4 -13 
21 0 0.04 0 0 0.04 0.2 0 2 5 -14 
22 0 0.08 0 0 0.08 0.2 0 2 6 -15 
23 0 0.16 0 0 0.16 0.2 0 2 7 -16 
24 0 2 0 0 2 0.2 0 2 8 -17 
25 0 4 0 0 4 0.2 0 2 9 -18 
26 0 4 0 0 8 0 0 2 9 -19 
27 0 8 0 0 8 0.2 0 2 19 -20 
28 0 4 0.2 0 8 0.2 0 2 18 -20 
29 0 8 0 0 20 0 0 2 19 -21 
30 0 20 0 0 20 0.2 0 2 21 -22 
31 0 8 0.2 0 20 0.2 0 2 20 -22 
1 0 0 0 0 0.005 0.2 0 4 1 18 -9 -17 
2 0 0.005 0 0 0.01 0.2 0 4 2 19 -10 -18 
3 0 0.01 0 0 0.02 0.2 0 4 3 20 -11 -19 
4 0 0.02 0 0 0.04 0.2 0 4 4 21 -12 -20 
5 0 0.04 0 0 0.08 0.2 0 4 5 22 -13 -21 
6 0 0.08 0 0 0.16 0.2 0 4 6 23 -14 -22 
7 0 0.16 0 0 2 0.2 0 4 7 24 -15 -23 
8 0 2 0 0 4 0.2 0 4 8 25 -16 -24 
9 0 4 0 0 8 0.2 0 4 26 27 -28 -25 
10 0 8 0 0 20 0.2 0 4 29 30 -31 -27 
$EndEntities
$Nodes
63 7617 1 7617
0 1 0 1
1
0 0 0
0 2 0 1
2
0 0.005 0
0 3 0 1
3
0 0.01 0
0 4 0 1
4
0 0.02 0
0 5 0 1
5
0 0.04 0
0 6 0 1
6
0 0.08 0
0 7 0 1
7
0 0.16 0
0 8 0 1
8
0 2 0
0 9 0 1
9
0 4 0
0 10 0 1
10
0 0 0.2
0 11 0 1
11
0 0.005 0.2
0 12 0 1
12
0 0.01 0.2
0 13 0 1
13
0 0.02 0.2
0 14 0 1
14
0 0.04 0.2
0 15 0 1
15
0 0.08 0.2
0 16 0 1
16
0 0.16 0.2
0 17 0 1
17
0 2 0.2
0 18 0 1
18
0 4 0.2
0 19 0 1
19
0 8 0
0 20 0 1
20
0 8 0.2
0 21 0 1
21
0 20 0
0 22 0 1
22
0 20 0.2
1 1 0 11
23
24
25
26
27
28
29
30
31
32
33
0 7.947189269173784e-05 0
0 0.0001806872911959431 0
0 0.0003095952224837414 0
0 0.0004737723653003694 0
0 0.0006828683783059128 0
0 0.0009491730551891028 0
0 0.001288338690682658 0
0 0.001720300043086683 0
0 0.002270446008516894 0
0 0.002971111907823192 0
0 0.003863479999940761 0
1 2 0 3
34
35
36
0 0.006169936315820386 0
0 0.007391700810170616 0
0 0.008667589471948374 0
1 3 0 4
37
38
39
40
0 0.01155205487296924 0
0 0.01330137591706752 0
0 0.01527303565952596 0
0 0.01749529335028334 0
1 4 0 4
41
42
43
44
0 0.02293477234747343 0
0 0.02632560830185027 0
0 0.03024338014786094 0
0 0.03476997375255403 0
1 5 0 3
45
46
47
0 0.04770399663225564 0
0 0.05677083022104319 0
0 0.06744158667827746 0
1 6 0 7
48
49
50
51
52
53
54
0 0.08999999999997289 0
0 0.0999999999999539 0
0 0.1099999999999132 0
0 0.1199999999998916 0
0 0.1299999999999214 0
0 0.1399999999999458 0
0 0.149999999999981 0
1 7 0 153
55
56
57
58
59
60
61
62
63
64
65
66
67
68
69
70
71
72
73
74
75
76
77
78
79
80
81
82
83
84
85
86
87
88
89
90
91
92
93
94
95
96
97
98
99
100
101
102
103
104
105
106
107
108
109
110
111
112
113
114
115
116
117
118
119
120
121
122
123
124
125
126
127
128
129
130
131
132
133
134
135
136
137
138
139
140
141
142
143
144
145
146
147
148
149
150
151
152
153
154
155
156
157
158
159
160
161
162
163
164
165
166
167
168
169
170
171
172
173
174
175
176
177
178
179
180
181
182
183
184
185
186
187
188
189
190
191
192
193
194
195
196
197
198
199
200
201
202
203
204
205
206
207
0 0.17194805194803 0
0 0.18389610389606 0
0 0.19584415584409 0
0 0.2077922077921199 0
0 0.2197402597401491 0
0 0.2316883116881746 0
0 0.2436363636362001 0
0 0.2555844155842291 0
0 0.267532467532259 0
0 0.279480519480289 0
0 0.291428571428319 0
0 0.3033766233763491 0
0 0.3153246753243877 0
0 0.3272727272724337 0
0 0.3392207792204766 0
0 0.3511688311685091 0
0 0.36311688311653 0
0 0.375064935064551 0
0 0.3870129870125806 0
0 0.3989610389606038 0
0 0.4109090909086199 0
0 0.4228571428566319 0
0 0.4348051948046463 0
0 0.4467532467526764 0
0 0.4587012987007062 0
0 0.470649350648723 0
0 0.482597402596735 0
0 0.494545454544747 0
0 0.5064935064927589 0
0 0.5184415584407709 0
0 0.5303896103887829 0
0 0.5423376623367948 0
0 0.5542857142848068 0
0 0.5662337662328244 0
0 0.5781818181808543 0
0 0.5901298701288843 0
0 0.602077922076898 0
0 0.61402597402491 0
0 0.6259740259729309 0
0 0.6379220779209609 0
0 0.6498701298689893 0
0 0.6618181818170012 0
0 0.6737662337650132 0
0 0.6857142857130252 0
0 0.6976623376610459 0
0 0.7096103896090759 0
0 0.7215584415571044 0
0 0.7335064935051164 0
0 0.7454545454531283 0
0 0.7574025974011404 0
0 0.7693506493491608 0
0 0.7812987012971907 0
0 0.7932467532452195 0
0 0.8051948051932315 0
0 0.8171428571412435 0
0 0.8290909090892674 0
0 0.8410389610372973 0
0 0.8529870129853228 0
0 0.8649350649333347 0
0 0.8768831168813467 0
0 0.8888311688293739 0
0 0.9007792207774038 0
0 0.912727272725426 0
0 0.9246753246734378 0
0 0.9366233766214499 0
0 0.9485714285694617 0
0 0.9605194805174738 0
0 0.9724675324654857 0
0 0.9844155844134977 0
0 0.9963636363615136 0
0 1.008311688309544 0
0 1.020259740257592 0
0 1.032207792205611 0
0 1.044155844153601 0
0 1.056103896101576 0
0 1.06805194804956 0
0 1.079999999997572 0
0 1.09194805194562 0
0 1.103896103893668 0
0 1.115844155841716 0
0 1.127792207789764 0
0 1.139740259737819 0
0 1.151688311685903 0
0 1.163636363634022 0
0 1.175584415582114 0
0 1.187532467530177 0
0 1.199480519478225 0
0 1.211428571426273 0
0 1.223376623374321 0
0 1.235324675322404 0
0 1.247272727270516 0
0 1.259220779218636 0
0 1.271168831166756 0
0 1.283116883114876 0
0 1.295064935062996 0
0 1.307012987011082 0
0 1.318961038959139 0
0 1.330909090907187 0
0 1.342857142855235 0
0 1.354805194803288 0
0 1.366753246751372 0
0 1.37870129869949 0
0 1.39064935064761 0
0 1.40259740259573 0
0 1.414545454543838 0
0 1.426493506491918 0
0 1.438441558439966 0
0 1.450389610388014 0
0 1.462337662336062 0
0 1.474285714284128 0
0 1.486233766232224 0
0 1.498181818180344 0
0 1.510129870128464 0
0 1.522077922076584 0
0 1.534025974024704 0
0 1.545974025972806 0
0 1.557922077920879 0
0 1.569870129868927 0
0 1.581818181816975 0
0 1.593766233765024 0
0 1.605714285713096 0
0 1.617662337661198 0
0 1.629610389609318 0
0 1.641558441557438 0
0 1.653506493505558 0
0 1.665454545453646 0
0 1.677402597401706 0
0 1.689350649349755 0
0 1.701298701297803 0
0 1.713246753245853 0
0 1.725194805193937 0
0 1.737142857142052 0
0 1.749090909090172 0
0 1.761038961038292 0
0 1.772987012986412 0
0 1.78493506493453 0
0 1.796883116882614 0
0 1.808831168830668 0
0 1.820779220778716 0
0 1.832727272726764 0
0 1.844675324674821 0
0 1.856623376622906 0
0 1.868571428571026 0
0 1.880519480519146 0
0 1.892467532467266 0
0 1.904415584415371 0
0 1.916363636363447 0
0 1.928311688311495 0
0 1.940259740259543 0
0 1.952207792207591 0
0 1.964155844155661 0
0 1.97610389610376 0
0 1.98805194805188 0
1 8 0 115
208
209
210
211
212
213
214
215
216
217
218
219
220
221
222
223
224
225
226
227
228
229
230
231
232
233
234
235
236
237
238
239
240
241
242
243
244
245
246
247
248
249
250
251
252
253
254
255
256
257
258
259
260
261
262
263
264
265
266
267
268
269
270
271
272
273
274
275
276
277
278
279
280
281
282
283
284
285
286
287
288
289
290
291
292
293
294
295
296
297
298
299
300
301
302
303
304
305
306
307
308
309
310
311
312
313
314
315
316
317
318
319
320
321
322
0 2.015328459413006 0
0 2.030687698844154 0
0 2.046077780121242 0
0 2.06149876517094 0
0 2.076950716048942 0
0 2.092433694940722 0
0 2.107947764161799 0
0 2.123492986128601 0
0 2.139069423388511 0
0 2.154677138650633 0
0 2.17031619469639 0
0 2.185986654469726 0
0 2.201688581047847 0
0 2.217422037611732 0
0 2.233187087446659 0
0 2.248983794002389 0
0 2.264812220864045 0
0 2.28067243169261 0
0 2.296564490315137 0
0 2.312488460725396 0
0 2.328444406994732 0
0 2.344432393302253 0
0 2.360452483995264 0
0 2.376504743559915 0
0 2.392589236591849 0
0 2.408706027796618 0
0 2.42485518202012 0
0 2.441036764249141 0
0 2.457250839611898 0
0 2.473497473378588 0
0 2.489776730902149 0
0 2.506088677678359 0
0 2.522433379376509 0
0 2.538810901780062 0
0 2.555221310787202 0
0 2.571664672411269 0
0 2.588141052841104 0
0 2.604650518381942 0
0 2.621193135455731 0
0 2.637768970631708 0
0 2.654378090596952 0
0 2.67102056221673 0
0 2.687696452475404 0
0 2.704405828446864 0
0 2.721148757384778 0
0 2.737925306663496 0
0 2.754735543778386 0
0 2.77157953637642 0
0 2.788457352256633 0
0 2.805369059340927 0
0 2.822314725674411 0
0 2.839294419455998 0
0 2.856308209008971 0
0 2.873356162811465 0
0 2.890438349437269 0
0 2.907554837615955 0
0 2.924705696263604 0
0 2.941890994393597 0
0 2.959110801146987 0
0 2.976365185822981 0
0 2.993654217879536 0
0 3.010977966874179 0
0 3.028336502494251 0
0 3.045729894617423 0
0 3.063158213252504 0
0 3.080621528510047 0
0 3.098119910662603 0
0 3.115653430115576 0
0 3.133222157437473 0
0 3.150826163330866 0
0 3.168465518632649 0
0 3.186140294344786 0
0 3.203850561574895 0
0 3.221596391566772 0
0 3.239377855760666 0
0 3.257195025704468 0
0 3.275047973083748 0
0 3.292936769782524 0
0 3.310861487764082 0
0 3.328822199131266 0
0 3.346818976186902 0
0 3.364851891374752 0
0 3.382921017220139 0
0 3.401026426450021 0
0 3.419168191934095 0
0 3.437346386655173 0
0 3.455561083769735 0
0 3.473812356578559 0
0 3.492100278527366 0
0 3.510424923207347 0
0 3.528786364355806 0
0 3.547184675886596 0
0 3.565619931831093 0
0 3.584092206338496 0
0 3.60260157376628 0
0 3.621148108621068 0
0 3.639731885499385 0
0 3.658352979177757 0
0 3.677011464613615 0
0 3.695707416885933 0
0 3.71444091125568 0
0 3.733212023106704 0
0 3.752020827946163 0
0 3.770867401464983 0
0 3.789751819508634 0
0 3.808674158047801 0
0 3.82763449323872 0
0 3.846632901394086 0
0 3.865669458983499 0
0 3.884744242604367 0
0 3.903857328982244 0
0 3.923008795061298 0
0 3.942198717915331 0
0 3.961427174748234 0
0 3.980694242924559 0
1 9 0 11
323
324
325
326
327
328
329
330
331
332
333
0 7.947189269173784e-05 0.2
0 0.0001806872911959431 0.2
0 0.0003095952224837414 0.2
0 0.0004737723653003694 0.2
0 0.0006828683783059128 0.2
0 0.0009491730551891028 0.2
0 0.001288338690682658 0.2
0 0.001720300043086683 0.2
0 0.002270446008516894 0.2
0 0.002971111907823192 0.2
0 0.003863479999940761 0.2
1 10 0 3
334
335
336
0 0.006169936315820386 0.2
0 0.007391700810170616 0.2
0 0.008667589471948374 0.2
1 11 0 4
337
338
339
340
0 0.01155205487296924 0.2
0 0.01330137591706752 0.2
0 0.01527303565952596 0.2
0 0.01749529335028334 0.2
1 12 0 4
341
342
343
344
0 0.02293477234747343 0.2
0 0.02632560830185027 0.2
0 0.03024338014786094 0.2
0 0.03476997375255403 0.2
1 13 0 3
345
346
347
0 0.04770399663225564 0.2
0 0.05677083022104319 0.2
0 0.06744158667827746 0.2
1 14 0 7
348
349
350
351
352
353
354
0 0.08999999999997289 0.2
0 0.0999999999999539 0.2
0 0.1099999999999132 0.2
0 0.1199999999998916 0.2
0 0.1299999999999214 0.2
0 0.1399999999999458 0.2
0 0.149999999999981 0.2
1 15 0 153
355
356
357
358
359
360
361
362
363
364
365
366
367
368
369
370
371
372
373
374
375
376
377
378
379
380
381
382
383
384
385
386
387
388
389
390
391
392
393
394
395
396
397
398
399
400
401
402
403
404
405
406
407
408
409
410
411
412
413
414
415
416
417
418
419
420
421
422
423
424
425
426
427
428
429
430
431
432
433
434
435
436
437
438
439
440
441
442
443
444
445
446
447
448
449
450
451
452
453
454
455
456
457
458
459
460
461
462
463
464
465
466
467
468
469
470
471
472
473
474
475
476
477
478
479
480
481
482
483
484
485
486
487
488
489
490
491
492
493
494
495
496
497
498
499
500
501
502
503
504
505
506
507
0 0.17194805194803 0.2
0 0.18389610389606 0.2
0 0.19584415584409 0.2
0 0.2077922077921199 0.2
0 0.2197402597401491 0.2
0 0.2316883116881746 0.2
0 0.2436363636362001 0.2
0 0.2555844155842291 0.2
0 0.267532467532259 0.2
0 0.279480519480289 0.2
0 0.291428571428319 0.2
0 0.3033766233763491 0.2
0 0.3153246753243877 0.2
0 0.3272727272724337 0.2
0 0.3392207792204766 0.2
0 0.3511688311685091 0.2
0 0.36311688311653 0.2
0 0.375064935064551 0.2
0 0.3870129870125806 0.2
0 0.3989610389606038 0.2
0 0.4109090909086199 0.2
0 0.4228571428566319 0.2
0 0.4348051948046463 0.2
0 0.4467532467526764 0.2
0 0.4587012987007062 0.2
0 0.470649350648723 0.2
0 0.482597402596735 0.2
0 0.494545454544747 0.2
0 0.5064935064927589 0.2
0 0.5184415584407709 0.2
0 0.5303896103887829 0.2
0 0.5423376623367948 0.2
0 0.5542857142848068 0.2
0 0.5662337662328244 0.2
0 0.5781818181808543 0.2
0 0.5901298701288843 0.2
0 0.602077922076898 0.2
0 0.61402597402491 0.2
0 0.6259740259729309 0.2
0 0.6379220779209609 0.2
0 0.6498701298689893 0.2
0 0.6618181818170012 0.2
0 0.6737662337650132 0.2
0 0.6857142857130252 0.2
0 0.6976623376610459 0.2
0 0.7096103896090759 0.2
0 0.7215584415571044 0.2
0 0.7335064935051164 0.2
0 0.7454545454531283 0.2
0 0.7574025974011404 0.2
0 0.7693506493491608 0.2
0 0.7812987012971907 0.2
0 0.7932467532452195 0.2
0 0.8051948051932315 0.2
0 0.8171428571412435 0.2
0 0.8290909090892674 0.2
0 0.8410389610372973 0.2
0 0.8529870129853228 0.2
0 0.8649350649333347 0.2
0 0.8768831168813467 0.2
0 0.8888311688293739 0.2
0 0.9007792207774038 0.2
0 0.912727272725426 0.2
0 0.9246753246734378 0.2
0 0.9366233766214499 0.2
0 0.9485714285694617 0.2
0 0.9605194805174738 0.2
0 0.9724675324654857 0.2
0 0.9844155844134977 0.2
0 0.9963636363615136 0.2
0 1.008311688309544 0.2
0 1.020259740257592 0.2
0 1.032207792205611 0.2
0 1.044155844153601 0.2
0 1.056103896101576 0.2
0 1.06805194804956 0.2
0 1.079999999997572 0.2
0 1.09194805194562 0.2
0 1.103896103893668 0.2
0 1.115844155841716 0.2
0 1.127792207789764 0.2
0 1.139740259737819 0.2
0 1.151688311685903 0.2
0 1.163636363634022 0.2
0 1.175584415582114 0.2
0 1.187532467530177 0.2
0 1.199480519478225 0.2
0 1.211428571426273 0.2
0 1.223376623374321 0.2
0 1.235324675322404 0.2
0 1.247272727270516 0.2
0 1.259220779218636 0.2
0 1.271168831166756 0.2
0 1.283116883114876 0.2
0 1.295064935062996 0.2
0 1.307012987011082 0.2
0 1.318961038959139 0.2
0 1.330909090907187 0.2
0 1.342857142855235 0.2
0 1.354805194803288 0.2
0 1.366753246751372 0.2
0 1.37870129869949 0.2
0 1.39064935064761 0.2
0 1.40259740259573 0.2
0 1.414545454543838 0.2
0 1.426493506491918 0.2
0 1.438441558439966 0.2
0 1.450389610388014 0.2
0 1.462337662336062 0.2
0 1.474285714284128 0.2
0 1.486233766232224 0.2
0 1.498181818180344 0.2
0 1.510129870128464 0.2
0 1.522077922076584 0.2
0 1.534025974024704 0.2
0 1.545974025972806 0.2
0 1.557922077920879 0.2
0 1.569870129868927 0.2
0 1.581818181816975 0.2
0 1.593766233765024 0.2
0 1.605714285713096 0.2
0 1.617662337661198 0.2
0 1.629610389609318 0.2
0 1.641558441557438 0.2
0 1.653506493505558 0.2
0 1.665454545453646 0.2
0 1.677402597401706 0.2
0 1.689350649349755 0.2
0 1.701298701297803 0.2
0 1.713246753245853 0.2
0 1.725194805193937 0.2
0 1.737142857142052 0.2
0 1.749090909090172 0.2
0 1.761038961038292 0.2
0 1.772987012986412 0.2
0 1.78493506493453 0.2
0 1.796883116882614 0.2
0 1.808831168830668 0.2
0 1.820779220778716 0.2
0 1.832727272726764 0.2
0 1.844675324674821 0.2
0 1.856623376622906 0.2
0 1.868571428571026 0.2
0 1.880519480519146 0.2
0 1.892467532467266 0.2
0 1.904415584415371 0.2
0 1.916363636363447 0.2
0 1.928311688311495 0.2
0 1.940259740259543 0.2
0 1.952207792207591 0.2
0 1.964155844155661 0.2
0 1.97610389610376 0.2
0 1.98805194805188 0.2
1 16 0 115
508
509
510
511
512
513
514
515
516
517
518
519
520
521
522
523
524
525
526
527
528
529
530
531
532
533
534
535
536
537
538
539
540
541
542
543
544
545
546
547
548
549
550
551
552
553
554
555
556
557
558
559
560
561
562
563
564
565
566
567
568
569
570
571
572
573
574
575
576
577
578
579
580
581
582
583
584
585
586
587
588
589
590
591
592
593
594
595
596
597
598
599
600
601
602
603
604
605
606
607
608
609
610
611
612
613
614
615
616
617
618
619
620
621
622
0 2.015328459413006 0.2
0 2.030687698844154 0.2
0 2.046077780121242 0.2
0 2.06149876517094 0.2
0 2.076950716048942 0.2
0 2.092433694940722 0.2
0 2.107947764161799 0.2
0 2.123492986128601 0.2
0 2.139069423388511 0.2
0 2.154677138650633 0.2
0 2.17031619469639 0.2
0 2.185986654469726 0.2
0 2.201688581047847 0.2
0 2.217422037611732 0.2
0 2.233187087446659 0.2
0 2.248983794002389 0.2
0 2.264812220864045 0.2
0 2.28067243169261 0.2
0 2.296564490315137 0.2
0 2.312488460725396 0.2
0 2.328444406994732 0.2
0 2.344432393302253 0.2
0 2.360452483995264 0.2
0 2.376504743559915 0.2
0 2.392589236591849 0.2
0 2.408706027796618 0.2
0 2.42485518202012 0.2
0 2.441036764249141 0.2
0 2.457250839611898 0.2
0 2.473497473378588 0.2
0 2.489776730902149 0.2
0 2.506088677678359 0.2
0 2.522433379376509 0.2
0 2.538810901780062 0.2
0 2.555221310787202 0.2
0 2.571664672411269 0.2
0 2.588141052841104 0.2
0 2.604650518381942 0.2
0 2.621193135455731 0.2
0 2.637768970631708 0.2
0 2.654378090596952 0.2
0 2.67102056221673 0.2
0 2.687696452475404 0.2
0 2.704405828446864 0.2
0 2.721148757384778 0.2
0 2.737925306663496 0.2
0 2.754735543778386 0.2
0 2.77157953637642 0.2
0 2.788457352256633 0.2
0 2.805369059340927 0.2
0 2.822314725674411 0.2
0 2.839294419455998 0.2
0 2.856308209008971 0.2
0 2.873356162811465 0.2
0 2.890438349437269 0.2
0 2.907554837615955 0.2
0 2.924705696263604 0.2
0 2.941890994393597 0.2
0 2.959110801146987 0.2
0 2.976365185822981 0.2
0 2.993654217879536 0.2
0 3.010977966874179 0.2
0 3.028336502494251 0.2
0 3.045729894617423 0.2
0 3.063158213252504 0.2
0 3.080621528510047 0.2
0 3.098119910662603 0.2
0 3.115653430115576 0.2
0 3.133222157437473 0.2
0 3.150826163330866 0.2
0 3.168465518632649 0.2
0 3.186140294344786 0.2
0 3.203850561574895 0.2
0 3.221596391566772 0.2
0 3.239377855760666 0.2
0 3.257195025704468 0.2
0 3.275047973083748 0.2
0 3.292936769782524 0.2
0 3.310861487764082 0.2
0 3.328822199131266 0.2
0 3.346818976186902 0.2
0 3.364851891374752 0.2
0 3.382921017220139 0.2
0 3.401026426450021 0.2
0 3.419168191934095 0.2
0 3.437346386655173 0.2
0 3.455561083769735 0.2
0 3.473812356578559 0.2
0 3.492100278527366 0.2
0 3.510424923207347 0.2
0 3.528786364355806 0.2
0 3.547184675886596 0.2
0 3.565619931831093 0.2
0 3.584092206338496 0.2
0 3.60260157376628 0.2
0 3.621148108621068 0.2
0 3.639731885499385 0.2
0 3.658352979177757 0.2
0 3.677011464613615 0.2
0 3.695707416885933 0.2
0 3.71444091125568 0.2
0 3.733212023106704 0.2
0 3.752020827946163 0.2
0 3.770867401464983 0.2
0 3.789751819508634 0.2
0 3.808674158047801 0.2
0 3.82763449323872 0.2
0 3.846632901394086 0.2
0 3.865669458983499 0.2
0 3.884744242604367 0.2
0 3.903857328982244 0.2
0 3.923008795061298 0.2
0 3.942198717915331 0.2
0 3.961427174748234 0.2
0 3.980694242924559 0.2
1 17 0 125
623
624
625
626
627
628
629
630
631
632
633
634
635
636
637
638
639
640
641
642
643
644
645
646
647
648
649
650
651
652
653
654
655
656
657
658
659
660
661
662
663
664
665
666
667
668
669
670
671
672
673
674
675
676
677
678
679
680
681
682
683
684
685
686
687
688
689
690
691
692
693
694
695
696
697
698
699
700
701
702
703
704
705
706
707
708
709
710
711
712
713
714
715
716
717
718
719
720
721
722
723
724
725
726
727
728
729
730
731
732
733
734
735
736
737
738
739
740
741
742
743
744
745
746
747
0 0 0.001587301587298684
0 0 0.003174603174597434
0 0 0.004761904761896176
0 0 0.006349206349194743
0 0 0.007936507936493122
0 0 0.009523809523791185
0 0 0.01111111111108932
0 0 0.01269841269838812
0 0 0.01428571428568726
0 0 0.01587301587298675
0 0 0.01746031746028642
0 0 0.01904761904758551
0 0 0.02063492063488475
0 0 0.02222222222218438
0 0 0.02380952380948331
0 0 0.02539682539678155
0 0 0.02698412698407908
0 0 0.02857142857137611
0 0 0.03015873015867314
0 0 0.03174603174597018
0 0 0.03333333333326721
0 0 0.03492063492056423
0 0 0.03650793650786077
0 0 0.03809523809515643
0 0 0.03968253968245262
0 0 0.04126984126974966
0 0 0.04285714285704669
0 0 0.04444444444434372
0 0 0.04603174603164075
0 0 0.04761904761893778
0 0 0.04920634920623481
0 0 0.05079365079353185
0 0 0.05238095238082888
0 0 0.05396825396812591
0 0 0.05555555555542294
0 0 0.05714285714271997
0 0 0.058730158730017
0 0 0.06031746031731403
0 0 0.06190476190461106
0 0 0.06349206349190809
0 0 0.06507936507920513
0 0 0.06666666666650216
0 0 0.06825396825379919
0 0 0.06984126984109622
0 0 0.07142857142839325
0 0 0.07301587301569028
0 0 0.07460317460298529
0 0 0.07619047619027958
0 0 0.07777777777757595
0 0 0.07936507936487298
0 0 0.08095238095217001
0 0 0.08253968253946706
0 0 0.08412698412676407
0 0 0.08571428571406112
0 0 0.08730158730135813
0 0 0.08888888888865518
0 0 0.09047619047595219
0 0 0.09206349206324924
0 0 0.09365079365054627
0 0 0.0952380952378433
0 0 0.09682539682514033
0 0 0.09841269841243735
0 0 0.0999999999997371
0 0 0.1015873015870397
0 0 0.103174603174345
0 0 0.104761904761653
0 0 0.1063492063489582
0 0 0.1079365079362635
0 0 0.1095238095235688
0 0 0.1111111111108744
0 0 0.1126984126981821
0 0 0.1142857142854874
0 0 0.1158730158727927
0 0 0.117460317460098
0 0 0.1190476190474038
0 0 0.1206349206347112
0 0 0.1222222222220165
0 0 0.1238095238093218
0 0 0.1253968253966271
0 0 0.1269841269839331
0 0 0.1285714285712412
0 0 0.1301587301585476
0 0 0.1317460317458501
0 0 0.1333333333331544
0 0 0.1349206349204625
0 0 0.1365079365077705
0 0 0.1380952380950765
0 0 0.139682539682379
0 0 0.1412698412696838
0 0 0.1428571428569919
0 0 0.1444444444442999
0 0 0.1460317460316054
0 0 0.147619047618908
0 0 0.1492063492062132
0 0 0.1507936507935212
0 0 0.1523809523808264
0 0 0.153968253968129
0 0 0.1555555555554345
0 0 0.1571428571427425
0 0 0.1587301587300506
0 0 0.1603174603173553
0 0 0.1619047619046579
0 0 0.1634920634919639
0 0 0.1650793650792719
0 0 0.1666666666665799
0 0 0.1682539682538843
0 0 0.1698412698411868
0 0 0.1714285714284932
0 0 0.1730158730158012
0 0 0.1746031746031093
0 0 0.1761904761904132
0 0 0.1777777777777158
0 0 0.1793650793650226
0 0 0.1809523809523306
0 0 0.1825396825396386
0 0 0.1841269841269421
0 0 0.1857142857142446
0 0 0.1873015873015519
0 0 0.18888888888886
0 0 0.190476190476168
0 0 0.1920634920634711
0 0 0.1936507936507736
0 0 0.1952380952380813
0 0 0.1968253968253893
0 0 0.1984126984126973
1 18 0 125
748
749
750
751
752
753
754
755
756
757
758
759
760
761
762
763
764
765
766
767
768
769
770
771
772
773
774
775
776
777
778
779
780
781
782
783
784
785
786
787
788
789
790
791
792
793
794
795
796
797
798
799
800
801
802
803
804
805
806
807
808
809
810
811
812
813
814
815
816
817
818
819
820
821
822
823
824
825
826
827
828
829
830
831
832
833
834
835
836
837
838
839
840
841
842
843
844
845
846
847
848
849
850
851
852
853
854
855
856
857
858
859
860
861
862
863
864
865
866
867
868
869
870
871
872
0 0.005 0.001587301587298684
0 0.005 0.003174603174597434
0 0.005 0.004761904761896176
0 0.005 0.006349206349194743
0 0.005 0.007936507936493122
0 0.005 0.009523809523791185
0 0.005 0.01111111111108932
0 0.005 0.01269841269838812
0 0.005 0.01428571428568726
0 0.005 0.01587301587298675
0 0.005 0.01746031746028642
0 0.005 0.01904761904758551
0 0.005 0.02063492063488475
0 0.005 0.02222222222218438
0 0.005 0.02380952380948331
0 0.005 0.02539682539678155
0 0.005 0.02698412698407908
0 0.005 0.02857142857137611
0 0.005 0.03015873015867314
0 0.005 0.03174603174597018
0 0.005 0.03333333333326721
0 0.005 0.03492063492056423
0 0.005 0.03650793650786077
0 0.005 0.03809523809515643
0 0.005 0.03968253968245262
0 0.005 0.04126984126974966
0 0.005 0.04285714285704669
0 0.005 0.04444444444434372
0 0.005 0.04603174603164075
0 0.005 0.04761904761893778
0 0.005 0.04920634920623481
0 0.005 0.05079365079353185
0 0.005 0.05238095238082888
0 0.005 0.05396825396812591
0 0.005 0.05555555555542294
0 0.005 0.05714285714271997
0 0.005 0.058730158730017
0 0.005 0.06031746031731403
0 0.005 0.06190476190461106
0 0.005 0.06349206349190809
0 0.005 0.06507936507920513
0 0.005 0.06666666666650216
0 0.005 0.06825396825379919
0 0.005 0.06984126984109622
0 0.005 0.07142857142839325
0 0.005 0.07301587301569028
0 0.005 0.07460317460298529
0 0.005 0.07619047619027958
0 0.005 0.07777777777757595
0 0.005 0.07936507936487298
0 0.005 0.08095238095217001
0 0.005 0.08253968253946706
0 0.005 0.08412698412676407
0 0.005 0.08571428571406112
0 0.005 0.08730158730135813
0 0.005 0.08888888888865518
0 0.005 0.09047619047595219
0 0.005 0.09206349206324924
0 0.005 0.09365079365054627
0 0.005 0.0952380952378433
0 0.005 0.09682539682514033
0 0.005 0.09841269841243735
0 0.005 0.0999999999997371
0 0.005 0.1015873015870397
0 0.005 0.103174603174345
0 0.005 0.104761904761653
0 0.005 0.1063492063489582
0 0.005 0.1079365079362635
0 0.005 0.1095238095235688
0 0.005 0.1111111111108744
0 0.005 0.1126984126981821
0 0.005 0.1142857142854874
0 0.005 0.1158730158727927
0 0.005 0.117460317460098
0 0.005 0.1190476190474038
0 0.005 0.1206349206347112
0 0.005 0.1222222222220165
0 0.005 0.1238095238093218
0 0.005 0.1253968253966271
0 0.005 0.1269841269839331
0 0.005 0.1285714285712412
0 0.005 0.1301587301585476
0 0.005 0.1317460317458501
0 0.005 0.1333333333331544
0 0.005 0.1349206349204625
0 0.005 0.1365079365077705
0 0.005 0.1380952380950765
0 0.005 0.139682539682379
0 0.005 0.1412698412696838
0 0.005 0.1428571428569919
0 0.005 0.1444444444442999
0 0.005 0.1460317460316054
0 0.005 0.147619047618908
0 0.005 0.1492063492062132
0 0.005 0.1507936507935212
0 0.005 0.1523809523808264
0 0.005 0.153968253968129
0 0.005 0.1555555555554345
0 0.005 0.1571428571427425
0 0.005 0.1587301587300506
0 0.005 0.1603174603173553
0 0.005 0.1619047619046579
0 0.005 0.1634920634919639
0 0.005 0.1650793650792719
0 0.005 0.1666666666665799
0 0.005 0.1682539682538843
0 0.005 0.1698412698411868
0 0.005 0.1714285714284932
0 0.005 0.1730158730158012
0 0.005 0.1746031746031093
0 0.005 0.1761904761904132
0 0.005 0.1777777777777158
0 0.005 0.1793650793650226
0 0.005 0.1809523809523306
0 0.005 0.1825396825396386
0 0.005 0.1841269841269421
0 0.005 0.1857142857142446
0 0.005 0.1873015873015519
0 0.005 0.18888888888886
0 0.005 0.190476190476168
0 0.005 0.1920634920634711
0 0.005 0.1936507936507736
0 0.005 0.1952380952380813
0 0.005 0.1968253968253893
0 0.005 0.1984126984126973
1 19 0 101
873
874
875
876
877
878
879
880
881
882
883
884
885
886
887
888
889
890
891
892
893
894
895
896
897
898
899
900
901
902
903
904
905
906
907
908
909
910
911
912
913
914
915
916
917
918
919
920
921
922
923
924
925
926
927
928
929
930
931
932
933
934
935
936
937
938
939
940
941
942
943
944
945
946
947
948
949
950
951
952
953
954
955
956
957
958
959
960
961
962
963
964
965
966
967
968
969
970
971
972
973
0 0.01 0.00196078431372192
0 0.01 0.003921568627443904
0 0.01 0.00588235294116576
0 0.01 0.007843137254887353
0 0.01 0.009803921568608487
0 0.01 0.01176470588232998
0 0.01 0.01372549019605224
0 0.01 0.01568627450977501
0 0.01 0.01764705882349808
0 0.01 0.01960784313722048
0 0.01 0.02156862745094344
0 0.01 0.02352941176466595
0 0.01 0.0254901960783873
0 0.01 0.02745098039210762
0 0.01 0.02941176470582749
0 0.01 0.03137254901954735
0 0.01 0.03333333333326721
0 0.01 0.03529411764698707
0 0.01 0.03725490196070579
0 0.01 0.03921568627442409
0 0.01 0.04117647058814395
0 0.01 0.04313725490186381
0 0.01 0.04509803921558367
0 0.01 0.04705882352930354
0 0.01 0.04901960784302339
0 0.01 0.05098039215674326
0 0.01 0.05294117647046313
0 0.01 0.05490196078418298
0 0.01 0.05686274509790284
0 0.01 0.05882352941162271
0 0.01 0.06078431372534257
0 0.01 0.06274509803906243
0 0.01 0.0647058823527823
0 0.01 0.06666666666650216
0 0.01 0.06862745098022202
0 0.01 0.07058823529394188
0 0.01 0.07254901960766173
0 0.01 0.07450980392137974
0 0.01 0.07647058823509621
0 0.01 0.07843137254881591
0 0.01 0.08039215686253577
0 0.01 0.08235294117625563
0 0.01 0.0843137254899755
0 0.01 0.08627450980369536
0 0.01 0.08823529411741522
0 0.01 0.09019607843113508
0 0.01 0.09215686274485495
0 0.01 0.09411764705857481
0 0.01 0.09607843137229466
0 0.01 0.09803921568601454
0 0.01 0.0999999999997371
0 0.01 0.1019607843134644
0 0.01 0.1039215686271959
0 0.01 0.1058823529409273
0 0.01 0.1078431372546573
0 0.01 0.1098039215683874
0 0.01 0.1117647058821189
0 0.01 0.1137254901958502
0 0.01 0.1156862745095803
0 0.01 0.1176470588233103
0 0.01 0.1196078431370419
0 0.01 0.1215686274507732
0 0.01 0.1235294117645033
0 0.01 0.1254901960782333
0 0.01 0.1274509803919649
0 0.01 0.1294117647056984
0 0.01 0.131372549019426
0 0.01 0.1333333333331544
0 0.01 0.1352941176468879
0 0.01 0.1372549019606214
0 0.01 0.1392156862743489
0 0.01 0.1411764705880774
0 0.01 0.1431372549018109
0 0.01 0.1450980392155444
0 0.01 0.1470588235292718
0 0.01 0.1490196078430005
0 0.01 0.1509803921567339
0 0.01 0.1529411764704626
0 0.01 0.15490196078419
0 0.01 0.1568627450979234
0 0.01 0.1588235294116569
0 0.01 0.1607843137253855
0 0.01 0.162745098039113
0 0.01 0.1647058823528465
0 0.01 0.1666666666665799
0 0.01 0.1686274509803084
0 0.01 0.170588235294036
0 0.01 0.1725490196077695
0 0.01 0.1745098039215029
0 0.01 0.1764705882352313
0 0.01 0.178431372548959
0 0.01 0.1803921568626925
0 0.01 0.1823529411764259
0 0.01 0.1843137254901542
0 0.01 0.186274509803882
0 0.01 0.1882352941176155
0 0.01 0.1901960784313489
0 0.01 0.1921568627450771
0 0.01 0.194117647058805
0 0.01 0.1960784313725385
0 0.01 0.1980392156862719
1 20 0 57
974
975
976
977
978
979
980
981
982
983
984
985
986
987
988
989
990
991
992
993
994
995
996
997
998
999
1000
1001
1002
1003
1004
1005
1006
1007
1008
1009
1010
1011
1012
1013
1014
1015
1016
1017
1018
1019
1020
1021
1022
1023
1024
1025
1026
1027
1028
1029
1030
0 0.02 0.003448275862062736
0 0.02 0.006896551724125228
0 0.02 0.01034482758618673
0 0.02 0.01379310344824956
0 0.02 0.01724137931031413
0 0.02 0.02068965517237784
0 0.02 0.0241379310344416
0 0.02 0.0275862068965021
0 0.02 0.03103448275856116
0 0.02 0.03448275862062023
0 0.02 0.03793103448267757
0 0.02 0.04137931034473566
0 0.02 0.04482758620679472
0 0.02 0.04827586206885379
0 0.02 0.05172413793091286
0 0.02 0.05517241379297193
0 0.02 0.05862068965503099
0 0.02 0.06206896551709006
0 0.02 0.06551724137914913
0 0.02 0.0689655172412082
0 0.02 0.07241379310326727
0 0.02 0.07586206896532213
0 0.02 0.07931034482737999
0 0.02 0.08275862068943905
0 0.02 0.08620689655149812
0 0.02 0.08965517241355719
0 0.02 0.09310344827561626
0 0.02 0.09655172413767532
0 0.02 0.0999999999997371
0 0.02 0.103448275861812
0 0.02 0.1068965517238911
0 0.02 0.1103448275859681
0 0.02 0.1137931034480478
0 0.02 0.1172413793101248
0 0.02 0.1206896551722045
0 0.02 0.1241379310342816
0 0.02 0.1275862068963603
0 0.02 0.1310344827584386
0 0.02 0.1344827586205155
0 0.02 0.1379310344825969
0 0.02 0.1413793103446706
0 0.02 0.1448275862067535
0 0.02 0.1482758620688263
0 0.02 0.1517241379309081
0 0.02 0.1551724137929808
0 0.02 0.1586206896550638
0 0.02 0.1620689655171375
0 0.02 0.1655172413792189
0 0.02 0.1689655172412957
0 0.02 0.1724137931033741
0 0.02 0.1758620689654541
0 0.02 0.1793103448275292
0 0.02 0.1827586206896122
0 0.02 0.1862068965516843
0 0.02 0.1896551724137673
0 0.02 0.1931034482758417
0 0.02 0.1965517241379224
1 21 0 27
1031
1032
1033
1034
1035
1036
1037
1038
1039
1040
1041
1042
1043
1044
1045
1046
1047
1048
1049
1050
1051
1052
1053
1054
1055
1056
1057
0 0.04 0.007142857142843945
0 0.04 0.01428571428568726
0 0.04 0.02142857142853464
0 0.04 0.02857142857137611
0 0.04 0.03571428571421275
0 0.04 0.04285714285704668
0 0.04 0.04999999999988333
0 0.04 0.05714285714271997
0 0.04 0.0642857142855566
0 0.04 0.07142857142839325
0 0.04 0.07857142857122447
0 0.04 0.0857142857140611
0 0.04 0.09285714285689775
0 0.04 0.0999999999997371
0 0.04 0.1071428571426109
0 0.04 0.1142857142854874
0 0.04 0.1214285714283639
0 0.04 0.1285714285712412
0 0.04 0.1357142857141165
0 0.04 0.1428571428569919
0 0.04 0.1499999999998672
0 0.04 0.1571428571427425
0 0.04 0.1642857142856179
0 0.04 0.1714285714284932
0 0.04 0.1785714285713685
0 0.04 0.1857142857142446
0 0.04 0.1928571428571223
1 22 0 15
1058
1059
1060
1061
1062
1063
1064
1065
1066
1067
1068
1069
1070
1071
1072
0 0.08 0.01249999999997573
0 0.08 0.02499999999995712
0 0.08 0.03749999999992056
0 0.08 0.04999999999988333
0 0.08 0.06249999999984745
0 0.08 0.07499999999980887
0 0.08 0.08749999999977028
0 0.08 0.0999999999997371
0 0.08 0.112499999999769
0 0.08 0.1249999999998008
0 0.08 0.1374999999998381
0 0.08 0.1499999999998672
0 0.08 0.1624999999998963
0 0.08 0.1749999999999363
0 0.08 0.1874999999999654
1 23 0 15
1073
1074
1075
1076
1077
1078
1079
1080
1081
1082
1083
1084
1085
1086
1087
0 0.16 0.01249999999997573
0 0.16 0.02499999999995712
0 0.16 0.03749999999992056
0 0.16 0.04999999999988333
0 0.16 0.06249999999984745
0 0.16 0.07499999999980887
0 0.16 0.08749999999977028
0 0.16 0.0999999999997371
0 0.16 0.112499999999769
0 0.16 0.1249999999998008
0 0.16 0.1374999999998381
0 0.16 0.1499999999998672
0 0.16 0.1624999999998963
0 0.16 0.1749999999999363
0 0.16 0.1874999999999654
1 24 0 15
1088
1089
1090
1091
1092
1093
1094
1095
1096
1097
1098
1099
1100
1101
1102
0 2 0.01249999999997573
0 2 0.02499999999995712
0 2 0.03749999999992056
0 2 0.04999999999988333
0 2 0.06249999999984745
0 2 0.07499999999980887
0 2 0.08749999999977028
0 2 0.0999999999997371
0 2 0.112499999999769
0 2 0.1249999999998008
0 2 0.1374999999998381
0 2 0.1499999999998672
0 2 0.1624999999998963
0 2 0.1749999999999363
0 2 0.1874999999999654
1 25 0 7
1103
1104
1105
1106
1107
1108
1109
0 4 0.02499999999995712
0 4 0.04999999999988333
0 4 0.07499999999980887
0 4 0.0999999999997371
0 4 0.1249999999998008
0 4 0.1499999999998672
0 4 0.1749999999999363
1 26 0 68
1110
1111
1112
1113
1114
1115
1116
1117
1118
1119
1120
1121
1122
1123
1124
1125
1126
1127
1128
1129
1130
1131
1132
1133
1134
1135
1136
1137
1138
1139
1140
1141
1142
1143
1144
1145
1146
1147
1148
1149
1150
1151
1152
1153
1154
1155
1156
1157
1158
1159
1160
1161
1162
1163
1164
1165
1166
1167
1168
1169
1170
1171
1172
1173
1174
1175
1176
1177
0 4.026686740216512 0
0 4.053924105181389 0
0 4.081723456214711 0
0 4.110096389124202 0
0 4.139054738439124 0
0 4.168610582353066 0
0 4.198776249189333 0
0 4.229564321594875 0
0 4.26098764156169 0
0 4.293059316257283 0
0 4.325792723503571 0
0 4.359201516227849 0
0 4.393299629568972 0
0 4.428101286460655 0
0 4.46362100276714 0
0 4.499873593928537 0
0 4.536874181223171 0
0 4.574638198313069 0
0 4.613181397422226 0
0 4.652519855180435 0
0 4.692669979916809 0
0 4.733648518685139 0
0 4.775472563905464 0
0 4.818159560947124 0
0 4.86172731476195 0
0 4.906193998035806 0
0 4.951578158458414 0
0 4.997898726263504 0
0 5.045175022123459 0
0 5.093426765333765 0
0 5.142674082980606 0
0 5.192937516400785 0
0 5.244238030346774 0
0 5.296597023215975 0
0 5.350036334554829 0
0 5.404578254742232 0
0 5.460245533870486 0
0 5.517061390953054 0
0 5.575049524178932 0
0 5.634234121542821 0
0 5.6946398695038 0
0 5.756291963770942 0
0 5.819216120651661 0
0 5.883438585699748 0
0 5.948986146997076 0
0 6.015886145540501 0
0 6.084166485668277 0
0 6.153855648096869 0
0 6.224982700879242 0
0 6.29757731208222 0
0 6.371669761773402 0
0 6.447290954475698 0
0 6.524472432179746 0
0 6.603246388464465 0
0 6.683645680798907 0
0 6.765703844494618 0
0 6.849455107357107 0
0 6.934934402371098 0
0 7.022177384063583 0
0 7.111220442452483 0
0 7.202100718151526 0
0 7.294856118774545 0
0 7.389525333516422 0
0 7.486147849581695 0
0 7.584763969313617 0
0 7.685414826777597 0
0 7.788142404428525 0
0 7.892989551075715 0
1 27 0 1
1178
0 8 0.0999999999997371
1 28 0 68
1179
1180
1181
1182
1183
1184
1185
1186
1187
1188
1189
1190
1191
1192
1193
1194
1195
1196
1197
1198
1199
1200
1201
1202
1203
1204
1205
1206
1207
1208
1209
1210
1211
1212
1213
1214
1215
1216
1217
1218
1219
1220
1221
1222
1223
1224
1225
1226
1227
1228
1229
1230
1231
1232
1233
1234
1235
1236
1237
1238
1239
1240
1241
1242
1243
1244
1245
1246
0 4.026686740216512 0.2
0 4.053924105181389 0.2
0 4.081723456214711 0.2
0 4.110096389124202 0.2
0 4.139054738439124 0.2
0 4.168610582353066 0.2
0 4.198776249189333 0.2
0 4.229564321594875 0.2
0 4.26098764156169 0.2
0 4.293059316257283 0.2
0 4.325792723503571 0.2
0 4.359201516227849 0.2
0 4.393299629568972 0.2
0 4.428101286460655 0.2
0 4.46362100276714 0.2
0 4.499873593928537 0.2
0 4.536874181223171 0.2
0 4.574638198313069 0.2
0 4.613181397422226 0.2
0 4.652519855180435 0.2
0 4.692669979916809 0.2
0 4.733648518685139 0.2
0 4.775472563905464 0.2
0 4.818159560947124 0.2
0 4.86172731476195 0.2
0 4.906193998035806 0.2
0 4.951578158458414 0.2
0 4.997898726263504 0.2
0 5.045175022123459 0.2
0 5.093426765333765 0.2
0 5.142674082980606 0.2
0 5.192937516400785 0.2
0 5.244238030346774 0.2
0 5.296597023215975 0.2
0 5.350036334554829 0.2
0 5.404578254742232 0.2
0 5.460245533870486 0.2
0 5.517061390953054 0.2
0 5.575049524178932 0.2
0 5.634234121542821 0.2
0 5.6946398695038 0.2
0 5.756291963770942 0.2
0 5.819216120651661 0.2
0 5.883438585699748 0.2
0 5.948986146997076 0.2
0 6.015886145540501 0.2
0 6.084166485668277 0.2
0 6.153855648096869 0.2
0 6.224982700879242 0.2
0 6.29757731208222 0.2
0 6.371669761773402 0.2
0 6.447290954475698 0.2
0 6.524472432179746 0.2
0 6.603246388464465 0.2
0 6.683645680798907 0.2
0 6.765703844494618 0.2
0 6.849455107357107 0.2
0 6.934934402371098 0.2
0 7.022177384063583 0.2
0 7.111220442452483 0.2
0 7.202100718151526 0.2
0 7.294856118774545 0.2
0 7.389525333516422 0.2
0 7.486147849581695 0.2
0 7.584763969313617 0.2
0 7.685414826777597 0.2
0 7.788142404428525 0.2
0 7.892989551075715 0.2
1 29 0 12
1247
1248
1249
1250
1251
1252
1253
1254
1255
1256
1257
1258
0 8.532268084266123 0
0 9.110988654375548 0
0 9.740215746123098 0
0 10.42435719631246 0
0 11.16820553421007 0
0 11.97697155151011 0
0 12.85632078284682 0
0 13.81241321760765 0
0 14.85194645157754 0
0 15.9822025830303 0
0 17.21109924678377 0
0 18.54724507651405 0
1 30 0 1
1259
0 20 0.0999999999997371
1 31 0 12
1260
1261
1262
1263
1264
1265
1266
1267
1268
1269
1270
1271
0 8.532268084266123 0.2
0 9.110988654375548 0.2
0 9.740215746123098 0.2
0 10.42435719631246 0.2
0 11.16820553421007 0.2
0 11.97697155151011 0.2
0 12.85632078284682 0.2
0 13.81241321760765 0.2
0 14.85194645157754 0.2
0 15.9822025830303 0.2
0 17.21109924678377 0.2
0 18.54724507651405 0.2
2 1 0 1375
1272
1273
1274
1275
1276
1277
1278
1279
1280
1281
1282
1283
1284
1285
1286
1287
1288
1289
1290
1291
1292
1293
1294
1295
1296
1297
1298
1299
1300
1301
1302
1303
1304
1305
1306
1307
1308
1309
1310
1311
1312
1313
1314
1315
1316
1317
1318
1319
1320
1321
1322
1323
1324
1325
1326
1327
1328
1329
1330
1331
1332
1333
1334
1335
1336
1337
1338
1339
1340
1341
1342
1343
1344
1345
1346
1347
1348
1349
1350
1351
1352
1353
1354
1355
1356
1357
1358
1359
1360
1361
1362
1363
1364
1365
1366
1367
1368
1369
1370
1371
1372
1373
1374
1375
1376
1377
1378
1379
1380
1381
1382
1383
1384
1385
1386
1387
1388
1389
1390
1391
1392
1393
1394
1395
1396
1397
1398
1399
1400
1401
1402
1403
1404
1405
1406
1407
1408
1409
1410
1411
1412
1413
1414
1415
1416
1417
1418
1419
1420
1421
1422
1423
1424
1425
1426
1427
1428
1429
1430
1431
1432
1433
1434
1435
1436
1437
1438
1439
1440
1441
1442
1443
1444
1445
1446
1447
1448
1449
1450
1451
1452
1453
1454
1455
1456
1457
1458
1459
1460
1461
1462
1463
1464
1465
1466
1467
1468
1469
1470
1471
1472
1473
1474
1475
1476
1477
1478
1479
1480
1481
1482
1483
1484
1485
1486
1487
1488
1489
1490
1491
1492
1493
1494
1495
1496
1497
1498
1499
1500
1501
1502
1503
1504
1505
1506
1507
1508
1509
1510
1511
1512
1513
1514
1515
1516
1517
1518
1519
1520
1521
1522
1523
1524
1525
1526
1527
1528
1529
1530
1531
1532
1533
1534
1535
1536
1537
1538
1539
1540
1541
1542
1543
1544
1545
1546
1547
1548
1549
1550
1551
1552
1553
1554
1555
1556
1557
1558
1559
1560
1561
1562
1563
1564
1565
1566
1567
1568
1569
1570
1571
1572
1573
1574
1575
1576
1577
1578
1579
1580
1581
1582
1583
1584
1585
1586
1587
1588
1589
1590
1591
1592
1593
1594
1595
1596
1597
1598
1599
1600
1601
1602
1603
1604
1605
1606
1607
1608
1609
1610
1611
1612
1613
1614
1615
1616
1617
1618
1619
1620
1621
1622
1623
1624
1625
1626
1627
1628
1629
1630
1631
1632
1633
1634
1635
1636
1637
1638
1639
1640
1641
1642
1643
1644
1645
1646
1647
1648
1649
1650
1651
1652
1653
1654
1655
1656
1657
1658
1659
1660
1661
1662
1663
1664
1665
1666
1667
1668
1669
1670
1671
1672
1673
1674
1675
1676
1677
1678
1679
1680
1681
1682
1683
1684
1685
1686
1687
1688
1689
1690
1691
1692
1693
1694
1695
1696
1697
1698
1699
1700
1701
1702
1703
1704
1705
1706
1707
1708
1709
1710
1711
1712
1713
1714
1715
1716
1717
1718
1719
1720
1721
1722
1723
1724
1725
1726
1727
1728
1729
1730
1731
1732
1733
1734
1735
1736
1737
1738
1739
1740
1741
1742
1743
1744
1745
1746
1747
1748
1749
1750
1751
1752
1753
1754
1755
1756
1757
1758
1759
1760
1761
1762
1763
1764
1765
1766
1767
1768
1769
1770
1771
1772
1773
1774
1775
1776
1777
1778
1779
1780
1781
1782
1783
1784
1785
1786
1787
1788
1789
1790
1791
1792
1793
1794
1795
1796
1797
1798
1799
1800
1801
1802
1803
1804
1805
1806
1807
1808
1809
1810
1811
1812
1813
1814
1815
1816
1817
1818
1819
1820
1821
1822
1823
1824
1825
1826
1827
1828
1829
1830
1831
1832
1833
1834
1835
1836
1837
1838
1839
1840
1841
1842
1843
1844
1845
1846
1847
1848
1849
1850
1851
1852
1853
1854
1855
1856
1857
1858
1859
1860
1861
1862
1863
1864
1865
1866
1867
1868
1869
1870
1871
1872
1873
1874
1875
1876
1877
1878
1879
1880
1881
1882
1883
1884
1885
1886
1887
1888
1889
1890
1891
1892
1893
1894
1895
1896
1897
1898
1899
1900
1901
1902
1903
1904
1905
1906
1907
1908
1909
1910
1911
1912
1913
1914
1915
1916
1917
1918
1919
1920
1921
1922
1923
1924
1925
1926
1927
1928
1929
1930
1931
1932
1933
1934
1935
1936
1937
1938
1939
1940
1941
1942
1943
1944
1945
1946
1947
1948
1949
1950
1951
1952
1953
1954
1955
1956
1957
1958
1959
1960
1961
1962
1963
1964
1965
1966
1967
1968
1969
1970
1971
1972
1973
1974
1975
1976
1977
1978
1979
1980
1981
1982
1983
1984
1985
1986
1987
1988
1989
1990
1991
1992
1993
1994
1995
1996
1997
1998
1999
2000
2001
2002
2003
2004
2005
2006
2007
2008
2009
2010
2011
2012
2013
2014
2015
2016
2017
2018
2019
2020
2021
2022
2023
2024
2025
2026
2027
2028
2029
2030
2031
2032
2033
2034
2035
2036
2037
2038
2039
2040
2041
2042
2043
2044
2045
2046
2047
2048
2049
2050
2051
2052
2053
2054
2055
2056
2057
2058
2059
2060
2061
2062
2063
2064
2065
2066
2067
2068
2069
2070
2071
2072
2073
2074
2075
2076
2077
2078
2079
2080
2081
2082
2083
2084
2085
2086
2087
2088
2089
2090
2091
2092
2093
2094
2095
2096
2097
2098
2099
2100
2101
2102
2103
2104
2105
2106
2107
2108
2109
2110
2111
2112
2113
2114
2115
2116
2117
2118
2119
2120
2121
2122
2123
2124
2125
2126
2127
2128
2129
2130
2131
2132
2133
2134
2135
2136
2137
2138
2139
2140
2141
2142
2143
2144
2145
2146
2147
2148
2149
2150
2151
2152
2153
2154
2155
2156
2157
2158
2159
2160
2161
2162
2163
2164
2165
2166
2167
2168
2169
2170
2171
2172
2173
2174
2175
2176
2177
2178
2179
2180
2181
2182
2183
2184
2185
2186
2187
2188
2189
2190
2191
2192
2193
2194
2195
2196
2197
2198
2199
2200
2201
2202
2203
2204
2205
2206
2207
2208
2209
2210
2211
2212
2213
2214
2215
2216
2217
2218
2219
2220
2221
2222
2223
2224
2225
2226
2227
2228
2229
2230
2231
2232
2233
2234
2235
2236
2237
2238
2239
2240
2241
2242
2243
2244
2245
2246
2247
2248
2249
2250
2251
2252
2253
2254
2255
2256
2257
2258
2259
2260
2261
2262
2263
2264
2265
2266
2267
2268
2269
2270
2271
2272
2273
2274
2275
2276
2277
2278
2279
2280
2281
2282
2283
2284
2285
2286
2287
2288
2289
2290
2291
2292
2293
2294
2295
2296
2297
2298
2299
2300
2301
2302
2303
2304
2305
2306
2307
2308
2309
2310
2311
2312
2313
2314
2315
2316
2317
2318
2319
2320
2321
2322
2323
2324
2325
2326
2327
2328
2329
2330
2331
2332
2333
2334
2335
2336
2337
2338
2339
2340
2341
2342
2343
2344
2345
2346
2347
2348
2349
2350
2351
2352
2353
2354
2355
2356
2357
2358
2359
2360
2361
2362
2363
2364
2365
2366
2367
2368
2369
2370
2371
2372
2373
2374
2375
2376
2377
2378
2379
2380
2381
2382
2383
2384
2385
2386
2387
2388
2389
2390
2391
2392
2393
2394
2395
2396
2397
2398
2399
2400
2401
2402
2403
2404
2405
2406
2407
2408
2409
2410
2411
2412
2413
2414
2415
2416
2417
2418
2419
2420
2421
2422
2423
2424
2425
2426
2427
2428
2429
2430
2431
2432
2433
2434
2435
2436
2437
2438
2439
2440
2441
2442
2443
2444
2445
2446
2447
2448
2449
2450
2451
2452
2453
2454
2455
2456
2457
2458
2459
2460
2461
2462
2463
2464
2465
2466
2467
2468
2469
2470
2471
2472
2473
2474
2475
2476
2477
2478
2479
2480
2481
2482
2483
2484
2485
2486
2487
2488
2489
2490
2491
2492
2493
2494
2495
2496
2497
2498
2499
2500
2501
2502
2503
2504
2505
2506
2507
2508
2509
2510
2511
2512
2513
2514
2515
2516
2517
2518
2519
2520
2521
2522
2523
2524
2525
2526
2527
2528
2529
2530
2531
2532
2533
2534
2535
2536
2537
2538
2539
2540
2541
2542
2543
2544
2545
2546
2547
2548
2549
2550
2551
2552
2553
2554
2555
2556
2557
2558
2559
2560
2561
2562
2563
2564
2565
2566
2567
2568
2569
2570
2571
2572
2573
2574
2575
2576
2577
2578
2579
2580
2581
2582
2583
2584
2585
2586
2587
2588
2589
2590
2591
2592
2593
2594
2595
2596
2597
2598
2599
2600
2601
2602
2603
2604
2605
2606
2607
2608
2609
2610
2611
2612
2613
2614
2615
2616
2617
2618
2619
2620
2621
2622
2623
2624
2625
2626
2627
2628
2629
2630
2631
2632
2633
2634
2635
2636
2637
2638
2639
2640
2641
2642
2643
2644
2645
2646
0 7.947189269173786e-05 0.001587301587298695
0 7.947189269173784e-05 0.003174603174597435
0 7.947189269173784e-05 0.004761904761896175
0 7.947189269173784e-05 0.006349206349194736
0 7.947189269173784e-05 0.00793650793649312
0 7.947189269173784e-05 0.009523809523791194
0 7.947189269173784e-05 0.01111111111108931
0 7.947189269173776e-05 0.01269841269838812
0 7.947189269173784e-05 0.01428571428568726
0 7.947189269173779e-05 0.01587301587298675
0 7.947189269173778e-05 0.01746031746028643
0 7.947189269173776e-05 0.01904761904758552
0 7.947189269173776e-05 0.02063492063488475
0 7.947189269173776e-05 0.02222222222218437
0 7.947189269173778e-05 0.02380952380948331
0 7.947189269173776e-05 0.02539682539678154
0 7.947189269173776e-05 0.02698412698407909
0 7.947189269173776e-05 0.02857142857137611
0 7.947189269173776e-05 0.03015873015867314
0 7.947189269173774e-05 0.03174603174597018
0 7.947189269173778e-05 0.0333333333332672
0 7.947189269173776e-05 0.03492063492056424
0 7.947189269173778e-05 0.03650793650786077
0 7.947189269173775e-05 0.03809523809515643
0 7.947189269173776e-05 0.03968253968245264
0 7.947189269173774e-05 0.04126984126974967
0 7.947189269173772e-05 0.04285714285704669
0 7.947189269173778e-05 0.04444444444434373
0 7.947189269173775e-05 0.04603174603164076
0 7.947189269173775e-05 0.04761904761893778
0 7.947189269173772e-05 0.04920634920623482
0 7.947189269173772e-05 0.05079365079353185
0 7.947189269173775e-05 0.05238095238082888
0 7.947189269173775e-05 0.05396825396812591
0 7.947189269173772e-05 0.05555555555542294
0 7.947189269173772e-05 0.05714285714271997
0 7.947189269173772e-05 0.05873015873001699
0 7.947189269173775e-05 0.06031746031731403
0 7.947189269173771e-05 0.06190476190461106
0 7.947189269173772e-05 0.06349206349190803
0 7.947189269173774e-05 0.06507936507920513
0 7.947189269173772e-05 0.06666666666650217
0 7.947189269173769e-05 0.06825396825379919
0 7.947189269173771e-05 0.06984126984109622
0 7.947189269173772e-05 0.07142857142839323
0 7.947189269173767e-05 0.07301587301569029
0 7.947189269173768e-05 0.07460317460298531
0 7.947189269173767e-05 0.07619047619027954
0 7.947189269173768e-05 0.07777777777757593
0 7.947189269173774e-05 0.07936507936487301
0 7.947189269173768e-05 0.08095238095217001
0 7.947189269173765e-05 0.08253968253946703
0 7.947189269173768e-05 0.08412698412676407
0 7.947189269173768e-05 0.08571428571406112
0 7.947189269173767e-05 0.08730158730135813
0 7.947189269173765e-05 0.08888888888865513
0 7.947189269173767e-05 0.09047619047595216
0 7.947189269173768e-05 0.09206349206324921
0 7.947189269173768e-05 0.09365079365054628
0 7.947189269173765e-05 0.09523809523784327
0 7.947189269173765e-05 0.09682539682514035
0 7.947189269173768e-05 0.09841269841243734
0 7.947189269173765e-05 0.0999999999997371
0 7.947189269173768e-05 0.1015873015870397
0 7.947189269173765e-05 0.1031746031743451
0 7.947189269173765e-05 0.104761904761653
0 7.947189269173765e-05 0.1063492063489582
0 7.947189269173765e-05 0.1079365079362635
0 7.947189269173765e-05 0.1095238095235688
0 7.947189269173765e-05 0.1111111111108744
0 7.947189269173765e-05 0.1126984126981821
0 7.947189269173765e-05 0.1142857142854874
0 7.947189269173765e-05 0.1158730158727926
0 7.947189269173765e-05 0.117460317460098
0 7.947189269173765e-05 0.1190476190474038
0 7.947189269173765e-05 0.1206349206347113
0 7.947189269173765e-05 0.1222222222220165
0 7.947189269173765e-05 0.1238095238093218
0 7.947189269173765e-05 0.1253968253966271
0 7.947189269173765e-05 0.1269841269839331
0 7.947189269173761e-05 0.1285714285712412
0 7.947189269173764e-05 0.1301587301585476
0 7.947189269173761e-05 0.1317460317458501
0 7.94718926917376e-05 0.1333333333331544
0 7.947189269173761e-05 0.1349206349204625
0 7.947189269173761e-05 0.1365079365077705
0 7.947189269173761e-05 0.1380952380950765
0 7.947189269173764e-05 0.1396825396823791
0 7.947189269173761e-05 0.1412698412696838
0 7.947189269173761e-05 0.1428571428569918
0 7.947189269173761e-05 0.1444444444442999
0 7.947189269173763e-05 0.1460317460316054
0 7.94718926917376e-05 0.1476190476189079
0 7.947189269173761e-05 0.1492063492062132
0 7.947189269173761e-05 0.1507936507935212
0 7.947189269173761e-05 0.1523809523808264
0 7.94718926917376e-05 0.153968253968129
0 7.947189269173763e-05 0.1555555555554344
0 7.947189269173761e-05 0.1571428571427425
0 7.947189269173761e-05 0.1587301587300506
0 7.94718926917376e-05 0.1603174603173553
0 7.947189269173763e-05 0.1619047619046579
0 7.947189269173763e-05 0.1634920634919639
0 7.947189269173763e-05 0.1650793650792719
0 7.947189269173763e-05 0.1666666666665799
0 7.947189269173763e-05 0.1682539682538843
0 7.947189269173761e-05 0.1698412698411867
0 7.947189269173761e-05 0.1714285714284932
0 7.947189269173763e-05 0.1730158730158013
0 7.947189269173763e-05 0.1746031746031093
0 7.947189269173763e-05 0.1761904761904132
0 7.947189269173763e-05 0.1777777777777158
0 7.947189269173763e-05 0.1793650793650226
0 7.947189269173763e-05 0.1809523809523306
0 7.947189269173763e-05 0.1825396825396386
0 7.947189269173763e-05 0.1841269841269421
0 7.94718926917376e-05 0.1857142857142446
0 7.94718926917376e-05 0.1873015873015519
0 7.947189269173761e-05 0.18888888888886
0 7.94718926917376e-05 0.190476190476168
0 7.94718926917376e-05 0.1920634920634711
0 7.947189269173763e-05 0.1936507936507736
0 7.947189269173761e-05 0.1952380952380812
0 7.94718926917376e-05 0.1968253968253893
0 7.94718926917376e-05 0.1984126984126974
0 0.000180687291195943 0.001587301587298695
0 0.0001806872911959429 0.003174603174597435
0 0.000180687291195943 0.004761904761896175
0 0.0001806872911959429 0.006349206349194735
0 0.0001806872911959431 0.007936507936493118
0 0.000180687291195943 0.009523809523791194
0 0.000180687291195943 0.01111111111108931
0 0.0001806872911959431 0.01269841269838812
0 0.000180687291195943 0.01428571428568725
0 0.000180687291195943 0.01587301587298675
0 0.0001806872911959431 0.01746031746028642
0 0.000180687291195943 0.01904761904758552
0 0.0001806872911959429 0.02063492063488475
0 0.000180687291195943 0.02222222222218437
0 0.000180687291195943 0.02380952380948331
0 0.000180687291195943 0.02539682539678154
0 0.000180687291195943 0.02698412698407908
0 0.000180687291195943 0.02857142857137611
0 0.000180687291195943 0.03015873015867314
0 0.000180687291195943 0.03174603174597018
0 0.000180687291195943 0.03333333333326721
0 0.000180687291195943 0.03492063492056423
0 0.000180687291195943 0.03650793650786077
0 0.0001806872911959429 0.03809523809515643
0 0.000180687291195943 0.03968253968245264
0 0.0001806872911959429 0.04126984126974967
0 0.000180687291195943 0.04285714285704669
0 0.000180687291195943 0.04444444444434372
0 0.000180687291195943 0.04603174603164076
0 0.0001806872911959429 0.04761904761893778
0 0.000180687291195943 0.04920634920623482
0 0.0001806872911959429 0.05079365079353185
0 0.000180687291195943 0.05238095238082888
0 0.0001806872911959429 0.05396825396812591
0 0.000180687291195943 0.05555555555542293
0 0.000180687291195943 0.05714285714271993
0 0.000180687291195943 0.05873015873001699
0 0.000180687291195943 0.06031746031731399
0 0.000180687291195943 0.06190476190461106
0 0.0001806872911959429 0.06349206349190809
0 0.000180687291195943 0.06507936507920513
0 0.0001806872911959429 0.06666666666650216
0 0.000180687291195943 0.06825396825379919
0 0.0001806872911959429 0.06984126984109623
0 0.000180687291195943 0.07142857142839325
0 0.000180687291195943 0.07301587301569029
0 0.000180687291195943 0.07460317460298531
0 0.0001806872911959429 0.07619047619027958
0 0.0001806872911959429 0.07777777777757594
0 0.0001806872911959429 0.07936507936487297
0 0.0001806872911959429 0.08095238095217001
0 0.000180687291195943 0.08253968253946703
0 0.0001806872911959429 0.08412698412676407
0 0.000180687291195943 0.08571428571406109
0 0.0001806872911959429 0.08730158730135815
0 0.000180687291195943 0.08888888888865513
0 0.0001806872911959429 0.09047619047595219
0 0.0001806872911959429 0.09206349206324921
0 0.0001806872911959429 0.09365079365054631
0 0.000180687291195943 0.09523809523784327
0 0.0001806872911959429 0.09682539682514035
0 0.000180687291195943 0.09841269841243733
0 0.0001806872911959429 0.0999999999997371
0 0.0001806872911959429 0.1015873015870397
0 0.0001806872911959429 0.103174603174345
0 0.0001806872911959429 0.104761904761653
0 0.0001806872911959429 0.1063492063489583
0 0.0001806872911959429 0.1079365079362635
0 0.0001806872911959429 0.1095238095235688
0 0.0001806872911959429 0.1111111111108744
0 0.0001806872911959429 0.1126984126981821
0 0.0001806872911959429 0.1142857142854874
0 0.0001806872911959429 0.1158730158727927
0 0.0001806872911959429 0.117460317460098
0 0.0001806872911959429 0.1190476190474038
0 0.0001806872911959429 0.1206349206347113
0 0.0001806872911959429 0.1222222222220165
0 0.0001806872911959429 0.1238095238093218
0 0.0001806872911959429 0.1253968253966271
0 0.0001806872911959429 0.1269841269839331
0 0.0001806872911959429 0.1285714285712412
0 0.0001806872911959429 0.1301587301585476
0 0.0001806872911959429 0.1317460317458501
0 0.0001806872911959429 0.1333333333331544
0 0.0001806872911959429 0.1349206349204624
0 0.0001806872911959429 0.1365079365077705
0 0.0001806872911959429 0.1380952380950765
0 0.0001806872911959429 0.139682539682379
0 0.0001806872911959429 0.1412698412696838
0 0.0001806872911959429 0.1428571428569919
0 0.0001806872911959429 0.1444444444442999
0 0.0001806872911959429 0.1460317460316054
0 0.0001806872911959429 0.147619047618908
0 0.0001806872911959429 0.1492063492062132
0 0.0001806872911959429 0.1507936507935212
0 0.0001806872911959429 0.1523809523808264
0 0.0001806872911959429 0.153968253968129
0 0.0001806872911959429 0.1555555555554345
0 0.0001806872911959429 0.1571428571427425
0 0.0001806872911959429 0.1587301587300506
0 0.0001806872911959429 0.1603174603173554
0 0.0001806872911959429 0.1619047619046579
0 0.0001806872911959429 0.1634920634919639
0 0.0001806872911959429 0.1650793650792719
0 0.0001806872911959429 0.1666666666665799
0 0.0001806872911959428 0.1682539682538843
0 0.0001806872911959429 0.1698412698411867
0 0.0001806872911959429 0.1714285714284932
0 0.0001806872911959429 0.1730158730158012
0 0.0001806872911959429 0.1746031746031093
0 0.0001806872911959429 0.1761904761904132
0 0.0001806872911959429 0.1777777777777158
0 0.0001806872911959429 0.1793650793650226
0 0.0001806872911959429 0.1809523809523306
0 0.0001806872911959429 0.1825396825396386
0 0.0001806872911959429 0.1841269841269421
0 0.0001806872911959429 0.1857142857142446
0 0.0001806872911959428 0.1873015873015519
0 0.0001806872911959429 0.18888888888886
0 0.0001806872911959429 0.190476190476168
0 0.0001806872911959429 0.1920634920634711
0 0.0001806872911959429 0.1936507936507736
0 0.0001806872911959429 0.1952380952380813
0 0.0001806872911959429 0.1968253968253893
0 0.0001806872911959429 0.1984126984126973
0 0.0003095952224837413 0.001587301587298695
0 0.0003095952224837412 0.003174603174597435
0 0.0003095952224837414 0.004761904761896175
0 0.0003095952224837414 0.006349206349194735
0 0.0003095952224837414 0.007936507936493118
0 0.0003095952224837414 0.009523809523791196
0 0.0003095952224837414 0.01111111111108931
0 0.0003095952224837414 0.01269841269838812
0 0.0003095952224837414 0.01428571428568726
0 0.0003095952224837414 0.01587301587298675
0 0.0003095952224837412 0.01746031746028643
0 0.0003095952224837414 0.01904761904758552
0 0.0003095952224837414 0.02063492063488474
0 0.0003095952224837412 0.02222222222218438
0 0.0003095952224837414 0.02380952380948331
0 0.0003095952224837412 0.02539682539678154
0 0.0003095952224837414 0.02698412698407908
0 0.0003095952224837414 0.02857142857137611
0 0.0003095952224837411 0.03015873015867314
0 0.0003095952224837414 0.03174603174597018
0 0.0003095952224837412 0.03333333333326721
0 0.0003095952224837413 0.03492063492056423
0 0.0003095952224837414 0.03650793650786077
0 0.0003095952224837414 0.03809523809515643
0 0.0003095952224837414 0.03968253968245265
0 0.0003095952224837412 0.04126984126974966
0 0.0003095952224837414 0.0428571428570467
0 0.0003095952224837412 0.04444444444434373
0 0.0003095952224837412 0.04603174603164076
0 0.0003095952224837412 0.04761904761893779
0 0.0003095952224837413 0.04920634920623481
0 0.0003095952224837413 0.05079365079353185
0 0.0003095952224837412 0.05238095238082888
0 0.0003095952224837412 0.05396825396812591
0 0.0003095952224837414 0.05555555555542293
0 0.0003095952224837412 0.05714285714271997
0 0.0003095952224837413 0.058730158730017
0 0.0003095952224837412 0.06031746031731403
0 0.0003095952224837413 0.06190476190461106
0 0.0003095952224837412 0.06349206349190809
0 0.0003095952224837412 0.06507936507920511
0 0.0003095952224837412 0.06666666666650216
0 0.0003095952224837412 0.06825396825379919
0 0.0003095952224837412 0.06984126984109623
0 0.0003095952224837414 0.07142857142839325
0 0.0003095952224837412 0.07301587301569028
0 0.0003095952224837411 0.07460317460298531
0 0.0003095952224837412 0.07619047619027955
0 0.0003095952224837412 0.07777777777757595
0 0.0003095952224837412 0.07936507936487298
0 0.0003095952224837411 0.08095238095217001
0 0.0003095952224837412 0.08253968253946702
0 0.0003095952224837412 0.08412698412676407
0 0.0003095952224837412 0.08571428571406109
0 0.0003095952224837412 0.08730158730135815
0 0.0003095952224837412 0.08888888888865515
0 0.0003095952224837412 0.09047619047595216
0 0.0003095952224837412 0.09206349206324921
0 0.0003095952224837411 0.09365079365054629
0 0.0003095952224837412 0.09523809523784331
0 0.0003095952224837412 0.09682539682514034
0 0.0003095952224837413 0.09841269841243733
0 0.0003095952224837412 0.0999999999997371
0 0.0003095952224837412 0.1015873015870397
0 0.0003095952224837412 0.103174603174345
0 0.0003095952224837412 0.104761904761653
0 0.0003095952224837412 0.1063492063489582
0 0.0003095952224837412 0.1079365079362635
0 0.0003095952224837412 0.1095238095235688
0 0.0003095952224837412 0.1111111111108744
0 0.0003095952224837412 0.1126984126981821
0 0.0003095952224837412 0.1142857142854874
0 0.0003095952224837412 0.1158730158727927
0 0.0003095952224837412 0.117460317460098
0 0.0003095952224837412 0.1190476190474038
0 0.0003095952224837412 0.1206349206347112
0 0.0003095952224837411 0.1222222222220165
0 0.0003095952224837412 0.1238095238093218
0 0.0003095952224837411 0.1253968253966271
0 0.0003095952224837412 0.1269841269839331
0 0.0003095952224837412 0.1285714285712412
0 0.0003095952224837411 0.1301587301585476
0 0.0003095952224837412 0.1317460317458501
0 0.0003095952224837412 0.1333333333331544
0 0.0003095952224837412 0.1349206349204625
0 0.0003095952224837412 0.1365079365077705
0 0.0003095952224837412 0.1380952380950765
0 0.0003095952224837412 0.139682539682379
0 0.0003095952224837411 0.1412698412696838
0 0.0003095952224837412 0.1428571428569919
0 0.0003095952224837412 0.1444444444442999
0 0.0003095952224837412 0.1460317460316054
0 0.0003095952224837412 0.147619047618908
0 0.0003095952224837412 0.1492063492062132
0 0.0003095952224837412 0.1507936507935212
0 0.0003095952224837412 0.1523809523808264
0 0.0003095952224837411 0.153968253968129
0 0.0003095952224837412 0.1555555555554345
0 0.0003095952224837412 0.1571428571427425
0 0.0003095952224837412 0.1587301587300506
0 0.0003095952224837412 0.1603174603173553
0 0.0003095952224837412 0.1619047619046579
0 0.0003095952224837412 0.1634920634919639
0 0.0003095952224837411 0.1650793650792719
0 0.0003095952224837411 0.1666666666665799
0 0.0003095952224837411 0.1682539682538843
0 0.0003095952224837411 0.1698412698411867
0 0.0003095952224837412 0.1714285714284932
0 0.0003095952224837412 0.1730158730158012
0 0.0003095952224837412 0.1746031746031093
0 0.0003095952224837411 0.1761904761904132
0 0.0003095952224837412 0.1777777777777157
0 0.0003095952224837412 0.1793650793650226
0 0.0003095952224837411 0.1809523809523306
0 0.0003095952224837411 0.1825396825396386
0 0.0003095952224837412 0.1841269841269421
0 0.0003095952224837411 0.1857142857142446
0 0.0003095952224837412 0.1873015873015519
0 0.0003095952224837411 0.18888888888886
0 0.0003095952224837411 0.190476190476168
0 0.0003095952224837411 0.192063492063471
0 0.0003095952224837412 0.1936507936507735
0 0.0003095952224837412 0.1952380952380813
0 0.0003095952224837411 0.1968253968253894
0 0.0003095952224837411 0.1984126984126973
0 0.0004737723653003693 0.001587301587298695
0 0.0004737723653003696 0.003174603174597435
0 0.0004737723653003694 0.004761904761896176
0 0.0004737723653003694 0.006349206349194735
0 0.0004737723653003692 0.00793650793649312
0 0.0004737723653003694 0.009523809523791194
0 0.0004737723653003692 0.01111111111108931
0 0.0004737723653003694 0.01269841269838812
0 0.0004737723653003694 0.01428571428568726
0 0.0004737723653003694 0.01587301587298675
0 0.0004737723653003693 0.01746031746028642
0 0.0004737723653003695 0.01904761904758552
0 0.0004737723653003694 0.02063492063488475
0 0.0004737723653003693 0.02222222222218437
0 0.0004737723653003695 0.02380952380948331
0 0.0004737723653003693 0.02539682539678154
0 0.0004737723653003693 0.02698412698407908
0 0.0004737723653003693 0.0285714285713761
0 0.0004737723653003695 0.03015873015867314
0 0.0004737723653003693 0.03174603174597018
0 0.0004737723653003693 0.03333333333326721
0 0.0004737723653003695 0.03492063492056423
0 0.0004737723653003696 0.03650793650786077
0 0.0004737723653003696 0.03809523809515643
0 0.0004737723653003696 0.03968253968245264
0 0.0004737723653003696 0.04126984126974966
0 0.0004737723653003695 0.0428571428570467
0 0.0004737723653003695 0.04444444444434372
0 0.0004737723653003696 0.04603174603164076
0 0.0004737723653003695 0.04761904761893779
0 0.0004737723653003695 0.04920634920623482
0 0.0004737723653003695 0.05079365079353185
0 0.0004737723653003696 0.05238095238082888
0 0.0004737723653003696 0.05396825396812591
0 0.0004737723653003695 0.05555555555542294
0 0.0004737723653003695 0.05714285714271997
0 0.0004737723653003696 0.05873015873001698
0 0.0004737723653003694 0.06031746031731403
0 0.0004737723653003695 0.06190476190461106
0 0.0004737723653003696 0.06349206349190809
0 0.0004737723653003695 0.06507936507920513
0 0.0004737723653003695 0.06666666666650217
0 0.0004737723653003695 0.06825396825379919
0 0.0004737723653003695 0.06984126984109623
0 0.0004737723653003696 0.07142857142839325
0 0.0004737723653003693 0.07301587301569029
0 0.0004737723653003696 0.07460317460298529
0 0.0004737723653003695 0.07619047619027954
0 0.0004737723653003696 0.07777777777757595
0 0.0004737723653003696 0.07936507936487298
0 0.0004737723653003696 0.08095238095217001
0 0.0004737723653003695 0.08253968253946703
0 0.0004737723653003695 0.08412698412676407
0 0.0004737723653003695 0.08571428571406109
0 0.0004737723653003696 0.08730158730135813
0 0.0004737723653003695 0.08888888888865515
0 0.0004737723653003696 0.09047619047595218
0 0.0004737723653003696 0.09206349206324919
0 0.0004737723653003695 0.09365079365054629
0 0.0004737723653003695 0.09523809523784327
0 0.0004737723653003696 0.09682539682514035
0 0.0004737723653003696 0.09841269841243733
0 0.0004737723653003696 0.0999999999997371
0 0.0004737723653003695 0.1015873015870397
0 0.0004737723653003694 0.103174603174345
0 0.0004737723653003695 0.104761904761653
0 0.0004737723653003695 0.1063492063489582
0 0.0004737723653003694 0.1079365079362635
0 0.0004737723653003694 0.1095238095235688
0 0.0004737723653003696 0.1111111111108744
0 0.0004737723653003694 0.1126984126981821
0 0.0004737723653003694 0.1142857142854874
0 0.0004737723653003695 0.1158730158727927
0 0.0004737723653003695 0.117460317460098
0 0.0004737723653003695 0.1190476190474038
0 0.0004737723653003695 0.1206349206347112
0 0.0004737723653003695 0.1222222222220165
0 0.0004737723653003694 0.1238095238093218
0 0.0004737723653003694 0.1253968253966271
0 0.0004737723653003694 0.1269841269839331
0 0.0004737723653003695 0.1285714285712412
0 0.0004737723653003695 0.1301587301585476
0 0.0004737723653003696 0.1317460317458501
0 0.0004737723653003694 0.1333333333331544
0 0.0004737723653003695 0.1349206349204625
0 0.0004737723653003695 0.1365079365077705
0 0.0004737723653003696 0.1380952380950765
0 0.0004737723653003695 0.139682539682379
0 0.0004737723653003693 0.1412698412696838
0 0.0004737723653003695 0.1428571428569919
0 0.0004737723653003696 0.1444444444442999
0 0.0004737723653003695 0.1460317460316054
0 0.0004737723653003695 0.147619047618908
0 0.0004737723653003696 0.1492063492062132
0 0.0004737723653003695 0.1507936507935212
0 0.0004737723653003694 0.1523809523808265
0 0.0004737723653003695 0.1539682539681289
0 0.0004737723653003695 0.1555555555554345
0 0.0004737723653003693 0.1571428571427425
0 0.0004737723653003696 0.1587301587300506
0 0.0004737723653003695 0.1603174603173553
0 0.0004737723653003695 0.1619047619046579
0 0.0004737723653003696 0.1634920634919639
0 0.0004737723653003696 0.1650793650792719
0 0.0004737723653003695 0.1666666666665799
0 0.0004737723653003696 0.1682539682538843
0 0.0004737723653003696 0.1698412698411868
0 0.0004737723653003696 0.1714285714284933
0 0.0004737723653003695 0.1730158730158012
0 0.0004737723653003695 0.1746031746031092
0 0.0004737723653003695 0.1761904761904131
0 0.0004737723653003695 0.1777777777777158
0 0.0004737723653003696 0.1793650793650226
0 0.0004737723653003696 0.1809523809523305
0 0.0004737723653003695 0.1825396825396386
0 0.0004737723653003695 0.1841269841269421
0 0.0004737723653003695 0.1857142857142446
0 0.0004737723653003695 0.1873015873015519
0 0.0004737723653003695 0.1888888888888599
0 0.0004737723653003695 0.190476190476168
0 0.0004737723653003696 0.192063492063471
0 0.0004737723653003696 0.1936507936507736
0 0.0004737723653003695 0.1952380952380813
0 0.0004737723653003695 0.1968253968253894
0 0.0004737723653003695 0.1984126984126973
0 0.0006828683783059128 0.001587301587298695
0 0.0006828683783059128 0.003174603174597434
0 0.000682868378305913 0.004761904761896174
0 0.0006828683783059131 0.006349206349194735
0 0.000682868378305913 0.007936507936493122
0 0.0006828683783059125 0.009523809523791194
0 0.0006828683783059128 0.01111111111108931
0 0.0006828683783059128 0.01269841269838812
0 0.0006828683783059132 0.01428571428568726
0 0.0006828683783059128 0.01587301587298675
0 0.000682868378305913 0.01746031746028642
0 0.0006828683783059128 0.01904761904758551
0 0.0006828683783059132 0.02063492063488474
0 0.0006828683783059126 0.02222222222218437
0 0.0006828683783059128 0.02380952380948331
0 0.0006828683783059128 0.02539682539678154
0 0.0006828683783059126 0.02698412698407908
0 0.000682868378305913 0.02857142857137611
0 0.0006828683783059132 0.03015873015867315
0 0.0006828683783059131 0.03174603174597018
0 0.000682868378305913 0.03333333333326721
0 0.000682868378305913 0.03492063492056423
0 0.000682868378305913 0.03650793650786077
0 0.000682868378305913 0.03809523809515643
0 0.0006828683783059132 0.03968253968245262
0 0.000682868378305913 0.04126984126974967
0 0.0006828683783059128 0.04285714285704671
0 0.0006828683783059128 0.04444444444434373
0 0.0006828683783059127 0.04603174603164076
0 0.0006828683783059127 0.0476190476189378
0 0.0006828683783059131 0.04920634920623482
0 0.0006828683783059132 0.05079365079353185
0 0.000682868378305913 0.05238095238082888
0 0.000682868378305913 0.05396825396812591
0 0.0006828683783059127 0.05555555555542293
0 0.000682868378305913 0.05714285714271997
0 0.000682868378305913 0.058730158730017
0 0.000682868378305913 0.06031746031731405
0 0.0006828683783059133 0.06190476190461106
0 0.000682868378305913 0.06349206349190809
0 0.000682868378305913 0.06507936507920514
0 0.0006828683783059128 0.06666666666650219
0 0.0006828683783059131 0.06825396825379917
0 0.000682868378305913 0.06984126984109623
0 0.0006828683783059132 0.07142857142839325
0 0.000682868378305913 0.07301587301569031
0 0.0006828683783059131 0.07460317460298529
0 0.0006828683783059131 0.07619047619027955
0 0.0006828683783059128 0.07777777777757598
0 0.000682868378305913 0.07936507936487298
0 0.000682868378305913 0.08095238095217
0 0.0006828683783059128 0.08253968253946703
0 0.0006828683783059128 0.08412698412676409
0 0.000682868378305913 0.0857142857140611
0 0.0006828683783059131 0.08730158730135813
0 0.0006828683783059131 0.08888888888865513
0 0.0006828683783059131 0.09047619047595221
0 0.000682868378305913 0.09206349206324926
0 0.0006828683783059132 0.09365079365054627
0 0.0006828683783059131 0.09523809523784327
0 0.0006828683783059132 0.09682539682514035
0 0.0006828683783059132 0.09841269841243734
0 0.0006828683783059128 0.0999999999997371
0 0.0006828683783059128 0.1015873015870397
0 0.0006828683783059132 0.103174603174345
0 0.0006828683783059132 0.104761904761653
0 0.0006828683783059131 0.1063492063489582
0 0.0006828683783059132 0.1079365079362635
0 0.000682868378305913 0.1095238095235688
0 0.000682868378305913 0.1111111111108744
0 0.0006828683783059131 0.1126984126981821
0 0.0006828683783059132 0.1142857142854874
0 0.0006828683783059132 0.1158730158727927
0 0.0006828683783059131 0.117460317460098
0 0.0006828683783059132 0.1190476190474038
0 0.0006828683783059131 0.1206349206347112
0 0.0006828683783059132 0.1222222222220165
0 0.0006828683783059132 0.1238095238093218
0 0.0006828683783059132 0.1253968253966271
0 0.0006828683783059131 0.1269841269839331
0 0.0006828683783059131 0.1285714285712412
0 0.000682868378305913 0.1301587301585476
0 0.0006828683783059131 0.1317460317458501
0 0.000682868378305913 0.1333333333331544
0 0.0006828683783059132 0.1349206349204626
0 0.0006828683783059131 0.1365079365077705
0 0.0006828683783059131 0.1380952380950765
0 0.0006828683783059131 0.139682539682379
0 0.0006828683783059131 0.1412698412696838
0 0.000682868378305913 0.1428571428569919
0 0.0006828683783059131 0.1444444444442999
0 0.0006828683783059131 0.1460317460316054
0 0.0006828683783059131 0.147619047618908
0 0.000682868378305913 0.1492063492062132
0 0.0006828683783059131 0.1507936507935212
0 0.0006828683783059131 0.1523809523808264
0 0.0006828683783059132 0.1539682539681289
0 0.0006828683783059131 0.1555555555554345
0 0.0006828683783059131 0.1571428571427425
0 0.000682868378305913 0.1587301587300506
0 0.0006828683783059131 0.1603174603173553
0 0.000682868378305913 0.1619047619046578
0 0.0006828683783059131 0.1634920634919639
0 0.0006828683783059131 0.165079365079272
0 0.0006828683783059131 0.1666666666665799
0 0.0006828683783059131 0.1682539682538843
0 0.0006828683783059131 0.1698412698411867
0 0.0006828683783059131 0.1714285714284932
0 0.0006828683783059131 0.1730158730158012
0 0.0006828683783059132 0.1746031746031092
0 0.0006828683783059131 0.1761904761904132
0 0.000682868378305913 0.1777777777777158
0 0.0006828683783059131 0.1793650793650225
0 0.0006828683783059131 0.1809523809523306
0 0.0006828683783059131 0.1825396825396386
0 0.000682868378305913 0.1841269841269421
0 0.0006828683783059131 0.1857142857142447
0 0.0006828683783059131 0.1873015873015519
0 0.000682868378305913 0.18888888888886
0 0.0006828683783059131 0.190476190476168
0 0.000682868378305913 0.1920634920634711
0 0.000682868378305913 0.1936507936507736
0 0.0006828683783059131 0.1952380952380813
0 0.0006828683783059131 0.1968253968253893
0 0.0006828683783059131 0.1984126984126973
0 0.0009491730551891025 0.001587301587298694
0 0.0009491730551891028 0.003174603174597434
0 0.0009491730551891028 0.004761904761896175
0 0.0009491730551891028 0.006349206349194737
0 0.0009491730551891028 0.00793650793649312
0 0.0009491730551891029 0.009523809523791194
0 0.0009491730551891027 0.01111111111108931
0 0.0009491730551891032 0.01269841269838812
0 0.0009491730551891028 0.01428571428568726
0 0.0009491730551891028 0.01587301587298675
0 0.0009491730551891028 0.01746031746028642
0 0.0009491730551891027 0.01904761904758552
0 0.0009491730551891032 0.02063492063488474
0 0.0009491730551891031 0.02222222222218437
0 0.0009491730551891028 0.02380952380948331
0 0.0009491730551891029 0.02539682539678154
0 0.0009491730551891031 0.02698412698407908
0 0.0009491730551891028 0.02857142857137611
0 0.0009491730551891028 0.03015873015867314
0 0.0009491730551891029 0.03174603174597018
0 0.0009491730551891028 0.03333333333326721
0 0.0009491730551891028 0.03492063492056423
0 0.0009491730551891028 0.03650793650786077
0 0.0009491730551891033 0.03809523809515643
0 0.0009491730551891028 0.03968253968245262
0 0.0009491730551891028 0.04126984126974967
0 0.0009491730551891033 0.04285714285704671
0 0.0009491730551891028 0.04444444444434375
0 0.0009491730551891031 0.04603174603164075
0 0.0009491730551891035 0.04761904761893779
0 0.0009491730551891031 0.04920634920623482
0 0.0009491730551891028 0.05079365079353185
0 0.0009491730551891028 0.05238095238082888
0 0.0009491730551891028 0.05396825396812591
0 0.0009491730551891031 0.05555555555542294
0 0.0009491730551891031 0.05714285714271997
0 0.0009491730551891028 0.05873015873001698
0 0.0009491730551891032 0.06031746031731403
0 0.0009491730551891028 0.06190476190461106
0 0.0009491730551891031 0.06349206349190809
0 0.0009491730551891035 0.06507936507920513
0 0.0009491730551891031 0.06666666666650213
0 0.0009491730551891029 0.06825396825379919
0 0.0009491730551891031 0.06984126984109623
0 0.0009491730551891033 0.07142857142839325
0 0.0009491730551891028 0.07301587301569028
0 0.0009491730551891033 0.07460317460298529
0 0.0009491730551891028 0.07619047619027958
0 0.0009491730551891031 0.07777777777757594
0 0.0009491730551891034 0.07936507936487298
0 0.0009491730551891031 0.08095238095217003
0 0.0009491730551891028 0.08253968253946703
0 0.0009491730551891029 0.08412698412676407
0 0.0009491730551891032 0.08571428571406108
0 0.0009491730551891028 0.08730158730135813
0 0.0009491730551891031 0.08888888888865515
0 0.0009491730551891031 0.09047619047595221
0 0.0009491730551891032 0.09206349206324921
0 0.0009491730551891028 0.09365079365054627
0 0.0009491730551891031 0.09523809523784325
0 0.0009491730551891033 0.09682539682514034
0 0.0009491730551891028 0.09841269841243734
0 0.0009491730551891034 0.09999999999973709
0 0.0009491730551891031 0.1015873015870397
0 0.0009491730551891031 0.103174603174345
0 0.0009491730551891031 0.104761904761653
0 0.0009491730551891028 0.1063492063489582
0 0.0009491730551891031 0.1079365079362635
0 0.0009491730551891031 0.1095238095235688
0 0.0009491730551891033 0.1111111111108744
0 0.0009491730551891028 0.1126984126981821
0 0.0009491730551891033 0.1142857142854874
0 0.0009491730551891029 0.1158730158727927
0 0.0009491730551891028 0.117460317460098
0 0.0009491730551891031 0.1190476190474037
0 0.0009491730551891033 0.1206349206347112
0 0.0009491730551891031 0.1222222222220165
0 0.0009491730551891033 0.1238095238093218
0 0.0009491730551891032 0.1253968253966271
0 0.0009491730551891031 0.126984126983933
0 0.0009491730551891032 0.1285714285712412
0 0.0009491730551891033 0.1301587301585476
0 0.0009491730551891028 0.1317460317458501
0 0.0009491730551891035 0.1333333333331545
0 0.0009491730551891031 0.1349206349204625
0 0.0009491730551891031 0.1365079365077705
0 0.0009491730551891031 0.1380952380950765
0 0.0009491730551891034 0.139682539682379
0 0.0009491730551891031 0.1412698412696838
0 0.0009491730551891033 0.1428571428569919
0 0.0009491730551891033 0.1444444444442999
0 0.0009491730551891034 0.1460317460316054
0 0.0009491730551891031 0.147619047618908
0 0.0009491730551891033 0.1492063492062132
0 0.0009491730551891033 0.1507936507935212
0 0.0009491730551891031 0.1523809523808264
0 0.0009491730551891028 0.153968253968129
0 0.0009491730551891032 0.1555555555554345
0 0.0009491730551891032 0.1571428571427425
0 0.0009491730551891029 0.1587301587300505
0 0.0009491730551891032 0.1603174603173553
0 0.0009491730551891033 0.1619047619046579
0 0.0009491730551891031 0.1634920634919639
0 0.0009491730551891028 0.1650793650792719
0 0.0009491730551891028 0.1666666666665799
0 0.0009491730551891032 0.1682539682538843
0 0.0009491730551891034 0.1698412698411868
0 0.0009491730551891033 0.1714285714284932
0 0.0009491730551891032 0.1730158730158012
0 0.0009491730551891033 0.1746031746031093
0 0.0009491730551891034 0.1761904761904132
0 0.0009491730551891032 0.1777777777777158
0 0.0009491730551891029 0.1793650793650225
0 0.0009491730551891032 0.1809523809523306
0 0.0009491730551891034 0.1825396825396386
0 0.0009491730551891031 0.1841269841269421
0 0.0009491730551891029 0.1857142857142446
0 0.0009491730551891032 0.1873015873015519
0 0.0009491730551891029 0.18888888888886
0 0.0009491730551891029 0.190476190476168
0 0.0009491730551891032 0.1920634920634711
0 0.0009491730551891032 0.1936507936507736
0 0.0009491730551891032 0.1952380952380813
0 0.0009491730551891032 0.1968253968253893
0 0.0009491730551891032 0.1984126984126974
0 0.001288338690682657 0.001587301587298694
0 0.001288338690682657 0.003174603174597435
0 0.001288338690682658 0.004761904761896176
0 0.001288338690682658 0.006349206349194736
0 0.001288338690682658 0.00793650793649312
0 0.001288338690682659 0.009523809523791192
0 0.001288338690682658 0.01111111111108931
0 0.001288338690682658 0.01269841269838812
0 0.001288338690682658 0.01428571428568726
0 0.001288338690682658 0.01587301587298675
0 0.001288338690682658 0.01746031746028642
0 0.001288338690682659 0.01904761904758552
0 0.001288338690682658 0.02063492063488475
0 0.001288338690682659 0.02222222222218437
0 0.001288338690682659 0.02380952380948331
0 0.001288338690682659 0.02539682539678154
0 0.001288338690682659 0.02698412698407908
0 0.001288338690682658 0.02857142857137611
0 0.001288338690682659 0.03015873015867314
0 0.001288338690682659 0.03174603174597018
0 0.001288338690682658 0.03333333333326721
0 0.001288338690682658 0.03492063492056424
0 0.001288338690682658 0.03650793650786077
0 0.001288338690682658 0.03809523809515643
0 0.001288338690682659 0.03968253968245264
0 0.001288338690682659 0.04126984126974968
0 0.001288338690682658 0.0428571428570467
0 0.001288338690682659 0.04444444444434372
0 0.001288338690682659 0.04603174603164076
0 0.001288338690682658 0.04761904761893779
0 0.001288338690682658 0.04920634920623482
0 0.001288338690682659 0.05079365079353185
0 0.001288338690682658 0.05238095238082888
0 0.001288338690682658 0.05396825396812591
0 0.001288338690682659 0.05555555555542292
0 0.001288338690682658 0.05714285714271997
0 0.001288338690682659 0.05873015873001698
0 0.001288338690682659 0.06031746031731403
0 0.001288338690682659 0.06190476190461104
0 0.001288338690682659 0.06349206349190809
0 0.001288338690682659 0.06507936507920513
0 0.001288338690682658 0.06666666666650217
0 0.001288338690682659 0.06825396825379919
0 0.001288338690682659 0.06984126984109623
0 0.001288338690682658 0.07142857142839321
0 0.001288338690682658 0.07301587301569029
0 0.001288338690682659 0.07460317460298529
0 0.001288338690682658 0.07619047619027955
0 0.001288338690682659 0.07777777777757595
0 0.001288338690682659 0.07936507936487298
0 0.001288338690682659 0.08095238095217001
0 0.001288338690682659 0.08253968253946704
0 0.001288338690682658 0.08412698412676407
0 0.001288338690682658 0.08571428571406109
0 0.001288338690682659 0.08730158730135813
0 0.001288338690682658 0.08888888888865513
0 0.001288338690682658 0.09047619047595221
0 0.001288338690682659 0.09206349206324921
0 0.001288338690682658 0.09365079365054629
0 0.001288338690682659 0.09523809523784327
0 0.001288338690682659 0.09682539682514037
0 0.001288338690682659 0.09841269841243731
0 0.001288338690682659 0.0999999999997371
0 0.001288338690682658 0.1015873015870397
0 0.001288338690682659 0.103174603174345
0 0.001288338690682659 0.104761904761653
0 0.001288338690682659 0.1063492063489582
0 0.001288338690682659 0.1079365079362635
0 0.001288338690682659 0.1095238095235688
0 0.001288338690682659 0.1111111111108744
0 0.001288338690682659 0.1126984126981821
0 0.001288338690682659 0.1142857142854874
0 0.001288338690682659 0.1158730158727927
0 0.001288338690682659 0.117460317460098
0 0.001288338690682659 0.1190476190474038
0 0.001288338690682659 0.1206349206347112
0 0.001288338690682659 0.1222222222220165
0 0.001288338690682658 0.1238095238093218
0 0.001288338690682658 0.1253968253966271
0 0.001288338690682658 0.1269841269839331
0 0.001288338690682658 0.1285714285712412
0 0.001288338690682659 0.1301587301585476
0 0.001288338690682659 0.1317460317458501
0 0.001288338690682659 0.1333333333331544
0 0.001288338690682659 0.1349206349204625
0 0.001288338690682658 0.1365079365077705
0 0.001288338690682659 0.1380952380950765
0 0.001288338690682659 0.139682539682379
0 0.001288338690682658 0.1412698412696838
0 0.001288338690682658 0.1428571428569919
0 0.001288338690682659 0.1444444444442999
0 0.001288338690682658 0.1460317460316054
0 0.001288338690682659 0.147619047618908
0 0.001288338690682659 0.1492063492062131
0 0.001288338690682658 0.1507936507935212
0 0.001288338690682659 0.1523809523808264
0 0.001288338690682658 0.1539682539681289
0 0.001288338690682659 0.1555555555554345
0 0.001288338690682659 0.1571428571427425
0 0.001288338690682658 0.1587301587300506
0 0.001288338690682658 0.1603174603173553
0 0.001288338690682658 0.1619047619046579
0 0.001288338690682658 0.1634920634919639
0 0.001288338690682658 0.1650793650792719
0 0.001288338690682658 0.1666666666665799
0 0.001288338690682658 0.1682539682538842
0 0.001288338690682658 0.1698412698411868
0 0.001288338690682658 0.1714285714284932
0 0.001288338690682659 0.1730158730158012
0 0.001288338690682659 0.1746031746031093
0 0.001288338690682658 0.1761904761904132
0 0.001288338690682659 0.1777777777777157
0 0.001288338690682658 0.1793650793650226
0 0.001288338690682658 0.1809523809523306
0 0.001288338690682658 0.1825396825396386
0 0.001288338690682658 0.1841269841269421
0 0.001288338690682658 0.1857142857142446
0 0.001288338690682659 0.1873015873015519
0 0.001288338690682659 0.18888888888886
0 0.001288338690682658 0.190476190476168
0 0.001288338690682659 0.192063492063471
0 0.001288338690682659 0.1936507936507736
0 0.001288338690682659 0.1952380952380813
0 0.001288338690682658 0.1968253968253893
0 0.001288338690682659 0.1984126984126974
0 0.001720300043086683 0.001587301587298694
0 0.001720300043086683 0.003174603174597435
0 0.001720300043086683 0.004761904761896175
0 0.001720300043086683 0.006349206349194737
0 0.001720300043086683 0.00793650793649312
0 0.001720300043086683 0.009523809523791194
0 0.001720300043086683 0.01111111111108931
0 0.001720300043086683 0.01269841269838812
0 0.001720300043086683 0.01428571428568726
0 0.001720300043086684 0.01587301587298676
0 0.001720300043086684 0.01746031746028642
0 0.001720300043086683 0.01904761904758552
0 0.001720300043086684 0.02063492063488475
0 0.001720300043086683 0.02222222222218437
0 0.001720300043086683 0.02380952380948331
0 0.001720300043086683 0.02539682539678154
0 0.001720300043086683 0.02698412698407908
0 0.001720300043086683 0.0285714285713761
0 0.001720300043086683 0.03015873015867314
0 0.001720300043086683 0.03174603174597018
0 0.001720300043086683 0.03333333333326721
0 0.001720300043086684 0.03492063492056424
0 0.001720300043086683 0.03650793650786077
0 0.001720300043086684 0.03809523809515643
0 0.001720300043086683 0.03968253968245262
0 0.001720300043086683 0.04126984126974967
0 0.001720300043086683 0.04285714285704671
0 0.001720300043086683 0.04444444444434373
0 0.001720300043086683 0.04603174603164076
0 0.001720300043086683 0.04761904761893779
0 0.001720300043086683 0.04920634920623482
0 0.001720300043086683 0.05079365079353185
0 0.001720300043086683 0.05238095238082888
0 0.001720300043086683 0.05396825396812591
0 0.001720300043086683 0.05555555555542294
0 0.001720300043086683 0.05714285714271997
0 0.001720300043086683 0.05873015873001698
0 0.001720300043086683 0.06031746031731403
0 0.001720300043086683 0.06190476190461105
0 0.001720300043086683 0.06349206349190809
0 0.001720300043086683 0.06507936507920513
0 0.001720300043086683 0.06666666666650217
0 0.001720300043086683 0.06825396825379919
0 0.001720300043086683 0.06984126984109623
0 0.001720300043086683 0.07142857142839323
0 0.001720300043086683 0.07301587301569029
0 0.001720300043086683 0.07460317460298529
0 0.001720300043086683 0.07619047619027955
0 0.001720300043086683 0.07777777777757594
0 0.001720300043086683 0.07936507936487298
0 0.001720300043086683 0.08095238095217001
0 0.001720300043086683 0.08253968253946703
0 0.001720300043086683 0.08412698412676406
0 0.001720300043086683 0.0857142857140611
0 0.001720300043086683 0.08730158730135813
0 0.001720300043086683 0.08888888888865513
0 0.001720300043086683 0.09047619047595219
0 0.001720300043086683 0.09206349206324922
0 0.001720300043086683 0.09365079365054629
0 0.001720300043086683 0.09523809523784325
0 0.001720300043086683 0.09682539682514038
0 0.001720300043086683 0.09841269841243735
0 0.001720300043086683 0.0999999999997371
0 0.001720300043086683 0.1015873015870397
0 0.001720300043086683 0.103174603174345
0 0.001720300043086683 0.104761904761653
0 0.001720300043086683 0.1063492063489582
0 0.001720300043086683 0.1079365079362635
0 0.001720300043086683 0.1095238095235688
0 0.001720300043086683 0.1111111111108744
0 0.001720300043086683 0.1126984126981821
0 0.001720300043086683 0.1142857142854874
0 0.001720300043086683 0.1158730158727927
0 0.001720300043086683 0.117460317460098
0 0.001720300043086683 0.1190476190474038
0 0.001720300043086683 0.1206349206347113
0 0.001720300043086683 0.1222222222220165
0 0.001720300043086683 0.1238095238093218
0 0.001720300043086683 0.1253968253966271
0 0.001720300043086683 0.1269841269839331
0 0.001720300043086683 0.1285714285712412
0 0.001720300043086683 0.1301587301585476
0 0.001720300043086683 0.1317460317458501
0 0.001720300043086683 0.1333333333331544
0 0.001720300043086683 0.1349206349204625
0 0.001720300043086683 0.1365079365077705
0 0.001720300043086683 0.1380952380950765
0 0.001720300043086683 0.139682539682379
0 0.001720300043086683 0.1412698412696838
0 0.001720300043086683 0.1428571428569919
0 0.001720300043086683 0.1444444444442999
0 0.001720300043086683 0.1460317460316054
0 0.001720300043086683 0.147619047618908
0 0.001720300043086683 0.1492063492062132
0 0.001720300043086683 0.1507936507935212
0 0.001720300043086683 0.1523809523808264
0 0.001720300043086683 0.1539682539681289
0 0.001720300043086683 0.1555555555554345
0 0.001720300043086683 0.1571428571427425
0 0.001720300043086683 0.1587301587300505
0 0.001720300043086683 0.1603174603173553
0 0.001720300043086683 0.1619047619046579
0 0.001720300043086683 0.1634920634919639
0 0.001720300043086683 0.1650793650792719
0 0.001720300043086683 0.1666666666665799
0 0.001720300043086683 0.1682539682538843
0 0.001720300043086683 0.1698412698411868
0 0.001720300043086683 0.1714285714284932
0 0.001720300043086683 0.1730158730158012
0 0.001720300043086683 0.1746031746031093
0 0.001720300043086683 0.1761904761904132
0 0.001720300043086683 0.1777777777777157
0 0.001720300043086683 0.1793650793650226
0 0.001720300043086683 0.1809523809523306
0 0.001720300043086683 0.1825396825396386
0 0.001720300043086683 0.1841269841269421
0 0.001720300043086683 0.1857142857142446
0 0.001720300043086683 0.1873015873015519
0 0.001720300043086683 0.1888888888888599
0 0.001720300043086683 0.190476190476168
0 0.001720300043086683 0.1920634920634711
0 0.001720300043086683 0.1936507936507736
0 0.001720300043086683 0.1952380952380813
0 0.001720300043086683 0.1968253968253893
0 0.001720300043086683 0.1984126984126974
0 0.002270446008516894 0.001587301587298693
0 0.002270446008516894 0.003174603174597435
0 0.002270446008516894 0.004761904761896175
0 0.002270446008516894 0.006349206349194737
0 0.002270446008516895 0.007936507936493122
0 0.002270446008516894 0.009523809523791192
0 0.002270446008516895 0.01111111111108931
0 0.002270446008516895 0.01269841269838812
0 0.002270446008516894 0.01428571428568726
0 0.002270446008516895 0.01587301587298675
0 0.002270446008516894 0.01746031746028642
0 0.002270446008516895 0.01904761904758551
0 0.002270446008516894 0.02063492063488475
0 0.002270446008516895 0.02222222222218437
0 0.002270446008516894 0.02380952380948331
0 0.002270446008516895 0.02539682539678154
0 0.002270446008516894 0.02698412698407908
0 0.002270446008516895 0.02857142857137611
0 0.002270446008516894 0.03015873015867314
0 0.002270446008516894 0.03174603174597018
0 0.002270446008516894 0.03333333333326721
0 0.002270446008516894 0.03492063492056424
0 0.002270446008516895 0.03650793650786077
0 0.002270446008516895 0.03809523809515643
0 0.002270446008516895 0.03968253968245262
0 0.002270446008516894 0.04126984126974967
0 0.002270446008516894 0.0428571428570467
0 0.002270446008516895 0.04444444444434373
0 0.002270446008516894 0.04603174603164076
0 0.002270446008516894 0.04761904761893779
0 0.002270446008516894 0.04920634920623483
0 0.002270446008516894 0.05079365079353185
0 0.002270446008516894 0.05238095238082888
0 0.002270446008516894 0.05396825396812591
0 0.002270446008516895 0.05555555555542292
0 0.002270446008516894 0.05714285714271997
0 0.002270446008516894 0.05873015873001698
0 0.002270446008516894 0.06031746031731403
0 0.002270446008516895 0.06190476190461106
0 0.002270446008516894 0.06349206349190809
0 0.002270446008516894 0.06507936507920513
0 0.002270446008516894 0.06666666666650217
0 0.002270446008516894 0.06825396825379919
0 0.002270446008516894 0.06984126984109623
0 0.002270446008516894 0.07142857142839323
0 0.002270446008516894 0.07301587301569029
0 0.002270446008516894 0.07460317460298529
0 0.002270446008516894 0.07619047619027955
0 0.002270446008516894 0.07777777777757595
0 0.002270446008516894 0.07936507936487298
0 0.002270446008516894 0.08095238095217001
0 0.002270446008516894 0.08253968253946703
0 0.002270446008516894 0.08412698412676407
0 0.002270446008516895 0.08571428571406109
0 0.002270446008516894 0.08730158730135812
0 0.002270446008516895 0.08888888888865515
0 0.002270446008516894 0.09047619047595219
0 0.002270446008516894 0.09206349206324921
0 0.002270446008516894 0.09365079365054628
0 0.002270446008516896 0.0952380952378433
0 0.002270446008516894 0.09682539682514033
0 0.002270446008516894 0.09841269841243734
0 0.002270446008516894 0.0999999999997371
0 0.002270446008516895 0.1015873015870397
0 0.002270446008516894 0.103174603174345
0 0.002270446008516894 0.104761904761653
0 0.002270446008516894 0.1063492063489582
0 0.002270446008516894 0.1079365079362635
0 0.002270446008516894 0.1095238095235688
0 0.002270446008516894 0.1111111111108744
0 0.002270446008516894 0.1126984126981821
0 0.002270446008516894 0.1142857142854874
0 0.002270446008516894 0.1158730158727927
0 0.002270446008516894 0.117460317460098
0 0.002270446008516895 0.1190476190474037
0 0.002270446008516894 0.1206349206347113
0 0.002270446008516894 0.1222222222220165
0 0.002270446008516894 0.1238095238093218
0 0.002270446008516894 0.1253968253966271
0 0.002270446008516894 0.1269841269839331
0 0.002270446008516894 0.1285714285712412
0 0.002270446008516894 0.1301587301585476
0 0.002270446008516894 0.1317460317458501
0 0.002270446008516894 0.1333333333331544
0 0.002270446008516894 0.1349206349204625
0 0.002270446008516894 0.1365079365077705
0 0.002270446008516894 0.1380952380950765
0 0.002270446008516895 0.139682539682379
0 0.002270446008516894 0.1412698412696838
0 0.002270446008516894 0.1428571428569919
0 0.002270446008516894 0.1444444444442999
0 0.002270446008516894 0.1460317460316054
0 0.002270446008516894 0.147619047618908
0 0.002270446008516894 0.1492063492062132
0 0.002270446008516894 0.1507936507935212
0 0.002270446008516894 0.1523809523808264
0 0.002270446008516894 0.153968253968129
0 0.002270446008516894 0.1555555555554345
0 0.002270446008516894 0.1571428571427425
0 0.002270446008516894 0.1587301587300506
0 0.002270446008516894 0.1603174603173553
0 0.002270446008516894 0.1619047619046579
0 0.002270446008516894 0.1634920634919639
0 0.002270446008516894 0.1650793650792719
0 0.002270446008516894 0.1666666666665799
0 0.002270446008516894 0.1682539682538843
0 0.002270446008516894 0.1698412698411867
0 0.002270446008516894 0.1714285714284932
0 0.002270446008516894 0.1730158730158012
0 0.002270446008516894 0.1746031746031093
0 0.002270446008516894 0.1761904761904132
0 0.002270446008516895 0.1777777777777158
0 0.002270446008516894 0.1793650793650226
0 0.002270446008516894 0.1809523809523306
0 0.002270446008516894 0.1825396825396386
0 0.002270446008516894 0.1841269841269421
0 0.002270446008516895 0.1857142857142446
0 0.002270446008516894 0.1873015873015519
0 0.002270446008516894 0.18888888888886
0 0.002270446008516894 0.190476190476168
0 0.002270446008516895 0.192063492063471
0 0.002270446008516894 0.1936507936507736
0 0.002270446008516894 0.1952380952380813
0 0.002270446008516895 0.1968253968253893
0 0.002270446008516894 0.1984126984126973
0 0.002971111907823192 0.001587301587298691
0 0.002971111907823192 0.003174603174597435
0 0.002971111907823192 0.004761904761896175
0 0.002971111907823192 0.006349206349194739
0 0.002971111907823191 0.00793650793649312
0 0.002971111907823191 0.009523809523791189
0 0.002971111907823193 0.01111111111108931
0 0.002971111907823192 0.01269841269838812
0 0.002971111907823192 0.01428571428568726
0 0.002971111907823191 0.01587301587298675
0 0.002971111907823192 0.01746031746028642
0 0.002971111907823193 0.01904761904758551
0 0.002971111907823193 0.02063492063488475
0 0.002971111907823192 0.02222222222218437
0 0.002971111907823192 0.02380952380948331
0 0.002971111907823192 0.02539682539678155
0 0.002971111907823192 0.02698412698407908
0 0.002971111907823192 0.0285714285713761
0 0.002971111907823192 0.03015873015867314
0 0.002971111907823192 0.03174603174597018
0 0.002971111907823192 0.03333333333326721
0 0.002971111907823191 0.03492063492056424
0 0.002971111907823191 0.03650793650786077
0 0.002971111907823192 0.03809523809515642
0 0.002971111907823192 0.03968253968245262
0 0.002971111907823192 0.04126984126974967
0 0.002971111907823192 0.04285714285704671
0 0.002971111907823192 0.04444444444434374
0 0.002971111907823192 0.04603174603164076
0 0.002971111907823192 0.04761904761893779
0 0.002971111907823192 0.04920634920623482
0 0.002971111907823192 0.05079365079353185
0 0.002971111907823192 0.05238095238082888
0 0.002971111907823193 0.05396825396812591
0 0.002971111907823192 0.05555555555542292
0 0.002971111907823191 0.05714285714271997
0 0.002971111907823192 0.05873015873001698
0 0.002971111907823192 0.06031746031731403
0 0.002971111907823191 0.06190476190461104
0 0.002971111907823193 0.06349206349190809
0 0.002971111907823192 0.0650793650792051
0 0.002971111907823192 0.06666666666650217
0 0.002971111907823192 0.06825396825379919
0 0.002971111907823193 0.06984126984109623
0 0.002971111907823191 0.07142857142839325
0 0.002971111907823191 0.07301587301569029
0 0.002971111907823192 0.07460317460298529
0 0.002971111907823192 0.07619047619027955
0 0.002971111907823192 0.07777777777757595
0 0.002971111907823192 0.07936507936487297
0 0.002971111907823192 0.08095238095217001
0 0.002971111907823192 0.08253968253946703
0 0.002971111907823192 0.08412698412676407
0 0.002971111907823192 0.08571428571406109
0 0.002971111907823192 0.08730158730135812
0 0.002971111907823192 0.08888888888865513
0 0.002971111907823192 0.09047619047595219
0 0.002971111907823191 0.09206349206324924
0 0.002971111907823192 0.09365079365054629
0 0.002971111907823191 0.0952380952378433
0 0.002971111907823192 0.09682539682514034
0 0.002971111907823192 0.09841269841243734
0 0.002971111907823192 0.0999999999997371
0 0.002971111907823192 0.1015873015870397
0 0.002971111907823192 0.103174603174345
0 0.002971111907823192 0.104761904761653
0 0.002971111907823192 0.1063492063489582
0 0.002971111907823192 0.1079365079362635
0 0.002971111907823192 0.1095238095235688
0 0.002971111907823192 0.1111111111108744
0 0.002971111907823192 0.1126984126981821
0 0.002971111907823192 0.1142857142854873
0 0.002971111907823192 0.1158730158727927
0 0.002971111907823192 0.117460317460098
0 0.002971111907823192 0.1190476190474037
0 0.002971111907823192 0.1206349206347113
0 0.002971111907823192 0.1222222222220165
0 0.002971111907823192 0.1238095238093218
0 0.002971111907823192 0.1253968253966271
0 0.002971111907823192 0.1269841269839331
0 0.002971111907823192 0.1285714285712412
0 0.002971111907823192 0.1301587301585476
0 0.002971111907823192 0.1317460317458501
0 0.002971111907823192 0.1333333333331544
0 0.002971111907823192 0.1349206349204625
0 0.002971111907823192 0.1365079365077705
0 0.002971111907823192 0.1380952380950765
0 0.002971111907823192 0.139682539682379
0 0.002971111907823192 0.1412698412696838
0 0.002971111907823192 0.1428571428569919
0 0.002971111907823192 0.1444444444442999
0 0.002971111907823192 0.1460317460316054
0 0.002971111907823192 0.147619047618908
0 0.002971111907823192 0.1492063492062132
0 0.002971111907823192 0.1507936507935212
0 0.002971111907823192 0.1523809523808264
0 0.002971111907823192 0.153968253968129
0 0.002971111907823192 0.1555555555554345
0 0.002971111907823192 0.1571428571427425
0 0.002971111907823192 0.1587301587300506
0 0.002971111907823192 0.1603174603173553
0 0.002971111907823192 0.1619047619046579
0 0.002971111907823191 0.1634920634919639
0 0.002971111907823192 0.1650793650792719
0 0.002971111907823192 0.1666666666665799
0 0.002971111907823191 0.1682539682538843
0 0.002971111907823192 0.1698412698411868
0 0.002971111907823192 0.1714285714284932
0 0.002971111907823192 0.1730158730158013
0 0.002971111907823192 0.1746031746031093
0 0.002971111907823192 0.1761904761904132
0 0.002971111907823192 0.1777777777777158
0 0.002971111907823192 0.1793650793650226
0 0.002971111907823192 0.1809523809523306
0 0.002971111907823192 0.1825396825396386
0 0.002971111907823192 0.1841269841269421
0 0.002971111907823192 0.1857142857142446
0 0.002971111907823192 0.1873015873015519
0 0.002971111907823192 0.18888888888886
0 0.002971111907823192 0.190476190476168
0 0.002971111907823192 0.192063492063471
0 0.002971111907823192 0.1936507936507736
0 0.002971111907823192 0.1952380952380813
0 0.002971111907823192 0.1968253968253893
0 0.002971111907823192 0.1984126984126973
0 0.003863479999940761 0.001587301587298689
0 0.003863479999940763 0.003174603174597434
0 0.00386347999994076 0.004761904761896175
0 0.00386347999994076 0.00634920634919474
0 0.003863479999940762 0.00793650793649312
0 0.003863479999940762 0.009523809523791185
0 0.003863479999940761 0.01111111111108932
0 0.003863479999940762 0.01269841269838812
0 0.003863479999940761 0.01428571428568725
0 0.003863479999940761 0.01587301587298675
0 0.003863479999940762 0.01746031746028642
0 0.003863479999940761 0.01904761904758551
0 0.003863479999940761 0.02063492063488475
0 0.003863479999940763 0.02222222222218437
0 0.003863479999940761 0.02380952380948331
0 0.003863479999940762 0.02539682539678155
0 0.003863479999940761 0.02698412698407908
0 0.003863479999940761 0.02857142857137611
0 0.00386347999994076 0.03015873015867314
0 0.003863479999940761 0.03174603174597018
0 0.003863479999940761 0.03333333333326721
0 0.003863479999940761 0.03492063492056423
0 0.003863479999940762 0.03650793650786077
0 0.003863479999940761 0.03809523809515642
0 0.003863479999940762 0.03968253968245262
0 0.003863479999940759 0.04126984126974966
0 0.003863479999940762 0.04285714285704671
0 0.00386347999994076 0.04444444444434374
0 0.003863479999940761 0.04603174603164077
0 0.00386347999994076 0.04761904761893778
0 0.003863479999940761 0.04920634920623482
0 0.003863479999940761 0.05079365079353185
0 0.00386347999994076 0.05238095238082888
0 0.003863479999940762 0.05396825396812591
0 0.003863479999940761 0.05555555555542293
0 0.003863479999940761 0.05714285714271997
0 0.003863479999940762 0.05873015873001698
0 0.00386347999994076 0.06031746031731403
0 0.003863479999940761 0.06190476190461106
0 0.003863479999940761 0.06349206349190809
0 0.00386347999994076 0.06507936507920513
0 0.00386347999994076 0.06666666666650214
0 0.003863479999940762 0.06825396825379917
0 0.00386347999994076 0.0698412698410962
0 0.003863479999940762 0.07142857142839321
0 0.003863479999940762 0.07301587301569028
0 0.003863479999940762 0.07460317460298529
0 0.003863479999940761 0.07619047619027954
0 0.003863479999940762 0.07777777777757595
0 0.003863479999940762 0.07936507936487297
0 0.003863479999940762 0.08095238095217003
0 0.003863479999940762 0.08253968253946703
0 0.003863479999940761 0.08412698412676407
0 0.003863479999940761 0.08571428571406112
0 0.003863479999940763 0.08730158730135813
0 0.003863479999940761 0.08888888888865518
0 0.003863479999940762 0.09047619047595219
0 0.003863479999940762 0.09206349206324924
0 0.003863479999940761 0.09365079365054628
0 0.003863479999940761 0.09523809523784328
0 0.003863479999940763 0.09682539682514033
0 0.003863479999940761 0.09841269841243731
0 0.003863479999940761 0.09999999999973709
0 0.003863479999940762 0.1015873015870397
0 0.003863479999940762 0.103174603174345
0 0.003863479999940762 0.104761904761653
0 0.003863479999940761 0.1063492063489582
0 0.003863479999940762 0.1079365079362635
0 0.003863479999940762 0.1095238095235688
0 0.003863479999940762 0.1111111111108744
0 0.003863479999940762 0.1126984126981821
0 0.003863479999940762 0.1142857142854874
0 0.003863479999940762 0.1158730158727927
0 0.003863479999940762 0.117460317460098
0 0.003863479999940762 0.1190476190474037
0 0.003863479999940762 0.1206349206347112
0 0.003863479999940762 0.1222222222220165
0 0.003863479999940761 0.1238095238093218
0 0.003863479999940761 0.1253968253966271
0 0.003863479999940763 0.1269841269839331
0 0.003863479999940761 0.1285714285712412
0 0.003863479999940762 0.1301587301585476
0 0.003863479999940761 0.1317460317458501
0 0.003863479999940763 0.1333333333331544
0 0.003863479999940762 0.1349206349204625
0 0.003863479999940762 0.1365079365077705
0 0.003863479999940762 0.1380952380950765
0 0.003863479999940761 0.139682539682379
0 0.00386347999994076 0.1412698412696838
0 0.003863479999940761 0.1428571428569919
0 0.003863479999940762 0.1444444444442999
0 0.003863479999940761 0.1460317460316054
0 0.003863479999940761 0.147619047618908
0 0.003863479999940763 0.1492063492062132
0 0.003863479999940761 0.1507936507935211
0 0.00386347999994076 0.1523809523808264
0 0.003863479999940761 0.1539682539681289
0 0.003863479999940761 0.1555555555554345
0 0.003863479999940761 0.1571428571427425
0 0.003863479999940762 0.1587301587300506
0 0.003863479999940761 0.1603174603173553
0 0.003863479999940761 0.1619047619046579
0 0.003863479999940761 0.1634920634919639
0 0.00386347999994076 0.1650793650792718
0 0.003863479999940761 0.1666666666665799
0 0.003863479999940761 0.1682539682538843
0 0.003863479999940761 0.1698412698411868
0 0.003863479999940761 0.1714285714284932
0 0.003863479999940761 0.1730158730158012
0 0.003863479999940761 0.1746031746031093
0 0.00386347999994076 0.1761904761904132
0 0.003863479999940761 0.1777777777777157
0 0.003863479999940762 0.1793650793650226
0 0.003863479999940762 0.1809523809523306
0 0.003863479999940763 0.1825396825396386
0 0.003863479999940761 0.1841269841269421
0 0.003863479999940761 0.1857142857142446
0 0.003863479999940761 0.1873015873015519
0 0.003863479999940761 0.18888888888886
0 0.003863479999940763 0.190476190476168
0 0.00386347999994076 0.1920634920634711
0 0.003863479999940761 0.1936507936507736
0 0.003863479999940761 0.1952380952380813
0 0.003863479999940761 0.1968253968253893
0 0.003863479999940761 0.1984126984126973
2 2 0 265
2647
2648
2649
2650
2651
2652
2653
2654
2655
2656
2657
2658
2659
2660
2661
2662
2663
2664
2665
2666
2667
2668
2669
2670
2671
2672
2673
2674
2675
2676
2677
2678
2679
2680
2681
2682
2683
2684
2685
2686
2687
2688
2689
2690
2691
2692
2693
2694
2695
2696
2697
2698
2699
2700
2701
2702
2703
2704
2705
2706
2707
2708
2709
2710
2711
2712
2713
2714
2715
2716
2717
2718
2719
2720
2721
2722
2723
2724
2725
2726
2727
2728
2729
2730
2731
2732
2733
2734
2735
2736
2737
2738
2739
2740
2741
2742
2743
2744
2745
2746
2747
2748
2749
2750
2751
2752
2753
2754
2755
2756
2757
2758
2759
2760
2761
2762
2763
2764
2765
2766
2767
2768
2769
2770
2771
2772
2773
2774
2775
2776
2777
2778
2779
2780
2781
2782
2783
2784
2785
2786
2787
2788
2789
2790
2791
2792
2793
2794
2795
2796
2797
2798
2799
2800
2801
2802
2803
2804
2805
2806
2807
2808
2809
2810
2811
2812
2813
2814
2815
2816
2817
2818
2819
2820
2821
2822
2823
2824
2825
2826
2827
2828
2829
2830
2831
2832
2833
2834
2835
2836
2837
2838
2839
2840
2841
2842
2843
2844
2845
2846
2847
2848
2849
2850
2851
2852
2853
2854
2855
2856
2857
2858
2859
2860
2861
2862
2863
2864
2865
2866
2867
2868
2869
2870
2871
2872
2873
2874
2875
2876
2877
2878
2879
2880
2881
2882
2883
2884
2885
2886
2887
2888
2889
2890
2891
2892
2893
2894
2895
2896
2897
2898
2899
2900
2901
2902
2903
2904
2905
2906
2907
2908
2909
2910
2911
0 0.006215982390664111 0.1972889485713461
0 0.006221374834223734 0.002710736174040515
0 0.006386186568775472 0.08350455664731792
0 0.006330887451824196 0.05002611355291442
0 0.006385927378768251 0.01683803577321128
0 0.00639502138610617 0.1828023061058364
0 0.006366918239898172 0.1500001886797909
0 0.006330887292889061 0.1166927802002823
0 0.006393289314142876 0.07562501547284528
0 0.006460731989604524 0.0583788673752168
0 0.006462224493360732 0.09167778109200948
0 0.006381288993163833 0.04226751297032152
0 0.006441565983961386 0.02495826150251421
0 0.006403513466024793 0.008934790396846103
0 0.00638802853544713 0.1910735644092628
0 0.006413887463013097 0.1747804455201646
0 0.00615019400543635 0.1577377913603782
0 0.006381190300035509 0.1422670546502522
0 0.006462664292863752 0.1250186872094458
0 0.006381370376167614 0.1089344015837462
0 0.006510028060486796 0.03435044740497506
0 0.006547400936862758 0.06605520373494503
0 0.006547619779193492 0.0993875269698716
0 0.006547937370113294 0.1327209380861172
0 0.006391876983282009 0.1667354343368982
0 0.006607143803126186 0.03103375673995013
0 0.006549319963017147 0.06925727203334971
0 0.00655000973141451 0.1025854510879192
0 0.006562826313661396 0.1637810143102435
0 0.006549846116059816 0.1359185280808717
0 0.006561871216885243 0.07264046047644809
0 0.006563492967833815 0.03929733045473216
0 0.006456986120160164 0.0611849237395958
0 0.00645695015614367 0.09449647965705486
0 0.006454984037275066 0.02777304133387127
0 0.006535209097932013 0.005903058505928182
0 0.006532729914471022 0.1603457890354899
0 0.006563536893247375 0.1392959847860161
0 0.006563717743330368 0.1059637486703386
0 0.006455990302893903 0.1278295653542018
0 0.006609322722222635 0.1713716466589619
0 0.006511651042111005 0.08658210263241167
0 0.006558934311563241 0.04686427389157617
0 0.006559782951362519 0.05334890622251938
0 0.006607617837345533 0.08018294949768495
0 0.006608238457984851 0.01351554424484358
0 0.006508499945645542 0.01991071790132595
0 0.00662711691577147 0.153633947747882
0 0.006548743642103685 0.1468680663616218
0 0.006655571823260252 0.1864823131993608
0 0.006558934528903153 0.113530942633378
0 0.006560082150600719 0.1200146151172752
0 0.006551760957246877 0.1796201841734134
0 0.008277715096999611 0.03731818734901324
0 0.008272557638740002 0.06361369962020445
0 0.008272877303160314 0.09694509920712632
0 0.008272729561769811 0.1302782693547183
0 0.008217746840881225 0.1692850090663339
0 0.008222484363627122 0.07757385852296872
0 0.008186867023391844 0.04423079213088932
0 0.008223151677651757 0.05671900712256188
0 0.008222622592056084 0.09000682717918267
0 0.008210320426830824 0.02331744721274645
0 0.008225017441606057 0.01090296943930586
0 0.008092029449533888 0.1556409206946779
0 0.008183659667360446 0.1442330275335242
0 0.008225785225066992 0.1233729163990967
0 0.008186872597577499 0.1108974793699527
0 0.008221021933823312 0.1891121869540056
0 0.008164762391872124 0.1776722134809431
0 0.007910913885980251 0.001227588973069359
0 0.007863563063011107 0.1987320174409858
0 0.008314019449146016 0.03236595285881579
0 0.008305687918045769 0.06852993234599927
0 0.008306231247652457 0.1351909408285235
0 0.007936120665553355 0.1657473949842503
0 0.008306341084774719 0.1018578533549277
0 0.007936957741464615 0.07411400641390396
0 0.007932225522843363 0.04076288471602958
0 0.007935480172279234 0.06032351510879511
0 0.007936502026620905 0.09363429586838787
0 0.007936817252869063 0.02691116558886078
0 0.007944983972908493 0.007402201402508493
0 0.008327251174904692 0.1601697811501712
0 0.00793231323459379 0.140762165069142
0 0.007931171710930234 0.1925913273482592
0 0.007932477403171045 0.1074300621866708
0 0.007935740971360119 0.126967987264425
0 0.008355001663985914 0.1732750572816601
0 0.008276212617211695 0.08538628455893835
0 0.008326375035065371 0.08141505181530279
0 0.008356008530938194 0.05265472710645042
0 0.008326449034474373 0.01474848069717052
0 0.008276272230252778 0.01872201522397478
0 0.008421019421555884 0.1514643515549566
0 0.008066126991877727 0.1482483535585756
0 0.008444969963398417 0.1855855530253285
0 0.008154851272250544 0.1149407914384798
0 0.00835628750218227 0.1193205035464417
0 0.008100224240418461 0.182120672014467
0 0.008154849181501276 0.04827413710261252
0 0.008314745398620461 0.03521368138049689
0 0.008305925487831007 0.06569149160075882
0 0.008306151892434636 0.0990233723810309
0 0.008306293102406086 0.1323567052497095
0 0.007936051967920008 0.1677247060778012
0 0.007939730431229444 0.07609917548395069
0 0.007940255505874419 0.09165297886491375
0 0.007938687242640416 0.0583535793210721
0 0.007916770185908138 0.04274833466251257
0 0.007946412531119015 0.009417344802309376
0 0.007940797351642935 0.1249950322511201
0 0.007916814275188415 0.1094151218197967
0 0.008789780051342263 0.1574118469018969
0 0.007916030467722206 0.1427486393980094
0 0.008863183171099076 0.1759747244393875
0 0.008857485659028221 0.0497853919515995
0 0.008856633599323292 0.01718127077152216
0 0.008520564959954331 0.1839664343871383
0 0.00841173147368623 0.1499156018845603
0 0.008857510383939301 0.1164519698538521
0 0.00885672949611436 0.08384717787815255
0 0.008120027082264039 0.196493191396536
0 0.008177423894396452 0.1942703211785724
0 0.008136876327867245 0.003493476812587536
0 0.008184322743114604 0.005724605851977609
0 0.008216161393386115 0.1799613145741669
0 0.00821425075476445 0.1284848173237421
0 0.008287553327496637 0.1710991481433764
0 0.008212909958021103 0.1460639078624854
0 0.00829133541058708 0.1533501543260561
0 0.008327200038878513 0.1873391909424023
0 0.008293115783110785 0.1215417135116603
0 0.008229995109283614 0.1127314668784257
0 0.008268424047340682 0.02140018931548139
0 0.008283648070637395 0.07936746063768647
0 0.008284334562834896 0.01269984598113025
0 0.008217161228438595 0.03915589387729895
0 0.008274737566954671 0.08807880494549708
0 0.008214560675582509 0.0618254813209118
0 0.008229994012120719 0.04606479795494214
0 0.008292089141841555 0.05487909022295995
0 0.008214974488812383 0.09515180178920012
0 0.008216862169303651 0.1641712793279143
0 0.008281006417309217 0.1623354818914799
0 0.008278448829092752 0.1373204036377385
0 0.008217252763170719 0.1391551837989116
0 0.008278638058697657 0.1039876588637375
0 0.008217404113349917 0.1058227053712201
0 0.008215783776194313 0.0724916602813841
0 0.008277422353101783 0.07066773989090465
0 0.008219492476158486 0.02846608478180075
0 0.008281619961095188 0.03028325586058479
0 0.006439003137987724 0.004246476190842311
0 0.006595078636194181 0.0216835053514259
0 0.006571539012244804 0.1881525538900817
0 0.006477537589425677 0.1778836748120954
0 0.00653394942762768 0.1451958704135128
0 0.006427185193274699 0.1553501044769606
0 0.006537386850738655 0.1118611274354731
0 0.006537380908723493 0.04519444098061803
0 0.006567782349512767 0.07853241079200167
0 0.006601390316304578 0.08836260478089775
0 0.00661741932816729 0.05512746890757876
0 0.00656992370751135 0.01186198724281049
0 0.006618407619611241 0.1217901117419823
0 0.006449858033739288 0.1924768959318254
0 0.006560689025930454 0.1293760340186413
0 0.006604471677999464 0.131043815711648
0 0.00645508996096424 0.1408779145244302
0 0.006606783111937249 0.1620784039935818
0 0.006564915495786274 0.1696636324676722
0 0.006810843617390086 0.1845339249901217
0 0.006467798441949649 0.1813166543385723
0 0.006562312284974264 0.1731083560927806
0 0.00645787042809437 0.1653208113846129
0 0.006607159479094382 0.104303882989449
0 0.006502168375507298 0.1010064203861278
0 0.006604153375605697 0.09770854790685965
0 0.006562513978212774 0.09604456567802022
0 0.006502207166397328 0.1343396770337419
0 0.006433292238713099 0.1957501098137832
0 0.006409785920605064 0.1183588928912088
0 0.006458109455074797 0.1681197558190169
0 0.006564715801446714 0.03595717674481615
0 0.006606102830801742 0.07097655684873769
0 0.006370980602412373 0.02635965371524611
0 0.006607002297955443 0.1376367329774872
0 0.006455052093997497 0.04087854677635144
0 0.006787837166173039 0.1515449516249179
0 0.006541832502543566 0.01522557470648589
0 0.006453754854793497 0.1485636053179504
0 0.006322563467316623 0.1587569615938088
0 0.006458055891796864 0.07422592130910975
0 0.00645887660799736 0.007523077859986137
0 0.006565690533732459 0.0327474924640507
0 0.006391914132741614 0.05981160699291758
0 0.006391877414460315 0.0931140902909855
0 0.00636505584253799 0.08502963091296545
0 0.006364244500091985 0.01836255987462216
0 0.006603892980463892 0.06437729901947722
0 0.006409721333743301 0.05169244471505596
0 0.006501897302715868 0.0676751596852407
0 0.006391670449325084 0.1264493612756864
0 0.006565693929381168 0.0293594132487883
0 0.006562246754204084 0.06271834930233691
0 0.006470197953188536 0.1152452784960198
0 0.006455210363963908 0.1075454439076567
0 0.006470197411572891 0.0485786148459741
0 0.006541724760705398 0.08189230429864013
0 0.006610024769105666 0.0376456671295065
0 0.006856449777867998 0.1988303842547046
0 0.006866896574064079 0.001183939729805973
0 0.006460640728816529 0.07702586693407909
0 0.006569335825158665 0.05684248562426006
0 0.006566400198862466 0.09013261639598921
0 0.006465724232895208 0.01034868665797226
0 0.006570886801147788 0.1234986752746857
0 0.00636557672495839 0.1763032118314986
0 0.006215865542009622 0.156462142538532
0 0.006556490241797966 0.02344026639187813
0 0.006441640721961312 0.1103453211714312
0 0.006440732702824107 0.1436789064246512
0 0.006441614080219528 0.04367857556901905
0 0.006455101241218456 0.1896660090522972
0 0.008663767583014693 0.1983842809169182
0 0.008757156103953006 0.001533433860124425
0 0.007494219841487258 0.1667341423377735
0 0.00769621847081871 0.1339563751251557
0 0.007695822890553687 0.06729262276618331
0 0.007706743924362494 0.03397641573467382
0 0.007696182316822891 0.1006231456877173
0 0.006093537594427155 0.1986558919361937
0 0.006097565589201111 0.001345742525495089
0 0.007752829031864771 0.1751945913336916
0 0.007483672911099044 0.1419022061546118
0 0.007495720520819691 0.1261094359931593
0 0.00748390067369289 0.04190259732912295
0 0.007495974436566633 0.07525620330016808
0 0.007504610870680596 0.00856293036724989
0 0.00762386161104718 0.1582935733074207
0 0.007494896061846464 0.05946922790124783
0 0.007485239122733077 0.02603302664227198
0 0.007484004276531845 0.1085695067662368
0 0.007495947150506916 0.09277324100512327
0 0.007489264046260902 0.191447464789251
0 0.007248556045333477 0.002027607668531806
0 0.007278859492028999 0.149665181877986
0 0.007318817881287417 0.1830055694190538
0 0.007744649755314409 0.117529984585373
0 0.007629995091460266 0.08312273101828255
0 0.007744577090748377 0.05086356244582692
0 0.007629744726848289 0.01645665258499483
0 0.007227517215273481 0.1979596935352334
0 0.007576552355589851 0.1837223185309793
0 0.007364397031013928 0.08454240612202134
0 0.007352350599942738 0.1164791310236248
0 0.007352329270083579 0.04981254085042711
0 0.007531653963953538 0.1502222849673886
0 0.007363721427514189 0.01787598277670113
0 0.006895353803583894 0.1570837577970005
0 0.007927753255315315 0.02496484019625718
0 0.007933647680647299 0.1905772905531792
0 0.007366698046556443 0.1763311406006948
0 0.006518269605478504 0.1940657030042619
2 3 0 289
2912
2913
2914
2915
2916
2917
2918
2919
2920
2921
2922
2923
2924
2925
2926
2927
2928
2929
2930
2931
2932
2933
2934
2935
2936
2937
2938
2939
2940
2941
2942
2943
2944
2945
2946
2947
2948
2949
2950
2951
2952
2953
2954
2955
2956
2957
2958
2959
2960
2961
2962
2963
2964
2965
2966
2967
2968
2969
2970
2971
2972
2973
2974
2975
2976
2977
2978
2979
2980
2981
2982
2983
2984
2985
2986
2987
2988
2989
2990
2991
2992
2993
2994
2995
2996
2997
2998
2999
3000
3001
3002
3003
3004
3005
3006
3007
3008
3009
3010
3011
3012
3013
3014
3015
3016
3017
3018
3019
3020
3021
3022
3023
3024
3025
3026
3027
3028
3029
3030
3031
3032
3033
3034
3035
3036
3037
3038
3039
3040
3041
3042
3043
3044
3045
3046
3047
3048
3049
3050
3051
3052
3053
3054
3055
3056
3057
3058
3059
3060
3061
3062
3063
3064
3065
3066
3067
3068
3069
3070
3071
3072
3073
3074
3075
3076
3077
3078
3079
3080
3081
3082
3083
3084
3085
3086
3087
3088
3089
3090
3091
3092
3093
3094
3095
3096
3097
3098
3099
3100
3101
3102
3103
3104
3105
3106
3107
3108
3109
3110
3111
3112
3113
3114
3115
3116
3117
3118
3119
3120
3121
3122
3123
3124
3125
3126
3127
3128
3129
3130
3131
3132
3133
3134
3135
3136
3137
3138
3139
3140
3141
3142
3143
3144
3145
3146
3147
3148
3149
3150
3151
3152
3153
3154
3155
3156
3157
3158
3159
3160
3161
3162
3163
3164
3165
3166
3167
3168
3169
3170
3171
3172
3173
3174
3175
3176
3177
3178
3179
3180
3181
3182
3183
3184
3185
3186
3187
3188
3189
3190
3191
3192
3193
3194
3195
3196
3197
3198
3199
3200
0 0.01205049004504042 0.194081448190084
0 0.0116278337432453 0.005797733845637842
0 0.01194883229069405 0.05049167834731723
0 0.01185188802809867 0.1496095344692123
0 0.01195701056201512 0.03675659595161496
0 0.01198813067645081 0.06515158748256916
0 0.01225122404838548 0.1361641310410284
0 0.01213545656830826 0.1631566635028835
0 0.0120066625272806 0.07776910543841194
0 0.01224971773523916 0.02313807964689632
0 0.01209298547148602 0.1771840248503569
0 0.01206638608325535 0.1213324021665162
0 0.01214326158852771 0.09208457275898674
0 0.01169765797801078 0.00956251936608046
0 0.01204199379376718 0.1900178731332302
0 0.01197840309971285 0.1082246878542846
0 0.01164750995355335 0.09543628045295859
0 0.01153103966433909 0.1039465848128815
0 0.01184124687180917 0.08168889791418296
0 0.01159631144346298 0.01851108619221149
0 0.0115007628930429 0.1813803967417843
0 0.01190891754052861 0.1175637412176691
0 0.0119240002041046 0.03243951754652836
0 0.01137710028206002 0.06865174208085331
0 0.01225424866559464 0.1316841279472294
0 0.01197736703630655 0.1671433478340332
0 0.01216663711006296 0.05434393119227225
0 0.01201044865731311 0.04669160248589475
0 0.01204840492288015 0.1544940807339548
0 0.01178652821357795 0.1454515391964781
0 0.01208129447443682 0.04068670807655949
0 0.01224744540048855 0.06090567007429083
0 0.01180189031229448 0.1406119678403696
0 0.0118218627382163 0.1588214537368953
0 0.01189894601321938 0.07337239814307293
0 0.01205766004417235 0.02762720047549618
0 0.01211736975778088 0.1729176028689322
0 0.01209501243782969 0.1253987474163608
0 0.01204516108160202 0.08791777449228394
0 0.01187021025049563 0.01385631284482108
0 0.01226339284839819 0.1862772158271373
0 0.01160289376586431 0.1123848618559149
0 0.01200509016617377 0.09860939683194032
0 0.0153309386746977 0.1983229114194917
0 0.01504537794785027 0.001742108407781968
0 0.01711726917319928 0.04352993723997051
0 0.01698560841137102 0.1438711375438997
0 0.01725559745029236 0.1562632419302039
0 0.01723100794169194 0.0556487483559906
0 0.01740243663491554 0.07027953992569597
0 0.01683114618306589 0.1288923310396332
0 0.01660886037540266 0.1713468215358948
0 0.01708489650084974 0.0844949478965565
0 0.01729648848283187 0.01677650465239075
0 0.01728511580825717 0.1850843373977978
0 0.01714187092419298 0.1152323287992452
0 0.01714781769969058 0.1023496485841098
0 0.01724737459343288 0.09426221812040991
0 0.01734899368129973 0.007583767710370615
0 0.01698761040795044 0.1909067918941256
0 0.01683212946020082 0.1092374191995839
0 0.01716569649457075 0.07831145081774811
0 0.01698605483825038 0.02330984153295914
0 0.01701370501290173 0.1224137985836176
0 0.01707044767096664 0.1770203934315949
0 0.01792025071362358 0.03602033726895874
0 0.0170828705182817 0.06442347015161594
0 0.01726928141498336 0.1344907487476901
0 0.0170534478799413 0.1646573245056525
0 0.01626860066567001 0.0502759321209976
0 0.01725731742113404 0.1507689894787869
0 0.01644278644633784 0.1883808441364639
0 0.01408879589150949 0.1894976965209794
0 0.01435824352581415 0.1916475125390328
0 0.01701915455635751 0.1941675170168178
0 0.01496742726844286 0.1863076050835911
0 0.01474973735389779 0.1836611781688939
0 0.01729420777716425 0.1829894406687795
0 0.01663140040507842 0.1475075915263875
0 0.01509900086606415 0.1487229160532566
0 0.01402796298478233 0.1459437441642674
0 0.01389481875743367 0.1427793881032104
0 0.01715596678820598 0.1406097136076862
0 0.01659581638595448 0.153129834604795
0 0.01523271174224938 0.1518637552082858
0 0.01500865536235235 0.1547597766037387
0 0.01433547917145953 0.1577365336093651
0 0.0172529005826028 0.1584443804384022
0 0.01643055161961299 0.1055225486674441
0 0.01383529629052006 0.1060271505554123
0 0.01439217192366448 0.1031128631933511
0 0.01461065412763034 0.1014542380785186
0 0.0174111669921001 0.09950264312737007
0 0.01644478844162937 0.1680928153651803
0 0.01403461825947632 0.1661283003710248
0 0.01450597321300503 0.1694318270754711
0 0.01429749870944284 0.1711058757685927
0 0.01595446770824684 0.1730238255618065
0 0.01443427338161726 0.1638032579223384
0 0.01719820699914041 0.131554530213229
0 0.01469242611215013 0.1342936745581136
0 0.01444046224896143 0.1294104789707955
0 0.01420583749732599 0.1272435693242891
0 0.01618948470260748 0.1265579790752843
0 0.01466552072525627 0.1369059338715265
0 0.01641785044908542 0.1120289051141268
0 0.01396031254243027 0.1110709024188115
0 0.01539269577446417 0.1142958379039929
0 0.0142459889110569 0.116240780232282
0 0.01650402327340426 0.1175962024875027
0 0.01662866942317518 0.02001751611058996
0 0.01457503282948738 0.02124089658416149
0 0.01542829935188981 0.0165602437441075
0 0.01437264470302048 0.01443307164218389
0 0.01728828209085188 0.01384259250982159
0 0.01637493988490734 0.02595516277866637
0 0.01411999213986295 0.02530766871073107
0 0.01494300863914949 0.02795576641751623
0 0.01638993602263704 0.029844235857427
0 0.01737933984517537 0.03216337041053504
0 0.01677366459897204 0.08137634425396544
0 0.01486145163492234 0.07978452959262805
0 0.01418363468853019 0.08292285597583984
0 0.01479953064189081 0.08578520789802364
0 0.0165439410411007 0.08816493263354774
0 0.01755985309497015 0.09068716725003564
0 0.01422936842085582 0.08936612909352148
0 0.01657094194649218 0.06700378141767951
0 0.0156354769052363 0.0692553678729162
0 0.01436704229820787 0.07199944979058566
0 0.01733450195739246 0.07243987836897355
0 0.01635156289470091 0.04608705217019543
0 0.01438240982500454 0.04829178959972316
0 0.01442233152250729 0.04437246327168178
0 0.01452921068405652 0.04275717269426593
0 0.01742179155645591 0.04067992211227517
0 0.01704127414404685 0.05280417390904303
0 0.01399842242608492 0.0515668338702036
0 0.01464251539849213 0.0560895952160444
0 0.01469173364114077 0.0586180978323377
0 0.01728519075729957 0.05860471208836222
0 0.01447947489090767 0.06361220461716857
0 0.01434225893231075 0.07714315151876464
0 0.01428862095981062 0.01067881852615917
0 0.01718933255264571 0.004977101716983406
0 0.01512733410749995 0.005529034248748172
0 0.01503346236623719 0.003524554554693454
0 0.01671802300260816 0.002961095963622151
0 0.01333427891319363 0.001846016453635581
0 0.01357038105529451 0.1981775033193627
0 0.01723190124642165 0.1972370475831123
0 0.01238124979467892 0.1847647147197335
0 0.01390942985670671 0.196218358766515
0 0.01208592993274289 0.1690187795688995
0 0.0121967054999579 0.129504949804957
0 0.01458986994820052 0.03993026895391393
0 0.01240468379699086 0.1435684276271214
0 0.01261017826876556 0.1565481852198554
0 0.01210675274751819 0.04475956256229601
0 0.01263486177331228 0.0698670281951833
0 0.01288272423787769 0.01685139557631397
0 0.014968379734493 0.09221741647549969
0 0.01420530451835569 0.1809575550374547
0 0.01226701961283412 0.05649120645351893
0 0.01451808911622938 0.09846117852659078
0 0.01160722250086023 0.007713118046955889
0 0.0141562916476092 0.125162095198769
0 0.01423135742845012 0.1730581554731535
0 0.01465722562609861 0.06116482888394632
0 0.01188464927435622 0.1794122182168552
0 0.01441819295136249 0.1774976783001583
0 0.01208042863298531 0.1881351701940693
0 0.01212943238830162 0.1384654264490626
0 0.01212319874733932 0.07562964066896813
0 0.01453388105267259 0.07517209130736448
0 0.01174001774780713 0.09710455915067744
0 0.0120178416056183 0.1652454025500384
0 0.01229600347769315 0.1338760401761815
0 0.01195040141899703 0.1194027758571528
0 0.01433478209852148 0.1209036114072038
0 0.01191701788353268 0.01157759503008384
0 0.01207730630342898 0.0346151660185615
0 0.0138891303265444 0.03676001467032783
0 0.01208409983416436 0.02531021970250509
0 0.01183828946366176 0.1060245381395356
0 0.01192713991020104 0.03874438925916231
0 0.01116521915205404 0.02923552518376722
0 0.01264601507994067 0.02052545228275739
0 0.01211839913928571 0.115262100681235
0 0.01120292507313003 0.1137298309299309
0 0.01181666804083996 0.0797742814508277
0 0.01190969854610043 0.09412639889202819
0 0.01387882061564369 0.09481964405469652
0 0.01214069777439274 0.1608939965402192
0 0.01201255277763082 0.05236346673687066
0 0.01217380144480694 0.06309927574605741
0 0.01211118470534309 0.08994974395257226
0 0.01197842523424566 0.04862826210189677
0 0.0117178501699077 0.06710141484697225
0 0.01155578414347563 0.03052793568375631
0 0.01188952306326674 0.1103787723871534
0 0.0118518994552283 0.1475513391727708
0 0.01209984138798511 0.1919836094121836
0 0.01211353460837972 0.1233318798147666
0 0.01200211918440457 0.1517770344416412
0 0.0121296835539263 0.174946843163039
0 0.01478764967147998 0.03402020878595543
0 0.01395329412851334 0.1189078236008765
0 0.01427446302026866 0.1939971143578099
0 0.01504591514571065 0.007815493598076094
0 0.01432952841442025 0.1230264107528722
0 0.0143317362223856 0.1750555823804047
0 0.01577296698791519 0.1965405005178686
0 0.01193120038511209 0.1961156788241085
0 0.01229949588171712 0.05870693637818677
0 0.01449184024817062 0.1396423093427185
0 0.01453444229296531 0.1610755587528306
0 0.01164428605994105 0.00384563796238895
0 0.01116017213567483 0.1826862587481695
0 0.01819051710177787 0.1979807283534853
0 0.01277753285706377 0.09637656965892288
0 0.01338533358240885 0.03838893842660687
0 0.01214260771640982 0.1709214297740037
0 0.01212851036232021 0.1274072552231703
0 0.01565524130340725 0.1249566732544088
0 0.01699433700579255 0.1205501334463201
0 0.0167925991379012 0.03530836052179117
0 0.01595735435735242 0.09620998607325183
0 0.01333204906494474 0.003740332347772288
0 0.01215390133008368 0.1011939696425902
0 0.01143687328321392 0.1575607802171936
0 0.0113666032650744 0.1423958273947913
0 0.01219762747405908 0.0427640583005898
0 0.01141114712613582 0.07125650592184243
0 0.01446665088223363 0.0231143849720804
0 0.01344091346771359 0.05020996596839185
0 0.01658833122900916 0.1984061473788619
0 0.01798172589604265 0.002178532923196831
0 0.01212805678490068 0.08587837488360553
0 0.01145478014236592 0.01598537842282368
0 0.01578739051407346 0.03739651952342943
0 0.01375671379929781 0.02690934124860632
0 0.01415491011715743 0.1085942087162659
0 0.01445364497174781 0.05369255912925831
0 0.01366663616017052 0.1880710937495275
0 0.01331918479984155 0.005713134248638844
0 0.0135087889532661 0.1675256518813617
0 0.01463646951859384 0.1317455889152638
0 0.01315753959570957 0.1036713971923422
0 0.01356441324423055 0.04645609759469088
0 0.01393308823394206 0.152050569561332
0 0.01354039012372927 0.06803740754952042
0 0.01442004667736293 0.01820972299404331
0 0.01357946045090373 0.08080796635774376
0 0.01827720957990742 0.09272104046651188
0 0.01725828337005574 0.06156718389758407
0 0.01722642869247471 0.07536552868706933
0 0.01365011107417733 0.08778291597425708
0 0.01760466066491683 0.09746662325055971
0 0.01727253039524217 0.1374814081011617
0 0.01720096591702127 0.1615114381330246
0 0.01779677901217574 0.03792366773366227
0 0.01177097399947281 0.1980846315820815
0 0.01163865010303042 0.001913058824269378
0 0.01321398432368538 0.007717505469530093
0 0.01726670654410209 0.010656202685899
0 0.01788531566235576 0.03388003100343535
0 0.01205428107654627 0.08373111114779311
0 0.01100014847738225 0.0173821764266271
0 0.01630805096641182 0.001681851454384601
0 0.01312854754540672 0.07941920258606998
0 0.0129911579393665 0.00922966729906791
0 0.01092497442768252 0.07017615478272719
0 0.01341236480701993 0.1175390907997
0 0.01413828814901042 0.06593446872926255
0 0.0171879659394899 0.1800347523309923
0 0.01525583847070728 0.1503008123080873
0 0.01267165431343917 0.1824915118393702
0 0.01801120901781875 0.1959482416077266
0 0.0110619686013635 0.1556478299629747
0 0.01097535820399689 0.1435876924885313
0 0.01318950621304222 0.02942263946202142
0 0.01666247230606192 0.1744338843885711
0 0.01765600097587946 0.1256556953039072
0 0.01332855668331013 0.1132145252862378
0 0.01362557230041585 0.150013261496127
0 0.01372058177519689 0.1481106512788013
0 0.01116957320498917 0.1024253371400353
0 0.01403357511304126 0.03137618575048607
2 4 0 175
3201
3202
3203
3204
3205
3206
3207
3208
3209
3210
3211
3212
3213
3214
3215
3216
3217
3218
3219
3220
3221
3222
3223
3224
3225
3226
3227
3228
3229
3230
3231
3232
3233
3234
3235
3236
3237
3238
3239
3240
3241
3242
3243
3244
3245
3246
3247
3248
3249
3250
3251
3252
3253
3254
3255
3256
3257
3258
3259
3260
3261
3262
3263
3264
3265
3266
3267
3268
3269
3270
3271
3272
3273
3274
3275
3276
3277
3278
3279
3280
3281
3282
3283
3284
3285
3286
3287
3288
3289
3290
3291
3292
3293
3294
3295
3296
3297
3298
3299
3300
3301
3302
3303
3304
3305
3306
3307
3308
3309
3310
3311
3312
3313
3314
3315
3316
3317
3318
3319
3320
3321
3322
3323
3324
3325
3326
3327
3328
3329
3330
3331
3332
3333
3334
3335
3336
3337
3338
3339
3340
3341
3342
3343
3344
3345
3346
3347
3348
3349
3350
3351
3352
3353
3354
3355
3356
3357
3358
3359
3360
3361
3362
3363
3364
3365
3366
3367
3368
3369
3370
3371
3372
3373
3374
3375
0 0.02332805771675403 0.1891939569223653
0 0.02292532307379885 0.1825978660178026
0 0.02330011388248282 0.1759789674229296
0 0.02372407712824461 0.1692761276702475
0 0.02336542653473032 0.1623178107009166
0 0.02315813153524151 0.1569843669739962
0 0.02319609929766234 0.151443148983459
0 0.02297654885642428 0.144818611672671
0 0.02357958619820844 0.1381369053055919
0 0.02390028224719996 0.1303906015577218
0 0.02327680419948521 0.1229957505156511
0 0.0231459105353411 0.1159901251990411
0 0.02300234420587891 0.1087300522561463
0 0.02277900270913906 0.1020798708409827
0 0.02306967959680838 0.09549811158571314
0 0.02312016897530979 0.08824522279222753
0 0.02305537756834385 0.08088789804704508
0 0.02189383890548024 0.07522374285668569
0 0.02308301145447994 0.06942893973242614
0 0.02349263143884637 0.0617588065729319
0 0.0236315178848697 0.05384872061356843
0 0.02333604866050774 0.04632679588184564
0 0.02205851646694366 0.04079641935693063
0 0.02319612704800839 0.03331899925051434
0 0.02297623458529217 0.02582587405417098
0 0.02200593959749668 0.02018470294447199
0 0.02322854088321532 0.01293525045448784
0 0.02844844031402428 0.004033108309566998
0 0.02858093385422739 0.1963348883964414
0 0.03406483125183473 0.1529324887391705
0 0.0331576436566445 0.1384570668949261
0 0.03352628191391385 0.1677922078014894
0 0.03409433969451772 0.1263240699270353
0 0.03423184369990782 0.18036221094894
0 0.03470391718922335 0.1138381256459274
0 0.03463862003901666 0.09830962790386559
0 0.03465363462241917 0.08538203760363573
0 0.03360289531662741 0.01858127108458776
0 0.03402481611513721 0.06824857247556676
0 0.03473952946825592 0.03032532871080193
0 0.03304420087367315 0.04407000537185342
0 0.02294503438955351 0.005474390626978253
0 0.03439219160974367 0.1742362951092475
0 0.02969190285081424 0.1768357102776466
0 0.02872805757014588 0.172483612249219
0 0.02808423245209832 0.166666952706801
0 0.031504490097062 0.1613723797765947
0 0.03421503526694749 0.1444148077377926
0 0.02934552086890347 0.1500030706562366
0 0.02945439231733683 0.1448944370630397
0 0.02786155011811644 0.1396200569307706
0 0.03157288671257089 0.1348323792529304
0 0.02831993012424572 0.1546239377534312
0 0.03460930119111105 0.1202582740247378
0 0.03024171231073297 0.1142554786087657
0 0.02993419916252262 0.1194163282267905
0 0.02825222818916935 0.1248252238994447
0 0.03367671712680699 0.1060492889928824
0 0.02878806015913049 0.1011602464968022
0 0.02841513589954566 0.1062181431909331
0 0.03466643143359607 0.02414348775521403
0 0.02941093468142826 0.02145306436677894
0 0.02814330348394364 0.01716821916091549
0 0.0308713073416385 0.01345714495919375
0 0.03012344645541958 0.02630339070646572
0 0.03412840591545594 0.007951128342171775
0 0.03489289756706987 0.09188260152264452
0 0.0301686962190513 0.08602730071335851
0 0.03037134004142383 0.09131132462109123
0 0.03339029665542216 0.07744684160495521
0 0.02907724432677014 0.07331193817516032
0 0.02822428086198773 0.07800019000259786
0 0.03441494369723797 0.03669895002226074
0 0.02946266706635267 0.0418456746143229
0 0.02903920959349049 0.03740356447549979
0 0.02781173656456273 0.04789777978561311
0 0.03431466087955883 0.0507171019104735
0 0.03470467640060655 0.06090270608854413
0 0.02797155333758257 0.06725007178892138
0 0.02945182197862498 0.1815917698182535
0 0.03331858280030949 0.1862386383456923
0 0.02768866873138357 0.1870228686996916
0 0.03222316407393064 0.1914447046223245
0 0.02525879343023724 0.1966340837056557
0 0.02737679043486754 0.1931731517530981
0 0.02650717715318767 0.01257214944049006
0 0.02800810790794411 0.1346199324622315
0 0.02813837806439708 0.05282052283528457
0 0.03143710949855819 0.1958119094554376
0 0.02677092853613692 0.161104507302661
0 0.0230529161092921 0.1857364475004138
0 0.02301448321979023 0.179254691147596
0 0.02366669204408765 0.1725805344778432
0 0.02299980652654279 0.1598738413893933
0 0.02365416468197265 0.1657836022083785
0 0.02299169619387975 0.1481806373972065
0 0.02334712985346673 0.1546768633686284
0 0.02316559718217649 0.1416029022464818
0 0.02388965179973223 0.1344518896607579
0 0.02290264498766464 0.07755925444555338
0 0.02370911834274198 0.1265593333462877
0 0.0234069329035932 0.01719075538179655
0 0.02312405473080495 0.1195976227453135
0 0.02310611559227883 0.1123673060630845
0 0.02634554758380901 0.111088105197079
0 0.02285367649607637 0.105311096836993
0 0.0228930799078013 0.09894242375404275
0 0.02565932432427448 0.0990165237600388
0 0.02314053286070092 0.09196573431176575
0 0.02291641526278947 0.02242318760388593
0 0.02349012227303678 0.03764903409177674
0 0.02307140480199259 0.08458097578085522
0 0.0230395789743059 0.04303038330399384
0 0.02311195003797558 0.02953556758551117
0 0.02369313517784136 0.04999511706175182
0 0.02585594063503129 0.05694932933872861
0 0.02348996886423439 0.06583844691696393
0 0.02734520877431737 0.06120674646813344
0 0.0230540469780819 0.009303291163895121
0 0.02625491451281729 0.008678033041329438
0 0.02281956419328085 0.07214241159516811
0 0.02520173989795752 0.004708633257681694
0 0.02618288831978247 0.08307667644791357
0 0.02644389463274477 0.03230077636450435
0 0.02332575209877681 0.1928867187376964
0 0.03307231772991233 0.13165979286402
0 0.02627710256636209 0.1191203522682111
0 0.02501315442793779 0.158265999670291
0 0.02583106166302188 0.1759554673602451
0 0.03062381867366405 0.1581923033448541
0 0.02988833120816296 0.00833139409679098
0 0.02586057754215224 0.1031905688506948
0 0.02827361685093115 0.1303703615938435
0 0.02325791884267661 0.0575420435957799
0 0.02554717473939954 0.1421577992477132
0 0.02539029483813625 0.07031868610468783
0 0.03202221717187016 0.06321355345412527
0 0.02563436491210013 0.151300135491617
0 0.02628897596248846 0.03557268159579909
0 0.03556740475229025 0.1948290067459719
0 0.02674279832661126 0.04401079447431802
0 0.02601418280819405 0.02386818156979794
0 0.03230234785402722 0.003802708009821805
0 0.03555263338488306 0.1601816337891654
0 0.03185688086822499 0.05727701704217342
0 0.02652955738381287 0.091345772841745
0 0.03556740477604735 0.1910553267052644
0 0.03540086906268695 0.003303047009244925
0 0.02598048531396393 0.1486553340205715
0 0.0261775181959199 0.01554736327785202
0 0.02608885359536106 0.1785249951143406
0 0.02547181777617394 0.07420574790632321
0 0.02587181408386671 0.07908763031504507
0 0.02547776664969902 0.04071884447007943
0 0.02651382722680135 0.1151136927989326
0 0.02686566059978482 0.1692479451515169
0 0.02541470692741972 0.1849213517517445
0 0.02580557187982066 0.1221287626290182
0 0.030176329046403 0.03145091757615025
0 0.02514278878470863 0.02033072488409014
0 0.02481631184661788 0.1014763129833971
0 0.03500862703435283 0.05487740099892977
0 0.03485870773105158 0.01167499228341349
0 0.02188602343979591 0.003263421244738217
0 0.02630291187443859 0.09555058393374966
0 0.02952406648365169 0.08137082528015643
0 0.026482342314211 0.08716821150276899
0 0.02303818425657274 0.1965607099471706
0 0.03658865247598116 0.0642011947242313
0 0.03006281083778974 0.09666485788167581
0 0.02593906472912985 0.1449867769648027
0 0.02600980592106452 0.107225044408268
0 0.03017808836508033 0.1096153088255808
0 0.02591647088050837 0.1820898547465767
0 0.0264116236338253 0.02800480319802993
2 5 0 93
3376
3377
3378
3379
3380
3381
3382
3383
3384
3385
3386
3387
3388
3389
3390
3391
3392
3393
3394
3395
3396
3397
3398
3399
3400
3401
3402
3403
3404
3405
3406
3407
3408
3409
3410
3411
3412
3413
3414
3415
3416
3417
3418
3419
3420
3421
3422
3423
3424
3425
3426
3427
3428
3429
3430
3431
3432
3433
3434
3435
3436
3437
3438
3439
3440
3441
3442
3443
3444
3445
3446
3447
3448
3449
3450
3451
3452
3453
3454
3455
3456
3457
3458
3459
3460
3461
3462
3463
3464
3465
3466
3467
3468
0 0.04636478293579753 0.07995300602207907
0 0.04574641650080285 0.09373768596867568
0 0.04629552915732774 0.1075654977792343
0 0.04643785937958303 0.1223306124827636
0 0.04660834340722732 0.06509439398749021
0 0.04636481364050574 0.05029905615490465
0 0.04538070379963723 0.03877594753546437
0 0.04601881642411696 0.02812523477830445
0 0.04622318438575113 0.1363122595610125
0 0.04676753103449716 0.1508916549742527
0 0.04658318457002984 0.166114469319585
0 0.04671556998873688 0.1806777241789979
0 0.06420753217739905 0.00801913339498468
0 0.06173849689639428 0.1912217503755938
0 0.07017810837556927 0.02603269809221237
0 0.06944022010341988 0.1254667319046555
0 0.06841152675760782 0.1041311884002679
0 0.07026711519021457 0.05987050605038965
0 0.0706712168549152 0.1575936688200214
0 0.07037508155569469 0.08113674280717076
0 0.04683043889667907 0.01429162204663308
0 0.07085825702077353 0.01558962647115446
0 0.06122237626415164 0.02510950421809471
0 0.05909682364214148 0.03648004551573482
0 0.06990094921997492 0.03722270783810191
0 0.06090179496927806 0.04846178084209876
0 0.05271840517820424 0.1902131971417388
0 0.05511538790237462 0.1803771256867223
0 0.06209431922428577 0.1835760778488231
0 0.06021845817953836 0.1720553861001045
0 0.07083544329331393 0.1678050786218798
0 0.06388448525596373 0.1619000879865827
0 0.06171598608346621 0.1511232351619486
0 0.07022163109708716 0.1500247470616446
0 0.05862807806191221 0.1333467238687218
0 0.0697305366062429 0.1142374368971698
0 0.06049430907456652 0.1243366657210878
0 0.06079087798411642 0.1148858884368568
0 0.06014562173295574 0.105678043555267
0 0.06608336510182615 0.09659407327222855
0 0.05844987426445525 0.09525171253540679
0 0.0704630277966716 0.0707103045977555
0 0.06150887872924116 0.07662601567558099
0 0.06165662527926506 0.06766205728043598
0 0.05308327369473342 0.1302355055690487
0 0.04651893685081317 0.02155302278091657
0 0.05431398862017255 0.01519502486022834
0 0.04598622113617429 0.1003995094705722
0 0.04542309565773969 0.03285782037832908
0 0.04659006276621792 0.07253370592400364
0 0.04595210664055331 0.08700501375532679
0 0.04658434871645246 0.05755628045479217
0 0.053643727001291 0.05772409385368561
0 0.04582219330251951 0.04336591281885438
0 0.04642655382549102 0.1148419357160949
0 0.04678114779309459 0.1585855416264337
0 0.04656044062013287 0.1432211910828016
0 0.04656830874369721 0.1731301101480522
0 0.05173656193451232 0.08947978077706424
0 0.05419834324060967 0.1600627958315329
0 0.04608451994766266 0.1892857117229756
0 0.05560319538494112 0.007531839804186855
0 0.04629077537577245 0.1293702274239283
0 0.05436936138747205 0.141677575269625
0 0.05188130982203647 0.03032032238521985
0 0.05365251278757176 0.1682695881761384
0 0.0606508435296482 0.08555478354195534
0 0.05315392761089338 0.1230472071653959
0 0.0536699741886265 0.07414626900267834
0 0.06246176686839071 0.01613764869121159
0 0.05291396497169623 0.106870301629489
0 0.05347174350583626 0.02316506825642897
0 0.05316313866954664 0.04940323539894087
0 0.05421629895798531 0.1513321410437245
0 0.05310331759064962 0.08232483023592505
0 0.05384056463006383 0.0660594258401507
0 0.05327187816802184 0.1149677101710875
0 0.0699388662275031 0.1893546362045453
0 0.07085284824686165 0.008760192496003702
0 0.05234809096891571 0.09999999830774338
0 0.04847119030326259 0.03594411293836797
0 0.05154853949760373 0.04161351429473176
0 0.05159872474170507 0.1737337671991464
0 0.06158309733329868 0.05841395231571182
0 0.07013272302865226 0.04882190690215085
0 0.06899458564733943 0.1774453893338084
0 0.04449487300101813 0.1933917402673349
0 0.0475235344628385 0.007213816355355162
0 0.06100342545568829 0.1441716857989091
0 0.06967231446558894 0.09023386375662075
0 0.06760870277002323 0.1382598066252569
0 0.0509782649821372 0.1359147196921875
0 0.05003943172900473 0.09430731332570914
2 6 0 105
3469
3470
3471
3472
3473
3474
3475
3476
3477
3478
3479
3480
3481
3482
3483
3484
3485
3486
3487
3488
3489
3490
3491
3492
3493
3494
3495
3496
3497
3498
3499
3500
3501
3502
3503
3504
3505
3506
3507
3508
3509
3510
3511
3512
3513
3514
3515
3516
3517
3518
3519
3520
3521
3522
3523
3524
3525
3526
3527
3528
3529
3530
3531
3532
3533
3534
3535
3536
3537
3538
3539
3540
3541
3542
3543
3544
3545
3546
3547
3548
3549
3550
3551
3552
3553
3554
3555
3556
3557
3558
3559
3560
3561
3562
3563
3564
3565
3566
3567
3568
3569
3570
3571
3572
3573
0 0.08999999999997291 0.01249999999997573
0 0.08999999999997291 0.02499999999995713
0 0.08999999999997288 0.03749999999992056
0 0.08999999999997292 0.04999999999988335
0 0.08999999999997288 0.06249999999984746
0 0.08999999999997289 0.07499999999980886
0 0.08999999999997287 0.08749999999977028
0 0.08999999999997291 0.09999999999973712
0 0.08999999999997289 0.112499999999769
0 0.08999999999997289 0.1249999999998008
0 0.08999999999997289 0.1374999999998381
0 0.08999999999997288 0.1499999999998672
0 0.08999999999997289 0.1624999999998963
0 0.08999999999997289 0.1749999999999363
0 0.08999999999997289 0.1874999999999655
0 0.0999999999999539 0.01249999999997574
0 0.0999999999999539 0.02499999999995713
0 0.0999999999999539 0.03749999999992056
0 0.09999999999995388 0.04999999999988335
0 0.0999999999999539 0.06249999999984746
0 0.0999999999999539 0.07499999999980886
0 0.0999999999999539 0.08749999999977029
0 0.09999999999995389 0.0999999999997371
0 0.0999999999999539 0.112499999999769
0 0.09999999999995389 0.1249999999998008
0 0.09999999999995389 0.1374999999998381
0 0.09999999999995389 0.1499999999998672
0 0.0999999999999539 0.1624999999998963
0 0.0999999999999539 0.1749999999999363
0 0.0999999999999539 0.1874999999999655
0 0.1099999999999132 0.01249999999997573
0 0.1099999999999132 0.02499999999995712
0 0.1099999999999132 0.03749999999992056
0 0.1099999999999132 0.04999999999988333
0 0.1099999999999132 0.06249999999984746
0 0.1099999999999132 0.07499999999980889
0 0.1099999999999132 0.08749999999977028
0 0.1099999999999132 0.0999999999997371
0 0.1099999999999132 0.112499999999769
0 0.1099999999999132 0.1249999999998008
0 0.1099999999999133 0.1374999999998381
0 0.1099999999999132 0.1499999999998672
0 0.1099999999999132 0.1624999999998963
0 0.1099999999999132 0.1749999999999363
0 0.1099999999999132 0.1874999999999654
0 0.1199999999998915 0.01249999999997573
0 0.1199999999998916 0.02499999999995712
0 0.1199999999998915 0.03749999999992055
0 0.1199999999998915 0.04999999999988334
0 0.1199999999998915 0.06249999999984747
0 0.1199999999998916 0.07499999999980887
0 0.1199999999998916 0.08749999999977028
0 0.1199999999998915 0.0999999999997371
0 0.1199999999998916 0.112499999999769
0 0.1199999999998916 0.1249999999998007
0 0.1199999999998916 0.1374999999998381
0 0.1199999999998915 0.1499999999998672
0 0.1199999999998916 0.1624999999998963
0 0.1199999999998916 0.1749999999999363
0 0.1199999999998915 0.1874999999999655
0 0.1299999999999213 0.01249999999997573
0 0.1299999999999214 0.02499999999995712
0 0.1299999999999214 0.03749999999992055
0 0.1299999999999214 0.04999999999988333
0 0.1299999999999214 0.06249999999984747
0 0.1299999999999214 0.07499999999980889
0 0.1299999999999214 0.08749999999977028
0 0.1299999999999214 0.0999999999997371
0 0.1299999999999214 0.112499999999769
0 0.1299999999999214 0.1249999999998008
0 0.1299999999999214 0.1374999999998381
0 0.1299999999999214 0.1499999999998672
0 0.1299999999999214 0.1624999999998963
0 0.1299999999999214 0.1749999999999363
0 0.1299999999999214 0.1874999999999654
0 0.1399999999999458 0.01249999999997573
0 0.1399999999999458 0.02499999999995712
0 0.1399999999999458 0.03749999999992057
0 0.1399999999999458 0.04999999999988334
0 0.1399999999999458 0.06249999999984746
0 0.1399999999999458 0.07499999999980887
0 0.1399999999999458 0.08749999999977028
0 0.1399999999999458 0.0999999999997371
0 0.1399999999999458 0.112499999999769
0 0.1399999999999458 0.1249999999998008
0 0.1399999999999458 0.1374999999998381
0 0.1399999999999458 0.1499999999998672
0 0.1399999999999458 0.1624999999998963
0 0.1399999999999458 0.1749999999999363
0 0.1399999999999458 0.1874999999999654
0 0.149999999999981 0.01249999999997573
0 0.149999999999981 0.02499999999995712
0 0.1499999999999811 0.03749999999992057
0 0.149999999999981 0.04999999999988333
0 0.1499999999999811 0.06249999999984745
0 0.149999999999981 0.07499999999980887
0 0.149999999999981 0.08749999999977028
0 0.149999999999981 0.0999999999997371
0 0.149999999999981 0.112499999999769
0 0.149999999999981 0.1249999999998008
0 0.149999999999981 0.1374999999998381
0 0.149999999999981 0.1499999999998672
0 0.149999999999981 0.1624999999998964
0 0.149999999999981 0.1749999999999363
0 0.149999999999981 0.1874999999999654
2 7 0 2295
3574
3575
3576
3577
3578
3579
3580
3581
3582
3583
3584
3585
3586
3587
3588
3589
3590
3591
3592
3593
3594
3595
3596
3597
3598
3599
3600
3601
3602
3603
3604
3605
3606
3607
3608
3609
3610
3611
3612
3613
3614
3615
3616
3617
3618
3619
3620
3621
3622
3623
3624
3625
3626
3627
3628
3629
3630
3631
3632
3633
3634
3635
3636
3637
3638
3639
3640
3641
3642
3643
3644
3645
3646
3647
3648
3649
3650
3651
3652
3653
3654
3655
3656
3657
3658
3659
3660
3661
3662
3663
3664
3665
3666
3667
3668
3669
3670
3671
3672
3673
3674
3675
3676
3677
3678
3679
3680
3681
3682
3683
3684
3685
3686
3687
3688
3689
3690
3691
3692
3693
3694
3695
3696
3697
3698
3699
3700
3701
3702
3703
3704
3705
3706
3707
3708
3709
3710
3711
3712
3713
3714
3715
3716
3717
3718
3719
3720
3721
3722
3723
3724
3725
3726
3727
3728
3729
3730
3731
3732
3733
3734
3735
3736
3737
3738
3739
3740
3741
3742
3743
3744
3745
3746
3747
3748
3749
3750
3751
3752
3753
3754
3755
3756
3757
3758
3759
3760
3761
3762
3763
3764
3765
3766
3767
3768
3769
3770
3771
3772
3773
3774
3775
3776
3777
3778
3779
3780
3781
3782
3783
3784
3785
3786
3787
3788
3789
3790
3791
3792
3793
3794
3795
3796
3797
3798
3799
3800
3801
3802
3803
3804
3805
3806
3807
3808
3809
3810
3811
3812
3813
3814
3815
3816
3817
3818
3819
3820
3821
3822
3823
3824
3825
3826
3827
3828
3829
3830
3831
3832
3833
3834
3835
3836
3837
3838
3839
3840
3841
3842
3843
3844
3845
3846
3847
3848
3849
3850
3851
3852
3853
3854
3855
3856
3857
3858
3859
3860
3861
3862
3863
3864
3865
3866
3867
3868
3869
3870
3871
3872
3873
3874
3875
3876
3877
3878
3879
3880
3881
3882
3883
3884
3885
3886
3887
3888
3889
3890
3891
3892
3893
3894
3895
3896
3897
3898
3899
3900
3901
3902
3903
3904
3905
3906
3907
3908
3909
3910
3911
3912
3913
3914
3915
3916
3917
3918
3919
3920
3921
3922
3923
3924
3925
3926
3927
3928
3929
3930
3931
3932
3933
3934
3935
3936
3937
3938
3939
3940
3941
3942
3943
3944
3945
3946
3947
3948
3949
3950
3951
3952
3953
3954
3955
3956
3957
3958
3959
3960
3961
3962
3963
3964
3965
3966
3967
3968
3969
3970
3971
3972
3973
3974
3975
3976
3977
3978
3979
3980
3981
3982
3983
3984
3985
3986
3987
3988
3989
3990
3991
3992
3993
3994
3995
3996
3997
3998
3999
4000
4001
4002
4003
4004
4005
4006
4007
4008
4009
4010
4011
4012
4013
4014
4015
4016
4017
4018
4019
4020
4021
4022
4023
4024
4025
4026
4027
4028
4029
4030
4031
4032
4033
4034
4035
4036
4037
4038
4039
4040
4041
4042
4043
4044
4045
4046
4047
4048
4049
4050
4051
4052
4053
4054
4055
4056
4057
4058
4059
4060
4061
4062
4063
4064
4065
4066
4067
4068
4069
4070
4071
4072
4073
4074
4075
4076
4077
4078
4079
4080
4081
4082
4083
4084
4085
4086
4087
4088
4089
4090
4091
4092
4093
4094
4095
4096
4097
4098
4099
4100
4101
4102
4103
4104
4105
4106
4107
4108
4109
4110
4111
4112
4113
4114
4115
4116
4117
4118
4119
4120
4121
4122
4123
4124
4125
4126
4127
4128
4129
4130
4131
4132
4133
4134
4135
4136
4137
4138
4139
4140
4141
4142
4143
4144
4145
4146
4147
4148
4149
4150
4151
4152
4153
4154
4155
4156
4157
4158
4159
4160
4161
4162
4163
4164
4165
4166
4167
4168
4169
4170
4171
4172
4173
4174
4175
4176
4177
4178
4179
4180
4181
4182
4183
4184
4185
4186
4187
4188
4189
4190
4191
4192
4193
4194
4195
4196
4197
4198
4199
4200
4201
4202
4203
4204
4205
4206
4207
4208
4209
4210
4211
4212
4213
4214
4215
4216
4217
4218
4219
4220
4221
4222
4223
4224
4225
4226
4227
4228
4229
4230
4231
4232
4233
4234
4235
4236
4237
4238
4239
4240
4241
4242
4243
4244
4245
4246
4247
4248
4249
4250
4251
4252
4253
4254
4255
4256
4257
4258
4259
4260
4261
4262
4263
4264
4265
4266
4267
4268
4269
4270
4271
4272
4273
4274
4275
4276
4277
4278
4279
4280
4281
4282
4283
4284
4285
4286
4287
4288
4289
4290
4291
4292
4293
4294
4295
4296
4297
4298
4299
4300
4301
4302
4303
4304
4305
4306
4307
4308
4309
4310
4311
4312
4313
4314
4315
4316
4317
4318
4319
4320
4321
4322
4323
4324
4325
4326
4327
4328
4329
4330
4331
4332
4333
4334
4335
4336
4337
4338
4339
4340
4341
4342
4343
4344
4345
4346
4347
4348
4349
4350
4351
4352
4353
4354
4355
4356
4357
4358
4359
4360
4361
4362
4363
4364
4365
4366
4367
4368
4369
4370
4371
4372
4373
4374
4375
4376
4377
4378
4379
4380
4381
4382
4383
4384
4385
4386
4387
4388
4389
4390
4391
4392
4393
4394
4395
4396
4397
4398
4399
4400
4401
4402
4403
4404
4405
4406
4407
4408
4409
4410
4411
4412
4413
4414
4415
4416
4417
4418
4419
4420
4421
4422
4423
4424
4425
4426
4427
4428
4429
4430
4431
4432
4433
4434
4435
4436
4437
4438
4439
4440
4441
4442
4443
4444
4445
4446
4447
4448
4449
4450
4451
4452
4453
4454
4455
4456
4457
4458
4459
4460
4461
4462
4463
4464
4465
4466
4467
4468
4469
4470
4471
4472
4473
4474
4475
4476
4477
4478
4479
4480
4481
4482
4483
4484
4485
4486
4487
4488
4489
4490
4491
4492
4493
4494
4495
4496
4497
4498
4499
4500
4501
4502
4503
4504
4505
4506
4507
4508
4509
4510
4511
4512
4513
4514
4515
4516
4517
4518
4519
4520
4521
4522
4523
4524
4525
4526
4527
4528
4529
4530
4531
4532
4533
4534
4535
4536
4537
4538
4539
4540
4541
4542
4543
4544
4545
4546
4547
4548
4549
4550
4551
4552
4553
4554
4555
4556
4557
4558
4559
4560
4561
4562
4563
4564
4565
4566
4567
4568
4569
4570
4571
4572
4573
4574
4575
4576
4577
4578
4579
4580
4581
4582
4583
4584
4585
4586
4587
4588
4589
4590
4591
4592
4593
4594
4595
4596
4597
4598
4599
4600
4601
4602
4603
4604
4605
4606
4607
4608
4609
4610
4611
4612
4613
4614
4615
4616
4617
4618
4619
4620
4621
4622
4623
4624
4625
4626
4627
4628
4629
4630
4631
4632
4633
4634
4635
4636
4637
4638
4639
4640
4641
4642
4643
4644
4645
4646
4647
4648
4649
4650
4651
4652
4653
4654
4655
4656
4657
4658
4659
4660
4661
4662
4663
4664
4665
4666
4667
4668
4669
4670
4671
4672
4673
4674
4675
4676
4677
4678
4679
4680
4681
4682
4683
4684
4685
4686
4687
4688
4689
4690
4691
4692
4693
4694
4695
4696
4697
4698
4699
4700
4701
4702
4703
4704
4705
4706
4707
4708
4709
4710
4711
4712
4713
4714
4715
4716
4717
4718
4719
4720
4721
4722
4723
4724
4725
4726
4727
4728
4729
4730
4731
4732
4733
4734
4735
4736
4737
4738
4739
4740
4741
4742
4743
4744
4745
4746
4747
4748
4749
4750
4751
4752
4753
4754
4755
4756
4757
4758
4759
4760
4761
4762
4763
4764
4765
4766
4767
4768
4769
4770
4771
4772
4773
4774
4775
4776
4777
4778
4779
4780
4781
4782
4783
4784
4785
4786
4787
4788
4789
4790
4791
4792
4793
4794
4795
4796
4797
4798
4799
4800
4801
4802
4803
4804
4805
4806
4807
4808
4809
4810
4811
4812
4813
4814
4815
4816
4817
4818
4819
4820
4821
4822
4823
4824
4825
4826
4827
4828
4829
4830
4831
4832
4833
4834
4835
4836
4837
4838
4839
4840
4841
4842
4843
4844
4845
4846
4847
4848
4849
4850
4851
4852
4853
4854
4855
4856
4857
4858
4859
4860
4861
4862
4863
4864
4865
4866
4867
4868
4869
4870
4871
4872
4873
4874
4875
4876
4877
4878
4879
4880
4881
4882
4883
4884
4885
4886
4887
4888
4889
4890
4891
4892
4893
4894
4895
4896
4897
4898
4899
4900
4901
4902
4903
4904
4905
4906
4907
4908
4909
4910
4911
4912
4913
4914
4915
4916
4917
4918
4919
4920
4921
4922
4923
4924
4925
4926
4927
4928
4929
4930
4931
4932
4933
4934
4935
4936
4937
4938
4939
4940
4941
4942
4943
4944
4945
4946
4947
4948
4949
4950
4951
4952
4953
4954
4955
4956
4957
4958
4959
4960
4961
4962
4963
4964
4965
4966
4967
4968
4969
4970
4971
4972
4973
4974
4975
4976
4977
4978
4979
4980
4981
4982
4983
4984
4985
4986
4987
4988
4989
4990
4991
4992
4993
4994
4995
4996
4997
4998
4999
5000
5001
5002
5003
5004
5005
5006
5007
5008
5009
5010
5011
5012
5013
5014
5015
5016
5017
5018
5019
5020
5021
5022
5023
5024
5025
5026
5027
5028
5029
5030
5031
5032
5033
5034
5035
5036
5037
5038
5039
5040
5041
5042
5043
5044
5045
5046
5047
5048
5049
5050
5051
5052
5053
5054
5055
5056
5057
5058
5059
5060
5061
5062
5063
5064
5065
5066
5067
5068
5069
5070
5071
5072
5073
5074
5075
5076
5077
5078
5079
5080
5081
5082
5083
5084
5085
5086
5087
5088
5089
5090
5091
5092
5093
5094
5095
5096
5097
5098
5099
5100
5101
5102
5103
5104
5105
5106
5107
5108
5109
5110
5111
5112
5113
5114
5115
5116
5117
5118
5119
5120
5121
5122
5123
5124
5125
5126
5127
5128
5129
5130
5131
5132
5133
5134
5135
5136
5137
5138
5139
5140
5141
5142
5143
5144
5145
5146
5147
5148
5149
5150
5151
5152
5153
5154
5155
5156
5157
5158
5159
5160
5161
5162
5163
5164
5165
5166
5167
5168
5169
5170
5171
5172
5173
5174
5175
5176
5177
5178
5179
5180
5181
5182
5183
5184
5185
5186
5187
5188
5189
5190
5191
5192
5193
5194
5195
5196
5197
5198
5199
5200
5201
5202
5203
5204
5205
5206
5207
5208
5209
5210
5211
5212
5213
5214
5215
5216
5217
5218
5219
5220
5221
5222
5223
5224
5225
5226
5227
5228
5229
5230
5231
5232
5233
5234
5235
5236
5237
5238
5239
5240
5241
5242
5243
5244
5245
5246
5247
5248
5249
5250
5251
5252
5253
5254
5255
5256
5257
5258
5259
5260
5261
5262
5263
5264
5265
5266
5267
5268
5269
5270
5271
5272
5273
5274
5275
5276
5277
5278
5279
5280
5281
5282
5283
5284
5285
5286
5287
5288
5289
5290
5291
5292
5293
5294
5295
5296
5297
5298
5299
5300
5301
5302
5303
5304
5305
5306
5307
5308
5309
5310
5311
5312
5313
5314
5315
5316
5317
5318
5319
5320
5321
5322
5323
5324
5325
5326
5327
5328
5329
5330
5331
5332
5333
5334
5335
5336
5337
5338
5339
5340
5341
5342
5343
5344
5345
5346
5347
5348
5349
5350
5351
5352
5353
5354
5355
5356
5357
5358
5359
5360
5361
5362
5363
5364
5365
5366
5367
5368
5369
5370
5371
5372
5373
5374
5375
5376
5377
5378
5379
5380
5381
5382
5383
5384
5385
5386
5387
5388
5389
5390
5391
5392
5393
5394
5395
5396
5397
5398
5399
5400
5401
5402
5403
5404
5405
5406
5407
5408
5409
5410
5411
5412
5413
5414
5415
5416
5417
5418
5419
5420
5421
5422
5423
5424
5425
5426
5427
5428
5429
5430
5431
5432
5433
5434
5435
5436
5437
5438
5439
5440
5441
5442
5443
5444
5445
5446
5447
5448
5449
5450
5451
5452
5453
5454
5455
5456
5457
5458
5459
5460
5461
5462
5463
5464
5465
5466
5467
5468
5469
5470
5471
5472
5473
5474
5475
5476
5477
5478
5479
5480
5481
5482
5483
5484
5485
5486
5487
5488
5489
5490
5491
5492
5493
5494
5495
5496
5497
5498
5499
5500
5501
5502
5503
5504
5505
5506
5507
5508
5509
5510
5511
5512
5513
5514
5515
5516
5517
5518
5519
5520
5521
5522
5523
5524
5525
5526
5527
5528
5529
5530
5531
5532
5533
5534
5535
5536
5537
5538
5539
5540
5541
5542
5543
5544
5545
5546
5547
5548
5549
5550
5551
5552
5553
5554
5555
5556
5557
5558
5559
5560
5561
5562
5563
5564
5565
5566
5567
5568
5569
5570
5571
5572
5573
5574
5575
5576
5577
5578
5579
5580
5581
5582
5583
5584
5585
5586
5587
5588
5589
5590
5591
5592
5593
5594
5595
5596
5597
5598
5599
5600
5601
5602
5603
5604
5605
5606
5607
5608
5609
5610
5611
5612
5613
5614
5615
5616
5617
5618
5619
5620
5621
5622
5623
5624
5625
5626
5627
5628
5629
5630
5631
5632
5633
5634
5635
5636
5637
5638
5639
5640
5641
5642
5643
5644
5645
5646
5647
5648
5649
5650
5651
5652
5653
5654
5655
5656
5657
5658
5659
5660
5661
5662
5663
5664
5665
5666
5667
5668
5669
5670
5671
5672
5673
5674
5675
5676
5677
5678
5679
5680
5681
5682
5683
5684
5685
5686
5687
5688
5689
5690
5691
5692
5693
5694
5695
5696
5697
5698
5699
5700
5701
5702
5703
5704
5705
5706
5707
5708
5709
5710
5711
5712
5713
5714
5715
5716
5717
5718
5719
5720
5721
5722
5723
5724
5725
5726
5727
5728
5729
5730
5731
5732
5733
5734
5735
5736
5737
5738
5739
5740
5741
5742
5743
5744
5745
5746
5747
5748
5749
5750
5751
5752
5753
5754
5755
5756
5757
5758
5759
5760
5761
5762
5763
5764
5765
5766
5767
5768
5769
5770
5771
5772
5773
5774
5775
5776
5777
5778
5779
5780
5781
5782
5783
5784
5785
5786
5787
5788
5789
5790
5791
5792
5793
5794
5795
5796
5797
5798
5799
5800
5801
5802
5803
5804
5805
5806
5807
5808
5809
5810
5811
5812
5813
5814
5815
5816
5817
5818
5819
5820
5821
5822
5823
5824
5825
5826
5827
5828
5829
5830
5831
5832
5833
5834
5835
5836
5837
5838
5839
5840
5841
5842
5843
5844
5845
5846
5847
5848
5849
5850
5851
5852
5853
5854
5855
5856
5857
5858
5859
5860
5861
5862
5863
5864
5865
5866
5867
5868
0 0.17194805194803 0.01249999999997573
0 0.17194805194803 0.02499999999995713
0 0.17194805194803 0.03749999999992056
0 0.17194805194803 0.04999999999988334
0 0.17194805194803 0.06249999999984746
0 0.17194805194803 0.07499999999980887
0 0.17194805194803 0.08749999999977025
0 0.1719480519480301 0.0999999999997371
0 0.17194805194803 0.112499999999769
0 0.17194805194803 0.1249999999998008
0 0.17194805194803 0.1374999999998381
0 0.17194805194803 0.1499999999998672
0 0.17194805194803 0.1624999999998963
0 0.17194805194803 0.1749999999999363
0 0.17194805194803 0.1874999999999654
0 0.18389610389606 0.01249999999997573
0 0.1838961038960601 0.02499999999995713
0 0.18389610389606 0.03749999999992056
0 0.18389610389606 0.04999999999988335
0 0.18389610389606 0.06249999999984746
0 0.18389610389606 0.07499999999980887
0 0.18389610389606 0.08749999999977028
0 0.18389610389606 0.0999999999997371
0 0.18389610389606 0.112499999999769
0 0.18389610389606 0.1249999999998008
0 0.18389610389606 0.1374999999998381
0 0.18389610389606 0.1499999999998672
0 0.18389610389606 0.1624999999998964
0 0.18389610389606 0.1749999999999363
0 0.18389610389606 0.1874999999999654
0 0.19584415584409 0.01249999999997573
0 0.19584415584409 0.02499999999995713
0 0.19584415584409 0.03749999999992056
0 0.19584415584409 0.04999999999988335
0 0.19584415584409 0.06249999999984746
0 0.19584415584409 0.07499999999980887
0 0.19584415584409 0.08749999999977025
0 0.19584415584409 0.0999999999997371
0 0.19584415584409 0.112499999999769
0 0.19584415584409 0.1249999999998008
0 0.19584415584409 0.1374999999998381
0 0.19584415584409 0.1499999999998672
0 0.19584415584409 0.1624999999998963
0 0.19584415584409 0.1749999999999363
0 0.19584415584409 0.1874999999999654
0 0.2077922077921199 0.01249999999997573
0 0.2077922077921199 0.02499999999995713
0 0.2077922077921199 0.03749999999992056
0 0.20779220779212 0.04999999999988335
0 0.2077922077921199 0.06249999999984746
0 0.20779220779212 0.07499999999980889
0 0.2077922077921199 0.08749999999977029
0 0.20779220779212 0.0999999999997371
0 0.20779220779212 0.112499999999769
0 0.20779220779212 0.1249999999998008
0 0.20779220779212 0.1374999999998381
0 0.2077922077921199 0.1499999999998672
0 0.20779220779212 0.1624999999998963
0 0.20779220779212 0.1749999999999364
0 0.20779220779212 0.1874999999999654
0 0.2197402597401491 0.01249999999997573
0 0.2197402597401491 0.02499999999995713
0 0.2197402597401491 0.03749999999992056
0 0.2197402597401492 0.04999999999988334
0 0.2197402597401492 0.06249999999984746
0 0.2197402597401491 0.07499999999980889
0 0.2197402597401492 0.08749999999977026
0 0.2197402597401492 0.0999999999997371
0 0.2197402597401492 0.112499999999769
0 0.2197402597401492 0.1249999999998008
0 0.2197402597401492 0.1374999999998381
0 0.2197402597401492 0.1499999999998672
0 0.2197402597401492 0.1624999999998963
0 0.2197402597401492 0.1749999999999363
0 0.2197402597401492 0.1874999999999654
0 0.2316883116881746 0.01249999999997574
0 0.2316883116881746 0.02499999999995713
0 0.2316883116881746 0.03749999999992056
0 0.2316883116881745 0.04999999999988335
0 0.2316883116881746 0.06249999999984746
0 0.2316883116881746 0.07499999999980887
0 0.2316883116881746 0.08749999999977028
0 0.2316883116881747 0.0999999999997371
0 0.2316883116881746 0.112499999999769
0 0.2316883116881746 0.1249999999998008
0 0.2316883116881746 0.1374999999998381
0 0.2316883116881746 0.1499999999998672
0 0.2316883116881747 0.1624999999998963
0 0.2316883116881747 0.1749999999999364
0 0.2316883116881746 0.1874999999999654
0 0.2436363636362001 0.01249999999997573
0 0.2436363636362001 0.02499999999995713
0 0.2436363636362001 0.03749999999992056
0 0.2436363636362002 0.04999999999988334
0 0.2436363636362001 0.06249999999984746
0 0.2436363636362001 0.07499999999980887
0 0.2436363636362001 0.08749999999977028
0 0.2436363636362001 0.0999999999997371
0 0.2436363636362001 0.112499999999769
0 0.2436363636362001 0.1249999999998008
0 0.2436363636362001 0.1374999999998381
0 0.2436363636362001 0.1499999999998672
0 0.2436363636362001 0.1624999999998963
0 0.2436363636362001 0.1749999999999363
0 0.2436363636362001 0.1874999999999655
0 0.2555844155842291 0.01249999999997573
0 0.2555844155842291 0.02499999999995712
0 0.2555844155842291 0.03749999999992057
0 0.2555844155842291 0.04999999999988335
0 0.2555844155842291 0.06249999999984746
0 0.2555844155842291 0.07499999999980887
0 0.2555844155842291 0.08749999999977028
0 0.2555844155842291 0.0999999999997371
0 0.2555844155842291 0.112499999999769
0 0.2555844155842291 0.1249999999998008
0 0.2555844155842291 0.1374999999998381
0 0.2555844155842291 0.1499999999998672
0 0.2555844155842291 0.1624999999998963
0 0.2555844155842292 0.1749999999999363
0 0.2555844155842291 0.1874999999999654
0 0.267532467532259 0.01249999999997573
0 0.267532467532259 0.02499999999995713
0 0.2675324675322591 0.03749999999992056
0 0.2675324675322591 0.04999999999988335
0 0.267532467532259 0.06249999999984746
0 0.2675324675322591 0.07499999999980886
0 0.2675324675322591 0.08749999999977028
0 0.2675324675322591 0.09999999999973709
0 0.267532467532259 0.112499999999769
0 0.2675324675322591 0.1249999999998008
0 0.2675324675322592 0.1374999999998381
0 0.2675324675322592 0.1499999999998672
0 0.2675324675322591 0.1624999999998963
0 0.2675324675322592 0.1749999999999363
0 0.2675324675322591 0.1874999999999655
0 0.279480519480289 0.01249999999997573
0 0.279480519480289 0.02499999999995713
0 0.279480519480289 0.03749999999992056
0 0.279480519480289 0.04999999999988335
0 0.279480519480289 0.06249999999984746
0 0.2794805194802891 0.07499999999980887
0 0.2794805194802891 0.08749999999977028
0 0.2794805194802891 0.0999999999997371
0 0.2794805194802891 0.112499999999769
0 0.2794805194802891 0.1249999999998008
0 0.2794805194802891 0.1374999999998381
0 0.2794805194802891 0.1499999999998672
0 0.2794805194802891 0.1624999999998963
0 0.2794805194802891 0.1749999999999363
0 0.2794805194802891 0.1874999999999654
0 0.291428571428319 0.01249999999997574
0 0.2914285714283191 0.02499999999995712
0 0.291428571428319 0.03749999999992056
0 0.2914285714283191 0.04999999999988334
0 0.2914285714283192 0.06249999999984746
0 0.2914285714283191 0.07499999999980887
0 0.2914285714283191 0.08749999999977025
0 0.2914285714283192 0.0999999999997371
0 0.2914285714283191 0.112499999999769
0 0.2914285714283191 0.1249999999998008
0 0.2914285714283192 0.1374999999998381
0 0.2914285714283192 0.1499999999998672
0 0.2914285714283191 0.1624999999998963
0 0.2914285714283192 0.1749999999999363
0 0.2914285714283191 0.1874999999999654
0 0.303376623376349 0.01249999999997573
0 0.3033766233763489 0.02499999999995713
0 0.303376623376349 0.03749999999992056
0 0.3033766233763491 0.04999999999988333
0 0.303376623376349 0.06249999999984746
0 0.3033766233763491 0.07499999999980889
0 0.3033766233763491 0.08749999999977028
0 0.3033766233763491 0.09999999999973712
0 0.3033766233763491 0.112499999999769
0 0.3033766233763491 0.1249999999998008
0 0.3033766233763491 0.1374999999998381
0 0.3033766233763491 0.1499999999998672
0 0.3033766233763491 0.1624999999998963
0 0.3033766233763491 0.1749999999999363
0 0.3033766233763491 0.1874999999999654
0 0.3153246753243878 0.01249999999997573
0 0.3153246753243877 0.02499999999995713
0 0.3153246753243877 0.03749999999992056
0 0.3153246753243878 0.04999999999988334
0 0.3153246753243876 0.06249999999984747
0 0.3153246753243877 0.07499999999980886
0 0.3153246753243877 0.08749999999977028
0 0.3153246753243877 0.0999999999997371
0 0.3153246753243877 0.112499999999769
0 0.3153246753243877 0.1249999999998008
0 0.3153246753243877 0.1374999999998381
0 0.3153246753243877 0.1499999999998672
0 0.3153246753243877 0.1624999999998963
0 0.3153246753243877 0.1749999999999363
0 0.3153246753243877 0.1874999999999654
0 0.3272727272724337 0.01249999999997573
0 0.3272727272724336 0.02499999999995713
0 0.3272727272724337 0.03749999999992055
0 0.3272727272724336 0.04999999999988334
0 0.3272727272724336 0.06249999999984747
0 0.3272727272724336 0.07499999999980887
0 0.3272727272724337 0.08749999999977028
0 0.3272727272724337 0.09999999999973712
0 0.3272727272724337 0.112499999999769
0 0.3272727272724336 0.1249999999998008
0 0.3272727272724336 0.137499999999838
0 0.3272727272724336 0.1499999999998672
0 0.3272727272724337 0.1624999999998964
0 0.3272727272724336 0.1749999999999363
0 0.3272727272724336 0.1874999999999654
0 0.3392207792204766 0.01249999999997574
0 0.3392207792204765 0.02499999999995712
0 0.3392207792204766 0.03749999999992056
0 0.3392207792204766 0.04999999999988335
0 0.3392207792204765 0.06249999999984746
0 0.3392207792204767 0.07499999999980887
0 0.3392207792204767 0.08749999999977028
0 0.3392207792204767 0.0999999999997371
0 0.3392207792204767 0.112499999999769
0 0.3392207792204767 0.1249999999998008
0 0.3392207792204767 0.1374999999998381
0 0.3392207792204767 0.1499999999998672
0 0.3392207792204767 0.1624999999998964
0 0.3392207792204767 0.1749999999999363
0 0.3392207792204767 0.1874999999999655
0 0.3511688311685091 0.01249999999997573
0 0.3511688311685089 0.02499999999995713
0 0.3511688311685091 0.03749999999992056
0 0.3511688311685091 0.04999999999988333
0 0.3511688311685091 0.06249999999984746
0 0.3511688311685091 0.07499999999980889
0 0.3511688311685091 0.08749999999977028
0 0.351168831168509 0.0999999999997371
0 0.3511688311685091 0.112499999999769
0 0.3511688311685091 0.1249999999998007
0 0.3511688311685091 0.1374999999998381
0 0.351168831168509 0.1499999999998672
0 0.351168831168509 0.1624999999998963
0 0.351168831168509 0.1749999999999363
0 0.351168831168509 0.1874999999999654
0 0.3631168831165301 0.01249999999997573
0 0.3631168831165301 0.02499999999995712
0 0.36311688311653 0.03749999999992055
0 0.3631168831165301 0.04999999999988335
0 0.36311688311653 0.06249999999984746
0 0.3631168831165301 0.07499999999980889
0 0.3631168831165302 0.08749999999977028
0 0.3631168831165302 0.0999999999997371
0 0.3631168831165301 0.112499999999769
0 0.3631168831165301 0.1249999999998008
0 0.3631168831165301 0.1374999999998381
0 0.3631168831165301 0.1499999999998672
0 0.3631168831165302 0.1624999999998963
0 0.3631168831165302 0.1749999999999363
0 0.3631168831165301 0.1874999999999654
0 0.3750649350645509 0.01249999999997573
0 0.375064935064551 0.02499999999995713
0 0.375064935064551 0.03749999999992056
0 0.3750649350645511 0.04999999999988333
0 0.375064935064551 0.06249999999984747
0 0.3750649350645511 0.07499999999980889
0 0.375064935064551 0.08749999999977026
0 0.3750649350645511 0.0999999999997371
0 0.3750649350645511 0.112499999999769
0 0.3750649350645511 0.1249999999998008
0 0.3750649350645511 0.1374999999998381
0 0.3750649350645511 0.1499999999998672
0 0.3750649350645511 0.1624999999998963
0 0.3750649350645511 0.1749999999999363
0 0.3750649350645511 0.1874999999999654
0 0.3870129870125806 0.01249999999997573
0 0.3870129870125806 0.02499999999995713
0 0.3870129870125806 0.03749999999992056
0 0.3870129870125805 0.04999999999988335
0 0.3870129870125804 0.06249999999984746
0 0.3870129870125806 0.07499999999980887
0 0.3870129870125805 0.08749999999977028
0 0.3870129870125805 0.0999999999997371
0 0.3870129870125805 0.112499999999769
0 0.3870129870125805 0.1249999999998008
0 0.3870129870125805 0.1374999999998381
0 0.3870129870125805 0.1499999999998672
0 0.3870129870125805 0.1624999999998964
0 0.3870129870125805 0.1749999999999363
0 0.3870129870125805 0.1874999999999655
0 0.3989610389606038 0.01249999999997573
0 0.3989610389606038 0.02499999999995713
0 0.3989610389606038 0.03749999999992056
0 0.3989610389606038 0.04999999999988334
0 0.3989610389606038 0.06249999999984746
0 0.3989610389606038 0.07499999999980887
0 0.3989610389606038 0.08749999999977023
0 0.3989610389606038 0.0999999999997371
0 0.3989610389606038 0.112499999999769
0 0.3989610389606039 0.1249999999998008
0 0.3989610389606038 0.1374999999998381
0 0.3989610389606038 0.1499999999998672
0 0.3989610389606038 0.1624999999998963
0 0.3989610389606038 0.1749999999999363
0 0.3989610389606038 0.1874999999999654
0 0.41090909090862 0.01249999999997573
0 0.4109090909086199 0.02499999999995713
0 0.4109090909086199 0.03749999999992056
0 0.4109090909086198 0.04999999999988335
0 0.4109090909086199 0.06249999999984746
0 0.4109090909086199 0.07499999999980887
0 0.4109090909086199 0.08749999999977029
0 0.4109090909086199 0.0999999999997371
0 0.4109090909086199 0.112499999999769
0 0.4109090909086198 0.1249999999998008
0 0.4109090909086199 0.1374999999998381
0 0.4109090909086199 0.1499999999998672
0 0.4109090909086199 0.1624999999998964
0 0.4109090909086199 0.1749999999999363
0 0.4109090909086199 0.1874999999999655
0 0.422857142856632 0.01249999999997573
0 0.4228571428566318 0.02499999999995713
0 0.4228571428566318 0.03749999999992056
0 0.4228571428566319 0.04999999999988334
0 0.4228571428566319 0.06249999999984746
0 0.4228571428566319 0.07499999999980889
0 0.4228571428566319 0.08749999999977028
0 0.4228571428566318 0.0999999999997371
0 0.4228571428566319 0.112499999999769
0 0.4228571428566318 0.1249999999998008
0 0.4228571428566319 0.1374999999998381
0 0.4228571428566319 0.1499999999998672
0 0.4228571428566319 0.1624999999998963
0 0.4228571428566318 0.1749999999999363
0 0.4228571428566319 0.1874999999999655
0 0.4348051948046462 0.01249999999997573
0 0.4348051948046464 0.02499999999995713
0 0.4348051948046463 0.03749999999992056
0 0.4348051948046463 0.04999999999988334
0 0.4348051948046462 0.06249999999984745
0 0.4348051948046463 0.07499999999980891
0 0.4348051948046465 0.08749999999977028
0 0.4348051948046464 0.09999999999973709
0 0.4348051948046462 0.112499999999769
0 0.4348051948046464 0.1249999999998008
0 0.4348051948046464 0.1374999999998381
0 0.4348051948046464 0.1499999999998672
0 0.4348051948046462 0.1624999999998963
0 0.4348051948046464 0.1749999999999363
0 0.4348051948046463 0.1874999999999654
0 0.4467532467526764 0.01249999999997573
0 0.4467532467526763 0.02499999999995712
0 0.4467532467526765 0.03749999999992056
0 0.4467532467526763 0.04999999999988334
0 0.4467532467526762 0.06249999999984746
0 0.4467532467526764 0.07499999999980887
0 0.4467532467526764 0.08749999999977028
0 0.4467532467526763 0.09999999999973712
0 0.4467532467526764 0.112499999999769
0 0.4467532467526764 0.1249999999998008
0 0.4467532467526763 0.1374999999998381
0 0.4467532467526764 0.1499999999998672
0 0.4467532467526764 0.1624999999998963
0 0.4467532467526764 0.1749999999999363
0 0.4467532467526764 0.1874999999999655
0 0.4587012987007063 0.01249999999997573
0 0.4587012987007063 0.02499999999995713
0 0.4587012987007061 0.03749999999992056
0 0.4587012987007061 0.04999999999988334
0 0.4587012987007064 0.06249999999984746
0 0.4587012987007063 0.07499999999980887
0 0.4587012987007061 0.08749999999977026
0 0.4587012987007061 0.0999999999997371
0 0.4587012987007061 0.112499999999769
0 0.4587012987007063 0.1249999999998008
0 0.4587012987007062 0.1374999999998381
0 0.4587012987007063 0.1499999999998672
0 0.4587012987007063 0.1624999999998964
0 0.4587012987007061 0.1749999999999363
0 0.4587012987007063 0.1874999999999654
0 0.4706493506487229 0.01249999999997573
0 0.4706493506487231 0.02499999999995713
0 0.4706493506487231 0.03749999999992056
0 0.470649350648723 0.04999999999988335
0 0.4706493506487229 0.06249999999984746
0 0.4706493506487229 0.07499999999980889
0 0.4706493506487229 0.08749999999977026
0 0.470649350648723 0.0999999999997371
0 0.4706493506487231 0.112499999999769
0 0.4706493506487229 0.1249999999998008
0 0.470649350648723 0.1374999999998381
0 0.470649350648723 0.1499999999998672
0 0.4706493506487231 0.1624999999998963
0 0.4706493506487231 0.1749999999999363
0 0.4706493506487231 0.1874999999999654
0 0.4825974025967351 0.01249999999997574
0 0.4825974025967349 0.02499999999995712
0 0.4825974025967352 0.03749999999992056
0 0.4825974025967349 0.04999999999988333
0 0.482597402596735 0.06249999999984748
0 0.4825974025967351 0.07499999999980887
0 0.4825974025967351 0.08749999999977026
0 0.4825974025967349 0.0999999999997371
0 0.4825974025967351 0.112499999999769
0 0.4825974025967352 0.1249999999998008
0 0.4825974025967351 0.1374999999998381
0 0.4825974025967351 0.1499999999998672
0 0.4825974025967349 0.1624999999998963
0 0.4825974025967349 0.1749999999999363
0 0.482597402596735 0.1874999999999654
0 0.4945454545447469 0.01249999999997573
0 0.4945454545447469 0.02499999999995713
0 0.494545454544747 0.03749999999992056
0 0.4945454545447469 0.04999999999988333
0 0.494545454544747 0.06249999999984746
0 0.494545454544747 0.07499999999980887
0 0.494545454544747 0.0874999999997703
0 0.494545454544747 0.0999999999997371
0 0.494545454544747 0.112499999999769
0 0.4945454545447471 0.1249999999998008
0 0.4945454545447471 0.137499999999838
0 0.4945454545447471 0.1499999999998672
0 0.494545454544747 0.1624999999998963
0 0.4945454545447471 0.1749999999999363
0 0.494545454544747 0.1874999999999654
0 0.5064935064927591 0.01249999999997574
0 0.506493506492759 0.02499999999995713
0 0.5064935064927588 0.03749999999992056
0 0.506493506492759 0.04999999999988335
0 0.5064935064927589 0.06249999999984746
0 0.506493506492759 0.07499999999980889
0 0.5064935064927591 0.08749999999977029
0 0.5064935064927589 0.0999999999997371
0 0.5064935064927589 0.112499999999769
0 0.5064935064927589 0.1249999999998007
0 0.5064935064927588 0.1374999999998381
0 0.5064935064927589 0.1499999999998672
0 0.5064935064927588 0.1624999999998963
0 0.5064935064927588 0.1749999999999363
0 0.5064935064927588 0.1874999999999654
0 0.518441558440771 0.01249999999997573
0 0.5184415584407709 0.02499999999995713
0 0.5184415584407709 0.03749999999992056
0 0.5184415584407709 0.04999999999988335
0 0.5184415584407709 0.06249999999984746
0 0.518441558440771 0.07499999999980889
0 0.5184415584407709 0.08749999999977025
0 0.5184415584407709 0.0999999999997371
0 0.5184415584407711 0.112499999999769
0 0.518441558440771 0.1249999999998008
0 0.5184415584407709 0.1374999999998381
0 0.5184415584407709 0.1499999999998672
0 0.5184415584407709 0.1624999999998963
0 0.5184415584407709 0.1749999999999363
0 0.5184415584407709 0.1874999999999655
0 0.530389610388783 0.01249999999997573
0 0.530389610388783 0.02499999999995713
0 0.5303896103887831 0.03749999999992056
0 0.5303896103887829 0.04999999999988333
0 0.5303896103887829 0.06249999999984746
0 0.530389610388783 0.07499999999980887
0 0.530389610388783 0.08749999999977023
0 0.5303896103887829 0.0999999999997371
0 0.5303896103887829 0.112499999999769
0 0.5303896103887826 0.1249999999998008
0 0.5303896103887831 0.1374999999998381
0 0.530389610388783 0.1499999999998672
0 0.5303896103887827 0.1624999999998963
0 0.5303896103887827 0.1749999999999363
0 0.5303896103887827 0.1874999999999654
0 0.542337662336795 0.01249999999997573
0 0.5423376623367949 0.02499999999995713
0 0.5423376623367946 0.03749999999992056
0 0.5423376623367949 0.04999999999988335
0 0.5423376623367948 0.06249999999984746
0 0.542337662336795 0.07499999999980889
0 0.5423376623367948 0.08749999999977025
0 0.5423376623367948 0.0999999999997371
0 0.5423376623367948 0.1124999999997689
0 0.5423376623367948 0.1249999999998008
0 0.5423376623367949 0.1374999999998381
0 0.5423376623367949 0.1499999999998672
0 0.5423376623367949 0.1624999999998963
0 0.542337662336795 0.1749999999999363
0 0.5423376623367949 0.1874999999999655
0 0.5542857142848068 0.01249999999997573
0 0.5542857142848067 0.02499999999995713
0 0.5542857142848067 0.03749999999992056
0 0.5542857142848068 0.04999999999988334
0 0.5542857142848067 0.06249999999984747
0 0.554285714284807 0.07499999999980889
0 0.5542857142848067 0.08749999999977026
0 0.5542857142848068 0.0999999999997371
0 0.5542857142848068 0.112499999999769
0 0.5542857142848068 0.1249999999998008
0 0.5542857142848066 0.1374999999998381
0 0.5542857142848067 0.1499999999998672
0 0.5542857142848067 0.1624999999998963
0 0.5542857142848068 0.1749999999999363
0 0.5542857142848068 0.1874999999999655
0 0.5662337662328244 0.01249999999997573
0 0.5662337662328245 0.02499999999995713
0 0.5662337662328244 0.03749999999992056
0 0.5662337662328245 0.04999999999988334
0 0.5662337662328245 0.0624999999998475
0 0.5662337662328245 0.07499999999980886
0 0.5662337662328244 0.08749999999977028
0 0.5662337662328243 0.0999999999997371
0 0.5662337662328244 0.112499999999769
0 0.5662337662328245 0.1249999999998008
0 0.5662337662328243 0.1374999999998381
0 0.5662337662328244 0.1499999999998672
0 0.5662337662328244 0.1624999999998963
0 0.5662337662328244 0.1749999999999363
0 0.5662337662328244 0.1874999999999654
0 0.5781818181808545 0.01249999999997573
0 0.5781818181808545 0.02499999999995713
0 0.5781818181808545 0.03749999999992056
0 0.5781818181808546 0.04999999999988333
0 0.5781818181808545 0.06249999999984745
0 0.5781818181808545 0.07499999999980887
0 0.5781818181808545 0.08749999999977025
0 0.5781818181808543 0.0999999999997371
0 0.5781818181808545 0.112499999999769
0 0.5781818181808545 0.1249999999998007
0 0.5781818181808546 0.1374999999998381
0 0.5781818181808546 0.1499999999998672
0 0.5781818181808546 0.1624999999998963
0 0.5781818181808546 0.1749999999999364
0 0.5781818181808545 0.1874999999999654
0 0.5901298701288846 0.01249999999997573
0 0.5901298701288847 0.02499999999995713
0 0.5901298701288845 0.03749999999992056
0 0.5901298701288844 0.04999999999988335
0 0.5901298701288844 0.06249999999984746
0 0.5901298701288845 0.07499999999980887
0 0.5901298701288843 0.08749999999977028
0 0.5901298701288845 0.0999999999997371
0 0.5901298701288845 0.112499999999769
0 0.5901298701288845 0.1249999999998008
0 0.5901298701288844 0.137499999999838
0 0.5901298701288844 0.1499999999998672
0 0.5901298701288844 0.1624999999998964
0 0.5901298701288845 0.1749999999999363
0 0.5901298701288845 0.1874999999999654
0 0.602077922076898 0.01249999999997573
0 0.6020779220768981 0.02499999999995713
0 0.602077922076898 0.03749999999992056
0 0.6020779220768978 0.04999999999988333
0 0.6020779220768981 0.06249999999984747
0 0.6020779220768979 0.07499999999980886
0 0.602077922076898 0.08749999999977026
0 0.602077922076898 0.09999999999973709
0 0.6020779220768981 0.112499999999769
0 0.6020779220768979 0.1249999999998008
0 0.602077922076898 0.137499999999838
0 0.6020779220768979 0.1499999999998672
0 0.6020779220768979 0.1624999999998963
0 0.602077922076898 0.1749999999999363
0 0.602077922076898 0.1874999999999654
0 0.6140259740249098 0.01249999999997573
0 0.6140259740249101 0.02499999999995713
0 0.6140259740249101 0.03749999999992056
0 0.6140259740249099 0.04999999999988334
0 0.6140259740249101 0.06249999999984746
0 0.6140259740249101 0.07499999999980887
0 0.6140259740249101 0.08749999999977026
0 0.6140259740249102 0.0999999999997371
0 0.6140259740249102 0.112499999999769
0 0.6140259740249101 0.1249999999998008
0 0.6140259740249102 0.1374999999998381
0 0.6140259740249101 0.1499999999998672
0 0.6140259740249102 0.1624999999998964
0 0.6140259740249102 0.1749999999999363
0 0.6140259740249102 0.1874999999999654
0 0.6259740259729309 0.01249999999997573
0 0.6259740259729309 0.02499999999995713
0 0.6259740259729308 0.03749999999992056
0 0.6259740259729309 0.04999999999988334
0 0.6259740259729311 0.06249999999984746
0 0.6259740259729311 0.07499999999980887
0 0.6259740259729311 0.08749999999977023
0 0.6259740259729311 0.0999999999997371
0 0.6259740259729309 0.112499999999769
0 0.6259740259729311 0.1249999999998007
0 0.6259740259729309 0.1374999999998381
0 0.6259740259729311 0.1499999999998672
0 0.6259740259729311 0.1624999999998963
0 0.6259740259729311 0.1749999999999363
0 0.6259740259729311 0.1874999999999654
0 0.6379220779209609 0.01249999999997573
0 0.6379220779209609 0.02499999999995713
0 0.6379220779209609 0.03749999999992057
0 0.6379220779209609 0.04999999999988335
0 0.6379220779209609 0.06249999999984746
0 0.6379220779209609 0.07499999999980889
0 0.6379220779209609 0.08749999999977028
0 0.6379220779209609 0.0999999999997371
0 0.6379220779209609 0.112499999999769
0 0.6379220779209609 0.1249999999998008
0 0.6379220779209609 0.1374999999998381
0 0.6379220779209609 0.1499999999998672
0 0.6379220779209609 0.1624999999998964
0 0.6379220779209609 0.1749999999999363
0 0.6379220779209609 0.1874999999999654
0 0.6498701298689894 0.01249999999997573
0 0.6498701298689894 0.02499999999995713
0 0.6498701298689894 0.03749999999992056
0 0.6498701298689893 0.04999999999988334
0 0.6498701298689894 0.06249999999984746
0 0.6498701298689894 0.07499999999980889
0 0.6498701298689893 0.08749999999977028
0 0.6498701298689893 0.0999999999997371
0 0.6498701298689893 0.112499999999769
0 0.6498701298689893 0.1249999999998008
0 0.6498701298689893 0.1374999999998381
0 0.6498701298689893 0.1499999999998672
0 0.6498701298689893 0.1624999999998964
0 0.6498701298689893 0.1749999999999363
0 0.6498701298689893 0.1874999999999654
0 0.661818181817001 0.01249999999997573
0 0.661818181817001 0.02499999999995713
0 0.661818181817001 0.03749999999992056
0 0.6618181818170012 0.04999999999988335
0 0.6618181818170012 0.06249999999984747
0 0.6618181818170011 0.07499999999980887
0 0.6618181818170012 0.08749999999977028
0 0.6618181818170012 0.0999999999997371
0 0.6618181818170012 0.112499999999769
0 0.6618181818170012 0.1249999999998008
0 0.6618181818170012 0.1374999999998381
0 0.6618181818170012 0.1499999999998672
0 0.6618181818170012 0.1624999999998963
0 0.6618181818170012 0.1749999999999363
0 0.6618181818170012 0.1874999999999654
0 0.673766233765013 0.01249999999997574
0 0.6737662337650133 0.02499999999995713
0 0.6737662337650133 0.03749999999992056
0 0.6737662337650132 0.04999999999988335
0 0.6737662337650132 0.06249999999984746
0 0.6737662337650133 0.07499999999980886
0 0.673766233765013 0.08749999999977028
0 0.6737662337650132 0.09999999999973709
0 0.6737662337650131 0.112499999999769
0 0.673766233765013 0.1249999999998007
0 0.6737662337650133 0.1374999999998381
0 0.673766233765013 0.1499999999998672
0 0.6737662337650131 0.1624999999998963
0 0.673766233765013 0.1749999999999363
0 0.6737662337650131 0.1874999999999654
0 0.6857142857130252 0.01249999999997573
0 0.6857142857130252 0.02499999999995713
0 0.6857142857130251 0.03749999999992056
0 0.6857142857130252 0.04999999999988333
0 0.6857142857130252 0.06249999999984746
0 0.6857142857130252 0.07499999999980889
0 0.6857142857130252 0.08749999999977025
0 0.6857142857130253 0.09999999999973712
0 0.6857142857130252 0.112499999999769
0 0.6857142857130252 0.1249999999998008
0 0.6857142857130252 0.1374999999998381
0 0.6857142857130252 0.1499999999998672
0 0.6857142857130252 0.1624999999998963
0 0.6857142857130252 0.1749999999999363
0 0.6857142857130253 0.1874999999999655
0 0.6976623376610459 0.01249999999997573
0 0.6976623376610459 0.02499999999995713
0 0.697662337661046 0.03749999999992056
0 0.697662337661046 0.04999999999988335
0 0.6976623376610459 0.06249999999984746
0 0.6976623376610461 0.07499999999980887
0 0.6976623376610459 0.08749999999977028
0 0.6976623376610462 0.0999999999997371
0 0.6976623376610457 0.112499999999769
0 0.6976623376610459 0.1249999999998008
0 0.6976623376610459 0.1374999999998381
0 0.6976623376610462 0.1499999999998672
0 0.6976623376610459 0.1624999999998963
0 0.6976623376610459 0.1749999999999363
0 0.6976623376610459 0.1874999999999654
0 0.7096103896090756 0.01249999999997573
0 0.7096103896090755 0.02499999999995713
0 0.7096103896090759 0.03749999999992056
0 0.7096103896090755 0.04999999999988333
0 0.7096103896090756 0.06249999999984747
0 0.7096103896090757 0.07499999999980887
0 0.7096103896090757 0.08749999999977026
0 0.7096103896090757 0.0999999999997371
0 0.7096103896090757 0.112499999999769
0 0.7096103896090757 0.1249999999998008
0 0.7096103896090757 0.1374999999998381
0 0.7096103896090757 0.1499999999998672
0 0.7096103896090757 0.1624999999998963
0 0.7096103896090756 0.1749999999999363
0 0.7096103896090757 0.1874999999999655
0 0.7215584415571047 0.01249999999997573
0 0.7215584415571045 0.02499999999995712
0 0.7215584415571047 0.03749999999992056
0 0.7215584415571045 0.04999999999988334
0 0.7215584415571044 0.06249999999984746
0 0.7215584415571045 0.07499999999980886
0 0.7215584415571046 0.08749999999977029
0 0.7215584415571047 0.09999999999973709
0 0.7215584415571047 0.112499999999769
0 0.7215584415571047 0.1249999999998008
0 0.7215584415571046 0.1374999999998381
0 0.7215584415571045 0.1499999999998672
0 0.7215584415571046 0.1624999999998963
0 0.7215584415571046 0.1749999999999363
0 0.7215584415571046 0.1874999999999654
0 0.7335064935051162 0.01249999999997573
0 0.7335064935051163 0.02499999999995712
0 0.7335064935051165 0.03749999999992056
0 0.7335064935051164 0.04999999999988334
0 0.7335064935051165 0.06249999999984749
0 0.7335064935051165 0.0749999999998089
0 0.7335064935051165 0.08749999999977028
0 0.7335064935051165 0.0999999999997371
0 0.7335064935051163 0.112499999999769
0 0.7335064935051165 0.1249999999998008
0 0.7335064935051165 0.1374999999998381
0 0.7335064935051164 0.1499999999998672
0 0.7335064935051165 0.1624999999998963
0 0.7335064935051165 0.1749999999999363
0 0.7335064935051165 0.1874999999999654
0 0.7454545454531283 0.01249999999997573
0 0.7454545454531283 0.02499999999995713
0 0.7454545454531284 0.03749999999992057
0 0.7454545454531283 0.04999999999988335
0 0.7454545454531282 0.06249999999984745
0 0.7454545454531283 0.07499999999980887
0 0.7454545454531283 0.08749999999977028
0 0.7454545454531283 0.0999999999997371
0 0.7454545454531283 0.112499999999769
0 0.7454545454531283 0.1249999999998007
0 0.7454545454531283 0.1374999999998381
0 0.7454545454531283 0.1499999999998672
0 0.7454545454531283 0.1624999999998964
0 0.7454545454531284 0.1749999999999363
0 0.7454545454531283 0.1874999999999655
0 0.7574025974011406 0.01249999999997573
0 0.7574025974011402 0.02499999999995713
0 0.7574025974011402 0.03749999999992055
0 0.7574025974011402 0.04999999999988333
0 0.7574025974011402 0.06249999999984747
0 0.7574025974011405 0.07499999999980887
0 0.7574025974011401 0.08749999999977029
0 0.7574025974011404 0.09999999999973712
0 0.7574025974011402 0.112499999999769
0 0.7574025974011405 0.1249999999998008
0 0.7574025974011402 0.1374999999998381
0 0.7574025974011402 0.1499999999998672
0 0.7574025974011404 0.1624999999998964
0 0.7574025974011404 0.1749999999999363
0 0.7574025974011402 0.1874999999999654
0 0.7693506493491609 0.01249999999997573
0 0.7693506493491605 0.02499999999995713
0 0.7693506493491605 0.03749999999992055
0 0.7693506493491606 0.04999999999988335
0 0.7693506493491608 0.06249999999984746
0 0.7693506493491606 0.07499999999980887
0 0.7693506493491609 0.08749999999977028
0 0.7693506493491606 0.0999999999997371
0 0.7693506493491609 0.112499999999769
0 0.7693506493491609 0.1249999999998008
0 0.7693506493491606 0.1374999999998381
0 0.7693506493491606 0.1499999999998672
0 0.7693506493491609 0.1624999999998963
0 0.7693506493491606 0.1749999999999363
0 0.7693506493491606 0.1874999999999654
0 0.7812987012971907 0.01249999999997573
0 0.7812987012971907 0.02499999999995712
0 0.7812987012971906 0.03749999999992056
0 0.7812987012971906 0.04999999999988333
0 0.7812987012971907 0.06249999999984746
0 0.7812987012971906 0.07499999999980889
0 0.7812987012971905 0.08749999999977028
0 0.7812987012971908 0.0999999999997371
0 0.7812987012971908 0.112499999999769
0 0.7812987012971905 0.1249999999998008
0 0.7812987012971905 0.1374999999998381
0 0.7812987012971906 0.1499999999998672
0 0.7812987012971906 0.1624999999998963
0 0.7812987012971905 0.1749999999999363
0 0.7812987012971905 0.1874999999999654
0 0.7932467532452195 0.01249999999997573
0 0.7932467532452193 0.02499999999995713
0 0.7932467532452193 0.03749999999992055
0 0.7932467532452195 0.04999999999988335
0 0.7932467532452198 0.06249999999984746
0 0.7932467532452196 0.07499999999980889
0 0.7932467532452195 0.0874999999997703
0 0.7932467532452196 0.0999999999997371
0 0.7932467532452194 0.1124999999997689
0 0.7932467532452195 0.1249999999998008
0 0.7932467532452195 0.1374999999998381
0 0.7932467532452194 0.1499999999998672
0 0.7932467532452196 0.1624999999998964
0 0.7932467532452194 0.1749999999999363
0 0.7932467532452196 0.1874999999999654
0 0.8051948051932314 0.01249999999997573
0 0.8051948051932316 0.02499999999995713
0 0.8051948051932316 0.03749999999992056
0 0.8051948051932318 0.04999999999988333
0 0.8051948051932313 0.06249999999984747
0 0.8051948051932315 0.07499999999980889
0 0.8051948051932315 0.08749999999977028
0 0.8051948051932314 0.0999999999997371
0 0.8051948051932316 0.112499999999769
0 0.8051948051932313 0.1249999999998008
0 0.8051948051932316 0.1374999999998381
0 0.8051948051932313 0.1499999999998672
0 0.8051948051932314 0.1624999999998963
0 0.8051948051932314 0.1749999999999363
0 0.8051948051932314 0.1874999999999655
0 0.8171428571412435 0.01249999999997573
0 0.8171428571412435 0.02499999999995713
0 0.8171428571412438 0.03749999999992056
0 0.8171428571412435 0.04999999999988335
0 0.8171428571412436 0.06249999999984746
0 0.8171428571412437 0.07499999999980889
0 0.8171428571412435 0.08749999999977028
0 0.8171428571412435 0.0999999999997371
0 0.8171428571412435 0.112499999999769
0 0.8171428571412437 0.1249999999998008
0 0.8171428571412437 0.1374999999998381
0 0.8171428571412435 0.1499999999998672
0 0.8171428571412438 0.1624999999998963
0 0.8171428571412436 0.1749999999999363
0 0.8171428571412435 0.1874999999999654
0 0.8290909090892675 0.01249999999997573
0 0.8290909090892673 0.02499999999995712
0 0.8290909090892672 0.03749999999992055
0 0.8290909090892674 0.04999999999988333
0 0.8290909090892675 0.06249999999984746
0 0.8290909090892672 0.07499999999980887
0 0.8290909090892673 0.08749999999977028
0 0.8290909090892675 0.0999999999997371
0 0.8290909090892675 0.112499999999769
0 0.8290909090892673 0.1249999999998008
0 0.8290909090892673 0.1374999999998381
0 0.8290909090892673 0.1499999999998672
0 0.8290909090892674 0.1624999999998963
0 0.8290909090892673 0.1749999999999363
0 0.8290909090892673 0.1874999999999655
0 0.8410389610372973 0.01249999999997573
0 0.8410389610372971 0.02499999999995713
0 0.8410389610372974 0.03749999999992056
0 0.8410389610372974 0.04999999999988333
0 0.8410389610372974 0.06249999999984749
0 0.8410389610372975 0.0749999999998089
0 0.8410389610372974 0.08749999999977026
0 0.8410389610372973 0.0999999999997371
0 0.8410389610372974 0.112499999999769
0 0.8410389610372974 0.1249999999998008
0 0.8410389610372975 0.1374999999998381
0 0.8410389610372975 0.1499999999998672
0 0.8410389610372974 0.1624999999998964
0 0.8410389610372973 0.1749999999999363
0 0.8410389610372973 0.1874999999999654
0 0.8529870129853224 0.01249999999997573
0 0.8529870129853229 0.02499999999995712
0 0.8529870129853225 0.03749999999992056
0 0.8529870129853229 0.04999999999988334
0 0.8529870129853226 0.06249999999984748
0 0.8529870129853229 0.07499999999980889
0 0.8529870129853229 0.08749999999977029
0 0.8529870129853229 0.0999999999997371
0 0.8529870129853228 0.112499999999769
0 0.8529870129853229 0.1249999999998008
0 0.8529870129853229 0.1374999999998381
0 0.8529870129853228 0.1499999999998672
0 0.8529870129853231 0.1624999999998963
0 0.8529870129853231 0.1749999999999363
0 0.8529870129853228 0.1874999999999654
0 0.8649350649333345 0.01249999999997573
0 0.8649350649333347 0.02499999999995712
0 0.8649350649333347 0.03749999999992056
0 0.8649350649333347 0.04999999999988333
0 0.8649350649333347 0.06249999999984744
0 0.8649350649333351 0.07499999999980887
0 0.8649350649333351 0.08749999999977026
0 0.8649350649333349 0.0999999999997371
0 0.8649350649333348 0.112499999999769
0 0.8649350649333347 0.1249999999998008
0 0.8649350649333349 0.1374999999998381
0 0.8649350649333348 0.1499999999998672
0 0.8649350649333348 0.1624999999998963
0 0.8649350649333347 0.1749999999999363
0 0.8649350649333347 0.1874999999999654
0 0.8768831168813468 0.01249999999997573
0 0.8768831168813467 0.02499999999995713
0 0.8768831168813466 0.03749999999992055
0 0.876883116881347 0.04999999999988334
0 0.8768831168813465 0.06249999999984746
0 0.8768831168813467 0.07499999999980887
0 0.8768831168813468 0.08749999999977026
0 0.8768831168813468 0.0999999999997371
0 0.8768831168813467 0.112499999999769
0 0.8768831168813468 0.1249999999998008
0 0.8768831168813467 0.1374999999998381
0 0.8768831168813468 0.1499999999998672
0 0.8768831168813468 0.1624999999998963
0 0.8768831168813468 0.1749999999999363
0 0.8768831168813468 0.1874999999999655
0 0.8888311688293737 0.01249999999997573
0 0.8888311688293737 0.02499999999995712
0 0.888831168829374 0.03749999999992055
0 0.8888311688293739 0.04999999999988335
0 0.8888311688293737 0.06249999999984747
0 0.8888311688293737 0.07499999999980889
0 0.8888311688293737 0.08749999999977026
0 0.8888311688293737 0.0999999999997371
0 0.888831168829374 0.112499999999769
0 0.8888311688293739 0.1249999999998008
0 0.8888311688293736 0.1374999999998381
0 0.888831168829374 0.1499999999998672
0 0.8888311688293737 0.1624999999998963
0 0.8888311688293736 0.1749999999999363
0 0.8888311688293737 0.1874999999999655
0 0.9007792207774036 0.01249999999997573
0 0.900779220777404 0.02499999999995712
0 0.900779220777404 0.03749999999992056
0 0.9007792207774036 0.04999999999988334
0 0.9007792207774036 0.06249999999984747
0 0.9007792207774038 0.07499999999980889
0 0.9007792207774037 0.08749999999977026
0 0.9007792207774036 0.0999999999997371
0 0.9007792207774036 0.112499999999769
0 0.9007792207774038 0.1249999999998008
0 0.9007792207774037 0.1374999999998381
0 0.9007792207774036 0.1499999999998672
0 0.9007792207774039 0.1624999999998963
0 0.9007792207774037 0.1749999999999363
0 0.9007792207774036 0.1874999999999654
0 0.9127272727254261 0.01249999999997573
0 0.9127272727254262 0.02499999999995713
0 0.912727272725426 0.03749999999992055
0 0.9127272727254256 0.04999999999988333
0 0.9127272727254261 0.06249999999984746
0 0.9127272727254259 0.07499999999980887
0 0.9127272727254259 0.08749999999977026
0 0.9127272727254259 0.0999999999997371
0 0.9127272727254261 0.112499999999769
0 0.912727272725426 0.1249999999998008
0 0.9127272727254259 0.1374999999998381
0 0.9127272727254256 0.1499999999998671
0 0.9127272727254262 0.1624999999998963
0 0.9127272727254256 0.1749999999999363
0 0.9127272727254259 0.1874999999999655
0 0.9246753246734378 0.01249999999997573
0 0.9246753246734383 0.02499999999995713
0 0.9246753246734378 0.03749999999992055
0 0.9246753246734379 0.04999999999988334
0 0.9246753246734382 0.06249999999984746
0 0.9246753246734376 0.07499999999980887
0 0.9246753246734378 0.08749999999977026
0 0.9246753246734378 0.0999999999997371
0 0.9246753246734378 0.112499999999769
0 0.9246753246734379 0.1249999999998008
0 0.9246753246734378 0.1374999999998381
0 0.9246753246734378 0.1499999999998672
0 0.9246753246734378 0.1624999999998963
0 0.9246753246734378 0.1749999999999363
0 0.9246753246734379 0.1874999999999655
0 0.93662337662145 0.01249999999997573
0 0.9366233766214502 0.02499999999995713
0 0.9366233766214498 0.03749999999992056
0 0.9366233766214498 0.04999999999988333
0 0.9366233766214499 0.06249999999984747
0 0.9366233766214498 0.07499999999980887
0 0.9366233766214499 0.08749999999977028
0 0.9366233766214498 0.0999999999997371
0 0.9366233766214498 0.112499999999769
0 0.9366233766214498 0.1249999999998008
0 0.9366233766214497 0.1374999999998381
0 0.9366233766214498 0.1499999999998672
0 0.9366233766214498 0.1624999999998963
0 0.9366233766214498 0.1749999999999363
0 0.9366233766214497 0.1874999999999654
0 0.9485714285694617 0.01249999999997573
0 0.9485714285694617 0.02499999999995713
0 0.9485714285694617 0.03749999999992056
0 0.9485714285694619 0.04999999999988333
0 0.9485714285694619 0.06249999999984749
0 0.9485714285694619 0.07499999999980889
0 0.9485714285694617 0.08749999999977026
0 0.9485714285694617 0.0999999999997371
0 0.948571428569462 0.112499999999769
0 0.9485714285694617 0.1249999999998008
0 0.9485714285694619 0.1374999999998381
0 0.948571428569462 0.1499999999998672
0 0.948571428569462 0.1624999999998963
0 0.9485714285694621 0.1749999999999363
0 0.948571428569462 0.1874999999999654
0 0.9605194805174738 0.01249999999997573
0 0.9605194805174737 0.02499999999995713
0 0.9605194805174739 0.03749999999992056
0 0.960519480517474 0.04999999999988333
0 0.960519480517474 0.06249999999984745
0 0.9605194805174737 0.07499999999980886
0 0.9605194805174742 0.08749999999977026
0 0.960519480517474 0.0999999999997371
0 0.9605194805174739 0.112499999999769
0 0.960519480517474 0.1249999999998008
0 0.9605194805174739 0.1374999999998381
0 0.9605194805174738 0.1499999999998672
0 0.9605194805174739 0.1624999999998963
0 0.9605194805174739 0.1749999999999363
0 0.9605194805174737 0.1874999999999654
0 0.9724675324654857 0.01249999999997573
0 0.9724675324654857 0.02499999999995712
0 0.9724675324654857 0.03749999999992056
0 0.9724675324654858 0.04999999999988335
0 0.9724675324654856 0.06249999999984746
0 0.9724675324654858 0.07499999999980889
0 0.9724675324654857 0.08749999999977028
0 0.9724675324654857 0.0999999999997371
0 0.9724675324654857 0.112499999999769
0 0.9724675324654857 0.1249999999998008
0 0.9724675324654857 0.1374999999998381
0 0.9724675324654857 0.1499999999998672
0 0.9724675324654857 0.1624999999998963
0 0.9724675324654857 0.1749999999999363
0 0.9724675324654857 0.1874999999999654
0 0.9844155844134976 0.01249999999997573
0 0.9844155844134979 0.02499999999995713
0 0.9844155844134977 0.03749999999992055
0 0.9844155844134976 0.04999999999988333
0 0.9844155844134979 0.06249999999984747
0 0.9844155844134979 0.07499999999980889
0 0.9844155844134976 0.08749999999977028
0 0.9844155844134979 0.0999999999997371
0 0.9844155844134979 0.112499999999769
0 0.9844155844134979 0.1249999999998008
0 0.9844155844134979 0.1374999999998381
0 0.9844155844134976 0.1499999999998672
0 0.9844155844134976 0.1624999999998963
0 0.9844155844134976 0.1749999999999363
0 0.9844155844134976 0.1874999999999654
0 0.9963636363615137 0.01249999999997573
0 0.9963636363615137 0.02499999999995713
0 0.9963636363615136 0.03749999999992055
0 0.9963636363615136 0.04999999999988335
0 0.9963636363615133 0.06249999999984747
0 0.9963636363615138 0.07499999999980887
0 0.9963636363615139 0.08749999999977028
0 0.9963636363615136 0.0999999999997371
0 0.9963636363615136 0.112499999999769
0 0.9963636363615136 0.1249999999998008
0 0.9963636363615136 0.1374999999998381
0 0.9963636363615137 0.1499999999998672
0 0.9963636363615137 0.1624999999998963
0 0.9963636363615136 0.1749999999999363
0 0.9963636363615137 0.1874999999999654
0 1.008311688309544 0.01249999999997573
0 1.008311688309544 0.02499999999995712
0 1.008311688309544 0.03749999999992056
0 1.008311688309544 0.04999999999988333
0 1.008311688309544 0.06249999999984746
0 1.008311688309544 0.07499999999980889
0 1.008311688309544 0.08749999999977026
0 1.008311688309544 0.0999999999997371
0 1.008311688309544 0.112499999999769
0 1.008311688309544 0.1249999999998008
0 1.008311688309544 0.1374999999998381
0 1.008311688309544 0.1499999999998672
0 1.008311688309544 0.1624999999998963
0 1.008311688309544 0.1749999999999363
0 1.008311688309544 0.1874999999999655
0 1.020259740257592 0.01249999999997573
0 1.020259740257592 0.02499999999995712
0 1.020259740257592 0.03749999999992055
0 1.020259740257592 0.04999999999988335
0 1.020259740257592 0.06249999999984746
0 1.020259740257591 0.07499999999980887
0 1.020259740257592 0.08749999999977029
0 1.020259740257592 0.0999999999997371
0 1.020259740257592 0.112499999999769
0 1.020259740257592 0.1249999999998008
0 1.020259740257592 0.1374999999998381
0 1.020259740257592 0.1499999999998671
0 1.020259740257592 0.1624999999998963
0 1.020259740257592 0.1749999999999363
0 1.020259740257592 0.1874999999999655
0 1.032207792205611 0.01249999999997573
0 1.032207792205611 0.02499999999995713
0 1.032207792205611 0.03749999999992056
0 1.032207792205611 0.04999999999988333
0 1.032207792205611 0.06249999999984747
0 1.032207792205611 0.07499999999980887
0 1.032207792205611 0.08749999999977026
0 1.032207792205611 0.0999999999997371
0 1.032207792205611 0.112499999999769
0 1.032207792205611 0.1249999999998008
0 1.032207792205611 0.1374999999998381
0 1.032207792205611 0.1499999999998672
0 1.032207792205611 0.1624999999998963
0 1.032207792205611 0.1749999999999363
0 1.032207792205611 0.1874999999999654
0 1.044155844153601 0.01249999999997573
0 1.044155844153601 0.02499999999995712
0 1.044155844153601 0.03749999999992055
0 1.044155844153601 0.04999999999988335
0 1.044155844153601 0.06249999999984747
0 1.044155844153601 0.07499999999980889
0 1.044155844153601 0.08749999999977028
0 1.044155844153601 0.0999999999997371
0 1.044155844153601 0.112499999999769
0 1.044155844153601 0.1249999999998008
0 1.044155844153601 0.1374999999998381
0 1.044155844153601 0.1499999999998672
0 1.044155844153601 0.1624999999998963
0 1.044155844153601 0.1749999999999363
0 1.044155844153601 0.1874999999999654
0 1.056103896101576 0.01249999999997573
0 1.056103896101576 0.02499999999995712
0 1.056103896101576 0.03749999999992056
0 1.056103896101577 0.04999999999988333
0 1.056103896101576 0.06249999999984746
0 1.056103896101576 0.07499999999980886
0 1.056103896101577 0.08749999999977028
0 1.056103896101576 0.0999999999997371
0 1.056103896101577 0.112499999999769
0 1.056103896101577 0.1249999999998008
0 1.056103896101577 0.1374999999998381
0 1.056103896101576 0.1499999999998672
0 1.056103896101576 0.1624999999998964
0 1.056103896101576 0.1749999999999363
0 1.056103896101576 0.1874999999999655
0 1.068051948049559 0.01249999999997573
0 1.06805194804956 0.02499999999995713
0 1.06805194804956 0.03749999999992056
0 1.068051948049559 0.04999999999988335
0 1.068051948049559 0.06249999999984746
0 1.068051948049559 0.07499999999980887
0 1.068051948049559 0.08749999999977028
0 1.06805194804956 0.0999999999997371
0 1.068051948049559 0.112499999999769
0 1.06805194804956 0.1249999999998008
0 1.068051948049559 0.1374999999998381
0 1.068051948049559 0.1499999999998672
0 1.068051948049559 0.1624999999998963
0 1.06805194804956 0.1749999999999363
0 1.068051948049559 0.1874999999999655
0 1.079999999997572 0.01249999999997573
0 1.079999999997572 0.02499999999995712
0 1.079999999997572 0.03749999999992056
0 1.079999999997572 0.04999999999988334
0 1.079999999997572 0.06249999999984747
0 1.079999999997572 0.07499999999980889
0 1.079999999997572 0.08749999999977028
0 1.079999999997572 0.0999999999997371
0 1.079999999997572 0.112499999999769
0 1.079999999997572 0.1249999999998007
0 1.079999999997572 0.1374999999998381
0 1.079999999997572 0.1499999999998672
0 1.079999999997572 0.1624999999998963
0 1.079999999997572 0.1749999999999363
0 1.079999999997572 0.1874999999999654
0 1.09194805194562 0.01249999999997573
0 1.09194805194562 0.02499999999995713
0 1.09194805194562 0.03749999999992056
0 1.09194805194562 0.04999999999988335
0 1.09194805194562 0.06249999999984747
0 1.09194805194562 0.07499999999980887
0 1.09194805194562 0.08749999999977028
0 1.09194805194562 0.0999999999997371
0 1.09194805194562 0.112499999999769
0 1.09194805194562 0.1249999999998008
0 1.09194805194562 0.1374999999998381
0 1.09194805194562 0.1499999999998672
0 1.09194805194562 0.1624999999998963
0 1.09194805194562 0.1749999999999363
0 1.091948051945619 0.1874999999999655
0 1.103896103893667 0.01249999999997573
0 1.103896103893668 0.02499999999995712
0 1.103896103893668 0.03749999999992056
0 1.103896103893668 0.04999999999988333
0 1.103896103893667 0.06249999999984747
0 1.103896103893668 0.07499999999980887
0 1.103896103893668 0.08749999999977026
0 1.103896103893668 0.0999999999997371
0 1.103896103893668 0.112499999999769
0 1.103896103893668 0.1249999999998008
0 1.103896103893668 0.1374999999998381
0 1.103896103893668 0.1499999999998672
0 1.103896103893668 0.1624999999998963
0 1.103896103893668 0.1749999999999363
0 1.103896103893668 0.1874999999999654
0 1.115844155841715 0.01249999999997573
0 1.115844155841716 0.02499999999995712
0 1.115844155841715 0.03749999999992056
0 1.115844155841715 0.04999999999988335
0 1.115844155841716 0.06249999999984747
0 1.115844155841716 0.07499999999980887
0 1.115844155841716 0.08749999999977028
0 1.115844155841716 0.0999999999997371
0 1.115844155841716 0.112499999999769
0 1.115844155841716 0.1249999999998008
0 1.115844155841716 0.1374999999998381
0 1.115844155841716 0.1499999999998672
0 1.115844155841715 0.1624999999998963
0 1.115844155841716 0.1749999999999363
0 1.115844155841715 0.1874999999999654
0 1.127792207789764 0.01249999999997573
0 1.127792207789764 0.02499999999995712
0 1.127792207789764 0.03749999999992056
0 1.127792207789764 0.04999999999988333
0 1.127792207789764 0.06249999999984747
0 1.127792207789764 0.07499999999980887
0 1.127792207789764 0.08749999999977026
0 1.127792207789764 0.0999999999997371
0 1.127792207789764 0.112499999999769
0 1.127792207789764 0.1249999999998008
0 1.127792207789764 0.1374999999998381
0 1.127792207789763 0.1499999999998672
0 1.127792207789764 0.1624999999998963
0 1.127792207789764 0.1749999999999363
0 1.127792207789764 0.1874999999999654
0 1.139740259737819 0.01249999999997573
0 1.139740259737819 0.02499999999995712
0 1.139740259737819 0.03749999999992055
0 1.139740259737819 0.04999999999988335
0 1.139740259737819 0.06249999999984747
0 1.139740259737819 0.07499999999980889
0 1.139740259737819 0.08749999999977028
0 1.139740259737819 0.0999999999997371
0 1.139740259737819 0.112499999999769
0 1.139740259737819 0.1249999999998008
0 1.139740259737819 0.1374999999998381
0 1.139740259737819 0.1499999999998672
0 1.139740259737819 0.1624999999998963
0 1.139740259737819 0.1749999999999363
0 1.139740259737819 0.1874999999999655
0 1.151688311685903 0.01249999999997573
0 1.151688311685902 0.02499999999995712
0 1.151688311685903 0.03749999999992056
0 1.151688311685902 0.04999999999988333
0 1.151688311685903 0.06249999999984747
0 1.151688311685903 0.07499999999980887
0 1.151688311685903 0.08749999999977028
0 1.151688311685903 0.0999999999997371
0 1.151688311685903 0.112499999999769
0 1.151688311685903 0.1249999999998008
0 1.151688311685903 0.1374999999998381
0 1.151688311685903 0.1499999999998672
0 1.151688311685903 0.1624999999998963
0 1.151688311685903 0.1749999999999363
0 1.151688311685903 0.1874999999999654
0 1.163636363634022 0.01249999999997573
0 1.163636363634022 0.02499999999995712
0 1.163636363634022 0.03749999999992056
0 1.163636363634022 0.04999999999988335
0 1.163636363634022 0.06249999999984747
0 1.163636363634022 0.07499999999980887
0 1.163636363634022 0.08749999999977028
0 1.163636363634022 0.0999999999997371
0 1.163636363634022 0.112499999999769
0 1.163636363634022 0.1249999999998008
0 1.163636363634022 0.1374999999998381
0 1.163636363634022 0.1499999999998672
0 1.163636363634022 0.1624999999998963
0 1.163636363634022 0.1749999999999363
0 1.163636363634022 0.1874999999999654
0 1.175584415582114 0.01249999999997573
0 1.175584415582114 0.02499999999995712
0 1.175584415582114 0.03749999999992056
0 1.175584415582114 0.04999999999988332
0 1.175584415582114 0.06249999999984747
0 1.175584415582114 0.07499999999980887
0 1.175584415582114 0.08749999999977026
0 1.175584415582114 0.0999999999997371
0 1.175584415582114 0.112499999999769
0 1.175584415582114 0.1249999999998008
0 1.175584415582114 0.1374999999998381
0 1.175584415582114 0.1499999999998672
0 1.175584415582114 0.1624999999998963
0 1.175584415582114 0.1749999999999363
0 1.175584415582114 0.1874999999999654
0 1.187532467530178 0.01249999999997573
0 1.187532467530177 0.02499999999995712
0 1.187532467530177 0.03749999999992055
0 1.187532467530177 0.04999999999988333
0 1.187532467530177 0.06249999999984747
0 1.187532467530177 0.07499999999980889
0 1.187532467530177 0.08749999999977028
0 1.187532467530177 0.0999999999997371
0 1.187532467530177 0.112499999999769
0 1.187532467530177 0.1249999999998008
0 1.187532467530177 0.1374999999998381
0 1.187532467530177 0.1499999999998672
0 1.187532467530177 0.1624999999998963
0 1.187532467530177 0.1749999999999363
0 1.187532467530177 0.1874999999999655
0 1.199480519478226 0.01249999999997573
0 1.199480519478225 0.02499999999995712
0 1.199480519478225 0.03749999999992057
0 1.199480519478225 0.04999999999988331
0 1.199480519478225 0.06249999999984747
0 1.199480519478225 0.07499999999980887
0 1.199480519478225 0.08749999999977028
0 1.199480519478225 0.0999999999997371
0 1.199480519478225 0.112499999999769
0 1.199480519478225 0.1249999999998007
0 1.199480519478225 0.1374999999998381
0 1.199480519478225 0.1499999999998672
0 1.199480519478225 0.1624999999998963
0 1.199480519478225 0.1749999999999363
0 1.199480519478225 0.1874999999999655
0 1.211428571426273 0.01249999999997573
0 1.211428571426273 0.02499999999995712
0 1.211428571426273 0.03749999999992055
0 1.211428571426273 0.04999999999988334
0 1.211428571426273 0.06249999999984747
0 1.211428571426273 0.07499999999980887
0 1.211428571426273 0.08749999999977026
0 1.211428571426273 0.0999999999997371
0 1.211428571426273 0.112499999999769
0 1.211428571426273 0.1249999999998008
0 1.211428571426273 0.1374999999998381
0 1.211428571426273 0.1499999999998672
0 1.211428571426273 0.1624999999998963
0 1.211428571426273 0.1749999999999363
0 1.211428571426273 0.1874999999999654
0 1.223376623374322 0.01249999999997573
0 1.223376623374321 0.02499999999995712
0 1.223376623374321 0.03749999999992055
0 1.223376623374321 0.04999999999988331
0 1.223376623374321 0.06249999999984747
0 1.223376623374321 0.07499999999980889
0 1.223376623374321 0.08749999999977028
0 1.223376623374321 0.0999999999997371
0 1.223376623374321 0.112499999999769
0 1.223376623374321 0.1249999999998008
0 1.223376623374321 0.1374999999998381
0 1.223376623374321 0.1499999999998672
0 1.223376623374321 0.1624999999998963
0 1.223376623374321 0.1749999999999363
0 1.223376623374321 0.1874999999999655
0 1.235324675322404 0.01249999999997573
0 1.235324675322404 0.02499999999995712
0 1.235324675322405 0.03749999999992055
0 1.235324675322404 0.04999999999988333
0 1.235324675322405 0.06249999999984747
0 1.235324675322404 0.07499999999980889
0 1.235324675322405 0.08749999999977028
0 1.235324675322404 0.0999999999997371
0 1.235324675322404 0.112499999999769
0 1.235324675322404 0.1249999999998008
0 1.235324675322405 0.1374999999998381
0 1.235324675322404 0.1499999999998672
0 1.235324675322404 0.1624999999998963
0 1.235324675322405 0.1749999999999363
0 1.235324675322404 0.1874999999999654
0 1.247272727270516 0.01249999999997573
0 1.247272727270516 0.02499999999995712
0 1.247272727270516 0.03749999999992057
0 1.247272727270516 0.0499999999998833
0 1.247272727270516 0.06249999999984747
0 1.247272727270516 0.07499999999980889
0 1.247272727270516 0.08749999999977028
0 1.247272727270516 0.0999999999997371
0 1.247272727270516 0.112499999999769
0 1.247272727270516 0.1249999999998008
0 1.247272727270516 0.1374999999998381
0 1.247272727270516 0.1499999999998672
0 1.247272727270516 0.1624999999998963
0 1.247272727270516 0.1749999999999363
0 1.247272727270516 0.1874999999999654
0 1.259220779218636 0.01249999999997573
0 1.259220779218636 0.02499999999995712
0 1.259220779218636 0.03749999999992057
0 1.259220779218636 0.04999999999988334
0 1.259220779218636 0.06249999999984747
0 1.259220779218636 0.07499999999980887
0 1.259220779218636 0.08749999999977028
0 1.259220779218636 0.0999999999997371
0 1.259220779218636 0.112499999999769
0 1.259220779218636 0.1249999999998008
0 1.259220779218636 0.1374999999998381
0 1.259220779218636 0.1499999999998672
0 1.259220779218636 0.1624999999998963
0 1.259220779218636 0.1749999999999363
0 1.259220779218636 0.1874999999999655
0 1.271168831166756 0.01249999999997573
0 1.271168831166756 0.02499999999995712
0 1.271168831166756 0.03749999999992056
0 1.271168831166756 0.04999999999988332
0 1.271168831166756 0.06249999999984747
0 1.271168831166756 0.07499999999980887
0 1.271168831166756 0.08749999999977028
0 1.271168831166756 0.0999999999997371
0 1.271168831166756 0.112499999999769
0 1.271168831166756 0.1249999999998008
0 1.271168831166756 0.1374999999998381
0 1.271168831166756 0.1499999999998672
0 1.271168831166756 0.1624999999998963
0 1.271168831166756 0.1749999999999363
0 1.271168831166756 0.1874999999999655
0 1.283116883114876 0.01249999999997573
0 1.283116883114876 0.02499999999995712
0 1.283116883114876 0.03749999999992057
0 1.283116883114876 0.04999999999988334
0 1.283116883114876 0.06249999999984747
0 1.283116883114876 0.07499999999980889
0 1.283116883114876 0.08749999999977028
0 1.283116883114876 0.0999999999997371
0 1.283116883114876 0.112499999999769
0 1.283116883114876 0.1249999999998008
0 1.283116883114876 0.1374999999998381
0 1.283116883114876 0.1499999999998672
0 1.283116883114876 0.1624999999998963
0 1.283116883114876 0.1749999999999363
0 1.283116883114876 0.1874999999999655
0 1.295064935062996 0.01249999999997573
0 1.295064935062996 0.02499999999995712
0 1.295064935062996 0.03749999999992057
0 1.295064935062996 0.04999999999988332
0 1.295064935062996 0.06249999999984746
0 1.295064935062996 0.07499999999980889
0 1.295064935062996 0.08749999999977028
0 1.295064935062996 0.0999999999997371
0 1.295064935062996 0.112499999999769
0 1.295064935062996 0.1249999999998008
0 1.295064935062996 0.1374999999998381
0 1.295064935062996 0.1499999999998672
0 1.295064935062996 0.1624999999998963
0 1.295064935062996 0.1749999999999363
0 1.295064935062996 0.1874999999999654
0 1.307012987011082 0.01249999999997573
0 1.307012987011082 0.02499999999995712
0 1.307012987011082 0.03749999999992057
0 1.307012987011082 0.04999999999988334
0 1.307012987011082 0.06249999999984746
0 1.307012987011082 0.07499999999980887
0 1.307012987011082 0.08749999999977028
0 1.307012987011082 0.0999999999997371
0 1.307012987011082 0.112499999999769
0 1.307012987011082 0.1249999999998007
0 1.307012987011082 0.1374999999998381
0 1.307012987011082 0.1499999999998672
0 1.307012987011082 0.1624999999998963
0 1.307012987011082 0.1749999999999363
0 1.307012987011082 0.1874999999999654
0 1.318961038959139 0.01249999999997573
0 1.31896103895914 0.02499999999995712
0 1.318961038959139 0.03749999999992057
0 1.318961038959139 0.04999999999988332
0 1.318961038959139 0.06249999999984744
0 1.318961038959139 0.07499999999980889
0 1.318961038959139 0.08749999999977026
0 1.318961038959139 0.0999999999997371
0 1.318961038959139 0.112499999999769
0 1.318961038959139 0.1249999999998008
0 1.318961038959139 0.1374999999998381
0 1.318961038959139 0.1499999999998672
0 1.318961038959139 0.1624999999998963
0 1.318961038959139 0.1749999999999363
0 1.318961038959139 0.1874999999999655
0 1.330909090907187 0.01249999999997573
0 1.330909090907187 0.02499999999995712
0 1.330909090907187 0.03749999999992057
0 1.330909090907187 0.04999999999988333
0 1.330909090907187 0.06249999999984747
0 1.330909090907187 0.07499999999980887
0 1.330909090907186 0.08749999999977026
0 1.330909090907187 0.0999999999997371
0 1.330909090907187 0.112499999999769
0 1.330909090907187 0.1249999999998008
0 1.330909090907187 0.1374999999998381
0 1.330909090907187 0.1499999999998672
0 1.330909090907187 0.1624999999998963
0 1.330909090907187 0.1749999999999363
0 1.330909090907187 0.1874999999999654
0 1.342857142855235 0.01249999999997573
0 1.342857142855235 0.02499999999995712
0 1.342857142855235 0.03749999999992057
0 1.342857142855234 0.04999999999988332
0 1.342857142855235 0.06249999999984746
0 1.342857142855235 0.07499999999980887
0 1.342857142855235 0.08749999999977026
0 1.342857142855234 0.0999999999997371
0 1.342857142855235 0.112499999999769
0 1.342857142855235 0.1249999999998008
0 1.342857142855235 0.1374999999998381
0 1.342857142855235 0.1499999999998672
0 1.342857142855235 0.1624999999998963
0 1.342857142855235 0.1749999999999363
0 1.342857142855235 0.1874999999999655
0 1.354805194803288 0.01249999999997573
0 1.354805194803288 0.02499999999995712
0 1.354805194803288 0.03749999999992057
0 1.354805194803288 0.04999999999988333
0 1.354805194803288 0.06249999999984746
0 1.354805194803288 0.07499999999980887
0 1.354805194803288 0.08749999999977028
0 1.354805194803288 0.0999999999997371
0 1.354805194803288 0.112499999999769
0 1.354805194803288 0.1249999999998008
0 1.354805194803288 0.1374999999998381
0 1.354805194803288 0.1499999999998672
0 1.354805194803288 0.1624999999998963
0 1.354805194803288 0.1749999999999363
0 1.354805194803288 0.1874999999999655
0 1.366753246751371 0.01249999999997573
0 1.366753246751372 0.02499999999995712
0 1.366753246751371 0.03749999999992056
0 1.366753246751372 0.04999999999988333
0 1.366753246751373 0.06249999999984746
0 1.366753246751372 0.07499999999980889
0 1.366753246751372 0.08749999999977028
0 1.366753246751372 0.0999999999997371
0 1.366753246751372 0.112499999999769
0 1.366753246751372 0.1249999999998008
0 1.366753246751372 0.1374999999998381
0 1.366753246751372 0.1499999999998672
0 1.366753246751373 0.1624999999998963
0 1.366753246751372 0.1749999999999363
0 1.366753246751372 0.1874999999999654
0 1.378701298699489 0.01249999999997573
0 1.37870129869949 0.02499999999995712
0 1.37870129869949 0.03749999999992057
0 1.37870129869949 0.04999999999988332
0 1.37870129869949 0.06249999999984747
0 1.37870129869949 0.07499999999980889
0 1.37870129869949 0.08749999999977028
0 1.37870129869949 0.0999999999997371
0 1.37870129869949 0.112499999999769
0 1.37870129869949 0.1249999999998008
0 1.37870129869949 0.1374999999998381
0 1.37870129869949 0.1499999999998672
0 1.37870129869949 0.1624999999998963
0 1.37870129869949 0.1749999999999363
0 1.37870129869949 0.1874999999999654
0 1.39064935064761 0.01249999999997573
0 1.390649350647611 0.02499999999995712
0 1.39064935064761 0.03749999999992057
0 1.39064935064761 0.04999999999988333
0 1.39064935064761 0.06249999999984747
0 1.39064935064761 0.07499999999980889
0 1.39064935064761 0.08749999999977028
0 1.390649350647611 0.0999999999997371
0 1.39064935064761 0.112499999999769
0 1.39064935064761 0.1249999999998008
0 1.39064935064761 0.1374999999998381
0 1.390649350647611 0.1499999999998672
0 1.39064935064761 0.1624999999998963
0 1.39064935064761 0.1749999999999363
0 1.39064935064761 0.1874999999999654
0 1.402597402595729 0.01249999999997573
0 1.40259740259573 0.02499999999995712
0 1.40259740259573 0.03749999999992057
0 1.40259740259573 0.04999999999988332
0 1.40259740259573 0.06249999999984746
0 1.40259740259573 0.07499999999980887
0 1.40259740259573 0.08749999999977028
0 1.40259740259573 0.0999999999997371
0 1.40259740259573 0.112499999999769
0 1.40259740259573 0.1249999999998008
0 1.40259740259573 0.1374999999998381
0 1.40259740259573 0.1499999999998672
0 1.40259740259573 0.1624999999998963
0 1.40259740259573 0.1749999999999363
0 1.40259740259573 0.1874999999999655
0 1.414545454543839 0.01249999999997573
0 1.414545454543838 0.02499999999995712
0 1.414545454543838 0.03749999999992057
0 1.414545454543838 0.04999999999988333
0 1.414545454543838 0.06249999999984746
0 1.414545454543839 0.07499999999980887
0 1.414545454543838 0.08749999999977026
0 1.414545454543838 0.0999999999997371
0 1.414545454543838 0.112499999999769
0 1.414545454543838 0.1249999999998008
0 1.414545454543838 0.1374999999998381
0 1.414545454543838 0.1499999999998672
0 1.414545454543838 0.1624999999998964
0 1.414545454543838 0.1749999999999363
0 1.414545454543838 0.1874999999999654
0 1.426493506491918 0.01249999999997573
0 1.426493506491918 0.02499999999995712
0 1.426493506491918 0.03749999999992056
0 1.426493506491918 0.04999999999988331
0 1.426493506491918 0.06249999999984747
0 1.426493506491918 0.07499999999980887
0 1.426493506491918 0.08749999999977028
0 1.426493506491918 0.0999999999997371
0 1.426493506491917 0.112499999999769
0 1.426493506491918 0.1249999999998007
0 1.426493506491918 0.1374999999998381
0 1.426493506491918 0.1499999999998672
0 1.426493506491918 0.1624999999998963
0 1.426493506491918 0.1749999999999363
0 1.426493506491918 0.1874999999999654
0 1.438441558439965 0.01249999999997573
0 1.438441558439965 0.02499999999995712
0 1.438441558439965 0.03749999999992055
0 1.438441558439966 0.04999999999988334
0 1.438441558439966 0.06249999999984747
0 1.438441558439965 0.07499999999980889
0 1.438441558439965 0.08749999999977026
0 1.438441558439965 0.0999999999997371
0 1.438441558439966 0.112499999999769
0 1.438441558439966 0.1249999999998008
0 1.438441558439965 0.1374999999998381
0 1.438441558439966 0.1499999999998672
0 1.438441558439966 0.1624999999998963
0 1.438441558439965 0.1749999999999363
0 1.438441558439965 0.1874999999999654
0 1.450389610388014 0.01249999999997573
0 1.450389610388013 0.02499999999995712
0 1.450389610388014 0.03749999999992057
0 1.450389610388014 0.04999999999988332
0 1.450389610388014 0.06249999999984747
0 1.450389610388014 0.07499999999980889
0 1.450389610388014 0.08749999999977028
0 1.450389610388014 0.0999999999997371
0 1.450389610388014 0.112499999999769
0 1.450389610388014 0.1249999999998008
0 1.450389610388014 0.1374999999998381
0 1.450389610388014 0.1499999999998672
0 1.450389610388014 0.1624999999998963
0 1.450389610388014 0.1749999999999363
0 1.450389610388014 0.1874999999999655
0 1.462337662336062 0.01249999999997573
0 1.462337662336062 0.02499999999995712
0 1.462337662336062 0.03749999999992056
0 1.462337662336062 0.04999999999988334
0 1.462337662336062 0.06249999999984747
0 1.462337662336063 0.07499999999980887
0 1.462337662336062 0.08749999999977026
0 1.462337662336062 0.09999999999973712
0 1.462337662336063 0.112499999999769
0 1.462337662336062 0.1249999999998008
0 1.462337662336062 0.1374999999998381
0 1.462337662336062 0.1499999999998672
0 1.462337662336062 0.1624999999998963
0 1.462337662336062 0.1749999999999363
0 1.462337662336062 0.1874999999999655
0 1.474285714284129 0.01249999999997573
0 1.474285714284128 0.02499999999995712
0 1.474285714284129 0.03749999999992057
0 1.474285714284129 0.04999999999988333
0 1.474285714284128 0.06249999999984746
0 1.474285714284129 0.07499999999980887
0 1.474285714284128 0.08749999999977026
0 1.474285714284128 0.0999999999997371
0 1.474285714284129 0.112499999999769
0 1.474285714284128 0.1249999999998007
0 1.474285714284128 0.1374999999998381
0 1.474285714284128 0.1499999999998672
0 1.474285714284128 0.1624999999998963
0 1.474285714284128 0.1749999999999363
0 1.474285714284128 0.1874999999999655
0 1.486233766232224 0.01249999999997573
0 1.486233766232224 0.02499999999995712
0 1.486233766232224 0.03749999999992057
0 1.486233766232223 0.04999999999988334
0 1.486233766232224 0.06249999999984747
0 1.486233766232224 0.07499999999980887
0 1.486233766232224 0.08749999999977028
0 1.486233766232224 0.0999999999997371
0 1.486233766232224 0.112499999999769
0 1.486233766232224 0.1249999999998008
0 1.486233766232224 0.1374999999998381
0 1.486233766232224 0.1499999999998672
0 1.486233766232224 0.1624999999998963
0 1.486233766232224 0.1749999999999363
0 1.486233766232224 0.1874999999999655
0 1.498181818180344 0.01249999999997573
0 1.498181818180344 0.02499999999995712
0 1.498181818180344 0.03749999999992055
0 1.498181818180344 0.04999999999988333
0 1.498181818180343 0.06249999999984746
0 1.498181818180344 0.07499999999980889
0 1.498181818180343 0.08749999999977023
0 1.498181818180344 0.0999999999997371
0 1.498181818180344 0.112499999999769
0 1.498181818180343 0.1249999999998008
0 1.498181818180344 0.1374999999998381
0 1.498181818180344 0.1499999999998672
0 1.498181818180344 0.1624999999998963
0 1.498181818180344 0.1749999999999363
0 1.498181818180344 0.1874999999999654
0 1.510129870128464 0.01249999999997573
0 1.510129870128464 0.02499999999995712
0 1.510129870128464 0.03749999999992056
0 1.510129870128464 0.04999999999988334
0 1.510129870128464 0.06249999999984745
0 1.510129870128464 0.07499999999980887
0 1.510129870128464 0.08749999999977028
0 1.510129870128464 0.0999999999997371
0 1.510129870128464 0.112499999999769
0 1.510129870128464 0.1249999999998008
0 1.510129870128464 0.1374999999998381
0 1.510129870128464 0.1499999999998672
0 1.510129870128464 0.1624999999998963
0 1.510129870128464 0.1749999999999363
0 1.510129870128464 0.1874999999999654
0 1.522077922076584 0.01249999999997573
0 1.522077922076584 0.02499999999995712
0 1.522077922076585 0.03749999999992056
0 1.522077922076584 0.04999999999988331
0 1.522077922076584 0.06249999999984746
0 1.522077922076584 0.07499999999980889
0 1.522077922076584 0.08749999999977028
0 1.522077922076585 0.0999999999997371
0 1.522077922076584 0.112499999999769
0 1.522077922076584 0.1249999999998008
0 1.522077922076584 0.1374999999998381
0 1.522077922076584 0.1499999999998672
0 1.522077922076584 0.1624999999998963
0 1.522077922076584 0.1749999999999363
0 1.522077922076584 0.1874999999999654
0 1.534025974024704 0.01249999999997573
0 1.534025974024704 0.02499999999995712
0 1.534025974024704 0.03749999999992056
0 1.534025974024703 0.04999999999988334
0 1.534025974024704 0.06249999999984746
0 1.534025974024704 0.07499999999980887
0 1.534025974024704 0.08749999999977028
0 1.534025974024704 0.0999999999997371
0 1.534025974024704 0.112499999999769
0 1.534025974024704 0.1249999999998007
0 1.534025974024704 0.1374999999998381
0 1.534025974024704 0.1499999999998672
0 1.534025974024704 0.1624999999998963
0 1.534025974024704 0.1749999999999363
0 1.534025974024704 0.1874999999999655
0 1.545974025972806 0.01249999999997573
0 1.545974025972806 0.02499999999995712
0 1.545974025972807 0.03749999999992057
0 1.545974025972807 0.04999999999988333
0 1.545974025972807 0.06249999999984747
0 1.545974025972806 0.07499999999980887
0 1.545974025972807 0.08749999999977028
0 1.545974025972806 0.0999999999997371
0 1.545974025972806 0.112499999999769
0 1.545974025972806 0.1249999999998008
0 1.545974025972805 0.1374999999998381
0 1.545974025972806 0.1499999999998672
0 1.545974025972806 0.1624999999998963
0 1.545974025972806 0.1749999999999363
0 1.545974025972807 0.1874999999999654
0 1.557922077920879 0.01249999999997573
0 1.557922077920879 0.02499999999995712
0 1.557922077920879 0.03749999999992057
0 1.557922077920879 0.04999999999988333
0 1.55792207792088 0.06249999999984745
0 1.55792207792088 0.07499999999980889
0 1.55792207792088 0.08749999999977028
0 1.557922077920879 0.0999999999997371
0 1.557922077920879 0.112499999999769
0 1.557922077920879 0.1249999999998008
0 1.55792207792088 0.1374999999998381
0 1.557922077920879 0.1499999999998672
0 1.557922077920879 0.1624999999998963
0 1.557922077920879 0.1749999999999363
0 1.557922077920879 0.1874999999999654
0 1.569870129868927 0.01249999999997573
0 1.569870129868927 0.02499999999995712
0 1.569870129868927 0.03749999999992057
0 1.569870129868928 0.0499999999998833
0 1.569870129868927 0.06249999999984748
0 1.569870129868927 0.07499999999980889
0 1.569870129868927 0.08749999999977028
0 1.569870129868927 0.09999999999973709
0 1.569870129868927 0.112499999999769
0 1.569870129868927 0.1249999999998008
0 1.569870129868927 0.1374999999998381
0 1.569870129868927 0.1499999999998672
0 1.569870129868927 0.1624999999998964
0 1.569870129868927 0.1749999999999363
0 1.569870129868927 0.1874999999999654
0 1.581818181816975 0.01249999999997573
0 1.581818181816975 0.02499999999995712
0 1.581818181816976 0.03749999999992057
0 1.581818181816975 0.04999999999988333
0 1.581818181816975 0.06249999999984747
0 1.581818181816975 0.07499999999980889
0 1.581818181816975 0.08749999999977026
0 1.581818181816975 0.0999999999997371
0 1.581818181816975 0.112499999999769
0 1.581818181816975 0.1249999999998008
0 1.581818181816975 0.1374999999998381
0 1.581818181816975 0.1499999999998672
0 1.581818181816975 0.1624999999998963
0 1.581818181816975 0.1749999999999363
0 1.581818181816975 0.1874999999999655
0 1.593766233765023 0.01249999999997573
0 1.593766233765024 0.02499999999995712
0 1.593766233765024 0.03749999999992057
0 1.593766233765023 0.04999999999988332
0 1.593766233765023 0.06249999999984746
0 1.593766233765023 0.07499999999980889
0 1.593766233765024 0.08749999999977028
0 1.593766233765023 0.0999999999997371
0 1.593766233765024 0.112499999999769
0 1.593766233765024 0.1249999999998008
0 1.593766233765024 0.1374999999998381
0 1.593766233765024 0.1499999999998672
0 1.593766233765024 0.1624999999998963
0 1.593766233765024 0.1749999999999363
0 1.593766233765023 0.1874999999999655
0 1.605714285713096 0.01249999999997573
0 1.605714285713096 0.02499999999995712
0 1.605714285713096 0.03749999999992057
0 1.605714285713097 0.04999999999988333
0 1.605714285713097 0.06249999999984745
0 1.605714285713096 0.07499999999980889
0 1.605714285713096 0.08749999999977028
0 1.605714285713096 0.0999999999997371
0 1.605714285713097 0.112499999999769
0 1.605714285713097 0.1249999999998008
0 1.605714285713097 0.1374999999998381
0 1.605714285713096 0.1499999999998672
0 1.605714285713097 0.1624999999998963
0 1.605714285713096 0.1749999999999363
0 1.605714285713097 0.1874999999999654
0 1.617662337661197 0.01249999999997573
0 1.617662337661198 0.02499999999995712
0 1.617662337661198 0.03749999999992056
0 1.617662337661198 0.04999999999988333
0 1.617662337661198 0.06249999999984746
0 1.617662337661198 0.07499999999980887
0 1.617662337661198 0.08749999999977028
0 1.617662337661198 0.0999999999997371
0 1.617662337661198 0.112499999999769
0 1.617662337661198 0.1249999999998008
0 1.617662337661197 0.1374999999998381
0 1.617662337661197 0.1499999999998672
0 1.617662337661198 0.1624999999998964
0 1.617662337661198 0.1749999999999363
0 1.617662337661198 0.1874999999999654
0 1.629610389609318 0.01249999999997573
0 1.629610389609318 0.02499999999995712
0 1.629610389609318 0.03749999999992057
0 1.629610389609318 0.04999999999988331
0 1.629610389609318 0.06249999999984747
0 1.629610389609317 0.07499999999980889
0 1.629610389609318 0.08749999999977029
0 1.629610389609318 0.0999999999997371
0 1.629610389609318 0.112499999999769
0 1.629610389609318 0.1249999999998008
0 1.629610389609318 0.1374999999998381
0 1.629610389609318 0.1499999999998672
0 1.629610389609318 0.1624999999998963
0 1.629610389609319 0.1749999999999363
0 1.629610389609318 0.1874999999999654
0 1.641558441557438 0.01249999999997573
0 1.641558441557438 0.02499999999995712
0 1.641558441557438 0.03749999999992057
0 1.641558441557438 0.0499999999998833
0 1.641558441557438 0.06249999999984746
0 1.641558441557439 0.07499999999980887
0 1.641558441557438 0.08749999999977028
0 1.641558441557438 0.0999999999997371
0 1.641558441557438 0.112499999999769
0 1.641558441557438 0.1249999999998007
0 1.641558441557438 0.1374999999998381
0 1.641558441557438 0.1499999999998672
0 1.641558441557438 0.1624999999998963
0 1.641558441557438 0.1749999999999363
0 1.641558441557438 0.1874999999999655
0 1.653506493505557 0.01249999999997573
0 1.653506493505558 0.02499999999995712
0 1.653506493505557 0.03749999999992057
0 1.653506493505558 0.04999999999988333
0 1.653506493505557 0.06249999999984745
0 1.653506493505558 0.07499999999980887
0 1.653506493505558 0.08749999999977028
0 1.653506493505558 0.0999999999997371
0 1.653506493505558 0.112499999999769
0 1.653506493505557 0.1249999999998008
0 1.653506493505558 0.1374999999998381
0 1.653506493505558 0.1499999999998672
0 1.653506493505558 0.1624999999998963
0 1.653506493505558 0.1749999999999363
0 1.653506493505558 0.1874999999999654
0 1.665454545453647 0.01249999999997573
0 1.665454545453646 0.02499999999995712
0 1.665454545453646 0.03749999999992056
0 1.665454545453646 0.04999999999988331
0 1.665454545453646 0.06249999999984745
0 1.665454545453646 0.07499999999980887
0 1.665454545453646 0.08749999999977029
0 1.665454545453647 0.0999999999997371
0 1.665454545453646 0.112499999999769
0 1.665454545453646 0.1249999999998008
0 1.665454545453647 0.1374999999998381
0 1.665454545453646 0.1499999999998672
0 1.665454545453646 0.1624999999998963
0 1.665454545453646 0.1749999999999363
0 1.665454545453646 0.1874999999999654
0 1.677402597401707 0.01249999999997573
0 1.677402597401706 0.02499999999995712
0 1.677402597401706 0.03749999999992057
0 1.677402597401706 0.04999999999988333
0 1.677402597401706 0.06249999999984747
0 1.677402597401707 0.07499999999980889
0 1.677402597401706 0.08749999999977028
0 1.677402597401706 0.0999999999997371
0 1.677402597401706 0.112499999999769
0 1.677402597401707 0.1249999999998008
0 1.677402597401707 0.1374999999998381
0 1.677402597401707 0.1499999999998672
0 1.677402597401707 0.1624999999998963
0 1.677402597401706 0.1749999999999363
0 1.677402597401707 0.1874999999999654
0 1.689350649349755 0.01249999999997573
0 1.689350649349755 0.02499999999995712
0 1.689350649349754 0.03749999999992057
0 1.689350649349754 0.04999999999988331
0 1.689350649349755 0.06249999999984746
0 1.689350649349755 0.07499999999980887
0 1.689350649349755 0.08749999999977026
0 1.689350649349755 0.0999999999997371
0 1.689350649349754 0.112499999999769
0 1.689350649349754 0.1249999999998008
0 1.689350649349755 0.1374999999998381
0 1.689350649349754 0.1499999999998672
0 1.689350649349755 0.1624999999998963
0 1.689350649349755 0.1749999999999363
0 1.689350649349755 0.1874999999999654
0 1.701298701297803 0.01249999999997573
0 1.701298701297803 0.02499999999995712
0 1.701298701297803 0.03749999999992057
0 1.701298701297803 0.04999999999988333
0 1.701298701297803 0.06249999999984746
0 1.701298701297803 0.07499999999980887
0 1.701298701297803 0.08749999999977028
0 1.701298701297803 0.0999999999997371
0 1.701298701297803 0.112499999999769
0 1.701298701297803 0.1249999999998008
0 1.701298701297803 0.1374999999998381
0 1.701298701297802 0.1499999999998672
0 1.701298701297803 0.1624999999998963
0 1.701298701297803 0.1749999999999363
0 1.701298701297802 0.1874999999999654
0 1.713246753245853 0.01249999999997573
0 1.713246753245853 0.02499999999995712
0 1.713246753245853 0.03749999999992057
0 1.713246753245852 0.04999999999988335
0 1.713246753245853 0.06249999999984746
0 1.713246753245852 0.07499999999980891
0 1.713246753245853 0.08749999999977028
0 1.713246753245852 0.09999999999973712
0 1.713246753245852 0.112499999999769
0 1.713246753245852 0.1249999999998008
0 1.713246753245852 0.1374999999998381
0 1.713246753245853 0.1499999999998672
0 1.713246753245852 0.1624999999998963
0 1.713246753245853 0.1749999999999363
0 1.713246753245853 0.1874999999999655
0 1.725194805193937 0.01249999999997573
0 1.725194805193937 0.02499999999995712
0 1.725194805193937 0.03749999999992056
0 1.725194805193937 0.04999999999988333
0 1.725194805193937 0.06249999999984746
0 1.725194805193937 0.07499999999980887
0 1.725194805193937 0.08749999999977028
0 1.725194805193937 0.0999999999997371
0 1.725194805193937 0.112499999999769
0 1.725194805193937 0.1249999999998008
0 1.725194805193937 0.1374999999998381
0 1.725194805193937 0.1499999999998672
0 1.725194805193937 0.1624999999998963
0 1.725194805193937 0.1749999999999363
0 1.725194805193937 0.1874999999999654
0 1.737142857142052 0.01249999999997573
0 1.737142857142052 0.02499999999995712
0 1.737142857142052 0.03749999999992057
0 1.737142857142052 0.04999999999988334
0 1.737142857142052 0.06249999999984746
0 1.737142857142052 0.07499999999980887
0 1.737142857142052 0.08749999999977028
0 1.737142857142052 0.0999999999997371
0 1.737142857142052 0.112499999999769
0 1.737142857142053 0.1249999999998008
0 1.737142857142052 0.1374999999998381
0 1.737142857142052 0.1499999999998672
0 1.737142857142051 0.1624999999998964
0 1.737142857142052 0.1749999999999363
0 1.737142857142052 0.1874999999999655
0 1.749090909090172 0.01249999999997573
0 1.749090909090172 0.02499999999995712
0 1.749090909090172 0.03749999999992057
0 1.749090909090172 0.04999999999988333
0 1.749090909090172 0.06249999999984747
0 1.749090909090172 0.07499999999980887
0 1.749090909090172 0.08749999999977028
0 1.749090909090172 0.0999999999997371
0 1.749090909090173 0.112499999999769
0 1.749090909090172 0.1249999999998008
0 1.749090909090173 0.1374999999998381
0 1.749090909090173 0.1499999999998672
0 1.749090909090173 0.1624999999998964
0 1.749090909090172 0.1749999999999363
0 1.749090909090172 0.1874999999999654
0 1.761038961038291 0.01249999999997573
0 1.761038961038292 0.02499999999995712
0 1.761038961038292 0.03749999999992057
0 1.761038961038292 0.04999999999988333
0 1.761038961038292 0.06249999999984744
0 1.761038961038292 0.07499999999980887
0 1.761038961038293 0.08749999999977028
0 1.761038961038291 0.0999999999997371
0 1.761038961038292 0.112499999999769
0 1.761038961038292 0.1249999999998008
0 1.761038961038292 0.1374999999998381
0 1.761038961038292 0.1499999999998672
0 1.761038961038292 0.1624999999998964
0 1.761038961038292 0.1749999999999363
0 1.761038961038292 0.1874999999999654
0 1.772987012986412 0.01249999999997573
0 1.772987012986412 0.02499999999995712
0 1.772987012986412 0.03749999999992057
0 1.772987012986412 0.04999999999988331
0 1.772987012986412 0.06249999999984744
0 1.772987012986412 0.07499999999980889
0 1.772987012986412 0.08749999999977032
0 1.772987012986412 0.0999999999997371
0 1.772987012986412 0.112499999999769
0 1.772987012986412 0.1249999999998008
0 1.772987012986412 0.1374999999998381
0 1.772987012986412 0.1499999999998672
0 1.772987012986412 0.1624999999998963
0 1.772987012986412 0.1749999999999363
0 1.772987012986412 0.1874999999999654
0 1.78493506493453 0.01249999999997573
0 1.784935064934531 0.02499999999995712
0 1.78493506493453 0.03749999999992056
0 1.78493506493453 0.04999999999988333
0 1.78493506493453 0.06249999999984747
0 1.784935064934531 0.07499999999980887
0 1.78493506493453 0.08749999999977028
0 1.78493506493453 0.0999999999997371
0 1.78493506493453 0.112499999999769
0 1.784935064934531 0.1249999999998008
0 1.78493506493453 0.1374999999998381
0 1.78493506493453 0.1499999999998672
0 1.78493506493453 0.1624999999998964
0 1.78493506493453 0.1749999999999363
0 1.78493506493453 0.1874999999999654
0 1.796883116882614 0.01249999999997573
0 1.796883116882614 0.02499999999995712
0 1.796883116882614 0.03749999999992057
0 1.796883116882614 0.04999999999988331
0 1.796883116882614 0.06249999999984747
0 1.796883116882614 0.07499999999980889
0 1.796883116882614 0.08749999999977028
0 1.796883116882614 0.0999999999997371
0 1.796883116882614 0.112499999999769
0 1.796883116882614 0.1249999999998008
0 1.796883116882615 0.1374999999998381
0 1.796883116882614 0.1499999999998673
0 1.796883116882614 0.1624999999998963
0 1.796883116882614 0.1749999999999363
0 1.796883116882614 0.1874999999999655
0 1.808831168830668 0.01249999999997573
0 1.808831168830668 0.02499999999995712
0 1.808831168830668 0.03749999999992057
0 1.808831168830668 0.04999999999988332
0 1.808831168830668 0.06249999999984745
0 1.808831168830668 0.07499999999980887
0 1.808831168830668 0.08749999999977028
0 1.808831168830668 0.0999999999997371
0 1.808831168830668 0.112499999999769
0 1.808831168830668 0.1249999999998008
0 1.808831168830668 0.1374999999998381
0 1.808831168830668 0.1499999999998672
0 1.808831168830668 0.1624999999998963
0 1.808831168830667 0.1749999999999363
0 1.808831168830668 0.1874999999999654
0 1.820779220778716 0.01249999999997573
0 1.820779220778716 0.02499999999995712
0 1.820779220778716 0.03749999999992056
0 1.820779220778716 0.04999999999988333
0 1.820779220778717 0.06249999999984744
0 1.820779220778717 0.07499999999980889
0 1.820779220778716 0.08749999999977028
0 1.820779220778716 0.0999999999997371
0 1.820779220778716 0.112499999999769
0 1.820779220778716 0.1249999999998008
0 1.820779220778716 0.1374999999998381
0 1.820779220778716 0.1499999999998672
0 1.820779220778716 0.1624999999998963
0 1.820779220778716 0.1749999999999363
0 1.820779220778716 0.1874999999999654
0 1.832727272726765 0.01249999999997573
0 1.832727272726765 0.02499999999995712
0 1.832727272726765 0.03749999999992056
0 1.832727272726764 0.04999999999988332
0 1.832727272726764 0.06249999999984746
0 1.832727272726765 0.07499999999980887
0 1.832727272726765 0.08749999999977028
0 1.832727272726765 0.0999999999997371
0 1.832727272726765 0.112499999999769
0 1.832727272726765 0.1249999999998008
0 1.832727272726765 0.1374999999998381
0 1.832727272726764 0.1499999999998673
0 1.832727272726764 0.1624999999998963
0 1.832727272726765 0.1749999999999363
0 1.832727272726764 0.1874999999999654
0 1.844675324674821 0.01249999999997573
0 1.844675324674821 0.02499999999995712
0 1.844675324674821 0.03749999999992057
0 1.84467532467482 0.04999999999988332
0 1.844675324674821 0.06249999999984745
0 1.844675324674821 0.07499999999980889
0 1.844675324674821 0.08749999999977028
0 1.844675324674821 0.0999999999997371
0 1.84467532467482 0.112499999999769
0 1.84467532467482 0.1249999999998008
0 1.844675324674821 0.1374999999998381
0 1.844675324674821 0.1499999999998672
0 1.844675324674821 0.1624999999998963
0 1.844675324674821 0.1749999999999363
0 1.844675324674821 0.1874999999999654
0 1.856623376622906 0.01249999999997573
0 1.856623376622906 0.02499999999995712
0 1.856623376622905 0.03749999999992057
0 1.856623376622905 0.04999999999988332
0 1.856623376622905 0.06249999999984745
0 1.856623376622905 0.07499999999980887
0 1.856623376622905 0.08749999999977028
0 1.856623376622905 0.09999999999973712
0 1.856623376622905 0.112499999999769
0 1.856623376622906 0.1249999999998008
0 1.856623376622906 0.1374999999998381
0 1.856623376622906 0.1499999999998672
0 1.856623376622905 0.1624999999998963
0 1.856623376622906 0.1749999999999363
0 1.856623376622906 0.1874999999999654
0 1.868571428571026 0.01249999999997573
0 1.868571428571026 0.02499999999995712
0 1.868571428571026 0.03749999999992057
0 1.868571428571026 0.04999999999988333
0 1.868571428571026 0.06249999999984745
0 1.868571428571026 0.07499999999980889
0 1.868571428571026 0.08749999999977028
0 1.868571428571026 0.0999999999997371
0 1.868571428571027 0.112499999999769
0 1.868571428571026 0.1249999999998008
0 1.868571428571026 0.1374999999998381
0 1.868571428571026 0.1499999999998673
0 1.868571428571026 0.1624999999998963
0 1.868571428571026 0.1749999999999363
0 1.868571428571026 0.1874999999999655
0 1.880519480519146 0.01249999999997573
0 1.880519480519146 0.02499999999995712
0 1.880519480519146 0.03749999999992056
0 1.880519480519146 0.04999999999988332
0 1.880519480519145 0.06249999999984747
0 1.880519480519146 0.07499999999980889
0 1.880519480519146 0.08749999999977028
0 1.880519480519146 0.0999999999997371
0 1.880519480519146 0.112499999999769
0 1.880519480519146 0.1249999999998008
0 1.880519480519146 0.1374999999998381
0 1.880519480519146 0.1499999999998672
0 1.880519480519146 0.1624999999998963
0 1.880519480519145 0.1749999999999363
0 1.880519480519146 0.1874999999999654
0 1.892467532467266 0.01249999999997573
0 1.892467532467266 0.02499999999995712
0 1.892467532467266 0.03749999999992057
0 1.892467532467266 0.04999999999988333
0 1.892467532467266 0.06249999999984748
0 1.892467532467266 0.07499999999980889
0 1.892467532467266 0.08749999999977028
0 1.892467532467266 0.0999999999997371
0 1.892467532467266 0.112499999999769
0 1.892467532467266 0.1249999999998008
0 1.892467532467266 0.1374999999998381
0 1.892467532467266 0.1499999999998672
0 1.892467532467266 0.1624999999998963
0 1.892467532467267 0.1749999999999363
0 1.892467532467265 0.1874999999999654
0 1.904415584415371 0.01249999999997573
0 1.904415584415371 0.02499999999995712
0 1.904415584415371 0.03749999999992056
0 1.904415584415371 0.04999999999988333
0 1.904415584415371 0.06249999999984744
0 1.904415584415371 0.07499999999980887
0 1.904415584415371 0.08749999999977026
0 1.904415584415371 0.0999999999997371
0 1.904415584415371 0.112499999999769
0 1.90441558441537 0.1249999999998008
0 1.904415584415371 0.1374999999998381
0 1.904415584415371 0.1499999999998672
0 1.904415584415371 0.1624999999998963
0 1.904415584415371 0.1749999999999363
0 1.904415584415371 0.1874999999999654
0 1.916363636363448 0.01249999999997573
0 1.916363636363447 0.02499999999995712
0 1.916363636363447 0.03749999999992057
0 1.916363636363447 0.04999999999988333
0 1.916363636363447 0.06249999999984744
0 1.916363636363447 0.07499999999980889
0 1.916363636363447 0.08749999999977028
0 1.916363636363447 0.0999999999997371
0 1.916363636363447 0.112499999999769
0 1.916363636363447 0.1249999999998008
0 1.916363636363447 0.1374999999998381
0 1.916363636363447 0.1499999999998672
0 1.916363636363447 0.1624999999998963
0 1.916363636363447 0.1749999999999363
0 1.916363636363447 0.1874999999999654
0 1.928311688311495 0.01249999999997573
0 1.928311688311495 0.02499999999995712
0 1.928311688311495 0.03749999999992057
0 1.928311688311495 0.04999999999988333
0 1.928311688311495 0.06249999999984746
0 1.928311688311495 0.07499999999980889
0 1.928311688311495 0.08749999999977028
0 1.928311688311495 0.0999999999997371
0 1.928311688311495 0.112499999999769
0 1.928311688311495 0.1249999999998008
0 1.928311688311495 0.1374999999998381
0 1.928311688311495 0.1499999999998672
0 1.928311688311495 0.1624999999998963
0 1.928311688311495 0.1749999999999363
0 1.928311688311495 0.1874999999999654
0 1.940259740259543 0.01249999999997573
0 1.940259740259543 0.02499999999995712
0 1.940259740259543 0.03749999999992056
0 1.940259740259543 0.04999999999988333
0 1.940259740259543 0.06249999999984745
0 1.940259740259543 0.07499999999980889
0 1.940259740259543 0.08749999999977028
0 1.940259740259543 0.09999999999973709
0 1.940259740259543 0.112499999999769
0 1.940259740259543 0.1249999999998008
0 1.940259740259543 0.1374999999998381
0 1.940259740259543 0.1499999999998672
0 1.940259740259543 0.1624999999998963
0 1.940259740259543 0.1749999999999363
0 1.940259740259543 0.1874999999999654
0 1.952207792207591 0.01249999999997573
0 1.952207792207591 0.02499999999995712
0 1.952207792207591 0.03749999999992057
0 1.952207792207591 0.04999999999988333
0 1.952207792207591 0.06249999999984745
0 1.952207792207591 0.07499999999980887
0 1.952207792207591 0.08749999999977028
0 1.952207792207591 0.0999999999997371
0 1.952207792207591 0.112499999999769
0 1.952207792207591 0.1249999999998008
0 1.952207792207591 0.1374999999998381
0 1.952207792207591 0.1499999999998672
0 1.952207792207591 0.1624999999998963
0 1.952207792207591 0.1749999999999363
0 1.952207792207591 0.1874999999999654
0 1.964155844155661 0.01249999999997573
0 1.964155844155661 0.02499999999995712
0 1.964155844155662 0.03749999999992057
0 1.964155844155661 0.04999999999988333
0 1.964155844155661 0.06249999999984745
0 1.964155844155661 0.07499999999980889
0 1.964155844155661 0.08749999999977028
0 1.964155844155661 0.09999999999973712
0 1.964155844155661 0.112499999999769
0 1.964155844155661 0.1249999999998008
0 1.964155844155661 0.1374999999998381
0 1.964155844155661 0.1499999999998672
0 1.964155844155661 0.1624999999998963
0 1.964155844155661 0.1749999999999363
0 1.964155844155661 0.1874999999999654
0 1.97610389610376 0.01249999999997573
0 1.97610389610376 0.02499999999995712
0 1.97610389610376 0.03749999999992057
0 1.97610389610376 0.04999999999988333
0 1.97610389610376 0.06249999999984747
0 1.97610389610376 0.07499999999980889
0 1.97610389610376 0.08749999999977028
0 1.97610389610376 0.09999999999973709
0 1.97610389610376 0.1124999999997689
0 1.97610389610376 0.1249999999998008
0 1.97610389610376 0.1374999999998381
0 1.97610389610376 0.1499999999998672
0 1.97610389610376 0.1624999999998963
0 1.97610389610376 0.1749999999999363
0 1.97610389610376 0.1874999999999654
0 1.988051948051879 0.01249999999997573
0 1.98805194805188 0.02499999999995712
0 1.98805194805188 0.03749999999992057
0 1.988051948051881 0.04999999999988333
0 1.98805194805188 0.06249999999984745
0 1.98805194805188 0.07499999999980889
0 1.98805194805188 0.08749999999977028
0 1.98805194805188 0.0999999999997371
0 1.98805194805188 0.112499999999769
0 1.988051948051879 0.1249999999998008
0 1.98805194805188 0.1374999999998381
0 1.988051948051879 0.1499999999998672
0 1.98805194805188 0.1624999999998964
0 1.98805194805188 0.1749999999999363
0 1.988051948051879 0.1874999999999654
2 8 0 1469
5869
5870
5871
5872
5873
5874
5875
5876
5877
5878
5879
5880
5881
5882
5883
5884
5885
5886
5887
5888
5889
5890
5891
5892
5893
5894
5895
5896
5897
5898
5899
5900
5901
5902
5903
5904
5905
5906
5907
5908
5909
5910
5911
5912
5913
5914
5915
5916
5917
5918
5919
5920
5921
5922
5923
5924
5925
5926
5927
5928
5929
5930
5931
5932
5933
5934
5935
5936
5937
5938
5939
5940
5941
5942
5943
5944
5945
5946
5947
5948
5949
5950
5951
5952
5953
5954
5955
5956
5957
5958
5959
5960
5961
5962
5963
5964
5965
5966
5967
5968
5969
5970
5971
5972
5973
5974
5975
5976
5977
5978
5979
5980
5981
5982
5983
5984
5985
5986
5987
5988
5989
5990
5991
5992
5993
5994
5995
5996
5997
5998
5999
6000
6001
6002
6003
6004
6005
6006
6007
6008
6009
6010
6011
6012
6013
6014
6015
6016
6017
6018
6019
6020
6021
6022
6023
6024
6025
6026
6027
6028
6029
6030
6031
6032
6033
6034
6035
6036
6037
6038
6039
6040
6041
6042
6043
6044
6045
6046
6047
6048
6049
6050
6051
6052
6053
6054
6055
6056
6057
6058
6059
6060
6061
6062
6063
6064
6065
6066
6067
6068
6069
6070
6071
6072
6073
6074
6075
6076
6077
6078
6079
6080
6081
6082
6083
6084
6085
6086
6087
6088
6089
6090
6091
6092
6093
6094
6095
6096
6097
6098
6099
6100
6101
6102
6103
6104
6105
6106
6107
6108
6109
6110
6111
6112
6113
6114
6115
6116
6117
6118
6119
6120
6121
6122
6123
6124
6125
6126
6127
6128
6129
6130
6131
6132
6133
6134
6135
6136
6137
6138
6139
6140
6141
6142
6143
6144
6145
6146
6147
6148
6149
6150
6151
6152
6153
6154
6155
6156
6157
6158
6159
6160
6161
6162
6163
6164
6165
6166
6167
6168
6169
6170
6171
6172
6173
6174
6175
6176
6177
6178
6179
6180
6181
6182
6183
6184
6185
6186
6187
6188
6189
6190
6191
6192
6193
6194
6195
6196
6197
6198
6199
6200
6201
6202
6203
6204
6205
6206
6207
6208
6209
6210
6211
6212
6213
6214
6215
6216
6217
6218
6219
6220
6221
6222
6223
6224
6225
6226
6227
6228
6229
6230
6231
6232
6233
6234
6235
6236
6237
6238
6239
6240
6241
6242
6243
6244
6245
6246
6247
6248
6249
6250
6251
6252
6253
6254
6255
6256
6257
6258
6259
6260
6261
6262
6263
6264
6265
6266
6267
6268
6269
6270
6271
6272
6273
6274
6275
6276
6277
6278
6279
6280
6281
6282
6283
6284
6285
6286
6287
6288
6289
6290
6291
6292
6293
6294
6295
6296
6297
6298
6299
6300
6301
6302
6303
6304
6305
6306
6307
6308
6309
6310
6311
6312
6313
6314
6315
6316
6317
6318
6319
6320
6321
6322
6323
6324
6325
6326
6327
6328
6329
6330
6331
6332
6333
6334
6335
6336
6337
6338
6339
6340
6341
6342
6343
6344
6345
6346
6347
6348
6349
6350
6351
6352
6353
6354
6355
6356
6357
6358
6359
6360
6361
6362
6363
6364
6365
6366
6367
6368
6369
6370
6371
6372
6373
6374
6375
6376
6377
6378
6379
6380
6381
6382
6383
6384
6385
6386
6387
6388
6389
6390
6391
6392
6393
6394
6395
6396
6397
6398
6399
6400
6401
6402
6403
6404
6405
6406
6407
6408
6409
6410
6411
6412
6413
6414
6415
6416
6417
6418
6419
6420
6421
6422
6423
6424
6425
6426
6427
6428
6429
6430
6431
6432
6433
6434
6435
6436
6437
6438
6439
6440
6441
6442
6443
6444
6445
6446
6447
6448
6449
6450
6451
6452
6453
6454
6455
6456
6457
6458
6459
6460
6461
6462
6463
6464
6465
6466
6467
6468
6469
6470
6471
6472
6473
6474
6475
6476
6477
6478
6479
6480
6481
6482
6483
6484
6485
6486
6487
6488
6489
6490
6491
6492
6493
6494
6495
6496
6497
6498
6499
6500
6501
6502
6503
6504
6505
6506
6507
6508
6509
6510
6511
6512
6513
6514
6515
6516
6517
6518
6519
6520
6521
6522
6523
6524
6525
6526
6527
6528
6529
6530
6531
6532
6533
6534
6535
6536
6537
6538
6539
6540
6541
6542
6543
6544
6545
6546
6547
6548
6549
6550
6551
6552
6553
6554
6555
6556
6557
6558
6559
6560
6561
6562
6563
6564
6565
6566
6567
6568
6569
6570
6571
6572
6573
6574
6575
6576
6577
6578
6579
6580
6581
6582
6583
6584
6585
6586
6587
6588
6589
6590
6591
6592
6593
6594
6595
6596
6597
6598
6599
6600
6601
6602
6603
6604
6605
6606
6607
6608
6609
6610
6611
6612
6613
6614
6615
6616
6617
6618
6619
6620
6621
6622
6623
6624
6625
6626
6627
6628
6629
6630
6631
6632
6633
6634
6635
6636
6637
6638
6639
6640
6641
6642
6643
6644
6645
6646
6647
6648
6649
6650
6651
6652
6653
6654
6655
6656
6657
6658
6659
6660
6661
6662
6663
6664
6665
6666
6667
6668
6669
6670
6671
6672
6673
6674
6675
6676
6677
6678
6679
6680
6681
6682
6683
6684
6685
6686
6687
6688
6689
6690
6691
6692
6693
6694
6695
6696
6697
6698
6699
6700
6701
6702
6703
6704
6705
6706
6707
6708
6709
6710
6711
6712
6713
6714
6715
6716
6717
6718
6719
6720
6721
6722
6723
6724
6725
6726
6727
6728
6729
6730
6731
6732
6733
6734
6735
6736
6737
6738
6739
6740
6741
6742
6743
6744
6745
6746
6747
6748
6749
6750
6751
6752
6753
6754
6755
6756
6757
6758
6759
6760
6761
6762
6763
6764
6765
6766
6767
6768
6769
6770
6771
6772
6773
6774
6775
6776
6777
6778
6779
6780
6781
6782
6783
6784
6785
6786
6787
6788
6789
6790
6791
6792
6793
6794
6795
6796
6797
6798
6799
6800
6801
6802
6803
6804
6805
6806
6807
6808
6809
6810
6811
6812
6813
6814
6815
6816
6817
6818
6819
6820
6821
6822
6823
6824
6825
6826
6827
6828
6829
6830
6831
6832
6833
6834
6835
6836
6837
6838
6839
6840
6841
6842
6843
6844
6845
6846
6847
6848
6849
6850
6851
6852
6853
6854
6855
6856
6857
6858
6859
6860
6861
6862
6863
6864
6865
6866
6867
6868
6869
6870
6871
6872
6873
6874
6875
6876
6877
6878
6879
6880
6881
6882
6883
6884
6885
6886
6887
6888
6889
6890
6891
6892
6893
6894
6895
6896
6897
6898
6899
6900
6901
6902
6903
6904
6905
6906
6907
6908
6909
6910
6911
6912
6913
6914
6915
6916
6917
6918
6919
6920
6921
6922
6923
6924
6925
6926
6927
6928
6929
6930
6931
6932
6933
6934
6935
6936
6937
6938
6939
6940
6941
6942
6943
6944
6945
6946
6947
6948
6949
6950
6951
6952
6953
6954
6955
6956
6957
6958
6959
6960
6961
6962
6963
6964
6965
6966
6967
6968
6969
6970
6971
6972
6973
6974
6975
6976
6977
6978
6979
6980
6981
6982
6983
6984
6985
6986
6987
6988
6989
6990
6991
6992
6993
6994
6995
6996
6997
6998
6999
7000
7001
7002
7003
7004
7005
7006
7007
7008
7009
7010
7011
7012
7013
7014
7015
7016
7017
7018
7019
7020
7021
7022
7023
7024
7025
7026
7027
7028
7029
7030
7031
7032
7033
7034
7035
7036
7037
7038
7039
7040
7041
7042
7043
7044
7045
7046
7047
7048
7049
7050
7051
7052
7053
7054
7055
7056
7057
7058
7059
7060
7061
7062
7063
7064
7065
7066
7067
7068
7069
7070
7071
7072
7073
7074
7075
7076
7077
7078
7079
7080
7081
7082
7083
7084
7085
7086
7087
7088
7089
7090
7091
7092
7093
7094
7095
7096
7097
7098
7099
7100
7101
7102
7103
7104
7105
7106
7107
7108
7109
7110
7111
7112
7113
7114
7115
7116
7117
7118
7119
7120
7121
7122
7123
7124
7125
7126
7127
7128
7129
7130
7131
7132
7133
7134
7135
7136
7137
7138
7139
7140
7141
7142
7143
7144
7145
7146
7147
7148
7149
7150
7151
7152
7153
7154
7155
7156
7157
7158
7159
7160
7161
7162
7163
7164
7165
7166
7167
7168
7169
7170
7171
7172
7173
7174
7175
7176
7177
7178
7179
7180
7181
7182
7183
7184
7185
7186
7187
7188
7189
7190
7191
7192
7193
7194
7195
7196
7197
7198
7199
7200
7201
7202
7203
7204
7205
7206
7207
7208
7209
7210
7211
7212
7213
7214
7215
7216
7217
7218
7219
7220
7221
7222
7223
7224
7225
7226
7227
7228
7229
7230
7231
7232
7233
7234
7235
7236
7237
7238
7239
7240
7241
7242
7243
7244
7245
7246
7247
7248
7249
7250
7251
7252
7253
7254
7255
7256
7257
7258
7259
7260
7261
7262
7263
7264
7265
7266
7267
7268
7269
7270
7271
7272
7273
7274
7275
7276
7277
7278
7279
7280
7281
7282
7283
7284
7285
7286
7287
7288
7289
7290
7291
7292
7293
7294
7295
7296
7297
7298
7299
7300
7301
7302
7303
7304
7305
7306
7307
7308
7309
7310
7311
7312
7313
7314
7315
7316
7317
7318
7319
7320
7321
7322
7323
7324
7325
7326
7327
7328
7329
7330
7331
7332
7333
7334
7335
7336
7337
0 2.01013817216466 0.1057119703930599
0 2.120670695597249 0.01382156202507938
0 2.179857591200917 0.01424419631208935
0 2.24174851765196 0.1862796411634116
0 2.300894556847345 0.01396343062387906
0 2.364153878772047 0.0189480133102333
0 2.426999668690781 0.1857670889640771
0 2.49143976882196 0.01503952799170514
0 2.140622350128703 0.1866277279170644
0 2.557981988251515 0.01410349604635854
0 2.633505199936479 0.1844991720372427
0 2.693754767121511 0.01387123431483619
0 2.330626983770066 0.1854771286616558
0 2.757410360146626 0.01522606569519675
0 2.827592518502346 0.0143391459913937
0 2.242251885896396 0.01790220543696367
0 2.894522958059012 0.1809411341633891
0 2.537972446990481 0.1853714419200873
0 2.964078883397006 0.0143742582968124
0 3.033836661991701 0.01616420105981201
0 2.428364138118597 0.01318931827146974
0 3.082980507487383 0.1847193225588086
0 2.732873521592414 0.1853573038349882
0 3.138956322844716 0.01287368560604486
0 3.18955939995089 0.1846605174527472
0 2.796610738339582 0.1866644024827103
0 3.256819553162025 0.01474707756945661
0 2.626826961443131 0.01419997402777084
0 3.29532712650995 0.1842975294287983
0 3.358877685920309 0.01680223091557945
0 3.41266273650722 0.1831195395023885
0 2.995631246500163 0.1849170144513096
0 2.586309893619515 0.1857729146815672
0 2.198902652549587 0.1841513232318109
0 2.285232842522012 0.1861043526910589
0 2.484293992803847 0.1880013742984437
0 2.38138067470322 0.1858767874295093
0 2.682135419945671 0.1818166366672671
0 2.843383638092307 0.1849859848015556
0 2.096520762212915 0.1861556160052331
0 3.465651468406222 0.181455263009828
0 2.875765371744496 0.01458158784382899
0 3.514855613757676 0.1854757538913785
0 2.010625983625385 0.06703909070083412
0 3.568438642288442 0.1836663402528947
0 2.945340537113231 0.1845096123651497
0 3.631822710807196 0.01640743576230255
0 3.689305878557744 0.01664551765097533
0 3.740185082916515 0.1841913284035075
0 3.79327967397208 0.1835532098445748
0 3.083931039924869 0.01541305205270876
0 3.847338427150836 0.1829882611667769
0 3.138950322811477 0.1847422377299568
0 3.191571903245747 0.0145628604757533
0 3.242893794550302 0.1812276341654993
0 3.307356591336016 0.01535901451428498
0 3.432821649353716 0.01527932356378616
0 3.358189121518363 0.1870290829509902
0 3.490058080620444 0.01648994101131775
0 3.543354033120691 0.01651822089204041
0 3.896744447727208 0.01687111082314864
0 3.643909769455651 0.1844516087512858
0 3.767962141782552 0.01691448789150134
0 3.822771135163546 0.01699092117796971
0 2.009768847579332 0.1436486350654357
0 3.918427965746274 0.1822833421691828
0 2.069410322451077 0.0136737307096424
0 3.979084382952885 0.08811058636612573
0 2.048942720679725 0.1862973349820935
0 2.040468592897239 0.01273475441860326
0 2.908870346224347 0.01454208618981956
0 2.331183135686111 0.01433052857832302
0 2.398574911657485 0.0146771685919501
0 3.578718718854674 0.01646455454384799
0 2.211306842989164 0.01644300883963434
0 2.995451329090373 0.01509062963487464
0 3.728669287614031 0.02121094029571612
0 2.270787657548044 0.01401126545670859
0 3.399733364715926 0.01625727916352746
0 2.595116309276924 0.01398013312569668
0 2.725699196864621 0.01454778542106763
0 3.859620486269956 0.01667530175366468
0 2.794592092320267 0.01545781361360544
0 2.527701925838356 0.01403983487828273
0 2.763777650116935 0.1849182321121768
0 3.679606925622495 0.1846032519933986
0 3.937974494434521 0.02156842135804113
0 2.15010586253776 0.01400431711584254
0 2.458308395631704 0.01431586414636057
0 3.609643523135531 0.1844627415260549
0 3.034442440009006 0.1835715667191449
0 2.661901986623431 0.01642916637317984
0 3.973324786837319 0.1389709907418532
0 2.011453656347473 0.04083233735007215
0 2.009651425485403 0.167520269581937
0 3.951138411397113 0.177396190639664
0 3.979391333636778 0.04144891369656019
0 2.011711204387148 0.02008230817478944
0 2.021453488421686 0.1805880452004152
0 3.97939206367708 0.06434742201210242
0 3.959035852920844 0.07720349393830496
0 3.957242188779632 0.1003268713420984
0 3.937482265004423 0.0906715686533438
0 3.936460111821276 0.1133868191288595
0 3.918148874376925 0.1117861860544014
0 3.898456240181639 0.1142060887192287
0 3.89392399417783 0.09287284692066659
0 3.880461145199571 0.09802979496088121
0 3.87501826351799 0.1164307209740107
0 3.857442111631052 0.1023154379479571
0 3.869706575633293 0.08810771140040922
0 3.84244692456132 0.09101734179465014
0 3.843911020352903 0.1151545205638825
0 3.829161703462328 0.1032950655629654
0 3.831229023710458 0.08339781493406934
0 3.814963508060669 0.08865342678680771
0 3.813977770283527 0.1150888026060893
0 3.799455092197434 0.1030685605055449
0 3.799338860828946 0.08311586933098732
0 3.787438198392364 0.09015936551926895
0 3.783189117268512 0.1140480865289297
0 3.770776718870692 0.100254107351918
0 3.759168633871542 0.08650708885850195
0 3.741577982259657 0.09735062858818962
0 3.752841690139193 0.1108328874963971
0 3.724342588539038 0.1075777934048004
0 3.734656524595481 0.1209881087161773
0 3.707484003603186 0.1172810557840595
0 3.71168738675575 0.09540407123678837
0 3.695261759809095 0.1051893580012666
0 3.697670245444726 0.08406997502128986
0 3.681490073516606 0.09389862590493946
0 3.678946715874719 0.1146762102543301
0 3.665100279294297 0.1035319110605278
0 3.667427214462245 0.08285833555519799
0 3.650520485933425 0.09273752927920413
0 3.648979925888757 0.113225478272854
0 3.633844246551061 0.1024311007575453
0 3.635770235293502 0.08217101001728458
0 3.618326827900717 0.09214181059847007
0 3.617445753248961 0.1117257996134065
0 3.601762940157174 0.1015723787831742
0 3.602517995755292 0.08157652637431949
0 3.586067932568779 0.09120154432756607
0 3.585412512396276 0.1109952136435948
0 3.569883261668012 0.1009832992423346
0 3.570329044319135 0.08119030720960091
0 3.55430660137664 0.09099080671463088
0 3.554427815065563 0.1106422291644273
0 3.538905808507152 0.100520186694972
0 3.539470348723758 0.08016176651201468
0 3.523656504576805 0.08908549198574964
0 3.524740987921643 0.1108151919017193
0 3.50908575836929 0.1002206871985231
0 3.512041652317799 0.1221111015709833
0 3.49640941647133 0.1122031221814448
0 3.492647215520599 0.0894273261915825
0 3.480518645709263 0.1022631308224497
0 3.475493750993767 0.07935983064188791
0 3.464317677422773 0.092232709366079
0 3.452679707802641 0.1042590017557918
0 3.436509006366322 0.09426125086104475
0 3.440468301320596 0.1156249816874552
0 3.424433259233457 0.1059393764264655
0 3.420121523303535 0.08413766367167441
0 3.408270516312762 0.09614921094985229
0 3.412229130420758 0.1177736412577248
0 3.395431768727647 0.1080369989882887
0 3.392386951524788 0.08652167232772175
0 3.379287086554716 0.09783939595618463
0 3.381211842960848 0.1229486777650891
0 3.365817912811099 0.1088454547203123
0 3.364013399804656 0.08795609245329727
0 3.350772419444767 0.09869018932747842
0 3.353316653644333 0.1187297069851081
0 3.338344446818359 0.1102884161715928
0 3.335273108657038 0.08866905942029038
0 3.32236400418398 0.09978920456515183
0 3.30990322802408 0.1110195652880677
0 3.305669905573787 0.0890049738361523
0 3.293026689100431 0.09995960167004281
0 3.280806474001344 0.1109976173168174
0 3.275533417393913 0.08898114067728441
0 3.263043957834376 0.09997877173258984
0 3.251096325570749 0.1110490649532066
0 3.244781641020413 0.08894079925756664
0 3.232926105285648 0.1004855549587022
0 3.222305482731121 0.1115796027489687
0 3.210330016949655 0.1049979624831675
0 3.210426155722954 0.09178028287622608
0 3.188818275936113 0.09896935028304238
0 3.198600070590671 0.1114074208759846
0 3.172252833451901 0.1079666479593902
0 3.176954277676101 0.08685570519945629
0 3.160564436356837 0.09574754923658421
0 3.156159742838958 0.1170645852492355
0 3.145276989915849 0.1046260810949828
0 3.147395609384469 0.08481847531609871
0 3.132428335938713 0.09398293611005146
0 3.132269977862834 0.1135003257419025
0 3.119530451521113 0.1040005076304656
0 3.118650663031096 0.08386320958595794
0 3.104911172442297 0.09454688762371283
0 3.11019241018238 0.1158661773558847
0 3.094638803862394 0.1079567991676122
0 3.089576496042726 0.08355562870361352
0 3.073565356946848 0.09928474508661272
0 3.071592979923979 0.1198693005124371
0 3.056335778024596 0.1037787808233241
0 3.058623334737793 0.08375997466250365
0 3.046356362154192 0.09540976438658684
0 3.034974604462416 0.1066274604352451
0 3.022391302204039 0.09647649368204925
0 3.022471800530429 0.1174278172294848
0 3.010881472440301 0.1065381377183631
0 3.01301964454254 0.08905051033117549
0 3.001809506808439 0.09446119621673978
0 2.997315725972101 0.1166595045536781
0 2.986598466419735 0.1033301726492163
0 2.977781312570956 0.09010398627528299
0 2.966667278931333 0.09661387530855878
0 2.966292917793568 0.1112601410209647
0 2.946646691352152 0.1027657119121264
0 2.955441855226202 0.09026960535696457
0 2.931120881524025 0.09409855395845199
0 2.936993198774197 0.1153726793235849
0 2.921276826918231 0.1066752265032605
0 2.916263052709347 0.08511190792503723
0 2.905780639882336 0.09757212843354326
0 2.912544882354646 0.120273281000944
0 2.893218397196988 0.1126268586857827
0 2.89206984302115 0.08732204269431154
0 2.879180245322041 0.09776388871114046
0 2.878406259237078 0.1173683759354545
0 2.867741660103447 0.1098841355106243
0 2.863392393758406 0.08218096716169783
0 2.852021170915109 0.09954856570419389
0 2.842695585160978 0.1128617175489113
0 2.832515614316657 0.1054399601003542
0 2.831789510592208 0.09147243633048696
0 2.814831129860752 0.09893719038494059
0 2.822186555516065 0.111032304970714
0 2.80049929800982 0.1065648235435358
0 2.808103573375631 0.08608478442886094
0 2.793357611844625 0.09371738382986339
0 2.786123685513626 0.1148194199215578
0 2.778554469860791 0.1019443505299901
0 2.771062789210434 0.08825231431345454
0 2.755271661459195 0.09715300420871223
0 2.764053044094603 0.1108072821342039
0 2.741100463276179 0.106177159660977
0 2.744509777650538 0.08002975573538561
0 2.7310846471915 0.09476626887410872
0 2.731673989694794 0.1119273691727794
0 2.722617114084156 0.1063159155701212
0 2.718173413314755 0.1192334976366998
0 2.704354018830271 0.1134696183846101
0 2.71000611473149 0.09863200767709107
0 2.689324860442126 0.1083450817234582
0 2.693344555571089 0.08797796231609806
0 2.674250580815334 0.08739187800713445
0 2.673050994914743 0.1048713983825494
0 2.653899718136924 0.1017693497478325
0 2.658506676133561 0.08226879821667364
0 2.638176861167473 0.08951521369237157
0 2.64297577831538 0.1088918312654456
0 2.633122445754736 0.1028327964183466
0 2.623552603680988 0.08049728774080106
0 2.619192911968922 0.0946462548021314
0 2.614630815458737 0.109843383702077
0 2.599508514171643 0.1005075587083692
0 2.604308399818099 0.08591437860476978
0 2.584985129271528 0.09139657532383016
0 2.578384773507406 0.1041623637175
0 2.565272128741266 0.09568765189502626
0 2.568568377428624 0.1149796444407009
0 2.555463472175123 0.1053571843419807
0 2.556060912717841 0.089331237426666
0 2.54290406115062 0.09280942324298697
0 2.54321514581055 0.1148240593244738
0 2.530570209985151 0.1047617344697639
0 2.529103376495327 0.08787795790981812
0 2.519746616683127 0.09450790502664469
0 2.516641476246678 0.1140926214715142
0 2.506129256473686 0.1026047669586107
0 2.49786244137875 0.09164477981328834
0 2.487787516327042 0.09682342309885786
0 2.486936315155997 0.1092128577489106
0 2.468630085404909 0.1013788362630763
0 2.478194575428327 0.09029434311692811
0 2.455277851108081 0.09324482539061693
0 2.457406301828084 0.1121663786863941
0 2.444968893885692 0.1029940512177648
0 2.445623829616417 0.08744033245489917
0 2.435523961993983 0.09257651271525072
0 2.431872215217684 0.1114369712276134
0 2.421690702953966 0.10010680337549
0 2.412770896615791 0.08884355670774052
0 2.403023604949912 0.09504669403335733
0 2.403009072939652 0.1071271195473114
0 2.384658888315079 0.1002476460646566
0 2.393276126791411 0.08958624278609618
0 2.371429936309402 0.09206202593071902
0 2.373774403114515 0.1107021329032487
0 2.360111782753846 0.1016776534362539
0 2.362346486878973 0.08509811322890382
0 2.34777784922712 0.08958860463971459
0 2.347115215690448 0.111235115482268
0 2.333555416990613 0.1023579095429255
0 2.333993333144416 0.08546226527258895
0 2.320064999052074 0.09550656690411571
0 2.319717424162048 0.1116634663378059
0 2.305919673068305 0.1027976161179341
0 2.302046337729038 0.08438406422600395
0 2.293242212755328 0.09352744083242348
0 2.292616479471482 0.1109806745553183
0 2.28043318442083 0.101116797917529
0 2.284569461324088 0.08338357929997475
0 2.271516431842885 0.08920969527484413
0 2.266305641342564 0.1095219248332188
0 2.252272680861083 0.09743618364902219
0 2.252715080825387 0.07844113296574214
0 2.239669109830955 0.09160351661476787
0 2.239249214500912 0.108760985779954
0 2.229838039732776 0.096928126973468
0 2.225799161089531 0.08365845557863394
0 2.211799118528969 0.08683405335177544
0 2.212480355131702 0.1037644547732446
0 2.199161134043596 0.09972149246401096
0 2.198330756149971 0.08934160820587089
0 2.185275370197822 0.09323521820082963
0 2.190021294235856 0.1060295103105927
0 2.171501457008686 0.09823085523758122
0 2.169449247882678 0.08289031289843794
0 2.15586565789252 0.08699808653001102
0 2.157030691399653 0.1017550627049423
0 2.143644062450401 0.1036977874304818
0 2.144016619304414 0.1141431216753812
0 2.131045767870738 0.1055756643490876
0 2.129559569663263 0.09219201984948837
0 2.117662452162195 0.09319355571812485
0 2.117718517022282 0.08419641388950742
0 2.1061852626559 0.09059184228302467
0 2.104868344884003 0.1039389061909451
0 2.092036158147724 0.09984259406571894
0 2.091093033240508 0.1140725332921713
0 2.094020458476396 0.08555819067133537
0 2.079563988911656 0.09651500262460616
0 2.08110530170435 0.08110387477162009
0 2.134356763987566 0.118555285703129
0 2.156164013224214 0.1198323242236316
0 2.15451624959411 0.07586120289604702
0 2.068021334817827 0.07898827121656965
0 2.067322548428866 0.09461752483690333
0 2.581261222495453 0.1253375265443155
0 2.098685418652165 0.07203687335024438
0 2.707674473863506 0.07526219150994654
0 2.589510222463001 0.07742857711714005
0 2.165341835543205 0.0651931777451613
0 3.52848380499715 0.06672535537648332
0 2.701744447458215 0.1293144624281591
0 3.032445675265347 0.1298075966111539
0 2.568848886059302 0.1348198604780404
0 2.731913290612906 0.12278455849161
0 2.685199475641284 0.06992888369642641
0 3.044303806484955 0.07334220479950004
0 2.055168637664529 0.09343238543303314
0 2.054725919258937 0.1078989429062959
0 3.458997666535328 0.06908774959343511
0 3.484248247070957 0.1237476607611099
0 3.747921810185585 0.07239794773684488
0 3.05321410757568 0.06088103842845114
0 3.52764643532707 0.1321742253661874
0 2.150874367118481 0.057885237435222
0 3.01888703114305 0.1381596042665415
0 2.698912350239483 0.05941108620837912
0 3.717217077496026 0.1305386430130854
0 2.593931210625286 0.06357844113349084
0 2.578141788033673 0.1452648852241433
0 3.742056322714316 0.1361594204099925
0 3.763293401063212 0.06481627738214985
0 3.540188991450938 0.0624959755780934
0 2.170303033054834 0.04532819241221563
0 3.524025139824198 0.05055260173818542
0 3.468302214479901 0.05658674493594137
0 3.457702487395234 0.04949168653478841
0 3.03848050503948 0.1444421833271729
0 2.568794527843061 0.1506056426846888
0 2.687048727524207 0.05201475278085516
0 3.748172209327903 0.04975973430652252
0 2.598254218350198 0.05005005443476132
0 2.043338932923924 0.09174098858658832
0 2.042980806162014 0.1057024363284406
0 2.054384807463329 0.1220718053332251
0 2.043734570745358 0.07754270704500588
0 2.042650766068314 0.1195636388349921
0 2.053953506069462 0.1362038897985606
0 2.042279271144134 0.1332697709437447
0 2.053135322106094 0.1498478228154937
0 2.065734219102171 0.1382740621282598
0 2.064555071012679 0.1524083169686343
0 2.077474843513158 0.1402010559151923
0 2.041701283914035 0.1465874478656263
0 3.042778350331175 0.05650120065918293
0 3.056111995095764 0.04648800858656782
0 3.939815940451298 0.06813011491772838
0 3.024114167423492 0.1506620169919947
0 2.076121208278009 0.1546592480308773
0 2.088224396179132 0.1564270957316166
0 3.936564585812646 0.1294471509751694
0 2.156466367841964 0.04371788238713048
0 2.141931000685181 0.05318823221359666
0 3.923004099788009 0.1389471775450271
0 3.724943725961058 0.06022074169971706
0 3.442853159611923 0.05384723807673891
0 2.575077572576867 0.07001058009624489
0 2.57971157495093 0.05599412688022584
0 2.560391197514946 0.06439564263838146
0 3.033560124748051 0.06278855163369883
0 3.027860254804108 0.0497949188753004
0 3.012627537730061 0.0551526899222128
0 3.009966717161404 0.1437806681332632
0 2.556705309091999 0.1460167514161594
0 2.555664142451337 0.1604235624422312
0 2.543626627957218 0.1499691325001327
0 2.677767796968252 0.05683413200102354
0 3.45615630749356 0.1251580632164968
0 3.444130271412064 0.1362756162416658
0 3.459237274641402 0.1454913743226404
0 3.448215465153023 0.1566310462172059
0 3.433968343097019 0.1481163172826659
0 2.726633552750117 0.07309080436414486
0 2.745409700505686 0.06011806733971212
0 2.729929871891301 0.0590067407526098
0 2.745067471939723 0.04424738167267815
0 2.103637530589956 0.1178032915666326
0 3.05415882926057 0.1389909852137723
0 3.055774465228072 0.1554656777285974
0 3.070287708068595 0.1542725919086973
0 2.591134286134309 0.1382809153992233
0 2.596947762120411 0.1535398728967647
0 2.612281808068126 0.1509719724360429
0 2.612650359027329 0.05776337740596903
0 2.761312937357586 0.05744911416222208
0 3.072084559294774 0.04695923396078472
0 2.031954804707617 0.08869167688112697
0 2.182960515161187 0.06213740437782007
0 2.184707175384377 0.0454610219059273
0 2.197256209504787 0.05987468574984831
0 2.700091978760382 0.04226170165979119
0 2.615745572779157 0.04296223254500789
0 2.630764277220424 0.05015708468390884
0 2.628230814687206 0.1512635102290525
0 2.670240560280983 0.04123148554337067
0 2.759413058812513 0.04254248595560337
0 2.776330177710284 0.05233227667261646
0 2.564383266975965 0.0461247863671977
0 2.546296564762292 0.04434172830828904
0 2.729982083759627 0.04398497540292153
0 2.198214422379047 0.04485677513646524
0 2.210370742316196 0.04353295624087162
0 2.126087735330182 0.07996824177216405
0 2.118197629856975 0.06956234362981517
0 2.031371562146663 0.1157854287097195
0 2.03247569291175 0.07507708687096812
0 2.044058189235529 0.06401415645249377
0 2.033627203676048 0.06190651739398074
0 2.044054815189734 0.05421925846415911
0 3.764567966620936 0.05127434020000407
0 3.781350213910629 0.05226129076578101
0 3.783456656552612 0.03441539135122364
0 3.799126897591272 0.05270113970259144
0 2.77250156563403 0.03875077230376439
0 2.790291637578844 0.04727373228636506
0 2.545044034206636 0.06046367637457351
0 2.529822114458319 0.05627783847769498
0 2.531844697033922 0.04144523320708818
0 2.515892470828684 0.05102966565539574
0 2.510423377648542 0.06344013648433559
0 2.501550837829432 0.0574955010917745
0 2.660723507061897 0.04961716084352921
0 3.940967538006447 0.1526024304974538
0 2.036788181474199 0.05004181008130431
0 2.042089840055596 0.03940118361331607
0 2.05267559849401 0.04732246749787026
0 2.034504514738632 0.03512139020577234
0 2.05593810518241 0.03607159254019592
0 2.066733681636202 0.0473751167209133
0 3.506596278678368 0.05086802053899945
0 2.627823284080302 0.1335808800538292
0 2.643232287185998 0.1363655694678396
0 2.64366053263644 0.1528613018559706
0 2.658668507788048 0.1544700559445184
0 2.659148748312575 0.1706505173523854
0 2.675733876634495 0.1572126425481931
0 2.672876929117157 0.1390359584942725
0 2.686297210709542 0.1514623449788042
0 2.795304022503142 0.06014183969163065
0 2.8056459884527 0.05525183929236653
0 3.732296190147558 0.04505716845751248
0 3.709620117183334 0.05175991088769249
0 3.08462049259228 0.1557230068335068
0 3.086225758351377 0.1401287533924579
0 3.101090746588678 0.145102203240816
0 2.143587161512685 0.04241149915450757
0 2.130891411365474 0.04215067602005661
0 2.502527102049378 0.04746402733830872
0 2.485751013317883 0.04768338580922615
0 2.492443660461062 0.062340370923123
0 2.471759403302409 0.05839054181895205
0 2.474136198948338 0.04086816036284849
0 2.464032059544028 0.04687213886265351
0 2.462224443904353 0.06506744433128428
0 2.449716961670929 0.05828104998638644
0 2.442033317390882 0.04196473392815441
0 2.432393284068386 0.04751515782111511
0 2.431435863140068 0.05876328316384419
0 2.417006076376342 0.05433239083901027
0 2.422510055164134 0.04142878562565909
0 2.403063344815404 0.04851696786677087
0 2.39836780493208 0.06080841081713664
0 2.389899643182179 0.05610138309959541
0 2.389595560388688 0.04644055448278097
0 2.37672722657075 0.04922603234750291
0 2.381600415192384 0.06163141905157787
0 2.363203423092985 0.05387430716769042
0 2.36030536013954 0.03936359532422701
0 2.347515885467367 0.04227615395695603
0 2.348585737419286 0.05709014786313443
0 2.334139301838196 0.05836585332757054
0 2.210699517186284 0.05741707625901776
0 2.223865382920687 0.05410530896749136
0 2.222052229036404 0.0403983031165872
0 2.236938558873282 0.05050730876976836
0 2.238185878325123 0.06573602734733675
0 2.251678101882865 0.06269170539724815
0 2.250192123255798 0.0472599239704645
0 2.263738545613117 0.04460956090037902
0 2.599758273580978 0.1695699003562057
0 2.265227631398687 0.05989048687957535
0 2.278850394749867 0.05747535671056218
0 2.2774828628247 0.04289129370817005
0 2.292269608480141 0.05669978026997143
0 2.292743999006567 0.07006542986221728
0 2.305936912453653 0.05740857905215342
0 2.305406451297365 0.04273260211025763
0 3.070302081925239 0.03050003720805197
0 3.088087062790445 0.04451390004847386
0 3.460510895770815 0.03754334093446549
0 3.540142745741414 0.05004300662366917
0 3.555850799362017 0.05041948074409511
0 3.097938685097014 0.1597696486119143
0 3.115538529435887 0.1499755794620779
0 3.118549388080721 0.1355929103311804
0 3.131902683644608 0.1387109089119989
0 3.111419553287694 0.164621839569133
0 2.333737568830559 0.04323748025142084
0 3.557854882140858 0.03329625942994788
0 3.572234533452129 0.04996968485695956
0 3.054393713641674 0.0308108301694691
0 2.80414005021367 0.04462134328888222
0 2.818552249001572 0.04416281642840456
0 2.820065416808336 0.06398191699571487
0 2.834262762277383 0.05572751439148996
0 2.57500058344496 0.03853345881907813
0 3.010765654583423 0.1539297080971862
0 2.996765374231773 0.1536069477386974
0 3.426126390872727 0.1605269493522103
0 3.412523652189776 0.1530249799151588
0 3.439223864555111 0.1686063376382878
0 3.009774155106189 0.03988475968508272
0 2.996014343299506 0.04274276384946061
0 2.996506112597217 0.05819714074333841
0 2.981465554836223 0.05848250310373962
0 2.981688678466377 0.04311451702177854
0 2.967483070573031 0.04183818106671327
0 2.966657789913637 0.05698262151260167
0 2.951612934727133 0.05282355012922829
0 2.954207423256467 0.03812247209066399
0 2.93746610645608 0.04760482489701007
0 2.932855946901125 0.06066138910775303
0 2.922986552051493 0.0552656519553355
0 2.941094800127952 0.03339231343654161
0 2.132708010618201 0.02801427179684821
0 2.11804948617435 0.04186641880964301
0 2.541990981442993 0.1591176970941825
0 2.528457937863668 0.1562393889940853
0 2.533660364777815 0.1442554587023377
0 2.514325031046413 0.1547713476967016
0 2.515002851819109 0.1644348548327829
0 2.499735028189441 0.1574779086209009
0 2.493419177953188 0.146330289554554
0 2.554764819126209 0.1731010752482872
0 2.021020982518396 0.08462516990663288
0 2.062212940164951 0.1652145333223608
0 2.072980086005846 0.1683408890643743
0 2.160498306299529 0.02875257558359168
0 2.50646092184971 0.168792849034279
0 2.833171569058463 0.04426598185397287
0 2.847702968766612 0.04509930049730991
0 2.846594223332791 0.0296737128584502
0 2.861733445198055 0.03005937231712976
0 2.862422649428062 0.0459537209056619
0 2.877796741272159 0.04562158660291241
0 2.878676195014819 0.06114803898929039
0 2.893609781057285 0.05997031040560841
0 2.893527676862151 0.04495000839177099
0 2.030651115534412 0.1423219808149984
0 2.029797581956396 0.1550734777758054
0 2.040621071985399 0.1591961517422907
0 3.054906984921028 0.1706906407851789
0 2.655376086840331 0.03136441859914223
0 2.601996254772257 0.03659956561513705
0 2.6339295982269 0.03194881602022986
0 3.717587536780457 0.03838449050145132
0 3.699554566414788 0.04598163841744216
0 3.801278014458761 0.03461578634752493
0 3.819305446989301 0.03457371246664184
0 3.817197068120765 0.05252426868828541
0 3.835094034955723 0.05248698261851176
0 2.188955055495629 0.02968357723865487
0 3.069119343517762 0.1702977438325387
0 2.022703639514072 0.05777189810077135
0 3.977782603463959 0.1126574509440995
0 3.918574219460867 0.1631954649618192
0 3.900633209534587 0.1607867990809102
0 2.614914316767826 0.1684136695471903
0 2.68932530141594 0.1684584748211283
0 2.69550293990846 0.1574591615344563
0 2.699299777358082 0.1745886242976596
0 2.710642966063378 0.1678107483587616
0 2.713934772196325 0.1499359667909673
0 2.729399046071003 0.1541045099756988
0 3.786311991537127 0.01706574995884898
0 3.027787068187582 0.1651526087467402
0 3.960132581573732 0.05531624918349209
0 3.960281952296689 0.03562369071721579
0 3.943398686220897 0.04829200062370582
0 3.921653153198331 0.0603376365993808
0 2.117932087716826 0.05243710218638933
0 2.105086218881627 0.04183888418145632
0 2.104872394012066 0.02790991984147597
0 2.092296813359747 0.04300860518964444
0 2.090477545253413 0.02876018478245348
0 2.094126049203987 0.05387097701829881
0 2.076499309993277 0.03115789435374881
0 2.602098466485057 0.1850133547839824
0 2.334141071120642 0.07368449041841936
0 3.92720738928469 0.04149714368576714
0 3.904390175109778 0.0546050268139232
0 3.901115556498252 0.06895142228064058
0 3.887283974715654 0.05194693746292594
0 3.891238545293331 0.03439201353177728
0 3.870413730282297 0.05139481301121645
0 3.869663920753186 0.06503254514661547
0 3.853160449453109 0.05201742699063078
0 2.035043984169891 0.1851598075789782
0 3.855410508919183 0.03402279767321786
0 3.900016404484547 0.138252751103475
0 3.880195409363004 0.1408942102315903
0 3.882248689495064 0.1618259262599801
0 3.862271690286422 0.1455057923462955
0 2.055030081921021 0.01328590820490962
0 2.518164091237522 0.1817829087319319
0 2.031106767108423 0.128998528756235
0 2.020394650435208 0.1239990800370927
0 2.348985657253259 0.07239472710414255
0 2.319648654716039 0.07382548618369822
0 3.883444864173096 0.1813728261914225
0 3.93521368190747 0.1696439270156272
0 3.947796753760485 0.13752426258562
0 2.031717095438676 0.1021423150654888
0 3.427966218717444 0.03006485833839534
0 3.421489976990233 0.04497317444854046
0 3.413301045971727 0.06018529407443869
0 3.396324629944626 0.05124511854560215
0 3.403408179711762 0.03400053411883509
0 3.38139114219445 0.04341391038303485
0 3.372776552887861 0.05616138454520505
0 3.359186608022151 0.04794908149900209
0 3.367588800298452 0.03618325237660807
0 3.35030520229548 0.04206463500268254
0 3.348267764229053 0.05750040154608458
0 3.339440893133878 0.04568680929727355
0 3.338105381554223 0.03145458913113253
0 3.319149569724055 0.05191385481682925
0 3.299101133558733 0.04788759502770719
0 3.321367665071894 0.03206624239778495
0 3.303113052538692 0.06698148667953494
0 3.287006972985097 0.05700304834052959
0 3.286843282413205 0.04036283697103055
0 3.271824162662904 0.04538609079969018
0 3.272566565378597 0.02891886507309365
0 3.257883114159368 0.03943963948016596
0 3.257683895767426 0.05625933260473746
0 3.24665321472723 0.04411832215251046
0 3.242301431161443 0.06611565614389787
0 3.225600615625843 0.05061544400929313
0 3.224682824654179 0.03130800507737939
0 3.204329617642881 0.04410087455656031
0 3.207907041730984 0.03007863516492371
0 3.193220018591915 0.03934436984281629
0 3.193546638535468 0.05595861074548375
0 3.179887909991319 0.04737601422784886
0 3.179986803153727 0.02638866592495301
0 3.164223333645878 0.03703790630370274
0 3.164051107081026 0.0556457832927556
0 3.148707515095289 0.04226516718326534
0 3.223265516566558 0.01542192855698721
0 3.162195166877765 0.02130412892550067
0 3.148831599196614 0.06490942869401634
0 3.13519164327035 0.05440741128318859
0 3.133217468012448 0.03825152325040165
0 3.123866406988483 0.0441483405026256
0 3.115052473496041 0.0329680746176495
0 3.120824381868587 0.06347478812781743
0 3.102200460275236 0.03927371460257306
0 3.163032871935496 0.0756670142311017
0 3.133809548623694 0.07429608848591523
0 3.105431372742621 0.07258848424534148
0 2.672551745030724 0.02841841118521219
0 2.644732034730438 0.02543432123829974
0 2.616364516886413 0.02665707121721694
0 2.925474874815964 0.07278150798232419
0 3.226922823130788 0.07760745921608306
0 2.99636368454044 0.1692922677179106
0 2.980964036913037 0.1524628630238313
0 2.964721008289143 0.1530554522028716
0 2.980329162372236 0.1691724193732933
0 3.974304870445343 0.1645389752061005
0 3.85581702258163 0.1286977312985794
0 3.844721262740114 0.1353547728970586
0 3.845950975043782 0.1482831553552445
0 3.829972575842615 0.1488751275946655
0 3.829959160926875 0.1663404295020035
0 3.813429693085775 0.149361138644078
0 3.813728969209406 0.136091411066216
0 3.796737431236047 0.149648109704546
0 3.795485849615682 0.1666657012843932
0 3.779839910279613 0.1491613237496207
0 3.778128506788169 0.1666420732855382
0 3.760931610162959 0.1671719622237506
0 3.78071120889276 0.1355401634705667
0 3.757203781883388 0.1837921835713142
0 3.258682832402784 0.07791633914667793
0 2.106665854485405 0.05768534759679964
0 2.129754152989776 0.05766370623949137
0 2.141299032071878 0.07271217112268558
0 2.078882131815714 0.1112565806098333
0 2.02754938953721 0.1672400954298892
0 3.289135774831256 0.0781638543382759
0 2.483372381176515 0.1338139210210359
0 2.466707059434309 0.1435560341859874
0 2.477138311259812 0.1587754594223163
0 2.451066977670467 0.1518729032918138
0 2.457318475551094 0.1656138278143101
0 2.437353206076843 0.1586713157972046
0 2.441544697472288 0.1407579018926987
0 2.428452220175908 0.149465235925054
0 2.42837285880636 0.1634576245374586
0 2.41917730262878 0.1596885978211277
0 2.414642855151938 0.1722234923353164
0 2.401494061366927 0.1538245098134407
0 2.383036543719843 0.1591910520695653
0 2.388162754962374 0.1400884299684999
0 2.374919514090701 0.1488108293224717
0 2.373102273976977 0.1627142171102547
0 2.365015184023538 0.1576009662082905
0 2.358078633652296 0.1682349829582281
0 2.345834245654603 0.1626686978402916
0 2.352248203891434 0.1507427153256722
0 2.33260955423634 0.1591133813663707
0 2.333892294884239 0.1431359909807214
0 2.319183649284259 0.146562266181147
0 2.318482377778258 0.1576729788832392
0 2.303898918268607 0.1572176690867548
0 2.305513724571117 0.1365673679642279
0 2.286856499760481 0.1464733320670794
0 2.289431801369354 0.1586374865515564
0 2.277360917668656 0.1508816547245434
0 2.278718994537602 0.1371778192265802
0 2.269432093485743 0.1465266659638342
0 2.26455992312471 0.1574032044775842
0 2.251552599230516 0.1537317090472789
0 2.256752051770237 0.1406663446499233
0 2.237155210179064 0.1518829972772721
0 2.236978170869818 0.1661006532445585
0 2.222825035389427 0.1527648168973691
0 2.224613732824882 0.1672145801963739
0 2.20987830246743 0.1536146458387036
0 2.209914549768529 0.1436507144778738
0 2.197061464809899 0.1524731677431516
0 2.201043669774708 0.1390566381136453
0 2.182742347067761 0.1517074068956176
0 2.183127089680361 0.1683648219778762
0 2.16732535610571 0.1541442615446015
0 2.168838066637667 0.1698744253955354
0 2.152747201217682 0.1589882980725624
0 2.211260827875147 0.1682040959400481
0 2.147672093431278 0.1456496286194974
0 2.142747987247598 0.1633734328364126
0 2.132293917912965 0.1562343234058383
0 2.128369634516575 0.1730356586824344
0 2.114959461703411 0.1576285082613917
0 2.113458576356195 0.1431820101729591
0 2.229905101849069 0.1830252436946166
0 2.399585465516683 0.1715031760492894
0 2.184203914244328 0.1318263280471916
0 2.169656649022939 0.1850686135640853
0 2.140671702605853 0.1316530097386908
0 2.210939374987669 0.128275654433735
0 2.238005525416226 0.1339665700580347
0 2.126474425458337 0.138845105679115
0 2.347894274778764 0.1307299310834998
0 2.113952968644305 0.1723713723793769
0 2.374894376913709 0.1300306608064715
0 2.252573571058247 0.1198159610934395
0 2.225050285557889 0.118544598167932
0 2.199467139544914 0.1175429821581322
0 2.402498111080432 0.1302212467319219
0 2.111025352424249 0.1329748650286133
0 2.479059168173347 0.1756082505885911
0 2.462283552159301 0.1831811774259902
0 2.4298624316467 0.1307425998438561
0 2.33356771449248 0.1210167707188762
0 2.36097273699985 0.1206513419402052
0 2.388310424456368 0.1198527722214168
0 2.163546711700824 0.1381356944747683
0 2.417109322666177 0.1201616120118158
0 3.837606944940841 0.03439424720734579
0 3.319552740366532 0.0777384256138373
0 3.698666261230395 0.06279335897476969
0 3.6883711135436 0.05161058039996907
0 3.68168629384217 0.03558348304963029
0 3.662969556725832 0.04809031998701591
0 3.668731559838307 0.02837265618671849
0 3.656196572630591 0.03493920187529099
0 3.639468915925656 0.04350920835558059
0 3.64451719895987 0.05840438908717149
0 3.622281326873208 0.04868488298819696
0 3.625504082574959 0.03224418156313563
0 3.605405777304694 0.0495461362836291
0 3.609057767967706 0.03273068493748606
0 3.591983811465417 0.03296218082170781
0 3.60378084393279 0.06248015924166768
0 3.64997792574905 0.01770337575777568
0 2.443891921323245 0.1216008031073054
0 3.023395491724469 0.03539709980313276
0 2.940249669312569 0.08149886990890394
0 2.902661942569689 0.07641433195678039
0 2.961292401835827 0.1379410551387936
0 2.950782491899463 0.1424040314120644
0 2.949702645965711 0.1531037217433313
0 2.935387354653487 0.1491553141860404
0 2.93001058063886 0.1671912932442013
0 2.913856553917849 0.1552198385944743
0 2.920871568945717 0.1418261706051149
0 2.900733065878383 0.1472707195575318
0 2.915018296844522 0.1733965950293863
0 2.906452929246218 0.1344911799983379
0 2.891458570471083 0.1416773412358605
0 2.894026387055917 0.1593584822847241
0 2.880432406100716 0.1491985938409376
0 2.877247441962428 0.1680881243545408
0 2.86135945543783 0.1496865017591372
0 2.844913341644011 0.1528330765790004
0 2.845552069675999 0.1693794492083748
0 2.83005921492207 0.1575790534081728
0 2.824710922785493 0.1439979935365635
0 2.810548458271041 0.1513332569806042
0 2.816767145823695 0.1635836623654995
0 2.797450844736066 0.1584337404079841
0 2.802560128382274 0.1392770814967939
0 2.789264252786949 0.147443636271354
0 2.788118516821442 0.1633905398063322
0 2.779022171616321 0.1570005957403701
0 2.780441670868755 0.1356896246248021
0 2.764920722121817 0.1449718689554858
0 2.758681229728431 0.1620890610364299
0 2.762319707399348 0.130025624866447
0 2.746532040785415 0.1413967240678611
0 2.772535388164995 0.1233146722605297
0 2.892374787732347 0.1306975051845957
0 2.928077112750846 0.1284160672941666
0 2.47078207712204 0.1220302104166877
0 3.914044253744183 0.08433693515094631
0 3.684039539639919 0.07276945129490325
0 2.500345027871387 0.1237279288630365
0 2.266527355282147 0.1292965246961196
0 3.654512316602555 0.07136593143444188
0 3.618795152461835 0.07283072833353377
0 3.587140238696799 0.06757868289486724
0 3.334281142434564 0.06680643568924545
0 3.348993246422115 0.07791495673354752
0 3.36186279024283 0.06732703931244521
0 3.376734994999423 0.07687295622265866
0 2.951535602444834 0.1254368678483005
0 3.712841238800906 0.07309786747562888
0 2.319672303880524 0.1298336212429921
0 3.209611911875689 0.06593242683630783
0 3.387611038856473 0.06475820742154631
0 2.981429242881164 0.1317293326591431
0 3.833360588603278 0.07034576021957584
0 3.403450446571731 0.07403082123101347
0 3.178699793762586 0.06616280916094563
0 3.419158637643401 0.139680020809625
0 3.397177828956979 0.1467362246959445
0 3.39493704857224 0.1626158335827478
0 3.379505744243235 0.1580062713908296
0 3.378783583075624 0.1693552605350374
0 3.364001334433087 0.1560153993665375
0 3.363788677192948 0.1396828429345253
0 3.347043261979723 0.1578447377614765
0 3.342586256544884 0.1370887628121925
0 3.322721012915326 0.1468217227543518
0 3.329033232118519 0.1627228139261413
0 3.307758084346772 0.1541514586051851
0 3.312059923495136 0.167486158033577
0 3.297568446321067 0.1591174507589199
0 3.298402731185312 0.1431880519379423
0 3.287855955772372 0.153442685241662
0 3.278400682375077 0.1679118454459824
0 3.263272986581232 0.1559135127099895
0 3.273382351730547 0.1441413048817244
0 3.264184981876963 0.1738446686063588
0 3.333806681342463 0.1813962190461145
0 3.256768114567773 0.1332192653799168
0 3.246776971385361 0.1455397130865045
0 3.239971838726976 0.1593256343445305
0 3.224489199901519 0.1542583621918445
0 3.223717721038118 0.1694992318563072
0 3.208640209335984 0.1532538588054189
0 3.209060395915268 0.1408959995295321
0 3.193274340663094 0.1534596806518054
0 3.194860930383036 0.1358096305059331
0 3.179557268673705 0.1413885618526169
0 3.178092079809619 0.1535309441914554
0 3.16242999642975 0.1533629062224995
0 3.159748891083864 0.1693661112618003
0 3.175770869476749 0.1691939332197551
0 3.16590874054419 0.1343363202623988
0 3.14610864662069 0.1535096416461739
0 3.155710089567882 0.1847810553857201
0 3.21003803633882 0.1222477535542414
0 3.183119619306078 0.121378688279796
0 3.141697005661807 0.1244908969637785
0 3.238972987480963 0.1220041397526638
0 3.268575740073066 0.122043802465296
0 3.325400238919634 0.1225238478087845
0 3.284683260424767 0.1328029255775492
0 3.296964075488568 0.1220051767121435
0 3.364971845558466 0.1275543396984463
0 2.663845974291561 0.06421975173243943
0 3.489158031045541 0.04826931486429322
0 3.490104314976068 0.03233529666062195
0 3.506821888477127 0.03304261992769635
0 2.101363602575178 0.1436120311393166
0 2.514398815929026 0.1387111680434817
0 2.529848770492189 0.1250860648156051
0 3.430776204907772 0.07038875883196564
0 3.402801494270231 0.1317202223398741
0 2.367196228437676 0.07134600821324683
0 3.749290490328034 0.03344052571674097
0 2.543738074594319 0.1348162289563062
0 2.877673123150396 0.1300556723806236
0 2.794388666349699 0.1271670650343887
0 2.154845303495903 0.1721441343071399
0 3.447745428497174 0.0813241168439314
0 3.797598657996386 0.1301907381355743
0 3.272997887978574 0.06723899109883762
0 3.690754296105281 0.1269962469957862
0 3.675019763629806 0.1359256730569196
0 3.700888818060609 0.1398695768377666
0 3.709148536173815 0.152325181079104
0 3.684445209399033 0.1515101769799225
0 3.663716667034875 0.142112631657101
0 3.66448576938469 0.1534702060877299
0 3.648146478287598 0.1536119011774729
0 3.697990017873425 0.1580036628825565
0 3.714951497503509 0.1656117096411857
0 3.729984382416348 0.1588757230700772
0 3.64818681892358 0.1366662693682454
0 3.632751719690616 0.1409624962561568
0 3.63210196454655 0.1532124232992467
0 3.616072767334294 0.1536112868089057
0 3.617304499276377 0.1301642183522433
0 3.594334764647276 0.1432627973067038
0 3.600206939314551 0.1580333937474701
0 3.578509624174456 0.1514147548454253
0 3.584628586959306 0.1646217661196156
0 3.567899360928468 0.1568626159108896
0 3.568655311803219 0.1407190791922046
0 3.557489451414137 0.1513070338335312
0 3.547845371028485 0.1666926865761678
0 3.531279548918397 0.1545347337007049
0 3.533109982081386 0.1739394492911024
0 3.519125258211724 0.1684451316868879
0 3.500968729630978 0.1736381268224884
0 3.50222152790372 0.1551362410215759
0 3.487491547212279 0.1654894785493097
0 3.555372818014614 0.1309521542483534
0 3.486898670460592 0.1446331849668857
0 3.473573142450569 0.1547851341477348
0 3.600582010982229 0.1212080598037656
0 3.569707120363805 0.1207919204010035
0 3.632939161822769 0.1226057078585391
0 3.663042118394129 0.1245445366028958
0 3.311263964540263 0.1336077262210249
0 2.455779791078391 0.1319935885753217
0 2.941650258793236 0.1364974398422618
0 3.380709592756585 0.1424539721584249
0 3.764422646011809 0.1244417330668721
0 3.000294792555064 0.1394377610468753
0 3.428973884897919 0.1273643078854798
0 3.727998098905551 0.08461327158143987
0 3.507220899670657 0.07232304437265617
0 3.009473246886838 0.1278448336025938
0 2.571015777197599 0.08398276969189089
0 2.557610900976539 0.07902347333001414
0 3.03318024110006 0.08508723193754048
0 3.017518690191302 0.07416345034027705
0 2.556192458615252 0.1250236128605397
0 3.542963933504937 0.1424023235299408
0 2.923699486568384 0.04476969084052358
0 2.026481788480532 0.01206370927411477
0 3.253864458263697 0.1674774468209853
0 2.964079501642828 0.1689752363579265
0 2.905625652264212 0.167236223536095
0 2.384238750829776 0.172024929501982
0 2.687418887320822 0.1251479931579816
0 3.762451971380643 0.1494319229148147
0 2.365710999473941 0.1851159333039796
0 3.290419491543867 0.01491992626760117
0 2.664982178978836 0.1846234821911976
0 3.829178808962773 0.1833025245248116
0 2.827791652029819 0.1855430114650156
0 3.392057060879563 0.1799349019962052
0 3.223254916305893 0.1841996270108437
0 2.315289072377936 0.1859155181209007
0 3.470225204011165 0.02064574221616918
0 3.549200488840035 0.1844541363282656
0 2.948484449154856 0.01656726983507522
0 2.875786223918595 0.1838256963785159
0 2.270459484237316 0.1855047205821919
0 2.274338161275483 0.1717958234071091
0 2.675067546103552 0.07459591014092661
0 2.642808411330758 0.0742440376869061
0 2.543186093746859 0.07605076466135444
0 2.993950261443605 0.07741619027467868
0 2.331264550641353 0.1721424591685986
0 2.302590180654193 0.1719388634249702
0 2.248975158130035 0.167106759012577
0 2.657329609351115 0.1213306762369864
0 2.830824984440135 0.1229795678220952
0 2.816780435038191 0.1312470904663004
0 2.839274572631298 0.1369105774435324
0 2.480084613663676 0.06992195927607602
0 2.464522382006797 0.07858155949583512
0 2.489170935784155 0.08106137624284732
0 2.500931739731103 0.0729475589357296
0 2.510318167563637 0.0835663489755117
0 2.446579901501919 0.07618994161128277
0 2.410795817611702 0.06775363034070365
0 2.402092970713023 0.07927566317872252
0 2.390580834428627 0.07104187520590498
0 2.861234256264765 0.1679485722513423
0 2.441683217441315 0.1705408190381273
0 3.416251424199012 0.0259846699298764
0 3.445184934938501 0.03390994076373009
0 2.545267576008662 0.02874291605162012
0 2.346797072798453 0.02868374640106779
0 2.372748461866615 0.03511510412187601
0 2.40630899806494 0.03185489172159155
0 2.417062697357883 0.02405290829867166
0 2.430913732468501 0.02843412320115417
0 2.443628020966343 0.02393538893033087
0 2.456017344603458 0.0312617811383279
0 2.518982817896551 0.03744056126585355
0 2.490025496588231 0.03055884072681024
0 2.840945805779825 0.07460937527804895
0 2.9671736749115 0.077934824331722
0 2.291941709373199 0.128557549307214
0 2.084553266486165 0.06267400843339488
0 2.382293098501439 0.01632286621790949
0 3.749997213291832 0.01739666659808248
0 2.195064487617073 0.01480447947283828
0 2.315870952456491 0.01420740407560939
0 3.707892354850806 0.01806507814689701
0 2.979295011817391 0.01439146660661468
0 2.225209732840582 0.01367402718976738
0 3.878410471936706 0.01677605751189982
0 3.626397207885804 0.1844895857637563
0 2.34622310294764 0.01504006651730818
0 3.561270811235227 0.01655474290051883
0 2.4741821527741 0.01492839147661422
0 2.54244816210614 0.0141439760988267
0 2.709562025354994 0.01417180594520327
0 2.713106096332561 0.02853318188068126
0 2.574267432913092 0.01415450562927831
0 2.165118313041229 0.01420691547098152
0 2.811075080142981 0.01457214653181014
0 2.74139359240761 0.01478323658555533
0 2.255870752852913 0.01506050488147306
0 2.260753406446895 0.02992069091199001
0 3.592755442498238 0.1833222812928743
0 2.135561080974018 0.0139451636917012
0 2.285647660247063 0.01385176318436112
0 2.289209031672619 0.02798707261246505
0 2.348090724596691 0.1819867260120005
0 2.775656288101152 0.01879190264789954
0 3.379510356531938 0.020778574660425
0 2.512735768698656 0.01540809635538825
0 2.78007439775241 0.1864544134352295
0 2.256975301635783 0.1827802217439338
0 2.748759006722583 0.1856513115085698
0 2.64938349028724 0.1847008838058816
0 2.813250914922774 0.1855880378430019
0 2.30001330990753 0.1860237179270414
0 2.892020760336687 0.01456085974415376
0 3.661492651978573 0.1845167448265047
0 3.206222020934299 0.1845825800916827
0 3.014053626545536 0.01935387046584243
0 3.480785558455026 0.1840599226895319
0 3.428228856013273 0.1842946660194987
0 3.103216355677862 0.01883297538174387
0 3.811053810442691 0.1834184046344035
0 2.749639759609502 0.1225718975266181
0 2.175626882971353 0.1135897578122191
0 3.461671157741247 0.1647477620635037
0 3.041804235984418 0.1596779259496466
0 3.540522715978871 0.1211388183163289
0 3.191717079425511 0.1690954650947545
0 2.490779516201493 0.1630937729036709
0 3.468432677983947 0.1139033017331199
0 2.947466020569429 0.06785492799970616
0 2.718878514870471 0.08555447653089049
0 2.362303087909051 0.1400249067457337
0 2.415960977884178 0.1406307564972343
0 3.224018641550303 0.1311025466780276
0 2.569264490464314 0.1599796883198228
0 2.582550523734639 0.1576192420955316
0 3.524065584426633 0.03332229971518039
0 2.68597788343982 0.04144678552991164
0 2.584788430488318 0.04348558028325076
0 3.041474122541323 0.04645608454176869
0 3.484452810856539 0.06409624447883708
0 2.980710522464558 0.0704443930601423
0 3.583619147225413 0.1311936124319757
0 2.524812280293181 0.07385230829189066
0 2.219641908227695 0.1398478990109534
0 2.099459073948454 0.1718417965669919
0 3.672557227241628 0.06070542349289642
0 2.630416115956691 0.1683473583821186
0 2.743633392708382 0.02931665914443028
0 3.471642229613512 0.1347473783002939
0 2.210127187258065 0.03374468433374011
0 2.716453442973621 0.06848198133033262
0 3.724571762461062 0.1445464745375999
0 2.234169800176053 0.03637474057538721
0 3.050181069624929 0.1191942706388235
0 2.591585550572219 0.1143386842494575
0 2.608658554666419 0.07193866436111487
0 2.764870969698875 0.07303917976065702
0 3.073388701699645 0.06721856017707384
0 3.554134612017417 0.07308702114741504
0 2.197373364548287 0.1682776523070916
0 3.777454042825968 0.07267077610283532
0 2.715518561158172 0.05787726796751862
0 3.474416525664217 0.04302983384373552
0 3.241638670931965 0.03005214841170483
0 3.341810930125365 0.01587255341935411
0 2.118096172319817 0.1061413339011486
0 2.646272538843483 0.05800443949361753
0 3.070381315039536 0.1379493639063448
0 2.607629827802585 0.1293516930451971
0 2.142472532135245 0.08959366854137232
0 2.627438027561304 0.06575150344904389
0 2.780848121576357 0.06647736326583657
0 3.515352847305242 0.1440333299093645
0 2.055558831335093 0.07831728533809715
0 2.650143877257339 0.04361612319177538
0 3.273651517458709 0.01463864439002561
0 3.830447175220164 0.1262967452077632
0 3.798692496643373 0.07021412944041627
0 3.884498320594032 0.07283997574837139
0 3.571187901414153 0.06257002858636046
0 3.088938417848669 0.1240958094203475
0 2.629339665259877 0.1169748187669116
0 2.786696723046545 0.08029803589526574
0 2.857726462827294 0.1278538275456325
0 2.066787090279418 0.1093387128997376
0 3.956505357357441 0.1593633834644232
0 2.183478225243785 0.07834647227924015
0 2.427410253251048 0.076686018742679
0 3.589125111711528 0.04931711358339926
0 2.010261495795063 0.09285110213930348
0 2.643268448462771 0.1203767208454139
0 3.104617053141178 0.1300396120584928
0 2.801631894721558 0.07301115253966897
0 3.499652028125806 0.1336204339100003
0 2.110337423268156 0.07911730965966193
0 2.909121451132526 0.029476138412676
0 3.123541316745569 0.1235733236460736
0 2.819690198303147 0.08097098729717093
0 2.051596665487648 0.1621155400926149
0 2.658232101485131 0.1379876749045677
0 3.094675216665569 0.0590133594182016
0 2.010163680770298 0.1803632666420971
0 3.132340010537048 0.1289102764923289
0 3.816058616163857 0.06974480370701917
0 2.00946479286442 0.1556725193960371
0 2.021155266936633 0.02576656110954723
0 2.911100582492561 0.06159255651729408
0 2.197496171991751 0.07501259672932334
0 2.672422261990694 0.1224395022521973
0 3.745356668429285 0.152660407653139
0 2.05046545227929 0.02808599878676383
0 2.845896048290789 0.05958321417456215
0 2.305960956784955 0.1201415711060992
0 2.125987382579859 0.1866644051369243
0 2.21116364711338 0.07207001690418899
0 3.352004238150544 0.1740259715772624
0 3.012849748480195 0.1842474267631432
0 2.808465186359785 0.1189762412434012
0 2.686459984545251 0.1405175716822141
0 2.224701227136877 0.06894248318688329
0 2.862495922809546 0.06180780146226769
0 3.146136113967184 0.1379418594506191
0 2.319506992770294 0.04328037709327798
0 2.554564165846828 0.1863571420674699
0 2.239202737934702 0.08051177857551284
0 3.968124294905047 0.1826846251918982
0 2.699602317918479 0.1444523332126865
0 2.882642424944388 0.07507126493046942
0 3.130261480082553 0.1526979446623941
0 2.411812519170658 0.1860303815019151
0 2.744747857282299 0.1571854059639614
0 2.716094213385189 0.1340943939463603
0 2.89324757368153 0.07044863097899655
0 2.267134690654759 0.07502021961524437
0 2.279281953183427 0.1195679174351402
0 3.304336415899013 0.03105224437283684
0 3.110419518131409 0.0514945461414723
0 2.280610601082427 0.07143177514658094
0 2.731068132060453 0.137920352391356
0 2.066287917879869 0.1237879147828746
0 2.293050354454701 0.07921017879909663
0 2.381239694007559 0.0813201392040097
0 2.305513455452485 0.07179064316567889
0 3.95355525104691 0.1214858167875054
0 2.909149181634863 0.04458212590548355
0 3.193658316595187 0.07738162822028252
0 3.864393613804995 0.1638136839775554
0 3.144370118018357 0.0259778131440902
0 3.614382994591394 0.169346829829146
0 3.101762010193911 0.1805967702850917
0 2.318183634804043 0.02856332035164591
0 2.011311568890199 0.03147294603407973
0 2.928290173475944 0.1846274970045972
0 3.050569194438323 0.01532280785958254
0 3.723650054195466 0.1842833763831171
0 2.055225963378835 0.06348761480686411
0 3.277989127409338 0.1848814097422131
0 2.716718633233867 0.1852979530619367
0 3.121335143219537 0.1836665855265497
0 3.085388878061261 0.0300002149978135
0 2.697756111963735 0.02799553439677965
0 2.815490069888182 0.02934716042565515
0 2.785329832873423 0.03406653856852043
0 2.995484659104353 0.02896648695712001
0 2.319821390116988 0.0581873664908382
0 2.064917521880374 0.1828351422252288
0 2.877096290932577 0.0298736971301312
0 3.525881036935384 0.0164866213244083
0 2.090204815636255 0.1280804740920571
0 3.122205559010436 0.01493011523160429
0 3.698610091050025 0.1843168431781778
0 2.772193449065169 0.1690243176309173
0 2.962020599363794 0.1846519249587238
0 3.05094059811989 0.1852142636276923
0 3.916262132808241 0.01842284446182789
0 2.926372663832441 0.01528277054581095
0 2.105884480434855 0.01395044183878533
0 2.74497298122035 0.1715696837017405
0 2.843470111776145 0.0145441110699073
0 3.681339350155632 0.1691229595532142
0 2.078222553911197 0.1257703861033592
0 2.588765058552081 0.03093162812007873
0 3.854331923770842 0.07307000099424606
0 3.206681230782177 0.01507999856522198
0 3.646609226641086 0.1689407484719722
0 2.081383051973617 0.1851135765219002
0 3.083483476672798 0.170234110904102
0 2.499892973042148 0.1857636426523914
0 2.050172144335001 0.1737419757223526
0 3.37461451351782 0.1850805769667416
0 2.261218840021576 0.1696910075894191
0 2.967018540177961 0.02813142980095935
0 2.570568183173631 0.1863336809227918
0 2.068105422134325 0.06293368401249277
0 2.061717917468979 0.02597832657916841
0 2.80403701376591 0.1701254641471984
0 2.237738294597628 0.1753629746818047
0 3.181432227944268 0.01466331275183881
0 2.274663960784809 0.02858897177277848
0 3.97999666141824 0.02086725975694686
0 2.677879300955608 0.01425065510066088
0 2.758032847754763 0.02905890590429795
0 2.525153882512117 0.1681193181387568
0 3.470683302143694 0.1708901298127089
0 3.596803565882293 0.01640332890532661
0 3.73714845042787 0.03371652281762071
0 2.2141600738001 0.1838926603660474
0 2.584704619493511 0.1714321005576753
0 2.474130347029829 0.029862901275619
0 2.009955813344662 0.1310642934457951
0 2.08540066508244 0.1705376908796235
0 3.446014833828405 0.1856320905880134
0 2.090150757087045 0.01425899179096686
0 2.174918239248405 0.02940241013407381
0 3.312729653160273 0.183204217491902
0 3.410340945036455 0.1674797958109091
0 2.184390711368756 0.1844357989366883
0 2.888260749131553 0.1686620047892534
0 2.560198009380642 0.02866991575799909
0 2.505357650834274 0.03338495330154258
0 3.614656643001933 0.01633387055194148
0 2.020629716341002 0.1109134841814103
0 2.100927217390468 0.1573779474462907
0 3.744593056814209 0.1686579112433071
0 2.611192545667827 0.01394593271140505
0 2.089322462447861 0.1421147254295456
0 2.246974005298771 0.03276095132826248
0 2.020854238002419 0.09772076452152599
0 3.901599203510731 0.1812018048041937
0 2.079722038492437 0.04555151436138002
0 2.010109882676181 0.1183457860593801
0 3.841583179268478 0.01698097668046456
0 3.478557114628438 0.03256832251979174
0 2.020140733892469 0.1368130872884039
0 2.671755320044079 0.1698078820159984
0 2.387179187965788 0.03238249322749283
0 2.010447626040406 0.07990149608949694
0 2.021627944125808 0.07121401492615666
0 3.766259974006946 0.03402548385314418
0 2.341457677636257 0.1718578061329973
0 3.702298842166908 0.03468587320307591
0 2.830834631420403 0.1714608954349066
0 3.80469643108625 0.01714330962032794
0 2.859234060584318 0.1843336219852093
0 3.143056354974802 0.1690735417840434
0 2.35679532944337 0.0294581934569115
0 2.442636113741802 0.1847325493526967
0 2.728241161715422 0.02912223105383575
0 2.531179521355485 0.02779213364133097
0 2.011296101012395 0.05378468608248625
0 2.02564098731445 0.04207328108419438
0 2.034630326112052 0.02457100020521374
0 2.201924905199588 0.03142548972308264
0 2.617914674811851 0.184514467450735
0 3.575140269718766 0.0331633291869634
0 3.637687903200545 0.03193011864092354
0 3.508266154407797 0.01640548050324052
0 3.387787710074901 0.03323775555666156
0 3.87366758408057 0.03406007880021848
0 2.442818995206158 0.01352244710859327
0 2.146683221205626 0.02833529925228832
0 2.645749415896592 0.1690517753968965
0 3.235179479345385 0.1696099930502935
0 2.370195402056051 0.1717419512720496
0 2.218226547387005 0.0290698454705113
0 2.413440660124543 0.01362958424112988
0 2.316996087506264 0.1719135005260631
0 2.303511276937011 0.02825937192996613
0 3.671703275093051 0.01624267958040984
0 2.332565348139019 0.02869072647559523
0 2.47384766571319 0.1907709702313537
0 3.2077079906858 0.1691317123143536
0 2.119054518726763 0.02789637709019075
0 2.911921985755213 0.1844408339995201
0 3.812539212020091 0.1664947519323188
0 2.288005239075519 0.1721763515390156
0 2.019593759186523 0.149471984832759
0 3.35387991788166 0.03190485952881991
0 3.568092868934875 0.16786236452436
0 3.541285342564535 0.03335037672622495
0 3.497453070178387 0.1850442510124777
0 3.172443840337692 0.1846837669745215
0 3.012256560942816 0.1683324534748212
0 3.846967861649713 0.1653877259630061
0 2.701038963392756 0.1851264504147301
0 3.602907967052229 0.1693752276464113
0 3.774929523942445 0.183525294556384
0 3.257393528680043 0.02884761482016423
0 3.960429029516264 0.01881350955965475
0 2.141659334305512 0.1732682787462641
0 3.416915829960381 0.014882618359005
0 3.450397061891797 0.01715449887799748
0 3.909881722995441 0.03697770432086929
0 2.892945377107569 0.02965934367559688
0 2.978647347456214 0.1847406936804282
0 2.019021391107179 0.1624999982830062
0 3.038163304098459 0.03221387271922718
0 3.531570318728176 0.1852624429050613
0 3.006155637531734 0.02983165858805231
0 3.128826305391328 0.02853966776045963
0 2.155007965684776 0.1859151584700327
0 2.642322227687264 0.01454674116062597
0 3.346897644202588 0.1899729358840254
0 3.288301612034515 0.0294964826877463
0 2.947545439692219 0.1683243468633863
0 2.925445747241954 0.03057978225413045
0 3.367751935843975 0.1711148352539978
0 2.396399130979528 0.1859497357703789
0 2.111154262914214 0.1863831914941424
0 2.427944270711017 0.1727031800722196
0 2.755501175778276 0.172216180199896
0 3.261166544374486 0.1847021817042816
0 3.324755870507414 0.01570435256156486
0 2.683045627034724 0.0280367041869952
0 2.102052694952135 0.1307110696731038
0 2.72988877220408 0.1697738335066469
0 2.714538640661057 0.04335784989784242
0 3.240201993530043 0.01509341692922453
0 2.799758905498738 0.0307641648943733
0 2.008059747559666 0.1879440152371903
0 2.768489297075685 0.02934514576587344
0 3.09411959337377 0.16973120026792
0 2.013212080867912 0.01165633849661003
0 3.981538295598048 0.1866647277318606
0 3.150266726076367 0.01053754491057805
0 2.494046155117686 0.1726803570792631
0 2.539640729042929 0.1714708541839782
0 3.096594904935139 0.02986610953877458
0 3.044205313947767 0.1705219077099895
0 3.126437168613433 0.1676759549838189
0 2.016444034484359 0.1695243060418113
0 3.452281301366241 0.1760441378041273
0 3.067038728775459 0.01515050209231897
0 2.956934518218763 0.02826569790019399
0 3.663740320600132 0.1688631386598989
0 3.698571918365795 0.1689845569940219
0 2.058864606193318 0.1736151912024549
0 2.830813356659209 0.02936579994799202
0 2.569813702214869 0.1727560052888131
0 3.296299359014586 0.1694540283666149
0 2.604759976569657 0.02681722114489951
0 3.931426359688065 0.182827438954584
0 2.820555481131324 0.1727314353421802
0 2.118587094382471 0.1230667029062842
0 2.788244847881162 0.1758551924272966
0 2.038325943700656 0.1714427362603282
0 3.947531570596458 0.03558457637111812
0 3.733097092849041 0.1696002164080515
0 3.62991701690729 0.168995256300347
0 2.291097893626779 0.0425356962827427
0 2.064476078733372 0.03449789325393748
0 3.421410847832413 0.1699590506087127
0 2.276431235805321 0.1594250836758323
0 2.859416631527285 0.01471958376398757
0 2.521282898228843 0.02765106373580002
0 3.193271445674764 0.02856235887972215
0 2.574850859709335 0.02837625994451902
0 3.86525070404304 0.1820412673944969
0 3.958470086631412 0.1456760396453186
0 2.245648917915942 0.178464846804991
0 2.980938614482828 0.0285983557582254
0 2.229538205298522 0.02342608833302313
0 3.066587173385273 0.1852311393203337
2 9 0 268
7338
7339
7340
7341
7342
7343
7344
7345
7346
7347
7348
7349
7350
7351
7352
7353
7354
7355
7356
7357
7358
7359
7360
7361
7362
7363
7364
7365
7366
7367
7368
7369
7370
7371
7372
7373
7374
7375
7376
7377
7378
7379
7380
7381
7382
7383
7384
7385
7386
7387
7388
7389
7390
7391
7392
7393
7394
7395
7396
7397
7398
7399
7400
7401
7402
7403
7404
7405
7406
7407
7408
7409
7410
7411
7412
7413
7414
7415
7416
7417
7418
7419
7420
7421
7422
7423
7424
7425
7426
7427
7428
7429
7430
7431
7432
7433
7434
7435
7436
7437
7438
7439
7440
7441
7442
7443
7444
7445
7446
7447
7448
7449
7450
7451
7452
7453
7454
7455
7456
7457
7458
7459
7460
7461
7462
7463
7464
7465
7466
7467
7468
7469
7470
7471
7472
7473
7474
7475
7476
7477
7478
7479
7480
7481
7482
7483
7484
7485
7486
7487
7488
7489
7490
7491
7492
7493
7494
7495
7496
7497
7498
7499
7500
7501
7502
7503
7504
7505
7506
7507
7508
7509
7510
7511
7512
7513
7514
7515
7516
7517
7518
7519
7520
7521
7522
7523
7524
7525
7526
7527
7528
7529
7530
7531
7532
7533
7534
7535
7536
7537
7538
7539
7540
7541
7542
7543
7544
7545
7546
7547
7548
7549
7550
7551
7552
7553
7554
7555
7556
7557
7558
7559
7560
7561
7562
7563
7564
7565
7566
7567
7568
7569
7570
7571
7572
7573
7574
7575
7576
7577
7578
7579
7580
7581
7582
7583
7584
7585
7586
7587
7588
7589
7590
7591
7592
7593
7594
7595
7596
7597
7598
7599
7600
7601
7602
7603
7604
7605
0 4.102054635936105 0.1742103928111705
0 4.192879554623176 0.02510886871565407
0 4.020211041299139 0.08879437960967555
0 4.254114081942084 0.1733477340856445
0 4.322003840540563 0.02636940714259923
0 4.359074400004227 0.1689901529348823
0 4.460390091744547 0.03620872647348958
0 4.500492335186795 0.1675642049571128
0 4.106871024787606 0.02414517729258455
0 4.159774405309804 0.1735719311619857
0 4.610005596914839 0.03368824300827102
0 4.305070897591969 0.1729861683969691
0 4.250110025658142 0.02818198524684341
0 4.689217209748122 0.03312460468222264
0 4.384585854173898 0.02958974635048404
0 4.734054364530501 0.1650241092835147
0 4.428368477430189 0.1676240770966391
0 4.853986032801576 0.03408188241574289
0 4.533535855333612 0.03444985283540374
0 4.91159620060018 0.1593091303546985
0 4.613447215407376 0.1667413067562105
0 5.032274386379311 0.03999370990413979
0 4.020469931170552 0.1272874300915655
0 5.127877098807948 0.0406427943289424
0 5.225790270579651 0.04159600822387449
0 4.771338414659386 0.03241580007033541
0 5.299238161241393 0.157160265940324
0 4.819127675234982 0.1615170473391753
0 5.458867551394855 0.05097552754836927
0 5.051883546993839 0.1600853851604091
0 4.939952587668468 0.03850405174790392
0 5.574860796782516 0.05024206805039425
0 5.148970980424789 0.1603810097845644
0 5.694529330395121 0.05015204464639597
0 5.819175944053683 0.05018104564158107
0 5.885970132082238 0.1497070753029643
0 4.0518793738388 0.0239259498930118
0 6.057826791934461 0.04893282105571836
0 5.46164087143263 0.1509765339446617
0 6.177658590223904 0.1486762146886187
0 5.324837508064167 0.05475895419609073
0 5.57706039923576 0.1501809173494615
0 6.327342869405886 0.06511073622732028
0 5.696817402342249 0.1499327559403453
0 6.475223522986536 0.06664838270644806
0 6.658506774144636 0.1334497632686759
0 4.049044357488259 0.1752012872931165
0 6.795485469633005 0.06670198123527694
0 6.994885465151566 0.1330368264898716
0 7.172647607894071 0.1342473010646251
0 6.425039789443877 0.1331081976449042
0 7.322692963015633 0.0667168466599028
0 5.94802936029244 0.0502155938655429
0 7.496253408249758 0.08782113442194515
0 7.694182953000936 0.1001562132263042
0 6.019352217967418 0.1490728971735711
0 7.053479963453573 0.06683663374275212
0 7.414208722888406 0.1279663675164645
0 6.178266082073195 0.05498832339553641
0 7.589179993468901 0.09802300601427956
0 7.822010791930777 0.1006609607680413
0 4.574655230490209 0.1671174621835282
0 4.611182099311953 0.1336006053522129
0 4.650638511818144 0.1329049728772065
0 4.572548097860304 0.134248636603765
0 4.648124198049093 0.0997349608995146
0 4.688016667090658 0.09882242654141719
0 4.690914176099739 0.1320439393820701
0 4.728757368862917 0.09758185558320408
0 5.405198396689402 0.1522034863940434
0 5.460000871044329 0.1013909430884929
0 5.401725992173805 0.1032536080755936
0 5.517892307983352 0.1006433400470326
0 5.399605640756644 0.05229072029804827
0 5.345841811169834 0.1086916865347334
0 5.292077335053325 0.08657421774198745
0 7.232601290208405 0.06757556860635601
0 6.712663883462558 0.06688890449919584
0 4.222699934911596 0.1729142664976382
0 4.217881651193956 0.1451624814704504
0 4.251570073863229 0.1460718949656383
0 4.25183663303679 0.1177460877208989
0 4.214989213309588 0.112096453982104
0 4.281946306092908 0.1174903072262045
0 4.230419033180935 0.08362895272930633
0 4.198376573048915 0.09392997187306881
0 4.179891698539027 0.1194977943757785
0 4.178159644450989 0.09565854071920479
0 4.149808493189084 0.121477632822035
0 4.150731341599696 0.09665848792159436
0 4.121141595085934 0.1223730065748907
0 4.12275112586525 0.09731071203763907
0 4.093731959363115 0.1230799859432104
0 4.09531062887083 0.09788469824666564
0 4.126765181811257 0.07275196585720405
0 4.067446019624665 0.1241030794927558
0 4.205714492668122 0.07665797845517255
0 4.240163733867719 0.05655858343304079
0 4.068196384606946 0.09848573770414597
0 4.071577916559178 0.07296962003417114
0 4.096637886929115 0.1486064993092568
0 4.070561318214837 0.14947889137634
0 4.153669699934825 0.1472718311938348
0 4.181110321410443 0.07326474636712872
0 4.075637225339422 0.1747146126280321
0 4.124983642676097 0.1480400345863107
0 6.578888567734666 0.1332890750571466
0 5.248511987273107 0.1591589698545142
0 6.908317117854125 0.1330571712802974
0 5.821392830216856 0.1498385004258482
0 5.004722472122432 0.1600333805256269
0 5.058801130173671 0.1203021422386627
0 5.012010242109827 0.1200948302477459
0 5.106772986741399 0.1206843858778055
0 5.068300393181666 0.08037794312714683
0 4.164094602424801 0.0244769196507094
0 4.079031485795044 0.02401273748274113
0 4.049236943888201 0.04801548849044772
0 4.07570070878092 0.0482655479314947
0 4.02413611910506 0.04855985209328688
0 4.099141225321463 0.07300742992742787
0 4.135352815175615 0.02425224424561332
0 4.191189245825047 0.1731201093563788
0 4.131281232148192 0.1739519164339164
0 5.350474114573028 0.1545783770845763
0 4.958263501292761 0.1598569498722623
0 4.965471544467249 0.1196134371012608
0 4.918199015778177 0.117882755317683
0 4.974681635766608 0.07932584114697969
0 4.864450584348425 0.1593127894068665
0 4.863758600337457 0.1125443560291686
0 4.815052277145 0.1248527023710886
0 4.884680584033756 0.07237093309799583
0 4.838492240795171 0.08934939687256511
0 4.809472603513262 0.09312523024801374
0 4.773070171305299 0.1288347107381697
0 4.769979191403689 0.09589897366378153
0 4.536901006238594 0.167408159912319
0 4.535012678628958 0.1347648244303141
0 4.570317111186302 0.1011926699882901
0 4.532821687427418 0.1018512157994017
0 4.532156577170486 0.06842372138193746
0 4.495383779693528 0.0690012952358922
0 4.496531772788237 0.1021104279760807
0 4.459964621459321 0.06928101871072277
0 4.460366981470242 0.1011904973395497
0 4.433686068743206 0.06901739454841148
0 4.418121802832607 0.09425629528754931
0 4.391872148793279 0.06523901305184954
0 4.377771000144933 0.1034201473526247
0 4.364104506423551 0.0749932539838595
0 4.343603392956566 0.1075662632857001
0 4.332856514793209 0.07880159690927599
0 4.353721246817986 0.1382042840559
0 4.321301689517608 0.1422845767832572
0 4.35532378741679 0.05054643808514044
0 4.424842716848412 0.1338784080409587
0 4.570173177121458 0.06773092240996341
0 4.420317395870821 0.04110783082759992
0 4.498825066663437 0.1347993558778298
0 4.326726583344664 0.1713060954826727
0 4.387863380754425 0.1354969421623393
0 4.497225274255892 0.03483222279141741
0 4.311378803419871 0.11284033248182
0 4.296937817816894 0.08019593649546823
0 4.392356929876734 0.1680312258234158
0 4.462006990558898 0.134054274277473
0 4.649543895038252 0.03339415984517098
0 5.176945272892794 0.04098728746989187
0 5.21217726880235 0.0817035235668247
0 5.16439042167219 0.08123040902758293
0 6.2539504663161 0.06096291991951217
0 6.294211877241112 0.1260088544550034
0 5.75667651746193 0.05011449736169411
0 5.883747153767967 0.05011606628118941
0 5.517036829547199 0.05045268233698116
0 5.198415515969275 0.1601226980231
0 4.730229683627891 0.03269472250166232
0 6.123120309075258 0.05025598939104214
0 6.093468323737064 0.1488461534389313
0 5.63600507916766 0.1500500632585318
0 5.950993272228524 0.1496891125973367
0 6.011926673768158 0.04940213083169175
0 5.758144528401687 0.1499285438097354
0 4.775456653982049 0.1638254848498776
0 4.812913183257764 0.03259518589176282
0 5.634553223810313 0.05014138799148458
0 4.896249809752615 0.03627667051499854
0 4.284808968657793 0.03365506340552048
0 4.571905326575169 0.03397010130223206
0 4.221645196553395 0.02642942610095323
0 4.1545562557747 0.07270833229049334
0 4.27653144782848 0.1741308584673366
0 5.518521405396232 0.1504465578690259
0 5.100205531199165 0.1603066947181908
0 4.185463861464249 0.1458994770697256
0 4.463732482931443 0.1673517677537409
0 5.576302116289472 0.1002959222178069
0 4.692846557417242 0.1658391994808201
0 4.608900149662155 0.06715604004072782
0 4.609475170023951 0.100433303186331
0 4.928577121662403 0.07719866468237099
0 4.652488526487844 0.1663684849205182
0 4.257056510214557 0.09084982939971323
0 4.019656158105058 0.1103790454644149
0 4.287486349429406 0.15189366396113
0 5.251224078313495 0.1202110638310394
0 4.045572550335713 0.07226013652665572
0 4.731644355062778 0.1308894605228974
0 6.399805322678637 0.0663481261049239
0 4.103220277642524 0.04845168398339804
0 5.63563686972909 0.1001356651980322
0 5.275317533800084 0.04386395617125723
0 6.500877599914822 0.1332689939894095
0 4.02220292509814 0.1508055147920586
0 4.648227189996112 0.06659932650985997
0 4.986004035981134 0.03945852499436011
0 4.043073966145096 0.1260006510292874
0 5.696106423203632 0.1000640543227022
0 6.552681481982098 0.06662141813080924
0 4.688069065304726 0.06594554999165085
0 4.131216316354647 0.0485038493520085
0 5.021605881294335 0.07996548222091887
0 6.631755995760487 0.06676143910478652
0 5.757818268802252 0.1000279432267369
0 5.080324175798111 0.04024731051006217
0 5.820857200758649 0.09998514505779463
0 6.739930464064943 0.1335204639051606
0 4.159238326522171 0.04877112775153152
0 6.823302337840044 0.1333186708961442
0 5.885014919020531 0.09994179528105282
0 4.30292116844031 0.05520068810515807
0 4.267730205740508 0.06514453839302572
0 4.72873003241191 0.06510467658708827
0 4.186763608416533 0.04986725595910965
0 6.879886602768254 0.06640903032293477
0 5.949911189428926 0.0998317419120005
0 6.965820188916519 0.06650951029788257
0 7.90299253857478 0.06045858759786507
0 4.022124027051622 0.07212074157298037
0 5.1556553112471 0.1208529756505301
0 6.016104297302109 0.0984677626970776
0 4.354868246163585 0.02622628337162965
0 4.769630958750599 0.06416388175632051
0 6.190815332458611 0.1057148252089687
0 4.025678276976599 0.02435879696912506
0 7.083045223773463 0.133554266794647
0 4.213640208373558 0.0524190214989881
0 5.116650102885475 0.08074546425411358
0 6.094824316270246 0.08805015431102067
0 6.352978788747155 0.131447791937163
0 5.204263291712451 0.1207931872787014
0 7.142495360289615 0.06730907713406567
0 4.377746390947759 0.04841334841390808
0 4.024374360900882 0.1752824736616562
0 4.809061843688268 0.06366829425222709
0 5.296698310139937 0.116318323508481
0 5.259032201584331 0.08311733091782922
0 7.263214075413268 0.1340776992777237
0 4.326589095876489 0.05283956608598894
0 4.046070093938806 0.1504131626774773
0 7.351219749403592 0.1327185213587048
0 4.846189466839316 0.06617601377507816
0 7.904238205771268 0.1408275887019071
0 7.419297225927455 0.06575239172983942
0 4.277923650430738 0.09681850986275443
0 6.237052815471927 0.1603337453397789
0 4.038123092484793 0.0992145900302947
2 10 0 12
7606
7607
7608
7609
7610
7611
7612
7613
7614
7615
7616
7617
0 8.532268084266123 0.09999999999973709
0 9.11098865437555 0.09999999999973712
0 9.740215746123098 0.09999999999973709
0 10.42435719631246 0.0999999999997371
0 11.16820553421008 0.0999999999997371
0 11.97697155151011 0.0999999999997371
0 12.85632078284682 0.0999999999997371
0 13.81241321760765 0.0999999999997371
0 14.85194645157754 0.0999999999997371
0 15.9822025830303 0.09999999999973712
0 17.21109924678377 0.09999999999973712
0 18.54724507651405 0.0999999999997371
$EndNodes
$Elements
64 8474 1 8474
0 1 15 1
1 1 
0 2 15 1
2 2 
0 3 15 1
3 3 
0 4 15 1
4 4 
0 5 15 1
5 5 
0 6 15 1
6 6 
0 7 15 1
7 7 
0 8 15 1
8 8 
0 9 15 1
9 9 
0 10 15 1
10 10 
0 11 15 1
11 11 
0 12 15 1
12 12 
0 13 15 1
13 13 
0 14 15 1
14 14 
0 15 15 1
15 15 
0 16 15 1
16 16 
0 17 15 1
17 17 
0 18 15 1
18 18 
0 19 15 1
19 19 
0 20 15 1
20 20 
0 21 15 1
21 21 
0 22 15 1
22 22 
1 1 1 12
23 1 23 
24 23 24 
25 24 25 
26 25 26 
27 26 27 
28 27 28 
29 28 29 
30 29 30 
31 30 31 
32 31 32 
33 32 33 
34 33 2 
1 2 1 4
35 2 34 
36 34 35 
37 35 36 
38 36 3 
1 3 1 5
39 3 37 
40 37 38 
41 38 39 
42 39 40 
43 40 4 
1 4 1 5
44 4 41 
45 41 42 
46 42 43 
47 43 44 
48 44 5 
1 5 1 4
49 5 45 
50 45 46 
51 46 47 
52 47 6 
1 6 1 8
53 6 48 
54 48 49 
55 49 50 
56 50 51 
57 51 52 
58 52 53 
59 53 54 
60 54 7 
1 7 1 154
61 7 55 
62 55 56 
63 56 57 
64 57 58 
65 58 59 
66 59 60 
67 60 61 
68 61 62 
69 62 63 
70 63 64 
71 64 65 
72 65 66 
73 66 67 
74 67 68 
75 68 69 
76 69 70 
77 70 71 
78 71 72 
79 72 73 
80 73 74 
81 74 75 
82 75 76 
83 76 77 
84 77 78 
85 78 79 
86 79 80 
87 80 81 
88 81 82 
89 82 83 
90 83 84 
91 84 85 
92 85 86 
93 86 87 
94 87 88 
95 88 89 
96 89 90 
97 90 91 
98 91 92 
99 92 93 
100 93 94 
101 94 95 
102 95 96 
103 96 97 
104 97 98 
105 98 99 
106 99 100 
107 100 101 
108 101 102 
109 102 103 
110 103 104 
111 104 105 
112 105 106 
113 106 107 
114 107 108 
115 108 109 
116 109 110 
117 110 111 
118 111 112 
119 112 113 
120 113 114 
121 114 115 
122 115 116 
123 116 117 
124 117 118 
125 118 119 
126 119 120 
127 120 121 
128 121 122 
129 122 123 
130 123 124 
131 124 125 
132 125 126 
133 126 127 
134 127 128 
135 128 129 
136 129 130 
137 130 131 
138 131 132 
139 132 133 
140 133 134 
141 134 135 
142 135 136 
143 136 137 
144 137 138 
145 138 139 
146 139 140 
147 140 141 
148 141 142 
149 142 143 
150 143 144 
151 144 145 
152 145 146 
153 146 147 
154 147 148 
155 148 149 
156 149 150 
157 150 151 
158 151 152 
159 152 153 
160 153 154 
161 154 155 
162 155 156 
163 156 157 
164 157 158 
165 158 159 
166 159 160 
167 160 161 
168 161 162 
169 162 163 
170 163 164 
171 164 165 
172 165 166 
173 166 167 
174 167 168 
175 168 169 
176 169 170 
177 170 171 
178 171 172 
179 172 173 
180 173 174 
181 174 175 
182 175 176 
183 176 177 
184 177 178 
185 178 179 
186 179 180 
187 180 181 
188 181 182 
189 182 183 
190 183 184 
191 184 185 
192 185 186 
193 186 187 
194 187 188 
195 188 189 
196 189 190 
197 190 191 
198 191 192 
199 192 193 
200 193 194 
201 194 195 
202 195 196 
203 196 197 
204 197 198 
205 198 199 
206 199 200 
207 200 201 
208 201 202 
209 202 203 
210 203 204 
211 204 205 
212 205 206 
213 206 207 
214 207 8 
1 8 1 116
215 8 208 
216 208 209 
217 209 210 
218 210 211 
219 211 212 
220 212 213 
221 213 214 
222 214 215 
223 215 216 
224 216 217 
225 217 218 
226 218 219 
227 219 220 
228 220 221 
229 221 222 
230 222 223 
231 223 224 
232 224 225 
233 225 226 
234 226 227 
235 227 228 
236 228 229 
237 229 230 
238 230 231 
239 231 232 
240 232 233 
241 233 234 
242 234 235 
243 235 236 
244 236 237 
245 237 238 
246 238 239 
247 239 240 
248 240 241 
249 241 242 
250 242 243 
251 243 244 
252 244 245 
253 245 246 
254 246 247 
255 247 248 
256 248 249 
257 249 250 
258 250 251 
259 251 252 
260 252 253 
261 253 254 
262 254 255 
263 255 256 
264 256 257 
265 257 258 
266 258 259 
267 259 260 
268 260 261 
269 261 262 
270 262 263 
271 263 264 
272 264 265 
273 265 266 
274 266 267 
275 267 268 
276 268 269 
277 269 270 
278 270 271 
279 271 272 
280 272 273 
281 273 274 
282 274 275 
283 275 276 
284 276 277 
285 277 278 
286 278 279 
287 279 280 
288 280 281 
289 281 282 
290 282 283 
291 283 284 
292 284 285 
293 285 286 
294 286 287 
295 287 288 
296 288 289 
297 289 290 
298 290 291 
299 291 292 
300 292 293 
301 293 294 
302 294 295 
303 295 296 
304 296 297 
305 297 298 
306 298 299 
307 299 300 
308 300 301 
309 301 302 
310 302 303 
311 303 304 
312 304 305 
313 305 306 
314 306 307 
315 307 308 
316 308 309 
317 309 310 
318 310 311 
319 311 312 
320 312 313 
321 313 314 
322 314 315 
323 315 316 
324 316 317 
325 317 318 
326 318 319 
327 319 320 
328 320 321 
329 321 322 
330 322 9 
1 9 1 12
331 10 323 
332 323 324 
333 324 325 
334 325 326 
335 326 327 
336 327 328 
337 328 329 
338 329 330 
339 330 331 
340 331 332 
341 332 333 
342 333 11 
1 10 1 4
343 11 334 
344 334 335 
345 335 336 
346 336 12 
1 11 1 5
347 12 337 
348 337 338 
349 338 339 
350 339 340 
351 340 13 
1 12 1 5
352 13 341 
353 341 342 
354 342 343 
355 343 344 
356 344 14 
1 13 1 4
357 14 345 
358 345 346 
359 346 347 
360 347 15 
1 14 1 8
361 15 348 
362 348 349 
363 349 350 
364 350 351 
365 351 352 
366 352 353 
367 353 354 
368 354 16 
1 15 1 154
369 16 355 
370 355 356 
371 356 357 
372 357 358 
373 358 359 
374 359 360 
375 360 361 
376 361 362 
377 362 363 
378 363 364 
379 364 365 
380 365 366 
381 366 367 
382 367 368 
383 368 369 
384 369 370 
385 370 371 
386 371 372 
387 372 373 
388 373 374 
389 374 375 
390 375 376 
391 376 377 
392 377 378 
393 378 379 
394 379 380 
395 380 381 
396 381 382 
397 382 383 
398 383 384 
399 384 385 
400 385 386 
401 386 387 
402 387 388 
403 388 389 
404 389 390 
405 390 391 
406 391 392 
407 392 393 
408 393 394 
409 394 395 
410 395 396 
411 396 397 
412 397 398 
413 398 399 
414 399 400 
415 400 401 
416 401 402 
417 402 403 
418 403 404 
419 404 405 
420 405 406 
421 406 407 
422 407 408 
423 408 409 
424 409 410 
425 410 411 
426 411 412 
427 412 413 
428 413 414 
429 414 415 
430 415 416 
431 416 417 
432 417 418 
433 418 419 
434 419 420 
435 420 421 
436 421 422 
437 422 423 
438 423 424 
439 424 425 
440 425 426 
441 426 427 
442 427 428 
443 428 429 
444 429 430 
445 430 431 
446 431 432 
447 432 433 
448 433 434 
449 434 435 
450 435 436 
451 436 437 
452 437 438 
453 438 439 
454 439 440 
455 440 441 
456 441 442 
457 442 443 
458 443 444 
459 444 445 
460 445 446 
461 446 447 
462 447 448 
463 448 449 
464 449 450 
465 450 451 
466 451 452 
467 452 453 
468 453 454 
469 454 455 
470 455 456 
471 456 457 
472 457 458 
473 458 459 
474 459 460 
475 460 461 
476 461 462 
477 462 463 
478 463 464 
479 464 465 
480 465 466 
481 466 467 
482 467 468 
483 468 469 
484 469 470 
485 470 471 
486 471 472 
487 472 473 
488 473 474 
489 474 475 
490 475 476 
491 476 477 
492 477 478 
493 478 479 
494 479 480 
495 480 481 
496 481 482 
497 482 483 
498 483 484 
499 484 485 
500 485 486 
501 486 487 
502 487 488 
503 488 489 
504 489 490 
505 490 491 
506 491 492 
507 492 493 
508 493 494 
509 494 495 
510 495 496 
511 496 497 
512 497 498 
513 498 499 
514 499 500 
515 500 501 
516 501 502 
517 502 503 
518 503 504 
519 504 505 
520 505 506 
521 506 507 
522 507 17 
1 16 1 116
523 17 508 
524 508 509 
525 509 510 
526 510 511 
527 511 512 
528 512 513 
529 513 514 
530 514 515 
531 515 516 
532 516 517 
533 517 518 
534 518 519 
535 519 520 
536 520 521 
537 521 522 
538 522 523 
539 523 524 
540 524 525 
541 525 526 
542 526 527 
543 527 528 
544 528 529 
545 529 530 
546 530 531 
547 531 532 
548 532 533 
549 533 534 
550 534 535 
551 535 536 
552 536 537 
553 537 538 
554 538 539 
555 539 540 
556 540 541 
557 541 542 
558 542 543 
559 543 544 
560 544 545 
561 545 546 
562 546 547 
563 547 548 
564 548 549 
565 549 550 
566 550 551 
567 551 552 
568 552 553 
569 553 554 
570 554 555 
571 555 556 
572 556 557 
573 557 558 
574 558 559 
575 559 560 
576 560 561 
577 561 562 
578 562 563 
579 563 564 
580 564 565 
581 565 566 
582 566 567 
583 567 568 
584 568 569 
585 569 570 
586 570 571 
587 571 572 
588 572 573 
589 573 574 
590 574 575 
591 575 576 
592 576 577 
593 577 578 
594 578 579 
595 579 580 
596 580 581 
597 581 582 
598 582 583 
599 583 584 
600 584 585 
601 585 586 
602 586 587 
603 587 588 
604 588 589 
605 589 590 
606 590 591 
607 591 592 
608 592 593 
609 593 594 
610 594 595 
611 595 596 
612 596 597 
613 597 598 
614 598 599 
615 599 600 
616 600 601 
617 601 602 
618 602 603 
619 603 604 
620 604 605 
621 605 606 
622 606 607 
623 607 608 
624 608 609 
625 609 610 
626 610 611 
627 611 612 
628 612 613 
629 613 614 
630 614 615 
631 615 616 
632 616 617 
633 617 618 
634 618 619 
635 619 620 
636 620 621 
637 621 622 
638 622 18 
1 17 1 126
639 1 623 
640 623 624 
641 624 625 
642 625 626 
643 626 627 
644 627 628 
645 628 629 
646 629 630 
647 630 631 
648 631 632 
649 632 633 
650 633 634 
651 634 635 
652 635 636 
653 636 637 
654 637 638 
655 638 639 
656 639 640 
657 640 641 
658 641 642 
659 642 643 
660 643 644 
661 644 645 
662 645 646 
663 646 647 
664 647 648 
665 648 649 
666 649 650 
667 650 651 
668 651 652 
669 652 653 
670 653 654 
671 654 655 
672 655 656 
673 656 657 
674 657 658 
675 658 659 
676 659 660 
677 660 661 
678 661 662 
679 662 663 
680 663 664 
681 664 665 
682 665 666 
683 666 667 
684 667 668 
685 668 669 
686 669 670 
687 670 671 
688 671 672 
689 672 673 
690 673 674 
691 674 675 
692 675 676 
693 676 677 
694 677 678 
695 678 679 
696 679 680 
697 680 681 
698 681 682 
699 682 683 
700 683 684 
701 684 685 
702 685 686 
703 686 687 
704 687 688 
705 688 689 
706 689 690 
707 690 691 
708 691 692 
709 692 693 
710 693 694 
711 694 695 
712 695 696 
713 696 697 
714 697 698 
715 698 699 
716 699 700 
717 700 701 
718 701 702 
719 702 703 
720 703 704 
721 704 705 
722 705 706 
723 706 707 
724 707 708 
725 708 709 
726 709 710 
727 710 711 
728 711 712 
729 712 713 
730 713 714 
731 714 715 
732 715 716 
733 716 717 
734 717 718 
735 718 719 
736 719 720 
737 720 721 
738 721 722 
739 722 723 
740 723 724 
741 724 725 
742 725 726 
743 726 727 
744 727 728 
745 728 729 
746 729 730 
747 730 731 
748 731 732 
749 732 733 
750 733 734 
751 734 735 
752 735 736 
753 736 737 
754 737 738 
755 738 739 
756 739 740 
757 740 741 
758 741 742 
759 742 743 
760 743 744 
761 744 745 
762 745 746 
763 746 747 
764 747 10 
1 18 1 126
765 2 748 
766 748 749 
767 749 750 
768 750 751 
769 751 752 
770 752 753 
771 753 754 
772 754 755 
773 755 756 
774 756 757 
775 757 758 
776 758 759 
777 759 760 
778 760 761 
779 761 762 
780 762 763 
781 763 764 
782 764 765 
783 765 766 
784 766 767 
785 767 768 
786 768 769 
787 769 770 
788 770 771 
789 771 772 
790 772 773 
791 773 774 
792 774 775 
793 775 776 
794 776 777 
795 777 778 
796 778 779 
797 779 780 
798 780 781 
799 781 782 
800 782 783 
801 783 784 
802 784 785 
803 785 786 
804 786 787 
805 787 788 
806 788 789 
807 789 790 
808 790 791 
809 791 792 
810 792 793 
811 793 794 
812 794 795 
813 795 796 
814 796 797 
815 797 798 
816 798 799 
817 799 800 
818 800 801 
819 801 802 
820 802 803 
821 803 804 
822 804 805 
823 805 806 
824 806 807 
825 807 808 
826 808 809 
827 809 810 
828 810 811 
829 811 812 
830 812 813 
831 813 814 
832 814 815 
833 815 816 
834 816 817 
835 817 818 
836 818 819 
837 819 820 
838 820 821 
839 821 822 
840 822 823 
841 823 824 
842 824 825 
843 825 826 
844 826 827 
845 827 828 
846 828 829 
847 829 830 
848 830 831 
849 831 832 
850 832 833 
851 833 834 
852 834 835 
853 835 836 
854 836 837 
855 837 838 
856 838 839 
857 839 840 
858 840 841 
859 841 842 
860 842 843 
861 843 844 
862 844 845 
863 845 846 
864 846 847 
865 847 848 
866 848 849 
867 849 850 
868 850 851 
869 851 852 
870 852 853 
871 853 854 
872 854 855 
873 855 856 
874 856 857 
875 857 858 
876 858 859 
877 859 860 
878 860 861 
879 861 862 
880 862 863 
881 863 864 
882 864 865 
883 865 866 
884 866 867 
885 867 868 
886 868 869 
887 869 870 
888 870 871 
889 871 872 
890 872 11 
1 19 1 102
891 3 873 
892 873 874 
893 874 875 
894 875 876 
895 876 877 
896 877 878 
897 878 879 
898 879 880 
899 880 881 
900 881 882 
901 882 883 
902 883 884 
903 884 885 
904 885 886 
905 886 887 
906 887 888 
907 888 889 
908 889 890 
909 890 891 
910 891 892 
911 892 893 
912 893 894 
913 894 895 
914 895 896 
915 896 897 
916 897 898 
917 898 899 
918 899 900 
919 900 901 
920 901 902 
921 902 903 
922 903 904 
923 904 905 
924 905 906 
925 906 907 
926 907 908 
927 908 909 
928 909 910 
929 910 911 
930 911 912 
931 912 913 
932 913 914 
933 914 915 
934 915 916 
935 916 917 
936 917 918 
937 918 919 
938 919 920 
939 920 921 
940 921 922 
941 922 923 
942 923 924 
943 924 925 
944 925 926 
945 926 927 
946 927 928 
947 928 929 
948 929 930 
949 930 931 
950 931 932 
951 932 933 
952 933 934 
953 934 935 
954 935 936 
955 936 937 
956 937 938 
957 938 939 
958 939 940 
959 940 941 
960 941 942 
961 942 943 
962 943 944 
963 944 945 
964 945 946 
965 946 947 
966 947 948 
967 948 949 
968 949 950 
969 950 951 
970 951 952 
971 952 953 
972 953 954 
973 954 955 
974 955 956 
975 956 957 
976 957 958 
977 958 959 
978 959 960 
979 960 961 
980 961 962 
981 962 963 
982 963 964 
983 964 965 
984 965 966 
985 966 967 
986 967 968 
987 968 969 
988 969 970 
989 970 971 
990 971 972 
991 972 973 
992 973 12 
1 20 1 58
993 4 974 
994 974 975 
995 975 976 
996 976 977 
997 977 978 
998 978 979 
999 979 980 
1000 980 981 
1001 981 982 
1002 982 983 
1003 983 984 
1004 984 985 
1005 985 986 
1006 986 987 
1007 987 988 
1008 988 989 
1009 989 990 
1010 990 991 
1011 991 992 
1012 992 993 
1013 993 994 
1014 994 995 
1015 995 996 
1016 996 997 
1017 997 998 
1018 998 999 
1019 999 1000 
1020 1000 1001 
1021 1001 1002 
1022 1002 1003 
1023 1003 1004 
1024 1004 1005 
1025 1005 1006 
1026 1006 1007 
1027 1007 1008 
1028 1008 1009 
1029 1009 1010 
1030 1010 1011 
1031 1011 1012 
1032 1012 1013 
1033 1013 1014 
1034 1014 1015 
1035 1015 1016 
1036 1016 1017 
1037 1017 1018 
1038 1018 1019 
1039 1019 1020 
1040 1020 1021 
1041 1021 1022 
1042 1022 1023 
1043 1023 1024 
1044 1024 1025 
1045 1025 1026 
1046 1026 1027 
1047 1027 1028 
1048 1028 1029 
1049 1029 1030 
1050 1030 13 
1 21 1 28
1051 5 1031 
1052 1031 1032 
1053 1032 1033 
1054 1033 1034 
1055 1034 1035 
1056 1035 1036 
1057 1036 1037 
1058 1037 1038 
1059 1038 1039 
1060 1039 1040 
1061 1040 1041 
1062 1041 1042 
1063 1042 1043 
1064 1043 1044 
1065 1044 1045 
1066 1045 1046 
1067 1046 1047 
1068 1047 1048 
1069 1048 1049 
1070 1049 1050 
1071 1050 1051 
1072 1051 1052 
1073 1052 1053 
1074 1053 1054 
1075 1054 1055 
1076 1055 1056 
1077 1056 1057 
1078 1057 14 
1 22 1 16
1079 6 1058 
1080 1058 1059 
1081 1059 1060 
1082 1060 1061 
1083 1061 1062 
1084 1062 1063 
1085 1063 1064 
1086 1064 1065 
1087 1065 1066 
1088 1066 1067 
1089 1067 1068 
1090 1068 1069 
1091 1069 1070 
1092 1070 1071 
1093 1071 1072 
1094 1072 15 
1 23 1 16
1095 7 1073 
1096 1073 1074 
1097 1074 1075 
1098 1075 1076 
1099 1076 1077 
1100 1077 1078 
1101 1078 1079 
1102 1079 1080 
1103 1080 1081 
1104 1081 1082 
1105 1082 1083 
1106 1083 1084 
1107 1084 1085 
1108 1085 1086 
1109 1086 1087 
1110 1087 16 
1 24 1 16
1111 8 1088 
1112 1088 1089 
1113 1089 1090 
1114 1090 1091 
1115 1091 1092 
1116 1092 1093 
1117 1093 1094 
1118 1094 1095 
1119 1095 1096 
1120 1096 1097 
1121 1097 1098 
1122 1098 1099 
1123 1099 1100 
1124 1100 1101 
1125 1101 1102 
1126 1102 17 
1 25 1 8
1127 9 1103 
1128 1103 1104 
1129 1104 1105 
1130 1105 1106 
1131 1106 1107 
1132 1107 1108 
1133 1108 1109 
1134 1109 18 
1 26 1 69
1135 9 1110 
1136 1110 1111 
1137 1111 1112 
1138 1112 1113 
1139 1113 1114 
1140 1114 1115 
1141 1115 1116 
1142 1116 1117 
1143 1117 1118 
1144 1118 1119 
1145 1119 1120 
1146 1120 1121 
1147 1121 1122 
1148 1122 1123 
1149 1123 1124 
1150 1124 1125 
1151 1125 1126 
1152 1126 1127 
1153 1127 1128 
1154 1128 1129 
1155 1129 1130 
1156 1130 1131 
1157 1131 1132 
1158 1132 1133 
1159 1133 1134 
1160 1134 1135 
1161 1135 1136 
1162 1136 1137 
1163 1137 1138 
1164 1138 1139 
1165 1139 1140 
1166 1140 1141 
1167 1141 1142 
1168 1142 1143 
1169 1143 1144 
1170 1144 1145 
1171 1145 1146 
1172 1146 1147 
1173 1147 1148 
1174 1148 1149 
1175 1149 1150 
1176 1150 1151 
1177 1151 1152 
1178 1152 1153 
1179 1153 1154 
1180 1154 1155 
1181 1155 1156 
1182 1156 1157 
1183 1157 1158 
1184 1158 1159 
1185 1159 1160 
1186 1160 1161 
1187 1161 1162 
1188 1162 1163 
1189 1163 1164 
1190 1164 1165 
1191 1165 1166 
1192 1166 1167 
1193 1167 1168 
1194 1168 1169 
1195 1169 1170 
1196 1170 1171 
1197 1171 1172 
1198 1172 1173 
1199 1173 1174 
1200 1174 1175 
1201 1175 1176 
1202 1176 1177 
1203 1177 19 
1 27 1 2
1204 19 1178 
1205 1178 20 
1 28 1 69
1206 18 1179 
1207 1179 1180 
1208 1180 1181 
1209 1181 1182 
1210 1182 1183 
1211 1183 1184 
1212 1184 1185 
1213 1185 1186 
1214 1186 1187 
1215 1187 1188 
1216 1188 1189 
1217 1189 1190 
1218 1190 1191 
1219 1191 1192 
1220 1192 1193 
1221 1193 1194 
1222 1194 1195 
1223 1195 1196 
1224 1196 1197 
1225 1197 1198 
1226 1198 1199 
1227 1199 1200 
1228 1200 1201 
1229 1201 1202 
1230 1202 1203 
1231 1203 1204 
1232 1204 1205 
1233 1205 1206 
1234 1206 1207 
1235 1207 1208 
1236 1208 1209 
1237 1209 1210 
1238 1210 1211 
1239 1211 1212 
1240 1212 1213 
1241 1213 1214 
1242 1214 1215 
1243 1215 1216 
1244 1216 1217 
1245 1217 1218 
1246 1218 1219 
1247 1219 1220 
1248 1220 1221 
1249 1221 1222 
1250 1222 1223 
1251 1223 1224 
1252 1224 1225 
1253 1225 1226 
1254 1226 1227 
1255 1227 1228 
1256 1228 1229 
1257 1229 1230 
1258 1230 1231 
1259 1231 1232 
1260 1232 1233 
1261 1233 1234 
1262 1234 1235 
1263 1235 1236 
1264 1236 1237 
1265 1237 1238 
1266 1238 1239 
1267 1239 1240 
1268 1240 1241 
1269 1241 1242 
1270 1242 1243 
1271 1243 1244 
1272 1244 1245 
1273 1245 1246 
1274 1246 20 
1 29 1 13
1275 19 1247 
1276 1247 1248 
1277 1248 1249 
1278 1249 1250 
1279 1250 1251 
1280 1251 1252 
1281 1252 1253 
1282 1253 1254 
1283 1254 1255 
1284 1255 1256 
1285 1256 1257 
1286 1257 1258 
1287 1258 21 
1 30 1 2
1288 21 1259 
1289 1259 22 
1 31 1 13
1290 20 1260 
1291 1260 1261 
1292 1261 1262 
1293 1262 1263 
1294 1263 1264 
1295 1264 1265 
1296 1265 1266 
1297 1266 1267 
1298 1267 1268 
1299 1268 1269 
1300 1269 1270 
1301 1270 1271 
1302 1271 22 
2 1 3 1512
1303 1 23 1272 623 
1304 623 1272 1273 624 
1305 624 1273 1274 625 
1306 625 1274 1275 626 
1307 626 1275 1276 627 
1308 627 1276 1277 628 
1309 628 1277 1278 629 
1310 629 1278 1279 630 
1311 630 1279 1280 631 
1312 631 1280 1281 632 
1313 632 1281 1282 633 
1314 633 1282 1283 634 
1315 634 1283 1284 635 
1316 635 1284 1285 636 
1317 636 1285 1286 637 
1318 637 1286 1287 638 
1319 638 1287 1288 639 
1320 639 1288 1289 640 
1321 640 1289 1290 641 
1322 641 1290 1291 642 
1323 642 1291 1292 643 
1324 643 1292 1293 644 
1325 644 1293 1294 645 
1326 645 1294 1295 646 
1327 646 1295 1296 647 
1328 647 1296 1297 648 
1329 648 1297 1298 649 
1330 649 1298 1299 650 
1331 650 1299 1300 651 
1332 651 1300 1301 652 
1333 652 1301 1302 653 
1334 653 1302 1303 654 
1335 654 1303 1304 655 
1336 655 1304 1305 656 
1337 656 1305 1306 657 
1338 657 1306 1307 658 
1339 658 1307 1308 659 
1340 659 1308 1309 660 
1341 660 1309 1310 661 
1342 661 1310 1311 662 
1343 662 1311 1312 663 
1344 663 1312 1313 664 
1345 664 1313 1314 665 
1346 665 1314 1315 666 
1347 666 1315 1316 667 
1348 667 1316 1317 668 
1349 668 1317 1318 669 
1350 669 1318 1319 670 
1351 670 1319 1320 671 
1352 671 1320 1321 672 
1353 672 1321 1322 673 
1354 673 1322 1323 674 
1355 674 1323 1324 675 
1356 675 1324 1325 676 
1357 676 1325 1326 677 
1358 677 1326 1327 678 
1359 678 1327 1328 679 
1360 679 1328 1329 680 
1361 680 1329 1330 681 
1362 681 1330 1331 682 
1363 682 1331 1332 683 
1364 683 1332 1333 684 
1365 684 1333 1334 685 
1366 685 1334 1335 686 
1367 686 1335 1336 687 
1368 687 1336 1337 688 
1369 688 1337 1338 689 
1370 689 1338 1339 690 
1371 690 1339 1340 691 
1372 691 1340 1341 692 
1373 692 1341 1342 693 
1374 693 1342 1343 694 
1375 694 1343 1344 695 
1376 695 1344 1345 696 
1377 696 1345 1346 697 
1378 697 1346 1347 698 
1379 698 1347 1348 699 
1380 699 1348 1349 700 
1381 700 1349 1350 701 
1382 701 1350 1351 702 
1383 702 1351 1352 703 
1384 703 1352 1353 704 
1385 704 1353 1354 705 
1386 705 1354 1355 706 
1387 706 1355 1356 707 
1388 707 1356 1357 708 
1389 708 1357 1358 709 
1390 709 1358 1359 710 
1391 710 1359 1360 711 
1392 711 1360 1361 712 
1393 712 1361 1362 713 
1394 713 1362 1363 714 
1395 714 1363 1364 715 
1396 715 1364 1365 716 
1397 716 1365 1366 717 
1398 717 1366 1367 718 
1399 718 1367 1368 719 
1400 719 1368 1369 720 
1401 720 1369 1370 721 
1402 721 1370 1371 722 
1403 722 1371 1372 723 
1404 723 1372 1373 724 
1405 724 1373 1374 725 
1406 725 1374 1375 726 
1407 726 1375 1376 727 
1408 727 1376 1377 728 
1409 728 1377 1378 729 
1410 729 1378 1379 730 
1411 730 1379 1380 731 
1412 731 1380 1381 732 
1413 732 1381 1382 733 
1414 733 1382 1383 734 
1415 734 1383 1384 735 
1416 735 1384 1385 736 
1417 736 1385 1386 737 
1418 737 1386 1387 738 
1419 738 1387 1388 739 
1420 739 1388 1389 740 
1421 740 1389 1390 741 
1422 741 1390 1391 742 
1423 742 1391 1392 743 
1424 743 1392 1393 744 
1425 744 1393 1394 745 
1426 745 1394 1395 746 
1427 746 1395 1396 747 
1428 747 1396 323 10 
1429 23 24 1397 1272 
1430 1272 1397 1398 1273 
1431 1273 1398 1399 1274 
1432 1274 1399 1400 1275 
1433 1275 1400 1401 1276 
1434 1276 1401 1402 1277 
1435 1277 1402 1403 1278 
1436 1278 1403 1404 1279 
1437 1279 1404 1405 1280 
1438 1280 1405 1406 1281 
1439 1281 1406 1407 1282 
1440 1282 1407 1408 1283 
1441 1283 1408 1409 1284 
1442 1284 1409 1410 1285 
1443 1285 1410 1411 1286 
1444 1286 1411 1412 1287 
1445 1287 1412 1413 1288 
1446 1288 1413 1414 1289 
1447 1289 1414 1415 1290 
1448 1290 1415 1416 1291 
1449 1291 1416 1417 1292 
1450 1292 1417 1418 1293 
1451 1293 1418 1419 1294 
1452 1294 1419 1420 1295 
1453 1295 1420 1421 1296 
1454 1296 1421 1422 1297 
1455 1297 1422 1423 1298 
1456 1298 1423 1424 1299 
1457 1299 1424 1425 1300 
1458 1300 1425 1426 1301 
1459 1301 1426 1427 1302 
1460 1302 1427 1428 1303 
1461 1303 1428 1429 1304 
1462 1304 1429 1430 1305 
1463 1305 1430 1431 1306 
1464 1306 1431 1432 1307 
1465 1307 1432 1433 1308 
1466 1308 1433 1434 1309 
1467 1309 1434 1435 1310 
1468 1310 1435 1436 1311 
1469 1311 1436 1437 1312 
1470 1312 1437 1438 1313 
1471 1313 1438 1439 1314 
1472 1314 1439 1440 1315 
1473 1315 1440 1441 1316 
1474 1316 1441 1442 1317 
1475 1317 1442 1443 1318 
1476 1318 1443 1444 1319 
1477 1319 1444 1445 1320 
1478 1320 1445 1446 1321 
1479 1321 1446 1447 1322 
1480 1322 1447 1448 1323 
1481 1323 1448 1449 1324 
1482 1324 1449 1450 1325 
1483 1325 1450 1451 1326 
1484 1326 1451 1452 1327 
1485 1327 1452 1453 1328 
1486 1328 1453 1454 1329 
1487 1329 1454 1455 1330 
1488 1330 1455 1456 1331 
1489 1331 1456 1457 1332 
1490 1332 1457 1458 1333 
1491 1333 1458 1459 1334 
1492 1334 1459 1460 1335 
1493 1335 1460 1461 1336 
1494 1336 1461 1462 1337 
1495 1337 1462 1463 1338 
1496 1338 1463 1464 1339 
1497 1339 1464 1465 1340 
1498 1340 1465 1466 1341 
1499 1341 1466 1467 1342 
1500 1342 1467 1468 1343 
1501 1343 1468 1469 1344 
1502 1344 1469 1470 1345 
1503 1345 1470 1471 1346 
1504 1346 1471 1472 1347 
1505 1347 1472 1473 1348 
1506 1348 1473 1474 1349 
1507 1349 1474 1475 1350 
1508 1350 1475 1476 1351 
1509 1351 1476 1477 1352 
1510 1352 1477 1478 1353 
1511 1353 1478 1479 1354 
1512 1354 1479 1480 1355 
1513 1355 1480 1481 1356 
1514 1356 1481 1482 1357 
1515 1357 1482 1483 1358 
1516 1358 1483 1484 1359 
1517 1359 1484 1485 1360 
1518 1360 1485 1486 1361 
1519 1361 1486 1487 1362 
1520 1362 1487 1488 1363 
1521 1363 1488 1489 1364 
1522 1364 1489 1490 1365 
1523 1365 1490 1491 1366 
1524 1366 1491 1492 1367 
1525 1367 1492 1493 1368 
1526 1368 1493 1494 1369 
1527 1369 1494 1495 1370 
1528 1370 1495 1496 1371 
1529 1371 1496 1497 1372 
1530 1372 1497 1498 1373 
1531 1373 1498 1499 1374 
1532 1374 1499 1500 1375 
1533 1375 1500 1501 1376 
1534 1376 1501 1502 1377 
1535 1377 1502 1503 1378 
1536 1378 1503 1504 1379 
1537 1379 1504 1505 1380 
1538 1380 1505 1506 1381 
1539 1381 1506 1507 1382 
1540 1382 1507 1508 1383 
1541 1383 1508 1509 1384 
1542 1384 1509 1510 1385 
1543 1385 1510 1511 1386 
1544 1386 1511 1512 1387 
1545 1387 1512 1513 1388 
1546 1388 1513 1514 1389 
1547 1389 1514 1515 1390 
1548 1390 1515 1516 1391 
1549 1391 1516 1517 1392 
1550 1392 1517 1518 1393 
1551 1393 1518 1519 1394 
1552 1394 1519 1520 1395 
1553 1395 1520 1521 1396 
1554 1396 1521 324 323 
1555 24 25 1522 1397 
1556 1397 1522 1523 1398 
1557 1398 1523 1524 1399 
1558 1399 1524 1525 1400 
1559 1400 1525 1526 1401 
1560 1401 1526 1527 1402 
1561 1402 1527 1528 1403 
1562 1403 1528 1529 1404 
1563 1404 1529 1530 1405 
1564 1405 1530 1531 1406 
1565 1406 1531 1532 1407 
1566 1407 1532 1533 1408 
1567 1408 1533 1534 1409 
1568 1409 1534 1535 1410 
1569 1410 1535 1536 1411 
1570 1411 1536 1537 1412 
1571 1412 1537 1538 1413 
1572 1413 1538 1539 1414 
1573 1414 1539 1540 1415 
1574 1415 1540 1541 1416 
1575 1416 1541 1542 1417 
1576 1417 1542 1543 1418 
1577 1418 1543 1544 1419 
1578 1419 1544 1545 1420 
1579 1420 1545 1546 1421 
1580 1421 1546 1547 1422 
1581 1422 1547 1548 1423 
1582 1423 1548 1549 1424 
1583 1424 1549 1550 1425 
1584 1425 1550 1551 1426 
1585 1426 1551 1552 1427 
1586 1427 1552 1553 1428 
1587 1428 1553 1554 1429 
1588 1429 1554 1555 1430 
1589 1430 1555 1556 1431 
1590 1431 1556 1557 1432 
1591 1432 1557 1558 1433 
1592 1433 1558 1559 1434 
1593 1434 1559 1560 1435 
1594 1435 1560 1561 1436 
1595 1436 1561 1562 1437 
1596 1437 1562 1563 1438 
1597 1438 1563 1564 1439 
1598 1439 1564 1565 1440 
1599 1440 1565 1566 1441 
1600 1441 1566 1567 1442 
1601 1442 1567 1568 1443 
1602 1443 1568 1569 1444 
1603 1444 1569 1570 1445 
1604 1445 1570 1571 1446 
1605 1446 1571 1572 1447 
1606 1447 1572 1573 1448 
1607 1448 1573 1574 1449 
1608 1449 1574 1575 1450 
1609 1450 1575 1576 1451 
1610 1451 1576 1577 1452 
1611 1452 1577 1578 1453 
1612 1453 1578 1579 1454 
1613 1454 1579 1580 1455 
1614 1455 1580 1581 1456 
1615 1456 1581 1582 1457 
1616 1457 1582 1583 1458 
1617 1458 1583 1584 1459 
1618 1459 1584 1585 1460 
1619 1460 1585 1586 1461 
1620 1461 1586 1587 1462 
1621 1462 1587 1588 1463 
1622 1463 1588 1589 1464 
1623 1464 1589 1590 1465 
1624 1465 1590 1591 1466 
1625 1466 1591 1592 1467 
1626 1467 1592 1593 1468 
1627 1468 1593 1594 1469 
1628 1469 1594 1595 1470 
1629 1470 1595 1596 1471 
1630 1471 1596 1597 1472 
1631 1472 1597 1598 1473 
1632 1473 1598 1599 1474 
1633 1474 1599 1600 1475 
1634 1475 1600 1601 1476 
1635 1476 1601 1602 1477 
1636 1477 1602 1603 1478 
1637 1478 1603 1604 1479 
1638 1479 1604 1605 1480 
1639 1480 1605 1606 1481 
1640 1481 1606 1607 1482 
1641 1482 1607 1608 1483 
1642 1483 1608 1609 1484 
1643 1484 1609 1610 1485 
1644 1485 1610 1611 1486 
1645 1486 1611 1612 1487 
1646 1487 1612 1613 1488 
1647 1488 1613 1614 1489 
1648 1489 1614 1615 1490 
1649 1490 1615 1616 1491 
1650 1491 1616 1617 1492 
1651 1492 1617 1618 1493 
1652 1493 1618 1619 1494 
1653 1494 1619 1620 1495 
1654 1495 1620 1621 1496 
1655 1496 1621 1622 1497 
1656 1497 1622 1623 1498 
1657 1498 1623 1624 1499 
1658 1499 1624 1625 1500 
1659 1500 1625 1626 1501 
1660 1501 1626 1627 1502 
1661 1502 1627 1628 1503 
1662 1503 1628 1629 1504 
1663 1504 1629 1630 1505 
1664 1505 1630 1631 1506 
1665 1506 1631 1632 1507 
1666 1507 1632 1633 1508 
1667 1508 1633 1634 1509 
1668 1509 1634 1635 1510 
1669 1510 1635 1636 1511 
1670 1511 1636 1637 1512 
1671 1512 1637 1638 1513 
1672 1513 1638 1639 1514 
1673 1514 1639 1640 1515 
1674 1515 1640 1641 1516 
1675 1516 1641 1642 1517 
1676 1517 1642 1643 1518 
1677 1518 1643 1644 1519 
1678 1519 1644 1645 1520 
1679 1520 1645 1646 1521 
1680 1521 1646 325 324 
1681 25 26 1647 1522 
1682 1522 1647 1648 1523 
1683 1523 1648 1649 1524 
1684 1524 1649 1650 1525 
1685 1525 1650 1651 1526 
1686 1526 1651 1652 1527 
1687 1527 1652 1653 1528 
1688 1528 1653 1654 1529 
1689 1529 1654 1655 1530 
1690 1530 1655 1656 1531 
1691 1531 1656 1657 1532 
1692 1532 1657 1658 1533 
1693 1533 1658 1659 1534 
1694 1534 1659 1660 1535 
1695 1535 1660 1661 1536 
1696 1536 1661 1662 1537 
1697 1537 1662 1663 1538 
1698 1538 1663 1664 1539 
1699 1539 1664 1665 1540 
1700 1540 1665 1666 1541 
1701 1541 1666 1667 1542 
1702 1542 1667 1668 1543 
1703 1543 1668 1669 1544 
1704 1544 1669 1670 1545 
1705 1545 1670 1671 1546 
1706 1546 1671 1672 1547 
1707 1547 1672 1673 1548 
1708 1548 1673 1674 1549 
1709 1549 1674 1675 1550 
1710 1550 1675 1676 1551 
1711 1551 1676 1677 1552 
1712 1552 1677 1678 1553 
1713 1553 1678 1679 1554 
1714 1554 1679 1680 1555 
1715 1555 1680 1681 1556 
1716 1556 1681 1682 1557 
1717 1557 1682 1683 1558 
1718 1558 1683 1684 1559 
1719 1559 1684 1685 1560 
1720 1560 1685 1686 1561 
1721 1561 1686 1687 1562 
1722 1562 1687 1688 1563 
1723 1563 1688 1689 1564 
1724 1564 1689 1690 1565 
1725 1565 1690 1691 1566 
1726 1566 1691 1692 1567 
1727 1567 1692 1693 1568 
1728 1568 1693 1694 1569 
1729 1569 1694 1695 1570 
1730 1570 1695 1696 1571 
1731 1571 1696 1697 1572 
1732 1572 1697 1698 1573 
1733 1573 1698 1699 1574 
1734 1574 1699 1700 1575 
1735 1575 1700 1701 1576 
1736 1576 1701 1702 1577 
1737 1577 1702 1703 1578 
1738 1578 1703 1704 1579 
1739 1579 1704 1705 1580 
1740 1580 1705 1706 1581 
1741 1581 1706 1707 1582 
1742 1582 1707 1708 1583 
1743 1583 1708 1709 1584 
1744 1584 1709 1710 1585 
1745 1585 1710 1711 1586 
1746 1586 1711 1712 1587 
1747 1587 1712 1713 1588 
1748 1588 1713 1714 1589 
1749 1589 1714 1715 1590 
1750 1590 1715 1716 1591 
1751 1591 1716 1717 1592 
1752 1592 1717 1718 1593 
1753 1593 1718 1719 1594 
1754 1594 1719 1720 1595 
1755 1595 1720 1721 1596 
1756 1596 1721 1722 1597 
1757 1597 1722 1723 1598 
1758 1598 1723 1724 1599 
1759 1599 1724 1725 1600 
1760 1600 1725 1726 1601 
1761 1601 1726 1727 1602 
1762 1602 1727 1728 1603 
1763 1603 1728 1729 1604 
1764 1604 1729 1730 1605 
1765 1605 1730 1731 1606 
1766 1606 1731 1732 1607 
1767 1607 1732 1733 1608 
1768 1608 1733 1734 1609 
1769 1609 1734 1735 1610 
1770 1610 1735 1736 1611 
1771 1611 1736 1737 1612 
1772 1612 1737 1738 1613 
1773 1613 1738 1739 1614 
1774 1614 1739 1740 1615 
1775 1615 1740 1741 1616 
1776 1616 1741 1742 1617 
1777 1617 1742 1743 1618 
1778 1618 1743 1744 1619 
1779 1619 1744 1745 1620 
1780 1620 1745 1746 1621 
1781 1621 1746 1747 1622 
1782 1622 1747 1748 1623 
1783 1623 1748 1749 1624 
1784 1624 1749 1750 1625 
1785 1625 1750 1751 1626 
1786 1626 1751 1752 1627 
1787 1627 1752 1753 1628 
1788 1628 1753 1754 1629 
1789 1629 1754 1755 1630 
1790 1630 1755 1756 1631 
1791 1631 1756 1757 1632 
1792 1632 1757 1758 1633 
1793 1633 1758 1759 1634 
1794 1634 1759 1760 1635 
1795 1635 1760 1761 1636 
1796 1636 1761 1762 1637 
1797 1637 1762 1763 1638 
1798 1638 1763 1764 1639 
1799 1639 1764 1765 1640 
1800 1640 1765 1766 1641 
1801 1641 1766 1767 1642 
1802 1642 1767 1768 1643 
1803 1643 1768 1769 1644 
1804 1644 1769 1770 1645 
1805 1645 1770 1771 1646 
1806 1646 1771 326 325 
1807 26 27 1772 1647 
1808 1647 1772 1773 1648 
1809 1648 1773 1774 1649 
1810 1649 1774 1775 1650 
1811 1650 1775 1776 1651 
1812 1651 1776 1777 1652 
1813 1652 1777 1778 1653 
1814 1653 1778 1779 1654 
1815 1654 1779 1780 1655 
1816 1655 1780 1781 1656 
1817 1656 1781 1782 1657 
1818 1657 1782 1783 1658 
1819 1658 1783 1784 1659 
1820 1659 1784 1785 1660 
1821 1660 1785 1786 1661 
1822 1661 1786 1787 1662 
1823 1662 1787 1788 1663 
1824 1663 1788 1789 1664 
1825 1664 1789 1790 1665 
1826 1665 1790 1791 1666 
1827 1666 1791 1792 1667 
1828 1667 1792 1793 1668 
1829 1668 1793 1794 1669 
1830 1669 1794 1795 1670 
1831 1670 1795 1796 1671 
1832 1671 1796 1797 1672 
1833 1672 1797 1798 1673 
1834 1673 1798 1799 1674 
1835 1674 1799 1800 1675 
1836 1675 1800 1801 1676 
1837 1676 1801 1802 1677 
1838 1677 1802 1803 1678 
1839 1678 1803 1804 1679 
1840 1679 1804 1805 1680 
1841 1680 1805 1806 1681 
1842 1681 1806 1807 1682 
1843 1682 1807 1808 1683 
1844 1683 1808 1809 1684 
1845 1684 1809 1810 1685 
1846 1685 1810 1811 1686 
1847 1686 1811 1812 1687 
1848 1687 1812 1813 1688 
1849 1688 1813 1814 1689 
1850 1689 1814 1815 1690 
1851 1690 1815 1816 1691 
1852 1691 1816 1817 1692 
1853 1692 1817 1818 1693 
1854 1693 1818 1819 1694 
1855 1694 1819 1820 1695 
1856 1695 1820 1821 1696 
1857 1696 1821 1822 1697 
1858 1697 1822 1823 1698 
1859 1698 1823 1824 1699 
1860 1699 1824 1825 1700 
1861 1700 1825 1826 1701 
1862 1701 1826 1827 1702 
1863 1702 1827 1828 1703 
1864 1703 1828 1829 1704 
1865 1704 1829 1830 1705 
1866 1705 1830 1831 1706 
1867 1706 1831 1832 1707 
1868 1707 1832 1833 1708 
1869 1708 1833 1834 1709 
1870 1709 1834 1835 1710 
1871 1710 1835 1836 1711 
1872 1711 1836 1837 1712 
1873 1712 1837 1838 1713 
1874 1713 1838 1839 1714 
1875 1714 1839 1840 1715 
1876 1715 1840 1841 1716 
1877 1716 1841 1842 1717 
1878 1717 1842 1843 1718 
1879 1718 1843 1844 1719 
1880 1719 1844 1845 1720 
1881 1720 1845 1846 1721 
1882 1721 1846 1847 1722 
1883 1722 1847 1848 1723 
1884 1723 1848 1849 1724 
1885 1724 1849 1850 1725 
1886 1725 1850 1851 1726 
1887 1726 1851 1852 1727 
1888 1727 1852 1853 1728 
1889 1728 1853 1854 1729 
1890 1729 1854 1855 1730 
1891 1730 1855 1856 1731 
1892 1731 1856 1857 1732 
1893 1732 1857 1858 1733 
1894 1733 1858 1859 1734 
1895 1734 1859 1860 1735 
1896 1735 1860 1861 1736 
1897 1736 1861 1862 1737 
1898 1737 1862 1863 1738 
1899 1738 1863 1864 1739 
1900 1739 1864 1865 1740 
1901 1740 1865 1866 1741 
1902 1741 1866 1867 1742 
1903 1742 1867 1868 1743 
1904 1743 1868 1869 1744 
1905 1744 1869 1870 1745 
1906 1745 1870 1871 1746 
1907 1746 1871 1872 1747 
1908 1747 1872 1873 1748 
1909 1748 1873 1874 1749 
1910 1749 1874 1875 1750 
1911 1750 1875 1876 1751 
1912 1751 1876 1877 1752 
1913 1752 1877 1878 1753 
1914 1753 1878 1879 1754 
1915 1754 1879 1880 1755 
1916 1755 1880 1881 1756 
1917 1756 1881 1882 1757 
1918 1757 1882 1883 1758 
1919 1758 1883 1884 1759 
1920 1759 1884 1885 1760 
1921 1760 1885 1886 1761 
1922 1761 1886 1887 1762 
1923 1762 1887 1888 1763 
1924 1763 1888 1889 1764 
1925 1764 1889 1890 1765 
1926 1765 1890 1891 1766 
1927 1766 1891 1892 1767 
1928 1767 1892 1893 1768 
1929 1768 1893 1894 1769 
1930 1769 1894 1895 1770 
1931 1770 1895 1896 1771 
1932 1771 1896 327 326 
1933 27 28 1897 1772 
1934 1772 1897 1898 1773 
1935 1773 1898 1899 1774 
1936 1774 1899 1900 1775 
1937 1775 1900 1901 1776 
1938 1776 1901 1902 1777 
1939 1777 1902 1903 1778 
1940 1778 1903 1904 1779 
1941 1779 1904 1905 1780 
1942 1780 1905 1906 1781 
1943 1781 1906 1907 1782 
1944 1782 1907 1908 1783 
1945 1783 1908 1909 1784 
1946 1784 1909 1910 1785 
1947 1785 1910 1911 1786 
1948 1786 1911 1912 1787 
1949 1787 1912 1913 1788 
1950 1788 1913 1914 1789 
1951 1789 1914 1915 1790 
1952 1790 1915 1916 1791 
1953 1791 1916 1917 1792 
1954 1792 1917 1918 1793 
1955 1793 1918 1919 1794 
1956 1794 1919 1920 1795 
1957 1795 1920 1921 1796 
1958 1796 1921 1922 1797 
1959 1797 1922 1923 1798 
1960 1798 1923 1924 1799 
1961 1799 1924 1925 1800 
1962 1800 1925 1926 1801 
1963 1801 1926 1927 1802 
1964 1802 1927 1928 1803 
1965 1803 1928 1929 1804 
1966 1804 1929 1930 1805 
1967 1805 1930 1931 1806 
1968 1806 1931 1932 1807 
1969 1807 1932 1933 1808 
1970 1808 1933 1934 1809 
1971 1809 1934 1935 1810 
1972 1810 1935 1936 1811 
1973 1811 1936 1937 1812 
1974 1812 1937 1938 1813 
1975 1813 1938 1939 1814 
1976 1814 1939 1940 1815 
1977 1815 1940 1941 1816 
1978 1816 1941 1942 1817 
1979 1817 1942 1943 1818 
1980 1818 1943 1944 1819 
1981 1819 1944 1945 1820 
1982 1820 1945 1946 1821 
1983 1821 1946 1947 1822 
1984 1822 1947 1948 1823 
1985 1823 1948 1949 1824 
1986 1824 1949 1950 1825 
1987 1825 1950 1951 1826 
1988 1826 1951 1952 1827 
1989 1827 1952 1953 1828 
1990 1828 1953 1954 1829 
1991 1829 1954 1955 1830 
1992 1830 1955 1956 1831 
1993 1831 1956 1957 1832 
1994 1832 1957 1958 1833 
1995 1833 1958 1959 1834 
1996 1834 1959 1960 1835 
1997 1835 1960 1961 1836 
1998 1836 1961 1962 1837 
1999 1837 1962 1963 1838 
2000 1838 1963 1964 1839 
2001 1839 1964 1965 1840 
2002 1840 1965 1966 1841 
2003 1841 1966 1967 1842 
2004 1842 1967 1968 1843 
2005 1843 1968 1969 1844 
2006 1844 1969 1970 1845 
2007 1845 1970 1971 1846 
2008 1846 1971 1972 1847 
2009 1847 1972 1973 1848 
2010 1848 1973 1974 1849 
2011 1849 1974 1975 1850 
2012 1850 1975 1976 1851 
2013 1851 1976 1977 1852 
2014 1852 1977 1978 1853 
2015 1853 1978 1979 1854 
2016 1854 1979 1980 1855 
2017 1855 1980 1981 1856 
2018 1856 1981 1982 1857 
2019 1857 1982 1983 1858 
2020 1858 1983 1984 1859 
2021 1859 1984 1985 1860 
2022 1860 1985 1986 1861 
2023 1861 1986 1987 1862 
2024 1862 1987 1988 1863 
2025 1863 1988 1989 1864 
2026 1864 1989 1990 1865 
2027 1865 1990 1991 1866 
2028 1866 1991 1992 1867 
2029 1867 1992 1993 1868 
2030 1868 1993 1994 1869 
2031 1869 1994 1995 1870 
2032 1870 1995 1996 1871 
2033 1871 1996 1997 1872 
2034 1872 1997 1998 1873 
2035 1873 1998 1999 1874 
2036 1874 1999 2000 1875 
2037 1875 2000 2001 1876 
2038 1876 2001 2002 1877 
2039 1877 2002 2003 1878 
2040 1878 2003 2004 1879 
2041 1879 2004 2005 1880 
2042 1880 2005 2006 1881 
2043 1881 2006 2007 1882 
2044 1882 2007 2008 1883 
2045 1883 2008 2009 1884 
2046 1884 2009 2010 1885 
2047 1885 2010 2011 1886 
2048 1886 2011 2012 1887 
2049 1887 2012 2013 1888 
2050 1888 2013 2014 1889 
2051 1889 2014 2015 1890 
2052 1890 2015 2016 1891 
2053 1891 2016 2017 1892 
2054 1892 2017 2018 1893 
2055 1893 2018 2019 1894 
2056 1894 2019 2020 1895 
2057 1895 2020 2021 1896 
2058 1896 2021 328 327 
2059 28 29 2022 1897 
2060 1897 2022 2023 1898 
2061 1898 2023 2024 1899 
2062 1899 2024 2025 1900 
2063 1900 2025 2026 1901 
2064 1901 2026 2027 1902 
2065 1902 2027 2028 1903 
2066 1903 2028 2029 1904 
2067 1904 2029 2030 1905 
2068 1905 2030 2031 1906 
2069 1906 2031 2032 1907 
2070 1907 2032 2033 1908 
2071 1908 2033 2034 1909 
2072 1909 2034 2035 1910 
2073 1910 2035 2036 1911 
2074 1911 2036 2037 1912 
2075 1912 2037 2038 1913 
2076 1913 2038 2039 1914 
2077 1914 2039 2040 1915 
2078 1915 2040 2041 1916 
2079 1916 2041 2042 1917 
2080 1917 2042 2043 1918 
2081 1918 2043 2044 1919 
2082 1919 2044 2045 1920 
2083 1920 2045 2046 1921 
2084 1921 2046 2047 1922 
2085 1922 2047 2048 1923 
2086 1923 2048 2049 1924 
2087 1924 2049 2050 1925 
2088 1925 2050 2051 1926 
2089 1926 2051 2052 1927 
2090 1927 2052 2053 1928 
2091 1928 2053 2054 1929 
2092 1929 2054 2055 1930 
2093 1930 2055 2056 1931 
2094 1931 2056 2057 1932 
2095 1932 2057 2058 1933 
2096 1933 2058 2059 1934 
2097 1934 2059 2060 1935 
2098 1935 2060 2061 1936 
2099 1936 2061 2062 1937 
2100 1937 2062 2063 1938 
2101 1938 2063 2064 1939 
2102 1939 2064 2065 1940 
2103 1940 2065 2066 1941 
2104 1941 2066 2067 1942 
2105 1942 2067 2068 1943 
2106 1943 2068 2069 1944 
2107 1944 2069 2070 1945 
2108 1945 2070 2071 1946 
2109 1946 2071 2072 1947 
2110 1947 2072 2073 1948 
2111 1948 2073 2074 1949 
2112 1949 2074 2075 1950 
2113 1950 2075 2076 1951 
2114 1951 2076 2077 1952 
2115 1952 2077 2078 1953 
2116 1953 2078 2079 1954 
2117 1954 2079 2080 1955 
2118 1955 2080 2081 1956 
2119 1956 2081 2082 1957 
2120 1957 2082 2083 1958 
2121 1958 2083 2084 1959 
2122 1959 2084 2085 1960 
2123 1960 2085 2086 1961 
2124 1961 2086 2087 1962 
2125 1962 2087 2088 1963 
2126 1963 2088 2089 1964 
2127 1964 2089 2090 1965 
2128 1965 2090 2091 1966 
2129 1966 2091 2092 1967 
2130 1967 2092 2093 1968 
2131 1968 2093 2094 1969 
2132 1969 2094 2095 1970 
2133 1970 2095 2096 1971 
2134 1971 2096 2097 1972 
2135 1972 2097 2098 1973 
2136 1973 2098 2099 1974 
2137 1974 2099 2100 1975 
2138 1975 2100 2101 1976 
2139 1976 2101 2102 1977 
2140 1977 2102 2103 1978 
2141 1978 2103 2104 1979 
2142 1979 2104 2105 1980 
2143 1980 2105 2106 1981 
2144 1981 2106 2107 1982 
2145 1982 2107 2108 1983 
2146 1983 2108 2109 1984 
2147 1984 2109 2110 1985 
2148 1985 2110 2111 1986 
2149 1986 2111 2112 1987 
2150 1987 2112 2113 1988 
2151 1988 2113 2114 1989 
2152 1989 2114 2115 1990 
2153 1990 2115 2116 1991 
2154 1991 2116 2117 1992 
2155 1992 2117 2118 1993 
2156 1993 2118 2119 1994 
2157 1994 2119 2120 1995 
2158 1995 2120 2121 1996 
2159 1996 2121 2122 1997 
2160 1997 2122 2123 1998 
2161 1998 2123 2124 1999 
2162 1999 2124 2125 2000 
2163 2000 2125 2126 2001 
2164 2001 2126 2127 2002 
2165 2002 2127 2128 2003 
2166 2003 2128 2129 2004 
2167 2004 2129 2130 2005 
2168 2005 2130 2131 2006 
2169 2006 2131 2132 2007 
2170 2007 2132 2133 2008 
2171 2008 2133 2134 2009 
2172 2009 2134 2135 2010 
2173 2010 2135 2136 2011 
2174 2011 2136 2137 2012 
2175 2012 2137 2138 2013 
2176 2013 2138 2139 2014 
2177 2014 2139 2140 2015 
2178 2015 2140 2141 2016 
2179 2016 2141 2142 2017 
2180 2017 2142 2143 2018 
2181 2018 2143 2144 2019 
2182 2019 2144 2145 2020 
2183 2020 2145 2146 2021 
2184 2021 2146 329 328 
2185 29 30 2147 2022 
2186 2022 2147 2148 2023 
2187 2023 2148 2149 2024 
2188 2024 2149 2150 2025 
2189 2025 2150 2151 2026 
2190 2026 2151 2152 2027 
2191 2027 2152 2153 2028 
2192 2028 2153 2154 2029 
2193 2029 2154 2155 2030 
2194 2030 2155 2156 2031 
2195 2031 2156 2157 2032 
2196 2032 2157 2158 2033 
2197 2033 2158 2159 2034 
2198 2034 2159 2160 2035 
2199 2035 2160 2161 2036 
2200 2036 2161 2162 2037 
2201 2037 2162 2163 2038 
2202 2038 2163 2164 2039 
2203 2039 2164 2165 2040 
2204 2040 2165 2166 2041 
2205 2041 2166 2167 2042 
2206 2042 2167 2168 2043 
2207 2043 2168 2169 2044 
2208 2044 2169 2170 2045 
2209 2045 2170 2171 2046 
2210 2046 2171 2172 2047 
2211 2047 2172 2173 2048 
2212 2048 2173 2174 2049 
2213 2049 2174 2175 2050 
2214 2050 2175 2176 2051 
2215 2051 2176 2177 2052 
2216 2052 2177 2178 2053 
2217 2053 2178 2179 2054 
2218 2054 2179 2180 2055 
2219 2055 2180 2181 2056 
2220 2056 2181 2182 2057 
2221 2057 2182 2183 2058 
2222 2058 2183 2184 2059 
2223 2059 2184 2185 2060 
2224 2060 2185 2186 2061 
2225 2061 2186 2187 2062 
2226 2062 2187 2188 2063 
2227 2063 2188 2189 2064 
2228 2064 2189 2190 2065 
2229 2065 2190 2191 2066 
2230 2066 2191 2192 2067 
2231 2067 2192 2193 2068 
2232 2068 2193 2194 2069 
2233 2069 2194 2195 2070 
2234 2070 2195 2196 2071 
2235 2071 2196 2197 2072 
2236 2072 2197 2198 2073 
2237 2073 2198 2199 2074 
2238 2074 2199 2200 2075 
2239 2075 2200 2201 2076 
2240 2076 2201 2202 2077 
2241 2077 2202 2203 2078 
2242 2078 2203 2204 2079 
2243 2079 2204 2205 2080 
2244 2080 2205 2206 2081 
2245 2081 2206 2207 2082 
2246 2082 2207 2208 2083 
2247 2083 2208 2209 2084 
2248 2084 2209 2210 2085 
2249 2085 2210 2211 2086 
2250 2086 2211 2212 2087 
2251 2087 2212 2213 2088 
2252 2088 2213 2214 2089 
2253 2089 2214 2215 2090 
2254 2090 2215 2216 2091 
2255 2091 2216 2217 2092 
2256 2092 2217 2218 2093 
2257 2093 2218 2219 2094 
2258 2094 2219 2220 2095 
2259 2095 2220 2221 2096 
2260 2096 2221 2222 2097 
2261 2097 2222 2223 2098 
2262 2098 2223 2224 2099 
2263 2099 2224 2225 2100 
2264 2100 2225 2226 2101 
2265 2101 2226 2227 2102 
2266 2102 2227 2228 2103 
2267 2103 2228 2229 2104 
2268 2104 2229 2230 2105 
2269 2105 2230 2231 2106 
2270 2106 2231 2232 2107 
2271 2107 2232 2233 2108 
2272 2108 2233 2234 2109 
2273 2109 2234 2235 2110 
2274 2110 2235 2236 2111 
2275 2111 2236 2237 2112 
2276 2112 2237 2238 2113 
2277 2113 2238 2239 2114 
2278 2114 2239 2240 2115 
2279 2115 2240 2241 2116 
2280 2116 2241 2242 2117 
2281 2117 2242 2243 2118 
2282 2118 2243 2244 2119 
2283 2119 2244 2245 2120 
2284 2120 2245 2246 2121 
2285 2121 2246 2247 2122 
2286 2122 2247 2248 2123 
2287 2123 2248 2249 2124 
2288 2124 2249 2250 2125 
2289 2125 2250 2251 2126 
2290 2126 2251 2252 2127 
2291 2127 2252 2253 2128 
2292 2128 2253 2254 2129 
2293 2129 2254 2255 2130 
2294 2130 2255 2256 2131 
2295 2131 2256 2257 2132 
2296 2132 2257 2258 2133 
2297 2133 2258 2259 2134 
2298 2134 2259 2260 2135 
2299 2135 2260 2261 2136 
2300 2136 2261 2262 2137 
2301 2137 2262 2263 2138 
2302 2138 2263 2264 2139 
2303 2139 2264 2265 2140 
2304 2140 2265 2266 2141 
2305 2141 2266 2267 2142 
2306 2142 2267 2268 2143 
2307 2143 2268 2269 2144 
2308 2144 2269 2270 2145 
2309 2145 2270 2271 2146 
2310 2146 2271 330 329 
2311 30 31 2272 2147 
2312 2147 2272 2273 2148 
2313 2148 2273 2274 2149 
2314 2149 2274 2275 2150 
2315 2150 2275 2276 2151 
2316 2151 2276 2277 2152 
2317 2152 2277 2278 2153 
2318 2153 2278 2279 2154 
2319 2154 2279 2280 2155 
2320 2155 2280 2281 2156 
2321 2156 2281 2282 2157 
2322 2157 2282 2283 2158 
2323 2158 2283 2284 2159 
2324 2159 2284 2285 2160 
2325 2160 2285 2286 2161 
2326 2161 2286 2287 2162 
2327 2162 2287 2288 2163 
2328 2163 2288 2289 2164 
2329 2164 2289 2290 2165 
2330 2165 2290 2291 2166 
2331 2166 2291 2292 2167 
2332 2167 2292 2293 2168 
2333 2168 2293 2294 2169 
2334 2169 2294 2295 2170 
2335 2170 2295 2296 2171 
2336 2171 2296 2297 2172 
2337 2172 2297 2298 2173 
2338 2173 2298 2299 2174 
2339 2174 2299 2300 2175 
2340 2175 2300 2301 2176 
2341 2176 2301 2302 2177 
2342 2177 2302 2303 2178 
2343 2178 2303 2304 2179 
2344 2179 2304 2305 2180 
2345 2180 2305 2306 2181 
2346 2181 2306 2307 2182 
2347 2182 2307 2308 2183 
2348 2183 2308 2309 2184 
2349 2184 2309 2310 2185 
2350 2185 2310 2311 2186 
2351 2186 2311 2312 2187 
2352 2187 2312 2313 2188 
2353 2188 2313 2314 2189 
2354 2189 2314 2315 2190 
2355 2190 2315 2316 2191 
2356 2191 2316 2317 2192 
2357 2192 2317 2318 2193 
2358 2193 2318 2319 2194 
2359 2194 2319 2320 2195 
2360 2195 2320 2321 2196 
2361 2196 2321 2322 2197 
2362 2197 2322 2323 2198 
2363 2198 2323 2324 2199 
2364 2199 2324 2325 2200 
2365 2200 2325 2326 2201 
2366 2201 2326 2327 2202 
2367 2202 2327 2328 2203 
2368 2203 2328 2329 2204 
2369 2204 2329 2330 2205 
2370 2205 2330 2331 2206 
2371 2206 2331 2332 2207 
2372 2207 2332 2333 2208 
2373 2208 2333 2334 2209 
2374 2209 2334 2335 2210 
2375 2210 2335 2336 2211 
2376 2211 2336 2337 2212 
2377 2212 2337 2338 2213 
2378 2213 2338 2339 2214 
2379 2214 2339 2340 2215 
2380 2215 2340 2341 2216 
2381 2216 2341 2342 2217 
2382 2217 2342 2343 2218 
2383 2218 2343 2344 2219 
2384 2219 2344 2345 2220 
2385 2220 2345 2346 2221 
2386 2221 2346 2347 2222 
2387 2222 2347 2348 2223 
2388 2223 2348 2349 2224 
2389 2224 2349 2350 2225 
2390 2225 2350 2351 2226 
2391 2226 2351 2352 2227 
2392 2227 2352 2353 2228 
2393 2228 2353 2354 2229 
2394 2229 2354 2355 2230 
2395 2230 2355 2356 2231 
2396 2231 2356 2357 2232 
2397 2232 2357 2358 2233 
2398 2233 2358 2359 2234 
2399 2234 2359 2360 2235 
2400 2235 2360 2361 2236 
2401 2236 2361 2362 2237 
2402 2237 2362 2363 2238 
2403 2238 2363 2364 2239 
2404 2239 2364 2365 2240 
2405 2240 2365 2366 2241 
2406 2241 2366 2367 2242 
2407 2242 2367 2368 2243 
2408 2243 2368 2369 2244 
2409 2244 2369 2370 2245 
2410 2245 2370 2371 2246 
2411 2246 2371 2372 2247 
2412 2247 2372 2373 2248 
2413 2248 2373 2374 2249 
2414 2249 2374 2375 2250 
2415 2250 2375 2376 2251 
2416 2251 2376 2377 2252 
2417 2252 2377 2378 2253 
2418 2253 2378 2379 2254 
2419 2254 2379 2380 2255 
2420 2255 2380 2381 2256 
2421 2256 2381 2382 2257 
2422 2257 2382 2383 2258 
2423 2258 2383 2384 2259 
2424 2259 2384 2385 2260 
2425 2260 2385 2386 2261 
2426 2261 2386 2387 2262 
2427 2262 2387 2388 2263 
2428 2263 2388 2389 2264 
2429 2264 2389 2390 2265 
2430 2265 2390 2391 2266 
2431 2266 2391 2392 2267 
2432 2267 2392 2393 2268 
2433 2268 2393 2394 2269 
2434 2269 2394 2395 2270 
2435 2270 2395 2396 2271 
2436 2271 2396 331 330 
2437 31 32 2397 2272 
2438 2272 2397 2398 2273 
2439 2273 2398 2399 2274 
2440 2274 2399 2400 2275 
2441 2275 2400 2401 2276 
2442 2276 2401 2402 2277 
2443 2277 2402 2403 2278 
2444 2278 2403 2404 2279 
2445 2279 2404 2405 2280 
2446 2280 2405 2406 2281 
2447 2281 2406 2407 2282 
2448 2282 2407 2408 2283 
2449 2283 2408 2409 2284 
2450 2284 2409 2410 2285 
2451 2285 2410 2411 2286 
2452 2286 2411 2412 2287 
2453 2287 2412 2413 2288 
2454 2288 2413 2414 2289 
2455 2289 2414 2415 2290 
2456 2290 2415 2416 2291 
2457 2291 2416 2417 2292 
2458 2292 2417 2418 2293 
2459 2293 2418 2419 2294 
2460 2294 2419 2420 2295 
2461 2295 2420 2421 2296 
2462 2296 2421 2422 2297 
2463 2297 2422 2423 2298 
2464 2298 2423 2424 2299 
2465 2299 2424 2425 2300 
2466 2300 2425 2426 2301 
2467 2301 2426 2427 2302 
2468 2302 2427 2428 2303 
2469 2303 2428 2429 2304 
2470 2304 2429 2430 2305 
2471 2305 2430 2431 2306 
2472 2306 2431 2432 2307 
2473 2307 2432 2433 2308 
2474 2308 2433 2434 2309 
2475 2309 2434 2435 2310 
2476 2310 2435 2436 2311 
2477 2311 2436 2437 2312 
2478 2312 2437 2438 2313 
2479 2313 2438 2439 2314 
2480 2314 2439 2440 2315 
2481 2315 2440 2441 2316 
2482 2316 2441 2442 2317 
2483 2317 2442 2443 2318 
2484 2318 2443 2444 2319 
2485 2319 2444 2445 2320 
2486 2320 2445 2446 2321 
2487 2321 2446 2447 2322 
2488 2322 2447 2448 2323 
2489 2323 2448 2449 2324 
2490 2324 2449 2450 2325 
2491 2325 2450 2451 2326 
2492 2326 2451 2452 2327 
2493 2327 2452 2453 2328 
2494 2328 2453 2454 2329 
2495 2329 2454 2455 2330 
2496 2330 2455 2456 2331 
2497 2331 2456 2457 2332 
2498 2332 2457 2458 2333 
2499 2333 2458 2459 2334 
2500 2334 2459 2460 2335 
2501 2335 2460 2461 2336 
2502 2336 2461 2462 2337 
2503 2337 2462 2463 2338 
2504 2338 2463 2464 2339 
2505 2339 2464 2465 2340 
2506 2340 2465 2466 2341 
2507 2341 2466 2467 2342 
2508 2342 2467 2468 2343 
2509 2343 2468 2469 2344 
2510 2344 2469 2470 2345 
2511 2345 2470 2471 2346 
2512 2346 2471 2472 2347 
2513 2347 2472 2473 2348 
2514 2348 2473 2474 2349 
2515 2349 2474 2475 2350 
2516 2350 2475 2476 2351 
2517 2351 2476 2477 2352 
2518 2352 2477 2478 2353 
2519 2353 2478 2479 2354 
2520 2354 2479 2480 2355 
2521 2355 2480 2481 2356 
2522 2356 2481 2482 2357 
2523 2357 2482 2483 2358 
2524 2358 2483 2484 2359 
2525 2359 2484 2485 2360 
2526 2360 2485 2486 2361 
2527 2361 2486 2487 2362 
2528 2362 2487 2488 2363 
2529 2363 2488 2489 2364 
2530 2364 2489 2490 2365 
2531 2365 2490 2491 2366 
2532 2366 2491 2492 2367 
2533 2367 2492 2493 2368 
2534 2368 2493 2494 2369 
2535 2369 2494 2495 2370 
2536 2370 2495 2496 2371 
2537 2371 2496 2497 2372 
2538 2372 2497 2498 2373 
2539 2373 2498 2499 2374 
2540 2374 2499 2500 2375 
2541 2375 2500 2501 2376 
2542 2376 2501 2502 2377 
2543 2377 2502 2503 2378 
2544 2378 2503 2504 2379 
2545 2379 2504 2505 2380 
2546 2380 2505 2506 2381 
2547 2381 2506 2507 2382 
2548 2382 2507 2508 2383 
2549 2383 2508 2509 2384 
2550 2384 2509 2510 2385 
2551 2385 2510 2511 2386 
2552 2386 2511 2512 2387 
2553 2387 2512 2513 2388 
2554 2388 2513 2514 2389 
2555 2389 2514 2515 2390 
2556 2390 2515 2516 2391 
2557 2391 2516 2517 2392 
2558 2392 2517 2518 2393 
2559 2393 2518 2519 2394 
2560 2394 2519 2520 2395 
2561 2395 2520 2521 2396 
2562 2396 2521 332 331 
2563 32 33 2522 2397 
2564 2397 2522 2523 2398 
2565 2398 2523 2524 2399 
2566 2399 2524 2525 2400 
2567 2400 2525 2526 2401 
2568 2401 2526 2527 2402 
2569 2402 2527 2528 2403 
2570 2403 2528 2529 2404 
2571 2404 2529 2530 2405 
2572 2405 2530 2531 2406 
2573 2406 2531 2532 2407 
2574 2407 2532 2533 2408 
2575 2408 2533 2534 2409 
2576 2409 2534 2535 2410 
2577 2410 2535 2536 2411 
2578 2411 2536 2537 2412 
2579 2412 2537 2538 2413 
2580 2413 2538 2539 2414 
2581 2414 2539 2540 2415 
2582 2415 2540 2541 2416 
2583 2416 2541 2542 2417 
2584 2417 2542 2543 2418 
2585 2418 2543 2544 2419 
2586 2419 2544 2545 2420 
2587 2420 2545 2546 2421 
2588 2421 2546 2547 2422 
2589 2422 2547 2548 2423 
2590 2423 2548 2549 2424 
2591 2424 2549 2550 2425 
2592 2425 2550 2551 2426 
2593 2426 2551 2552 2427 
2594 2427 2552 2553 2428 
2595 2428 2553 2554 2429 
2596 2429 2554 2555 2430 
2597 2430 2555 2556 2431 
2598 2431 2556 2557 2432 
2599 2432 2557 2558 2433 
2600 2433 2558 2559 2434 
2601 2434 2559 2560 2435 
2602 2435 2560 2561 2436 
2603 2436 2561 2562 2437 
2604 2437 2562 2563 2438 
2605 2438 2563 2564 2439 
2606 2439 2564 2565 2440 
2607 2440 2565 2566 2441 
2608 2441 2566 2567 2442 
2609 2442 2567 2568 2443 
2610 2443 2568 2569 2444 
2611 2444 2569 2570 2445 
2612 2445 2570 2571 2446 
2613 2446 2571 2572 2447 
2614 2447 2572 2573 2448 
2615 2448 2573 2574 2449 
2616 2449 2574 2575 2450 
2617 2450 2575 2576 2451 
2618 2451 2576 2577 2452 
2619 2452 2577 2578 2453 
2620 2453 2578 2579 2454 
2621 2454 2579 2580 2455 
2622 2455 2580 2581 2456 
2623 2456 2581 2582 2457 
2624 2457 2582 2583 2458 
2625 2458 2583 2584 2459 
2626 2459 2584 2585 2460 
2627 2460 2585 2586 2461 
2628 2461 2586 2587 2462 
2629 2462 2587 2588 2463 
2630 2463 2588 2589 2464 
2631 2464 2589 2590 2465 
2632 2465 2590 2591 2466 
2633 2466 2591 2592 2467 
2634 2467 2592 2593 2468 
2635 2468 2593 2594 2469 
2636 2469 2594 2595 2470 
2637 2470 2595 2596 2471 
2638 2471 2596 2597 2472 
2639 2472 2597 2598 2473 
2640 2473 2598 2599 2474 
2641 2474 2599 2600 2475 
2642 2475 2600 2601 2476 
2643 2476 2601 2602 2477 
2644 2477 2602 2603 2478 
2645 2478 2603 2604 2479 
2646 2479 2604 2605 2480 
2647 2480 2605 2606 2481 
2648 2481 2606 2607 2482 
2649 2482 2607 2608 2483 
2650 2483 2608 2609 2484 
2651 2484 2609 2610 2485 
2652 2485 2610 2611 2486 
2653 2486 2611 2612 2487 
2654 2487 2612 2613 2488 
2655 2488 2613 2614 2489 
2656 2489 2614 2615 2490 
2657 2490 2615 2616 2491 
2658 2491 2616 2617 2492 
2659 2492 2617 2618 2493 
2660 2493 2618 2619 2494 
2661 2494 2619 2620 2495 
2662 2495 2620 2621 2496 
2663 2496 2621 2622 2497 
2664 2497 2622 2623 2498 
2665 2498 2623 2624 2499 
2666 2499 2624 2625 2500 
2667 2500 2625 2626 2501 
2668 2501 2626 2627 2502 
2669 2502 2627 2628 2503 
2670 2503 2628 2629 2504 
2671 2504 2629 2630 2505 
2672 2505 2630 2631 2506 
2673 2506 2631 2632 2507 
2674 2507 2632 2633 2508 
2675 2508 2633 2634 2509 
2676 2509 2634 2635 2510 
2677 2510 2635 2636 2511 
2678 2511 2636 2637 2512 
2679 2512 2637 2638 2513 
2680 2513 2638 2639 2514 
2681 2514 2639 2640 2515 
2682 2515 2640 2641 2516 
2683 2516 2641 2642 2517 
2684 2517 2642 2643 2518 
2685 2518 2643 2644 2519 
2686 2519 2644 2645 2520 
2687 2520 2645 2646 2521 
2688 2521 2646 333 332 
2689 33 2 748 2522 
2690 2522 748 749 2523 
2691 2523 749 750 2524 
2692 2524 750 751 2525 
2693 2525 751 752 2526 
2694 2526 752 753 2527 
2695 2527 753 754 2528 
2696 2528 754 755 2529 
2697 2529 755 756 2530 
2698 2530 756 757 2531 
2699 2531 757 758 2532 
2700 2532 758 759 2533 
2701 2533 759 760 2534 
2702 2534 760 761 2535 
2703 2535 761 762 2536 
2704 2536 762 763 2537 
2705 2537 763 764 2538 
2706 2538 764 765 2539 
2707 2539 765 766 2540 
2708 2540 766 767 2541 
2709 2541 767 768 2542 
2710 2542 768 769 2543 
2711 2543 769 770 2544 
2712 2544 770 771 2545 
2713 2545 771 772 2546 
2714 2546 772 773 2547 
2715 2547 773 774 2548 
2716 2548 774 775 2549 
2717 2549 775 776 2550 
2718 2550 776 777 2551 
2719 2551 777 778 2552 
2720 2552 778 779 2553 
2721 2553 779 780 2554 
2722 2554 780 781 2555 
2723 2555 781 782 2556 
2724 2556 782 783 2557 
2725 2557 783 784 2558 
2726 2558 784 785 2559 
2727 2559 785 786 2560 
2728 2560 786 787 2561 
2729 2561 787 788 2562 
2730 2562 788 789 2563 
2731 2563 789 790 2564 
2732 2564 790 791 2565 
2733 2565 791 792 2566 
2734 2566 792 793 2567 
2735 2567 793 794 2568 
2736 2568 794 795 2569 
2737 2569 795 796 2570 
2738 2570 796 797 2571 
2739 2571 797 798 2572 
2740 2572 798 799 2573 
2741 2573 799 800 2574 
2742 2574 800 801 2575 
2743 2575 801 802 2576 
2744 2576 802 803 2577 
2745 2577 803 804 2578 
2746 2578 804 805 2579 
2747 2579 805 806 2580 
2748 2580 806 807 2581 
2749 2581 807 808 2582 
2750 2582 808 809 2583 
2751 2583 809 810 2584 
2752 2584 810 811 2585 
2753 2585 811 812 2586 
2754 2586 812 813 2587 
2755 2587 813 814 2588 
2756 2588 814 815 2589 
2757 2589 815 816 2590 
2758 2590 816 817 2591 
2759 2591 817 818 2592 
2760 2592 818 819 2593 
2761 2593 819 820 2594 
2762 2594 820 821 2595 
2763 2595 821 822 2596 
2764 2596 822 823 2597 
2765 2597 823 824 2598 
2766 2598 824 825 2599 
2767 2599 825 826 2600 
2768 2600 826 827 2601 
2769 2601 827 828 2602 
2770 2602 828 829 2603 
2771 2603 829 830 2604 
2772 2604 830 831 2605 
2773 2605 831 832 2606 
2774 2606 832 833 2607 
2775 2607 833 834 2608 
2776 2608 834 835 2609 
2777 2609 835 836 2610 
2778 2610 836 837 2611 
2779 2611 837 838 2612 
2780 2612 838 839 2613 
2781 2613 839 840 2614 
2782 2614 840 841 2615 
2783 2615 841 842 2616 
2784 2616 842 843 2617 
2785 2617 843 844 2618 
2786 2618 844 845 2619 
2787 2619 845 846 2620 
2788 2620 846 847 2621 
2789 2621 847 848 2622 
2790 2622 848 849 2623 
2791 2623 849 850 2624 
2792 2624 850 851 2625 
2793 2625 851 852 2626 
2794 2626 852 853 2627 
2795 2627 853 854 2628 
2796 2628 854 855 2629 
2797 2629 855 856 2630 
2798 2630 856 857 2631 
2799 2631 857 858 2632 
2800 2632 858 859 2633 
2801 2633 859 860 2634 
2802 2634 860 861 2635 
2803 2635 861 862 2636 
2804 2636 862 863 2637 
2805 2637 863 864 2638 
2806 2638 864 865 2639 
2807 2639 865 866 2640 
2808 2640 866 867 2641 
2809 2641 867 868 2642 
2810 2642 868 869 2643 
2811 2643 869 870 2644 
2812 2644 870 871 2645 
2813 2645 871 872 2646 
2814 2646 872 11 333 
2 2 2 20
2815 941 2721 940 
2816 961 2735 960 
2817 924 2723 923 
2818 933 2745 932 
2819 954 2730 953 
2820 880 2739 879 
2821 907 2720 906 
2822 914 2737 913 
2823 899 2738 898 
2824 889 2719 888 
2825 953 2760 952 
2826 881 2764 880 
2827 940 2751 939 
2828 962 2762 961 
2829 923 2750 922 
2830 932 2767 931 
2831 915 2768 914 
2832 906 2749 905 
2833 898 2763 897 
2834 890 2748 889 
2 2 3 372
2835 2800 2648 2893 2771 
2836 2665 2864 2713 2758 
2837 2657 2862 2708 2754 
2838 2656 2861 2707 2755 
2839 2790 2722 2822 2675 
2840 2799 2719 2842 2672 
2841 2702 2750 2669 2825 
2842 2701 2749 2668 2847 
2843 2703 2751 2670 2815 
2844 2828 2769 2900 2647 
2845 2793 2731 2816 2684 
2846 2796 2724 2840 2677 
2847 2795 2733 2854 2685 
2848 2784 2725 2835 2678 
2849 2775 2735 2821 2687 
2850 2778 2696 2819 2743 
2851 2780 2744 2853 2697 
2852 2782 2737 2856 2691 
2853 2777 2694 2836 2741 
2854 2783 2739 2837 2692 
2855 2787 2747 2855 2689 
2856 2773 2746 2820 2699 
2857 2776 2742 2838 2695 
2858 2791 2790 2675 2817 
2859 2771 2772 2682 2800 
2860 2769 2828 2911 2770 
2861 2700 2784 2678 2857 
2862 2797 2796 2677 2832 
2863 2727 2789 2826 2680 
2864 2704 2775 2687 2818 
2865 2794 2795 2685 2823 
2866 2734 2774 2814 2686 
2867 2798 2799 2672 2851 
2868 2792 2793 2684 2834 
2869 2726 2786 2852 2679 
2870 2723 2794 2823 2674 
2871 2752 2704 2818 2830 
2872 2774 2703 2815 2814 
2873 2789 2702 2825 2826 
2874 2786 2701 2847 2852 
2875 2721 2792 2834 2676 
2876 2748 2700 2857 2831 
2877 2720 2797 2832 2673 
2878 2728 2798 2851 2681 
2879 2730 2791 2817 2683 
2880 824 823 2698 2812 
2881 782 781 2690 2810 
2882 803 802 2688 2809 
2883 859 2803 2699 860 
2884 761 760 2693 2801 
2885 845 844 2694 2805 
2886 2740 2781 2801 2693 
2887 2745 2779 2812 2698 
2888 2736 2785 2809 2688 
2889 2738 2788 2810 2690 
2890 797 796 2860 2808 
2891 755 754 2863 2811 
2892 2873 2771 2893 2717 
2893 2872 2718 2900 2769 
2894 2757 2710 2811 2863 
2895 2753 2705 2808 2860 
2896 2692 2811 2710 2783 
2897 2864 2812 2779 2713 
2898 2862 2809 2785 2708 
2899 2861 2810 2788 2707 
2900 2691 2808 2705 2782 
2901 818 817 2868 2806 
2902 865 2802 2871 866 
2903 776 775 2870 2807 
2904 839 838 2869 2804 
2905 2730 954 955 2791 
2906 2720 907 908 2797 
2907 2760 2711 951 952 
2908 2776 2712 945 946 
2909 2721 941 942 2792 
2910 2790 956 957 2722 
2911 2773 964 965 2746 
2912 2778 968 969 2715 
2913 2774 2734 936 937 
2914 2780 2714 928 929 
2915 2782 2705 911 912 
2916 2777 2741 949 950 
2917 2766 2742 947 948 
2918 2793 943 944 2731 
2919 2784 892 893 2725 
2920 2781 883 884 2709 
2921 2796 909 910 2724 
2922 2767 2744 930 931 
2923 2779 934 935 2713 
2924 2795 926 927 2733 
2925 2762 962 963 2716 
2926 2775 2704 958 959 
2927 2751 2703 938 939 
2928 2772 875 876 2729 
2929 2783 2710 877 878 
2930 2798 2728 885 886 
2931 2764 881 882 2740 
2932 2748 890 891 2700 
2933 2789 2727 919 920 
2934 2749 2701 904 905 
2935 2768 915 916 2736 
2936 2785 917 918 2708 
2937 2765 966 967 2743 
2938 2788 900 901 2707 
2939 2786 2726 902 903 
2940 2787 2706 894 895 
2941 2763 2747 896 897 
2942 2799 2798 886 887 
2943 2770 2732 970 971 
2944 2750 2702 921 922 
2945 2723 924 925 2794 
2946 2696 2778 2715 2802 
2947 2695 2804 2712 2776 
2948 2689 2807 2706 2787 
2949 2867 2801 2781 2709 
2950 2694 2777 2711 2805 
2951 2697 2806 2714 2780 
2952 2699 2803 2716 2773 
2953 2769 2770 971 972 
2954 2771 874 875 2772 
2955 2703 2774 937 938 
2956 2735 2775 959 960 
2957 2791 955 956 2790 
2958 2743 967 968 2778 
2959 2741 2766 948 949 
2960 2715 969 970 2909 
2961 2712 2761 944 945 
2962 2742 2776 946 947 
2963 2711 2777 950 951 
2964 2792 942 943 2793 
2965 2705 2753 910 911 
2966 2709 884 885 2908 
2967 2744 2780 929 930 
2968 2745 933 934 2779 
2969 2716 963 964 2773 
2970 2714 2759 927 928 
2971 2739 2783 878 879 
2972 2794 925 926 2795 
2973 2740 882 883 2781 
2974 2700 891 892 2784 
2975 2746 965 966 2765 
2976 2737 2782 912 913 
2977 2704 2752 957 958 
2978 2713 935 936 2758 
2979 2710 2757 876 877 
2980 2719 2799 887 888 
2981 2701 2786 903 904 
2982 2706 2756 893 894 
2983 2747 2787 895 896 
2984 2707 901 902 2755 
2985 2738 899 900 2788 
2986 2736 916 917 2785 
2987 2702 2789 920 921 
2988 2797 908 909 2796 
2989 2708 918 919 2754 
2990 2872 2769 972 973 
2991 2873 873 874 2771 
2992 2804 2869 2761 2712 
2993 2807 2870 2756 2706 
2994 2805 2711 2907 2866 
2995 2802 2715 2909 2871 
2996 2803 2865 2910 2716 
2997 2806 2868 2759 2714 
2998 2879 872 871 2647 
2999 2880 2648 749 748 
3000 870 2828 2647 871 
3001 750 749 2648 2800 
3002 2770 2911 2813 2732 
3003 2772 2729 2841 2682 
3004 2807 2689 777 776 
3005 2802 865 864 2696 
3006 2811 2692 756 755 
3007 2808 2691 798 797 
3008 2806 2697 819 818 
3009 2804 2695 840 839 
3010 2810 2861 783 782 
3011 2809 2862 804 803 
3012 2812 2864 825 824 
3013 2863 2660 2886 2757 
3014 2860 2655 2885 2753 
3015 2830 2671 2874 2752 
3016 2831 2667 2877 2748 
3017 751 750 2800 2682 
3018 869 2911 2828 870 
3019 957 2752 2874 2722 
3020 940 2721 2875 2751 
3021 923 2723 2878 2750 
3022 906 2720 2876 2749 
3023 889 2748 2877 2719 
3024 970 2732 2892 2909 
3025 953 2730 2887 2760 
3026 961 2762 2881 2735 
3027 919 2727 2891 2754 
3028 885 2728 2889 2908 
3029 910 2753 2885 2724 
3030 927 2759 2890 2733 
3031 902 2726 2888 2755 
3032 876 2757 2886 2729 
3033 893 2756 2884 2725 
3034 936 2734 2883 2758 
3035 944 2761 2882 2731 
3036 2688 2845 2902 2736 
3037 2693 2846 2906 2740 
3038 2698 2829 2896 2745 
3039 2690 2848 2898 2738 
3040 932 2745 2896 2767 
3041 898 2738 2898 2763 
3042 880 2764 2899 2739 
3043 914 2768 2897 2737 
3044 868 2813 2911 869 
3045 856 2821 2662 857 
3046 850 2675 2822 851 
3047 827 826 2665 2850 
3048 830 829 2814 2815 
3049 842 841 2838 2653 
3050 853 2830 2818 854 
3051 833 832 2827 2676 
3052 861 2820 2652 862 
3053 831 830 2815 2670 
3054 807 806 2844 2680 
3055 772 771 2857 2678 
3056 766 765 2681 2851 
3057 811 810 2669 2824 
3058 791 790 2849 2673 
3059 770 769 2667 2831 
3060 813 812 2674 2823 
3061 779 778 2855 2650 
3062 774 773 2835 2658 
3063 768 767 2672 2842 
3064 788 787 2852 2847 
3065 753 752 2841 2660 
3066 814 813 2823 2685 
3067 769 768 2842 2667 
3068 780 779 2650 2848 
3069 765 764 2833 2681 
3070 786 785 2843 2679 
3071 793 792 2832 2677 
3072 792 791 2673 2832 
3073 848 2683 2817 849 
3074 854 2818 2687 855 
3075 835 834 2834 2684 
3076 757 756 2692 2837 
3077 758 757 2837 2651 
3078 789 788 2847 2668 
3079 759 758 2651 2846 
3080 834 833 2676 2834 
3081 849 2817 2675 850 
3082 808 807 2680 2826 
3083 760 759 2846 2693 
3084 816 815 2854 2666 
3085 815 814 2685 2854 
3086 846 2663 2839 847 
3087 847 2839 2683 848 
3088 764 763 2659 2833 
3089 785 784 2656 2843 
3090 843 842 2653 2836 
3091 844 843 2836 2694 
3092 781 780 2848 2690 
3093 794 793 2677 2840 
3094 795 794 2840 2655 
3095 752 751 2682 2841 
3096 787 786 2679 2852 
3097 778 777 2689 2855 
3098 773 772 2678 2835 
3099 812 811 2824 2674 
3100 800 799 2856 2649 
3101 799 798 2691 2856 
3102 790 789 2668 2849 
3103 767 766 2851 2672 
3104 821 820 2853 2654 
3105 820 819 2697 2853 
3106 801 800 2649 2845 
3107 823 822 2829 2698 
3108 822 821 2654 2829 
3109 810 809 2825 2669 
3110 809 808 2826 2825 
3111 802 801 2845 2688 
3112 771 770 2831 2857 
3113 806 805 2657 2844 
3114 863 2819 2696 864 
3115 862 2652 2819 863 
3116 828 827 2850 2686 
3117 851 2822 2671 852 
3118 860 2699 2820 861 
3119 829 828 2686 2814 
3120 832 831 2670 2827 
3121 852 2671 2830 853 
3122 841 840 2695 2838 
3123 837 836 2816 2664 
3124 836 835 2684 2816 
3125 855 2687 2821 856 
3126 867 2661 2813 868 
3127 2680 2844 2891 2727 
3128 2679 2843 2888 2726 
3129 2681 2833 2889 2728 
3130 2683 2839 2887 2730 
3131 2686 2850 2883 2734 
3132 2803 859 858 2865 
3133 2801 2867 762 761 
3134 2805 2866 846 845 
3135 796 795 2655 2860 
3136 826 825 2864 2665 
3137 754 753 2660 2863 
3138 805 804 2862 2657 
3139 784 783 2861 2656 
3140 2676 2827 2875 2721 
3141 2673 2849 2876 2720 
3142 2674 2824 2878 2723 
3143 817 816 2666 2868 
3144 763 762 2867 2659 
3145 857 2662 2865 858 
3146 866 2871 2661 867 
3147 775 774 2658 2870 
3148 838 837 2664 2869 
3149 2836 2905 2766 2741 
3150 2819 2901 2765 2743 
3151 35 2859 2880 34 
3152 973 12 336 2872 
3153 873 2873 36 3 
3154 335 334 2879 2858 
3155 335 2718 2872 336 
3156 35 36 2873 2717 
3157 872 2879 334 11 
3158 748 2 34 2880 
3159 2750 2878 2824 2669 
3160 2719 2877 2667 2842 
3161 2749 2876 2849 2668 
3162 2722 2874 2671 2822 
3163 2751 2875 2827 2670 
3164 2735 2881 2662 2821 
3165 2758 2883 2850 2665 
3166 2731 2882 2664 2816 
3167 2724 2885 2655 2840 
3168 2733 2890 2666 2854 
3169 2755 2888 2843 2656 
3170 2725 2884 2658 2835 
3171 2729 2886 2660 2841 
3172 2754 2891 2844 2657 
3173 2732 2813 2661 2892 
3174 2839 2663 2907 2887 
3175 2833 2659 2908 2889 
3176 2746 2895 2652 2820 
3177 2742 2894 2653 2838 
3178 2739 2899 2651 2837 
3179 2737 2897 2649 2856 
3180 846 2866 2907 2663 
3181 2882 2761 2869 2664 
3182 2892 2661 2871 2909 
3183 2709 2908 2659 2867 
3184 2884 2756 2870 2658 
3185 2881 2910 2865 2662 
3186 2890 2759 2868 2666 
3187 2744 2903 2654 2853 
3188 2747 2904 2650 2855 
3189 2879 2647 2900 2858 
3190 2819 2652 2895 2901 
3191 2829 2654 2903 2896 
3192 2836 2653 2894 2905 
3193 2846 2651 2899 2906 
3194 2848 2650 2904 2898 
3195 2845 2649 2897 2902 
3196 2716 2910 2881 2762 
3197 2711 2760 2887 2907 
3198 2880 2859 2893 2648 
3199 2746 2765 2901 2895 
3200 2742 2766 2905 2894 
3201 2744 2767 2896 2903 
3202 2736 2902 2897 2768 
3203 2747 2763 2898 2904 
3204 2740 2906 2899 2764 
3205 35 2717 2893 2859 
3206 335 2858 2900 2718 
2 3 3 373
3207 3016 2918 3089 3012 
3208 3010 3006 3088 2919 
3209 3108 3038 3073 2924 
3210 3167 3052 990 991 
3211 3144 2942 3067 3046 
3212 938 3066 2936 939 
3213 966 3063 2952 967 
3214 3126 3051 3080 2943 
3215 901 900 2938 3075 
3216 2984 3156 2987 2983 
3217 3153 3028 3027 3029 
3218 3196 3018 3017 3019 
3219 3134 3008 3079 2948 
3220 3135 2949 3078 3014 
3221 3070 3045 3161 2939 
3222 2960 3050 3155 3048 
3223 3044 3161 3045 3043 
3224 2991 3198 2992 2990 
3225 2996 2995 2997 3162 
3226 2930 3165 3034 3179 
3227 2912 3114 2985 3120 
3228 3186 3039 3040 3163 
3229 2962 3011 3159 3013 
3230 3006 3005 3007 3158 
3231 3033 3032 3034 3165 
3232 3001 3160 3002 3000 
3233 3171 1013 1014 2994 
3234 3172 2999 1019 1020 
3235 3168 3042 994 995 
3236 3177 976 977 3026 
3237 3037 3036 998 999 
3238 3141 2954 3076 3003 
3239 2946 3145 3071 3041 
3240 3123 3194 2976 3082 
3241 3122 3091 3137 2975 
3242 2984 2985 3114 2926 
3243 2956 3181 3059 3058 
3244 3029 3027 981 3030 
3245 3019 3017 1006 2967 
3246 3044 3043 987 2981 
3247 2944 2993 3068 3143 
3248 2945 3142 3069 2998 
3249 3022 2974 3146 3023 
3250 3155 3049 2981 3048 
3251 3154 2972 3017 3018 
3252 3154 3001 3000 2972 
3253 3159 3011 2979 3012 
3254 3164 3024 2965 3022 
3255 2983 2971 2985 2984 
3256 3027 3028 3146 2974 
3257 3193 2947 3153 3029 
3258 3044 2981 3049 3147 
3259 3000 3002 3003 2968 
3260 2936 3066 3013 3159 
3261 2937 3158 3007 3065 
3262 2921 3146 3028 3095 
3263 3005 2963 3008 3007 
3264 2924 3073 3104 3103 
3265 3005 3006 3010 2980 
3266 3032 2964 3035 3034 
3267 3039 3186 3053 2978 
3268 2938 3155 3050 3075 
3269 3043 3045 3046 2957 
3270 2990 2992 2993 2958 
3271 3032 3033 3054 2973 
3272 2927 3154 3018 3112 
3273 3025 2951 3092 3055 
3274 2998 2999 3172 3128 
3275 3053 3107 2943 3080 
3276 2997 2995 1018 2959 
3277 2987 2966 1027 2983 
3278 3040 3039 993 2961 
3279 2914 3147 3049 3106 
3280 2920 3085 3086 3054 
3281 3013 3066 3135 3014 
3282 3007 3008 3134 3065 
3283 3141 3003 3002 3160 
3284 2952 3063 2988 2987 
3285 2994 1014 1015 2958 
3286 2999 2959 1018 1019 
3287 2990 1016 1017 2982 
3288 3004 1002 1003 2968 
3289 3005 1022 1023 2963 
3290 3011 2962 1010 1011 
3291 3022 979 980 2974 
3292 3026 977 978 2965 
3293 3000 1004 1005 2972 
3294 2986 2971 1028 1029 
3295 3042 2961 993 994 
3296 3021 2967 1006 1007 
3297 3168 995 996 2973 
3298 3047 985 986 2957 
3299 2989 1026 1027 2966 
3300 3048 2981 987 988 
3301 3052 2960 989 990 
3302 3032 997 998 2964 
3303 3167 991 992 2978 
3304 3031 3030 981 982 
3305 1012 1013 3171 2979 
3306 1021 2980 3172 1020 
3307 2970 3056 974 975 
3308 3047 3173 984 985 
3309 2941 3068 2993 2992 
3310 3144 3046 3045 3070 
3311 2940 2997 2998 3069 
3312 3163 3040 3041 3071 
3313 2951 3025 3072 3151 
3314 3164 3072 3025 3024 
3315 3150 3179 3034 3035 
3316 975 976 3177 2970 
3317 2990 2982 3188 2991 
3318 2995 2996 3188 2982 
3319 3050 3051 3126 3075 
3320 3036 3037 3073 3038 
3321 2971 2983 1027 1028 
3322 2968 1003 1004 3000 
3323 2958 1015 1016 2990 
3324 2982 1017 1018 2995 
3325 2972 1005 1006 3017 
3326 2979 3011 1011 1012 
3327 2980 1021 1022 3005 
3328 2973 996 997 3032 
3329 2965 978 979 3022 
3330 2960 3048 988 989 
3331 2957 986 987 3043 
3332 2978 992 993 3039 
3333 2974 980 981 3027 
3334 3057 3058 3059 3056 
3335 3038 3169 3035 3036 
3336 3044 3147 2914 3109 
3337 2963 1023 3194 3009 
3338 2962 3015 3195 1010 
3339 3037 999 1000 3166 
3340 3035 3169 2950 3150 
3341 3022 3023 3099 3164 
3342 3107 3053 3186 2917 
3343 2919 3105 3128 3010 
3344 2918 3016 3127 3084 
3345 3013 3014 3015 2962 
3346 3050 2960 3052 3051 
3347 3019 2967 3021 3020 
3348 958 3065 3134 959 
3349 3024 3025 3026 2965 
3350 998 3036 3035 2964 
3351 3040 2961 3042 3041 
3352 3067 3047 2957 3046 
3353 2997 2959 2999 2998 
3354 3127 2994 2958 2993 
3355 2987 2988 2989 2966 
3356 2926 3083 3156 2984 
3357 2948 3079 3123 3117 
3358 2949 3115 3122 3078 
3359 3023 3146 2921 3099 
3360 3157 2913 3129 3140 
3361 3041 3042 3168 3086 
3362 2950 3169 3038 3108 
3363 3056 2970 3121 3057 
3364 2942 3097 3133 3067 
3365 3056 3059 3149 974 
3366 2968 3003 3076 3004 
3367 3001 3154 2927 3096 
3368 3181 40 3149 3059 
3369 2994 3127 3016 3171 
3370 3004 3170 1001 1002 
3371 2963 3009 3079 3008 
3372 39 2956 3060 38 
3373 2954 3087 3132 3076 
3374 2989 3187 1025 1026 
3375 3120 3064 3125 2912 
3376 3019 3020 3100 3196 
3377 3021 1007 1008 3137 
3378 3175 3129 874 873 
3379 3065 958 957 2937 
3380 3031 982 983 3178 
3381 2971 2986 3120 2985 
3382 3074 3081 2922 3082 
3383 3072 3164 3099 2931 
3384 3182 3165 2930 3102 
3385 38 3060 3175 37 
3386 3081 3074 3189 2932 
3387 339 338 3061 2955 
3388 1001 2969 3166 1000 
3389 3165 3182 3054 3033 
3390 3001 3096 2929 3160 
3391 340 3148 3062 3131 
3392 3071 2935 3110 3163 
3393 983 984 3173 2977 
3394 1024 1025 3187 2976 
3395 970 3114 2912 971 
3396 876 875 2913 3077 
3397 3041 3086 3085 2946 
3398 1009 2975 3137 1008 
3399 971 2912 3125 972 
3400 2986 3124 3064 3120 
3401 2997 2940 3116 3162 
3402 2992 3198 3113 2941 
3403 3044 3109 2939 3161 
3404 2976 3194 1023 1024 
3405 2975 1009 1010 3195 
3406 3082 2922 3117 3123 
3407 3029 3030 3200 3193 
3408 3179 3150 916 915 
3409 877 876 3077 2925 
3410 969 2926 3114 970 
3411 2953 3196 3100 3101 
3412 3174 973 972 3125 
3413 3006 3158 2937 3088 
3414 3012 3089 2936 3159 
3415 967 2952 3083 968 
3416 927 2927 3112 928 
3417 925 2929 3096 926 
3418 940 3089 2918 941 
3419 934 2923 3115 935 
3420 932 2933 3090 933 
3421 889 888 3111 2934 
3422 946 2941 3113 947 
3423 884 883 3099 2921 
3424 962 2922 3081 963 
3425 941 2918 3084 942 
3426 918 917 2950 3108 
3427 956 3088 2937 957 
3428 960 2948 3117 961 
3429 954 3105 2919 955 
3430 955 2919 3088 956 
3431 961 3117 2922 962 
3432 890 889 2934 3093 
3433 893 892 3097 2942 
3434 953 2945 3105 954 
3435 913 912 2920 3102 
3436 912 911 3085 2920 
3437 921 3087 2954 922 
3438 914 913 3102 2930 
3439 911 910 2946 3085 
3440 887 886 2947 3098 
3441 906 905 2917 3110 
3442 898 897 3109 2914 
3443 897 896 2939 3109 
3444 907 906 3110 2935 
3445 879 878 3092 2951 
3446 878 877 2925 3092 
3447 929 2953 3101 930 
3448 900 899 3106 2938 
3449 899 898 2914 3106 
3450 892 891 2916 3097 
3451 891 890 3093 2916 
3452 904 903 2943 3107 
3453 905 904 3107 2917 
3454 919 918 3108 2924 
3455 949 3116 2940 950 
3456 948 2915 3116 949 
3457 963 3081 2932 964 
3458 942 3084 2944 943 
3459 947 3113 2915 948 
3460 885 884 2921 3095 
3461 886 885 3095 2947 
3462 883 882 2931 3099 
3463 933 3090 2923 934 
3464 921 920 3103 2928 
3465 920 919 2924 3103 
3466 931 3100 2933 932 
3467 930 3101 3100 931 
3468 888 887 3098 3111 
3469 935 3115 2949 936 
3470 926 3096 2927 927 
3471 928 3112 2953 929 
3472 939 2936 3089 940 
3473 968 3083 2926 969 
3474 1030 13 340 3131 
3475 3075 3126 902 901 
3476 3115 2923 3091 3122 
3477 3049 3155 2938 3106 
3478 2947 3193 3111 3098 
3479 3174 3125 3064 3061 
3480 3063 966 965 3130 
3481 974 3149 40 4 
3482 3118 3094 2916 3093 
3483 3119 3091 2923 3090 
3484 3176 3077 2913 3157 
3485 3152 3094 3118 3138 
3486 3066 938 937 3135 
3487 903 902 3126 2943 
3488 2987 3156 3083 2952 
3489 338 337 3174 3061 
3490 964 2932 3130 965 
3491 3061 3064 3124 2955 
3492 3063 3189 3074 2988 
3493 936 2949 3135 937 
3494 959 3134 2948 960 
3495 3057 3157 3140 3058 
3496 875 874 3129 2913 
3497 922 2954 3141 923 
3498 943 2944 3143 944 
3499 910 909 3145 2946 
3500 3124 2986 3190 3062 
3501 950 2940 3191 951 
3502 896 895 3070 2939 
3503 3093 2934 3200 3118 
3504 882 881 3180 2931 
3505 2986 1029 1030 3190 
3506 2931 3180 3151 3072 
3507 3090 2933 3185 3119 
3508 2988 3074 3187 2989 
3509 2945 953 952 3142 
3510 2942 3144 894 893 
3511 3128 3172 2980 3010 
3512 3012 2979 3171 3016 
3513 2998 3128 3105 2945 
3514 2993 2944 3084 3127 
3515 3058 3140 3060 2956 
3516 3067 3152 3173 3047 
3517 3025 3055 3177 3026 
3518 3091 3119 3021 3137 
3519 3080 3167 2978 3053 
3520 3139 3104 3073 2969 
3521 3086 3168 2973 3054 
3522 3051 3052 3167 3080 
3523 921 2928 3132 3087 
3524 2930 3179 915 914 
3525 3151 3180 881 880 
3526 340 339 2955 3148 
3527 3104 3139 3076 3132 
3528 873 3 37 3175 
3529 973 3174 337 12 
3530 3097 2916 3094 3133 
3531 3103 3104 3132 2928 
3532 2935 3184 908 907 
3533 3175 3060 3140 3129 
3534 3073 3037 3166 2969 
3535 2941 946 945 3192 
3536 2929 925 924 3199 
3537 3121 3176 3157 3057 
3538 880 879 2951 3151 
3539 917 916 3150 2950 
3540 3014 3078 3136 3015 
3541 923 3141 3199 924 
3542 3031 3118 3200 3030 
3543 944 3143 3192 945 
3544 895 894 3144 3070 
3545 951 3191 3142 952 
3546 3009 3194 3123 3079 
3547 2975 3136 3078 3122 
3548 3021 3119 3185 3020 
3549 909 908 3184 3145 
3550 3131 3062 3190 1030 
3551 3018 3196 2953 3112 
3552 2976 3187 3074 3082 
3553 40 3181 2956 39 
3554 3028 3153 2947 3095 
3555 3094 3152 3067 3133 
3556 3076 3139 3170 3004 
3557 3055 3183 3176 3121 
3558 2929 3199 3141 3160 
3559 2941 3192 3143 3068 
3560 2940 3069 3142 3191 
3561 2955 3124 3062 3148 
3562 2935 3071 3145 3184 
3563 3055 3092 2925 3183 
3564 3054 3182 3102 2920 
3565 3063 3130 2932 3189 
3566 3163 3110 2917 3186 
3567 3020 3185 2933 3100 
3568 3118 3031 3178 3138 
3569 3162 3116 2915 3197 
3570 983 2977 3138 3178 
3571 3055 3121 2970 3177 
3572 3193 3200 2934 3111 
3573 3077 3176 3183 2925 
3574 3162 3197 3188 2996 
3575 3197 3198 2991 3188 
3576 1001 3170 3139 2969 
3577 3113 3198 3197 2915 
3578 2975 3195 3015 3136 
3579 3138 2977 3173 3152 
2 4 3 222
3580 3204 3356 3245 3293 
3581 3276 3288 3221 3315 
3582 3251 3231 3248 3250 
3583 3257 3256 3254 3233 
3584 3227 3319 3320 3286 
3585 3295 3205 3290 3246 
3586 3327 3358 3211 3303 
3587 3238 3261 3265 3262 
3588 3241 3274 3275 3273 
3589 3232 3245 3356 3246 
3590 3366 3272 3271 3270 
3591 3345 3278 3337 3318 
3592 3237 3267 3269 3268 
3593 3275 3359 3240 3273 
3594 3252 3326 1049 3231 
3595 3270 3271 3279 3239 
3596 3317 3279 3336 3219 
3597 3261 3240 3359 3265 
3598 3315 3222 3341 3276 
3599 3235 3254 3256 3255 
3600 3257 3358 3327 3256 
3601 3232 3243 3244 3245 
3602 3297 3253 3328 3206 
3603 3230 3249 3250 3248 
3604 3259 3258 3373 3260 
3605 3210 3301 3257 3333 
3606 3243 3234 3280 3244 
3607 3269 3267 3236 3370 
3608 3281 3234 1055 1056 
3609 3243 3232 1053 1054 
3610 3248 3231 1049 1050 
3611 3254 1047 1048 3233 
3612 3258 1045 1046 3235 
3613 3261 3238 1032 1033 
3614 3267 1043 1044 3236 
3615 3270 1041 1042 3237 
3616 3273 3240 1034 1035 
3617 3277 3241 1036 1037 
3618 3209 3251 3335 3298 
3619 3238 3264 3363 1032 
3620 3333 3326 3252 3287 
3621 3234 3243 1054 1055 
3622 3230 3248 1050 1051 
3623 3235 1046 1047 3254 
3624 3236 1044 1045 3258 
3625 3237 1042 1043 3267 
3626 3239 1040 1041 3270 
3627 3241 3273 1035 1036 
3628 3240 3261 1033 1034 
3629 1051 1052 3344 3230 
3630 3290 3328 3253 3330 
3631 3344 3232 3246 3247 
3632 3313 3223 3311 3354 
3633 3264 3286 3320 3331 
3634 3262 3263 3264 3238 
3635 3285 3282 3281 3283 
3636 3285 3283 3289 3229 
3637 3241 3276 3341 3274 
3638 3251 3209 3299 3287 
3639 3302 3350 3263 3360 
3640 3231 3251 3287 3252 
3641 3302 3360 3310 3226 
3642 3283 3347 3340 3289 
3643 3282 3280 3234 3281 
3644 3352 3336 3279 3271 
3645 3270 3237 3268 3366 
3646 3258 3259 3370 3236 
3647 3241 3277 3288 3276 
3648 3330 3247 3246 3290 
3649 3279 3317 3220 3318 
3650 3258 3235 3255 3373 
3651 3228 3322 41 42 
3652 3244 3280 3374 3351 
3653 3249 3349 3371 3250 
3654 3285 3229 342 3284 
3655 3282 3285 3325 3201 
3656 3321 3352 3300 3218 
3657 3210 3333 3287 3299 
3658 342 3229 3289 343 
3659 3348 3343 43 44 
3660 3275 3274 3341 3354 
3661 1057 14 344 3340 
3662 1040 3239 3369 1039 
3663 976 975 3242 3319 
3664 974 4 41 3364 
3665 1030 3368 341 13 
3666 3311 3339 3275 3354 
3667 3322 3320 3319 3242 
3668 3278 1038 1039 3369 
3669 3322 3228 3331 3320 
3670 3318 3220 3334 3316 
3671 3288 3316 3334 3221 
3672 3277 1037 1038 3362 
3673 1028 3201 3325 1029 
3674 3257 3301 3211 3358 
3675 1027 3291 3201 1028 
3676 3331 3266 3363 3264 
3677 3263 3262 3342 3360 
3678 3373 3255 3355 3305 
3679 3205 3294 3328 3290 
3680 977 976 3319 3227 
3681 3201 3291 3357 3282 
3682 1026 3202 3291 1027 
3683 3362 3345 3288 3277 
3684 1031 3348 44 5 
3685 3249 3230 3330 3253 
3686 3246 3356 3204 3295 
3687 1025 3292 3202 1026 
3688 3233 3326 3333 3257 
3689 1024 3203 3292 1025 
3690 1023 3293 3203 1024 
3691 1022 3204 3293 1023 
3692 1021 3295 3204 1022 
3693 1020 3205 3295 1021 
3694 1019 3294 3205 1020 
3695 1019 1018 3297 3206 
3696 1018 1017 3207 3297 
3697 1017 1016 3296 3207 
3698 1016 1015 3208 3296 
3699 1015 1014 3298 3208 
3700 1014 1013 3209 3298 
3701 979 978 3302 3226 
3702 982 981 3225 3314 
3703 996 995 3218 3300 
3704 993 992 3317 3219 
3705 985 984 3311 3223 
3706 981 980 3310 3225 
3707 980 979 3226 3310 
3708 1005 1004 3306 3213 
3709 1004 1003 3214 3306 
3710 1009 1008 3303 3211 
3711 1008 1007 3212 3303 
3712 989 988 3315 3221 
3713 1007 1006 3304 3212 
3714 1006 1005 3213 3304 
3715 1001 1000 3309 3215 
3716 1000 999 3216 3309 
3717 998 997 3217 3312 
3718 999 998 3312 3216 
3719 994 993 3219 3321 
3720 986 985 3223 3313 
3721 987 986 3313 3222 
3722 1003 1002 3307 3214 
3723 1002 1001 3215 3307 
3724 997 996 3300 3217 
3725 988 987 3222 3315 
3726 995 994 3321 3218 
3727 983 982 3314 3224 
3728 984 983 3224 3311 
3729 992 991 3220 3317 
3730 978 977 3227 3302 
3731 1011 1010 3301 3210 
3732 1010 1009 3211 3301 
3733 1013 1012 3299 3209 
3734 1012 1011 3210 3299 
3735 3233 1048 1049 3326 
3736 3264 3263 3350 3286 
3737 1038 3278 3345 3362 
3738 3259 3308 3365 3370 
3739 3232 3344 1052 1053 
3740 991 990 3334 3220 
3741 990 989 3221 3334 
3742 3343 3348 1031 3266 
3743 343 3289 3340 344 
3744 975 974 3364 3242 
3745 42 43 3343 3228 
3746 1056 3347 3283 3281 
3747 3271 3272 3353 3352 
3748 3318 3316 3288 3345 
3749 3245 3329 3203 3293 
3750 1032 3363 3266 1031 
3751 1019 3206 3328 3294 
3752 3239 3279 3318 3337 
3753 3269 3346 3367 3268 
3754 3253 3297 3207 3338 
3755 342 341 3368 3284 
3756 3372 3260 3373 3305 
3757 3352 3321 3219 3336 
3758 3354 3341 3222 3313 
3759 3360 3342 3225 3310 
3760 1029 3325 3368 1030 
3761 3311 3224 3324 3339 
3762 41 3322 3242 3364 
3763 3323 3353 3272 3366 
3764 3312 3217 3353 3323 
3765 3230 3344 3247 3330 
3766 3307 3215 3365 3308 
3767 3304 3213 3372 3305 
3768 3224 3314 3375 3324 
3769 3305 3355 3212 3304 
3770 3352 3353 3217 3300 
3771 3303 3212 3355 3327 
3772 3285 3284 3368 3325 
3773 3262 3265 3375 3342 
3774 3286 3350 3302 3227 
3775 3292 3203 3329 3351 
3776 3308 3361 3214 3307 
3777 3296 3349 3338 3207 
3778 3306 3214 3361 3332 
3779 3323 3367 3216 3312 
3780 3324 3359 3275 3339 
3781 3298 3335 3371 3208 
3782 3332 3372 3213 3306 
3783 3308 3259 3332 3361 
3784 3366 3268 3367 3323 
3785 3215 3309 3346 3365 
3786 3309 3216 3367 3346 
3787 3342 3375 3314 3225 
3788 3359 3324 3375 3265 
3789 3208 3371 3349 3296 
3790 3202 3292 3351 3374 
3791 3291 3202 3374 3357 
3792 1056 1057 3340 3347 
3793 3239 3337 3278 3369 
3794 3282 3357 3374 3280 
3795 3228 3343 3266 3331 
3796 3256 3327 3355 3255 
3797 3245 3244 3351 3329 
3798 3253 3338 3349 3249 
3799 3259 3260 3372 3332 
3800 3251 3250 3371 3335 
3801 3370 3365 3346 3269 
2 5 3 118
3802 3435 3441 3386 3431 
3803 3387 3403 3402 3436 
3804 3460 3400 1060 1061 
3805 3466 1068 1069 3409 
3806 3414 3392 3411 3413 
3807 3458 3433 3386 3441 
3808 3391 3412 3413 3411 
3809 3395 3418 3419 3417 
3810 3392 3415 3465 1065 
3811 3405 3441 3435 3407 
3812 3445 3388 3454 3397 
3813 3407 3394 1070 3406 
3814 3407 3406 3461 3405 
3815 3411 3392 1065 1066 
3816 3409 1069 1070 3394 
3817 3460 1061 1062 3393 
3818 3417 1063 1064 3395 
3819 3400 3390 1059 1060 
3820 3389 346 345 3402 
3821 1067 1068 3466 3391 
3822 3390 3397 1058 1059 
3823 47 3388 3437 46 
3824 3391 3411 1066 1067 
3825 3393 1062 1063 3417 
3826 3417 3419 3459 3393 
3827 3412 3391 3466 3410 
3828 3416 3415 3392 3414 
3829 3453 3461 1071 1072 
3830 3407 3408 3409 3394 
3831 3398 3390 3400 3399 
3832 3461 3404 3403 3405 
3833 3437 3388 3445 3422 
3834 3401 3459 3428 3448 
3835 3416 3442 3465 3415 
3836 3412 3443 3452 3413 
3837 3418 3444 3451 3419 
3838 3443 3420 3438 3379 
3839 3390 3398 3445 3397 
3840 3402 3403 3404 3389 
3841 3410 3420 3443 3412 
3842 347 3453 1072 15 
3843 3397 3454 6 1058 
3844 3461 3453 3389 3404 
3845 45 3463 1031 5 
3846 345 14 1057 3462 
3847 1033 1032 3396 3421 
3848 3422 3445 3398 3447 
3849 1065 3465 3395 1064 
3850 1055 3387 3436 1056 
3851 1054 3433 3387 1055 
3852 1070 1071 3461 3406 
3853 3441 3405 3403 3458 
3854 1034 1033 3421 3383 
3855 1053 3386 3433 1054 
3856 1052 3431 3386 1053 
3857 1036 3429 3381 1037 
3858 1042 3426 3377 1043 
3859 1039 3380 3425 1040 
3860 1037 3381 3427 1038 
3861 1038 3427 3380 1039 
3862 1043 3377 3423 1044 
3863 1044 3423 3378 1045 
3864 1045 3378 3430 1046 
3865 1046 3430 3379 1047 
3866 1049 3384 3432 1050 
3867 1050 3432 3385 1051 
3868 1040 3425 3376 1041 
3869 1035 1034 3383 3424 
3870 1041 3376 3426 1042 
3871 1035 3382 3429 1036 
3872 1051 3385 3431 1052 
3873 1047 3379 3438 1048 
3874 1048 3438 3384 1049 
3875 3414 3413 3452 3446 
3876 3457 3456 3440 3399 
3877 346 3389 3453 347 
3878 6 3454 3388 47 
3879 3459 3419 3451 3428 
3880 3450 3442 3416 3434 
3881 3399 3400 3460 3401 
3882 3418 3395 3465 3442 
3883 3396 3422 3447 3421 
3884 46 3437 3463 45 
3885 1035 3424 3456 3382 
3886 3431 3385 3449 3435 
3887 3385 3432 3439 3449 
3888 3427 3381 3448 3428 
3889 3380 3427 3428 3451 
3890 3426 3376 3450 3434 
3891 3421 3447 3440 3383 
3892 3422 3396 3463 3437 
3893 3383 3440 3456 3424 
3894 3425 3380 3451 3444 
3895 3376 3425 3444 3450 
3896 3403 3387 3433 3458 
3897 3379 3430 3452 3443 
3898 3430 3378 3446 3452 
3899 3442 3450 3444 3418 
3900 3378 3423 3455 3446 
3901 3439 3464 3408 3449 
3902 345 3462 3436 3402 
3903 3399 3440 3447 3398 
3904 1032 1031 3463 3396 
3905 3381 3429 3457 3448 
3906 3407 3435 3449 3408 
3907 3429 3382 3456 3457 
3908 1056 3436 3462 1057 
3909 3455 3468 3434 3416 
3910 3408 3464 3466 3409 
3911 3384 3438 3420 3467 
3912 3423 3377 3468 3455 
3913 3432 3384 3467 3439 
3914 3416 3414 3446 3455 
3915 3399 3401 3448 3457 
3916 3420 3410 3439 3467 
3917 3434 3468 3377 3426 
3918 3466 3464 3439 3410 
3919 3401 3460 3393 3459 
2 6 3 128
3920 6 48 3469 1058 
3921 1058 3469 3470 1059 
3922 1059 3470 3471 1060 
3923 1060 3471 3472 1061 
3924 1061 3472 3473 1062 
3925 1062 3473 3474 1063 
3926 1063 3474 3475 1064 
3927 1064 3475 3476 1065 
3928 1065 3476 3477 1066 
3929 1066 3477 3478 1067 
3930 1067 3478 3479 1068 
3931 1068 3479 3480 1069 
3932 1069 3480 3481 1070 
3933 1070 3481 3482 1071 
3934 1071 3482 3483 1072 
3935 1072 3483 348 15 
3936 48 49 3484 3469 
3937 3469 3484 3485 3470 
3938 3470 3485 3486 3471 
3939 3471 3486 3487 3472 
3940 3472 3487 3488 3473 
3941 3473 3488 3489 3474 
3942 3474 3489 3490 3475 
3943 3475 3490 3491 3476 
3944 3476 3491 3492 3477 
3945 3477 3492 3493 3478 
3946 3478 3493 3494 3479 
3947 3479 3494 3495 3480 
3948 3480 3495 3496 3481 
3949 3481 3496 3497 3482 
3950 3482 3497 3498 3483 
3951 3483 3498 349 348 
3952 49 50 3499 3484 
3953 3484 3499 3500 3485 
3954 3485 3500 3501 3486 
3955 3486 3501 3502 3487 
3956 3487 3502 3503 3488 
3957 3488 3503 3504 3489 
3958 3489 3504 3505 3490 
3959 3490 3505 3506 3491 
3960 3491 3506 3507 3492 
3961 3492 3507 3508 3493 
3962 3493 3508 3509 3494 
3963 3494 3509 3510 3495 
3964 3495 3510 3511 3496 
3965 3496 3511 3512 3497 
3966 3497 3512 3513 3498 
3967 3498 3513 350 349 
3968 50 51 3514 3499 
3969 3499 3514 3515 3500 
3970 3500 3515 3516 3501 
3971 3501 3516 3517 3502 
3972 3502 3517 3518 3503 
3973 3503 3518 3519 3504 
3974 3504 3519 3520 3505 
3975 3505 3520 3521 3506 
3976 3506 3521 3522 3507 
3977 3507 3522 3523 3508 
3978 3508 3523 3524 3509 
3979 3509 3524 3525 3510 
3980 3510 3525 3526 3511 
3981 3511 3526 3527 3512 
3982 3512 3527 3528 3513 
3983 3513 3528 351 350 
3984 51 52 3529 3514 
3985 3514 3529 3530 3515 
3986 3515 3530 3531 3516 
3987 3516 3531 3532 3517 
3988 3517 3532 3533 3518 
3989 3518 3533 3534 3519 
3990 3519 3534 3535 3520 
3991 3520 3535 3536 3521 
3992 3521 3536 3537 3522 
3993 3522 3537 3538 3523 
3994 3523 3538 3539 3524 
3995 3524 3539 3540 3525 
3996 3525 3540 3541 3526 
3997 3526 3541 3542 3527 
3998 3527 3542 3543 3528 
3999 3528 3543 352 351 
4000 52 53 3544 3529 
4001 3529 3544 3545 3530 
4002 3530 3545 3546 3531 
4003 3531 3546 3547 3532 
4004 3532 3547 3548 3533 
4005 3533 3548 3549 3534 
4006 3534 3549 3550 3535 
4007 3535 3550 3551 3536 
4008 3536 3551 3552 3537 
4009 3537 3552 3553 3538 
4010 3538 3553 3554 3539 
4011 3539 3554 3555 3540 
4012 3540 3555 3556 3541 
4013 3541 3556 3557 3542 
4014 3542 3557 3558 3543 
4015 3543 3558 353 352 
4016 53 54 3559 3544 
4017 3544 3559 3560 3545 
4018 3545 3560 3561 3546 
4019 3546 3561 3562 3547 
4020 3547 3562 3563 3548 
4021 3548 3563 3564 3549 
4022 3549 3564 3565 3550 
4023 3550 3565 3566 3551 
4024 3551 3566 3567 3552 
4025 3552 3567 3568 3553 
4026 3553 3568 3569 3554 
4027 3554 3569 3570 3555 
4028 3555 3570 3571 3556 
4029 3556 3571 3572 3557 
4030 3557 3572 3573 3558 
4031 3558 3573 354 353 
4032 54 7 1073 3559 
4033 3559 1073 1074 3560 
4034 3560 1074 1075 3561 
4035 3561 1075 1076 3562 
4036 3562 1076 1077 3563 
4037 3563 1077 1078 3564 
4038 3564 1078 1079 3565 
4039 3565 1079 1080 3566 
4040 3566 1080 1081 3567 
4041 3567 1081 1082 3568 
4042 3568 1082 1083 3569 
4043 3569 1083 1084 3570 
4044 3570 1084 1085 3571 
4045 3571 1085 1086 3572 
4046 3572 1086 1087 3573 
4047 3573 1087 16 354 
2 7 3 2464
4048 7 55 3574 1073 
4049 1073 3574 3575 1074 
4050 1074 3575 3576 1075 
4051 1075 3576 3577 1076 
4052 1076 3577 3578 1077 
4053 1077 3578 3579 1078 
4054 1078 3579 3580 1079 
4055 1079 3580 3581 1080 
4056 1080 3581 3582 1081 
4057 1081 3582 3583 1082 
4058 1082 3583 3584 1083 
4059 1083 3584 3585 1084 
4060 1084 3585 3586 1085 
4061 1085 3586 3587 1086 
4062 1086 3587 3588 1087 
4063 1087 3588 355 16 
4064 55 56 3589 3574 
4065 3574 3589 3590 3575 
4066 3575 3590 3591 3576 
4067 3576 3591 3592 3577 
4068 3577 3592 3593 3578 
4069 3578 3593 3594 3579 
4070 3579 3594 3595 3580 
4071 3580 3595 3596 3581 
4072 3581 3596 3597 3582 
4073 3582 3597 3598 3583 
4074 3583 3598 3599 3584 
4075 3584 3599 3600 3585 
4076 3585 3600 3601 3586 
4077 3586 3601 3602 3587 
4078 3587 3602 3603 3588 
4079 3588 3603 356 355 
4080 56 57 3604 3589 
4081 3589 3604 3605 3590 
4082 3590 3605 3606 3591 
4083 3591 3606 3607 3592 
4084 3592 3607 3608 3593 
4085 3593 3608 3609 3594 
4086 3594 3609 3610 3595 
4087 3595 3610 3611 3596 
4088 3596 3611 3612 3597 
4089 3597 3612 3613 3598 
4090 3598 3613 3614 3599 
4091 3599 3614 3615 3600 
4092 3600 3615 3616 3601 
4093 3601 3616 3617 3602 
4094 3602 3617 3618 3603 
4095 3603 3618 357 356 
4096 57 58 3619 3604 
4097 3604 3619 3620 3605 
4098 3605 3620 3621 3606 
4099 3606 3621 3622 3607 
4100 3607 3622 3623 3608 
4101 3608 3623 3624 3609 
4102 3609 3624 3625 3610 
4103 3610 3625 3626 3611 
4104 3611 3626 3627 3612 
4105 3612 3627 3628 3613 
4106 3613 3628 3629 3614 
4107 3614 3629 3630 3615 
4108 3615 3630 3631 3616 
4109 3616 3631 3632 3617 
4110 3617 3632 3633 3618 
4111 3618 3633 358 357 
4112 58 59 3634 3619 
4113 3619 3634 3635 3620 
4114 3620 3635 3636 3621 
4115 3621 3636 3637 3622 
4116 3622 3637 3638 3623 
4117 3623 3638 3639 3624 
4118 3624 3639 3640 3625 
4119 3625 3640 3641 3626 
4120 3626 3641 3642 3627 
4121 3627 3642 3643 3628 
4122 3628 3643 3644 3629 
4123 3629 3644 3645 3630 
4124 3630 3645 3646 3631 
4125 3631 3646 3647 3632 
4126 3632 3647 3648 3633 
4127 3633 3648 359 358 
4128 59 60 3649 3634 
4129 3634 3649 3650 3635 
4130 3635 3650 3651 3636 
4131 3636 3651 3652 3637 
4132 3637 3652 3653 3638 
4133 3638 3653 3654 3639 
4134 3639 3654 3655 3640 
4135 3640 3655 3656 3641 
4136 3641 3656 3657 3642 
4137 3642 3657 3658 3643 
4138 3643 3658 3659 3644 
4139 3644 3659 3660 3645 
4140 3645 3660 3661 3646 
4141 3646 3661 3662 3647 
4142 3647 3662 3663 3648 
4143 3648 3663 360 359 
4144 60 61 3664 3649 
4145 3649 3664 3665 3650 
4146 3650 3665 3666 3651 
4147 3651 3666 3667 3652 
4148 3652 3667 3668 3653 
4149 3653 3668 3669 3654 
4150 3654 3669 3670 3655 
4151 3655 3670 3671 3656 
4152 3656 3671 3672 3657 
4153 3657 3672 3673 3658 
4154 3658 3673 3674 3659 
4155 3659 3674 3675 3660 
4156 3660 3675 3676 3661 
4157 3661 3676 3677 3662 
4158 3662 3677 3678 3663 
4159 3663 3678 361 360 
4160 61 62 3679 3664 
4161 3664 3679 3680 3665 
4162 3665 3680 3681 3666 
4163 3666 3681 3682 3667 
4164 3667 3682 3683 3668 
4165 3668 3683 3684 3669 
4166 3669 3684 3685 3670 
4167 3670 3685 3686 3671 
4168 3671 3686 3687 3672 
4169 3672 3687 3688 3673 
4170 3673 3688 3689 3674 
4171 3674 3689 3690 3675 
4172 3675 3690 3691 3676 
4173 3676 3691 3692 3677 
4174 3677 3692 3693 3678 
4175 3678 3693 362 361 
4176 62 63 3694 3679 
4177 3679 3694 3695 3680 
4178 3680 3695 3696 3681 
4179 3681 3696 3697 3682 
4180 3682 3697 3698 3683 
4181 3683 3698 3699 3684 
4182 3684 3699 3700 3685 
4183 3685 3700 3701 3686 
4184 3686 3701 3702 3687 
4185 3687 3702 3703 3688 
4186 3688 3703 3704 3689 
4187 3689 3704 3705 3690 
4188 3690 3705 3706 3691 
4189 3691 3706 3707 3692 
4190 3692 3707 3708 3693 
4191 3693 3708 363 362 
4192 63 64 3709 3694 
4193 3694 3709 3710 3695 
4194 3695 3710 3711 3696 
4195 3696 3711 3712 3697 
4196 3697 3712 3713 3698 
4197 3698 3713 3714 3699 
4198 3699 3714 3715 3700 
4199 3700 3715 3716 3701 
4200 3701 3716 3717 3702 
4201 3702 3717 3718 3703 
4202 3703 3718 3719 3704 
4203 3704 3719 3720 3705 
4204 3705 3720 3721 3706 
4205 3706 3721 3722 3707 
4206 3707 3722 3723 3708 
4207 3708 3723 364 363 
4208 64 65 3724 3709 
4209 3709 3724 3725 3710 
4210 3710 3725 3726 3711 
4211 3711 3726 3727 3712 
4212 3712 3727 3728 3713 
4213 3713 3728 3729 3714 
4214 3714 3729 3730 3715 
4215 3715 3730 3731 3716 
4216 3716 3731 3732 3717 
4217 3717 3732 3733 3718 
4218 3718 3733 3734 3719 
4219 3719 3734 3735 3720 
4220 3720 3735 3736 3721 
4221 3721 3736 3737 3722 
4222 3722 3737 3738 3723 
4223 3723 3738 365 364 
4224 65 66 3739 3724 
4225 3724 3739 3740 3725 
4226 3725 3740 3741 3726 
4227 3726 3741 3742 3727 
4228 3727 3742 3743 3728 
4229 3728 3743 3744 3729 
4230 3729 3744 3745 3730 
4231 3730 3745 3746 3731 
4232 3731 3746 3747 3732 
4233 3732 3747 3748 3733 
4234 3733 3748 3749 3734 
4235 3734 3749 3750 3735 
4236 3735 3750 3751 3736 
4237 3736 3751 3752 3737 
4238 3737 3752 3753 3738 
4239 3738 3753 366 365 
4240 66 67 3754 3739 
4241 3739 3754 3755 3740 
4242 3740 3755 3756 3741 
4243 3741 3756 3757 3742 
4244 3742 3757 3758 3743 
4245 3743 3758 3759 3744 
4246 3744 3759 3760 3745 
4247 3745 3760 3761 3746 
4248 3746 3761 3762 3747 
4249 3747 3762 3763 3748 
4250 3748 3763 3764 3749 
4251 3749 3764 3765 3750 
4252 3750 3765 3766 3751 
4253 3751 3766 3767 3752 
4254 3752 3767 3768 3753 
4255 3753 3768 367 366 
4256 67 68 3769 3754 
4257 3754 3769 3770 3755 
4258 3755 3770 3771 3756 
4259 3756 3771 3772 3757 
4260 3757 3772 3773 3758 
4261 3758 3773 3774 3759 
4262 3759 3774 3775 3760 
4263 3760 3775 3776 3761 
4264 3761 3776 3777 3762 
4265 3762 3777 3778 3763 
4266 3763 3778 3779 3764 
4267 3764 3779 3780 3765 
4268 3765 3780 3781 3766 
4269 3766 3781 3782 3767 
4270 3767 3782 3783 3768 
4271 3768 3783 368 367 
4272 68 69 3784 3769 
4273 3769 3784 3785 3770 
4274 3770 3785 3786 3771 
4275 3771 3786 3787 3772 
4276 3772 3787 3788 3773 
4277 3773 3788 3789 3774 
4278 3774 3789 3790 3775 
4279 3775 3790 3791 3776 
4280 3776 3791 3792 3777 
4281 3777 3792 3793 3778 
4282 3778 3793 3794 3779 
4283 3779 3794 3795 3780 
4284 3780 3795 3796 3781 
4285 3781 3796 3797 3782 
4286 3782 3797 3798 3783 
4287 3783 3798 369 368 
4288 69 70 3799 3784 
4289 3784 3799 3800 3785 
4290 3785 3800 3801 3786 
4291 3786 3801 3802 3787 
4292 3787 3802 3803 3788 
4293 3788 3803 3804 3789 
4294 3789 3804 3805 3790 
4295 3790 3805 3806 3791 
4296 3791 3806 3807 3792 
4297 3792 3807 3808 3793 
4298 3793 3808 3809 3794 
4299 3794 3809 3810 3795 
4300 3795 3810 3811 3796 
4301 3796 3811 3812 3797 
4302 3797 3812 3813 3798 
4303 3798 3813 370 369 
4304 70 71 3814 3799 
4305 3799 3814 3815 3800 
4306 3800 3815 3816 3801 
4307 3801 3816 3817 3802 
4308 3802 3817 3818 3803 
4309 3803 3818 3819 3804 
4310 3804 3819 3820 3805 
4311 3805 3820 3821 3806 
4312 3806 3821 3822 3807 
4313 3807 3822 3823 3808 
4314 3808 3823 3824 3809 
4315 3809 3824 3825 3810 
4316 3810 3825 3826 3811 
4317 3811 3826 3827 3812 
4318 3812 3827 3828 3813 
4319 3813 3828 371 370 
4320 71 72 3829 3814 
4321 3814 3829 3830 3815 
4322 3815 3830 3831 3816 
4323 3816 3831 3832 3817 
4324 3817 3832 3833 3818 
4325 3818 3833 3834 3819 
4326 3819 3834 3835 3820 
4327 3820 3835 3836 3821 
4328 3821 3836 3837 3822 
4329 3822 3837 3838 3823 
4330 3823 3838 3839 3824 
4331 3824 3839 3840 3825 
4332 3825 3840 3841 3826 
4333 3826 3841 3842 3827 
4334 3827 3842 3843 3828 
4335 3828 3843 372 371 
4336 72 73 3844 3829 
4337 3829 3844 3845 3830 
4338 3830 3845 3846 3831 
4339 3831 3846 3847 3832 
4340 3832 3847 3848 3833 
4341 3833 3848 3849 3834 
4342 3834 3849 3850 3835 
4343 3835 3850 3851 3836 
4344 3836 3851 3852 3837 
4345 3837 3852 3853 3838 
4346 3838 3853 3854 3839 
4347 3839 3854 3855 3840 
4348 3840 3855 3856 3841 
4349 3841 3856 3857 3842 
4350 3842 3857 3858 3843 
4351 3843 3858 373 372 
4352 73 74 3859 3844 
4353 3844 3859 3860 3845 
4354 3845 3860 3861 3846 
4355 3846 3861 3862 3847 
4356 3847 3862 3863 3848 
4357 3848 3863 3864 3849 
4358 3849 3864 3865 3850 
4359 3850 3865 3866 3851 
4360 3851 3866 3867 3852 
4361 3852 3867 3868 3853 
4362 3853 3868 3869 3854 
4363 3854 3869 3870 3855 
4364 3855 3870 3871 3856 
4365 3856 3871 3872 3857 
4366 3857 3872 3873 3858 
4367 3858 3873 374 373 
4368 74 75 3874 3859 
4369 3859 3874 3875 3860 
4370 3860 3875 3876 3861 
4371 3861 3876 3877 3862 
4372 3862 3877 3878 3863 
4373 3863 3878 3879 3864 
4374 3864 3879 3880 3865 
4375 3865 3880 3881 3866 
4376 3866 3881 3882 3867 
4377 3867 3882 3883 3868 
4378 3868 3883 3884 3869 
4379 3869 3884 3885 3870 
4380 3870 3885 3886 3871 
4381 3871 3886 3887 3872 
4382 3872 3887 3888 3873 
4383 3873 3888 375 374 
4384 75 76 3889 3874 
4385 3874 3889 3890 3875 
4386 3875 3890 3891 3876 
4387 3876 3891 3892 3877 
4388 3877 3892 3893 3878 
4389 3878 3893 3894 3879 
4390 3879 3894 3895 3880 
4391 3880 3895 3896 3881 
4392 3881 3896 3897 3882 
4393 3882 3897 3898 3883 
4394 3883 3898 3899 3884 
4395 3884 3899 3900 3885 
4396 3885 3900 3901 3886 
4397 3886 3901 3902 3887 
4398 3887 3902 3903 3888 
4399 3888 3903 376 375 
4400 76 77 3904 3889 
4401 3889 3904 3905 3890 
4402 3890 3905 3906 3891 
4403 3891 3906 3907 3892 
4404 3892 3907 3908 3893 
4405 3893 3908 3909 3894 
4406 3894 3909 3910 3895 
4407 3895 3910 3911 3896 
4408 3896 3911 3912 3897 
4409 3897 3912 3913 3898 
4410 3898 3913 3914 3899 
4411 3899 3914 3915 3900 
4412 3900 3915 3916 3901 
4413 3901 3916 3917 3902 
4414 3902 3917 3918 3903 
4415 3903 3918 377 376 
4416 77 78 3919 3904 
4417 3904 3919 3920 3905 
4418 3905 3920 3921 3906 
4419 3906 3921 3922 3907 
4420 3907 3922 3923 3908 
4421 3908 3923 3924 3909 
4422 3909 3924 3925 3910 
4423 3910 3925 3926 3911 
4424 3911 3926 3927 3912 
4425 3912 3927 3928 3913 
4426 3913 3928 3929 3914 
4427 3914 3929 3930 3915 
4428 3915 3930 3931 3916 
4429 3916 3931 3932 3917 
4430 3917 3932 3933 3918 
4431 3918 3933 378 377 
4432 78 79 3934 3919 
4433 3919 3934 3935 3920 
4434 3920 3935 3936 3921 
4435 3921 3936 3937 3922 
4436 3922 3937 3938 3923 
4437 3923 3938 3939 3924 
4438 3924 3939 3940 3925 
4439 3925 3940 3941 3926 
4440 3926 3941 3942 3927 
4441 3927 3942 3943 3928 
4442 3928 3943 3944 3929 
4443 3929 3944 3945 3930 
4444 3930 3945 3946 3931 
4445 3931 3946 3947 3932 
4446 3932 3947 3948 3933 
4447 3933 3948 379 378 
4448 79 80 3949 3934 
4449 3934 3949 3950 3935 
4450 3935 3950 3951 3936 
4451 3936 3951 3952 3937 
4452 3937 3952 3953 3938 
4453 3938 3953 3954 3939 
4454 3939 3954 3955 3940 
4455 3940 3955 3956 3941 
4456 3941 3956 3957 3942 
4457 3942 3957 3958 3943 
4458 3943 3958 3959 3944 
4459 3944 3959 3960 3945 
4460 3945 3960 3961 3946 
4461 3946 3961 3962 3947 
4462 3947 3962 3963 3948 
4463 3948 3963 380 379 
4464 80 81 3964 3949 
4465 3949 3964 3965 3950 
4466 3950 3965 3966 3951 
4467 3951 3966 3967 3952 
4468 3952 3967 3968 3953 
4469 3953 3968 3969 3954 
4470 3954 3969 3970 3955 
4471 3955 3970 3971 3956 
4472 3956 3971 3972 3957 
4473 3957 3972 3973 3958 
4474 3958 3973 3974 3959 
4475 3959 3974 3975 3960 
4476 3960 3975 3976 3961 
4477 3961 3976 3977 3962 
4478 3962 3977 3978 3963 
4479 3963 3978 381 380 
4480 81 82 3979 3964 
4481 3964 3979 3980 3965 
4482 3965 3980 3981 3966 
4483 3966 3981 3982 3967 
4484 3967 3982 3983 3968 
4485 3968 3983 3984 3969 
4486 3969 3984 3985 3970 
4487 3970 3985 3986 3971 
4488 3971 3986 3987 3972 
4489 3972 3987 3988 3973 
4490 3973 3988 3989 3974 
4491 3974 3989 3990 3975 
4492 3975 3990 3991 3976 
4493 3976 3991 3992 3977 
4494 3977 3992 3993 3978 
4495 3978 3993 382 381 
4496 82 83 3994 3979 
4497 3979 3994 3995 3980 
4498 3980 3995 3996 3981 
4499 3981 3996 3997 3982 
4500 3982 3997 3998 3983 
4501 3983 3998 3999 3984 
4502 3984 3999 4000 3985 
4503 3985 4000 4001 3986 
4504 3986 4001 4002 3987 
4505 3987 4002 4003 3988 
4506 3988 4003 4004 3989 
4507 3989 4004 4005 3990 
4508 3990 4005 4006 3991 
4509 3991 4006 4007 3992 
4510 3992 4007 4008 3993 
4511 3993 4008 383 382 
4512 83 84 4009 3994 
4513 3994 4009 4010 3995 
4514 3995 4010 4011 3996 
4515 3996 4011 4012 3997 
4516 3997 4012 4013 3998 
4517 3998 4013 4014 3999 
4518 3999 4014 4015 4000 
4519 4000 4015 4016 4001 
4520 4001 4016 4017 4002 
4521 4002 4017 4018 4003 
4522 4003 4018 4019 4004 
4523 4004 4019 4020 4005 
4524 4005 4020 4021 4006 
4525 4006 4021 4022 4007 
4526 4007 4022 4023 4008 
4527 4008 4023 384 383 
4528 84 85 4024 4009 
4529 4009 4024 4025 4010 
4530 4010 4025 4026 4011 
4531 4011 4026 4027 4012 
4532 4012 4027 4028 4013 
4533 4013 4028 4029 4014 
4534 4014 4029 4030 4015 
4535 4015 4030 4031 4016 
4536 4016 4031 4032 4017 
4537 4017 4032 4033 4018 
4538 4018 4033 4034 4019 
4539 4019 4034 4035 4020 
4540 4020 4035 4036 4021 
4541 4021 4036 4037 4022 
4542 4022 4037 4038 4023 
4543 4023 4038 385 384 
4544 85 86 4039 4024 
4545 4024 4039 4040 4025 
4546 4025 4040 4041 4026 
4547 4026 4041 4042 4027 
4548 4027 4042 4043 4028 
4549 4028 4043 4044 4029 
4550 4029 4044 4045 4030 
4551 4030 4045 4046 4031 
4552 4031 4046 4047 4032 
4553 4032 4047 4048 4033 
4554 4033 4048 4049 4034 
4555 4034 4049 4050 4035 
4556 4035 4050 4051 4036 
4557 4036 4051 4052 4037 
4558 4037 4052 4053 4038 
4559 4038 4053 386 385 
4560 86 87 4054 4039 
4561 4039 4054 4055 4040 
4562 4040 4055 4056 4041 
4563 4041 4056 4057 4042 
4564 4042 4057 4058 4043 
4565 4043 4058 4059 4044 
4566 4044 4059 4060 4045 
4567 4045 4060 4061 4046 
4568 4046 4061 4062 4047 
4569 4047 4062 4063 4048 
4570 4048 4063 4064 4049 
4571 4049 4064 4065 4050 
4572 4050 4065 4066 4051 
4573 4051 4066 4067 4052 
4574 4052 4067 4068 4053 
4575 4053 4068 387 386 
4576 87 88 4069 4054 
4577 4054 4069 4070 4055 
4578 4055 4070 4071 4056 
4579 4056 4071 4072 4057 
4580 4057 4072 4073 4058 
4581 4058 4073 4074 4059 
4582 4059 4074 4075 4060 
4583 4060 4075 4076 4061 
4584 4061 4076 4077 4062 
4585 4062 4077 4078 4063 
4586 4063 4078 4079 4064 
4587 4064 4079 4080 4065 
4588 4065 4080 4081 4066 
4589 4066 4081 4082 4067 
4590 4067 4082 4083 4068 
4591 4068 4083 388 387 
4592 88 89 4084 4069 
4593 4069 4084 4085 4070 
4594 4070 4085 4086 4071 
4595 4071 4086 4087 4072 
4596 4072 4087 4088 4073 
4597 4073 4088 4089 4074 
4598 4074 4089 4090 4075 
4599 4075 4090 4091 4076 
4600 4076 4091 4092 4077 
4601 4077 4092 4093 4078 
4602 4078 4093 4094 4079 
4603 4079 4094 4095 4080 
4604 4080 4095 4096 4081 
4605 4081 4096 4097 4082 
4606 4082 4097 4098 4083 
4607 4083 4098 389 388 
4608 89 90 4099 4084 
4609 4084 4099 4100 4085 
4610 4085 4100 4101 4086 
4611 4086 4101 4102 4087 
4612 4087 4102 4103 4088 
4613 4088 4103 4104 4089 
4614 4089 4104 4105 4090 
4615 4090 4105 4106 4091 
4616 4091 4106 4107 4092 
4617 4092 4107 4108 4093 
4618 4093 4108 4109 4094 
4619 4094 4109 4110 4095 
4620 4095 4110 4111 4096 
4621 4096 4111 4112 4097 
4622 4097 4112 4113 4098 
4623 4098 4113 390 389 
4624 90 91 4114 4099 
4625 4099 4114 4115 4100 
4626 4100 4115 4116 4101 
4627 4101 4116 4117 4102 
4628 4102 4117 4118 4103 
4629 4103 4118 4119 4104 
4630 4104 4119 4120 4105 
4631 4105 4120 4121 4106 
4632 4106 4121 4122 4107 
4633 4107 4122 4123 4108 
4634 4108 4123 4124 4109 
4635 4109 4124 4125 4110 
4636 4110 4125 4126 4111 
4637 4111 4126 4127 4112 
4638 4112 4127 4128 4113 
4639 4113 4128 391 390 
4640 91 92 4129 4114 
4641 4114 4129 4130 4115 
4642 4115 4130 4131 4116 
4643 4116 4131 4132 4117 
4644 4117 4132 4133 4118 
4645 4118 4133 4134 4119 
4646 4119 4134 4135 4120 
4647 4120 4135 4136 4121 
4648 4121 4136 4137 4122 
4649 4122 4137 4138 4123 
4650 4123 4138 4139 4124 
4651 4124 4139 4140 4125 
4652 4125 4140 4141 4126 
4653 4126 4141 4142 4127 
4654 4127 4142 4143 4128 
4655 4128 4143 392 391 
4656 92 93 4144 4129 
4657 4129 4144 4145 4130 
4658 4130 4145 4146 4131 
4659 4131 4146 4147 4132 
4660 4132 4147 4148 4133 
4661 4133 4148 4149 4134 
4662 4134 4149 4150 4135 
4663 4135 4150 4151 4136 
4664 4136 4151 4152 4137 
4665 4137 4152 4153 4138 
4666 4138 4153 4154 4139 
4667 4139 4154 4155 4140 
4668 4140 4155 4156 4141 
4669 4141 4156 4157 4142 
4670 4142 4157 4158 4143 
4671 4143 4158 393 392 
4672 93 94 4159 4144 
4673 4144 4159 4160 4145 
4674 4145 4160 4161 4146 
4675 4146 4161 4162 4147 
4676 4147 4162 4163 4148 
4677 4148 4163 4164 4149 
4678 4149 4164 4165 4150 
4679 4150 4165 4166 4151 
4680 4151 4166 4167 4152 
4681 4152 4167 4168 4153 
4682 4153 4168 4169 4154 
4683 4154 4169 4170 4155 
4684 4155 4170 4171 4156 
4685 4156 4171 4172 4157 
4686 4157 4172 4173 4158 
4687 4158 4173 394 393 
4688 94 95 4174 4159 
4689 4159 4174 4175 4160 
4690 4160 4175 4176 4161 
4691 4161 4176 4177 4162 
4692 4162 4177 4178 4163 
4693 4163 4178 4179 4164 
4694 4164 4179 4180 4165 
4695 4165 4180 4181 4166 
4696 4166 4181 4182 4167 
4697 4167 4182 4183 4168 
4698 4168 4183 4184 4169 
4699 4169 4184 4185 4170 
4700 4170 4185 4186 4171 
4701 4171 4186 4187 4172 
4702 4172 4187 4188 4173 
4703 4173 4188 395 394 
4704 95 96 4189 4174 
4705 4174 4189 4190 4175 
4706 4175 4190 4191 4176 
4707 4176 4191 4192 4177 
4708 4177 4192 4193 4178 
4709 4178 4193 4194 4179 
4710 4179 4194 4195 4180 
4711 4180 4195 4196 4181 
4712 4181 4196 4197 4182 
4713 4182 4197 4198 4183 
4714 4183 4198 4199 4184 
4715 4184 4199 4200 4185 
4716 4185 4200 4201 4186 
4717 4186 4201 4202 4187 
4718 4187 4202 4203 4188 
4719 4188 4203 396 395 
4720 96 97 4204 4189 
4721 4189 4204 4205 4190 
4722 4190 4205 4206 4191 
4723 4191 4206 4207 4192 
4724 4192 4207 4208 4193 
4725 4193 4208 4209 4194 
4726 4194 4209 4210 4195 
4727 4195 4210 4211 4196 
4728 4196 4211 4212 4197 
4729 4197 4212 4213 4198 
4730 4198 4213 4214 4199 
4731 4199 4214 4215 4200 
4732 4200 4215 4216 4201 
4733 4201 4216 4217 4202 
4734 4202 4217 4218 4203 
4735 4203 4218 397 396 
4736 97 98 4219 4204 
4737 4204 4219 4220 4205 
4738 4205 4220 4221 4206 
4739 4206 4221 4222 4207 
4740 4207 4222 4223 4208 
4741 4208 4223 4224 4209 
4742 4209 4224 4225 4210 
4743 4210 4225 4226 4211 
4744 4211 4226 4227 4212 
4745 4212 4227 4228 4213 
4746 4213 4228 4229 4214 
4747 4214 4229 4230 4215 
4748 4215 4230 4231 4216 
4749 4216 4231 4232 4217 
4750 4217 4232 4233 4218 
4751 4218 4233 398 397 
4752 98 99 4234 4219 
4753 4219 4234 4235 4220 
4754 4220 4235 4236 4221 
4755 4221 4236 4237 4222 
4756 4222 4237 4238 4223 
4757 4223 4238 4239 4224 
4758 4224 4239 4240 4225 
4759 4225 4240 4241 4226 
4760 4226 4241 4242 4227 
4761 4227 4242 4243 4228 
4762 4228 4243 4244 4229 
4763 4229 4244 4245 4230 
4764 4230 4245 4246 4231 
4765 4231 4246 4247 4232 
4766 4232 4247 4248 4233 
4767 4233 4248 399 398 
4768 99 100 4249 4234 
4769 4234 4249 4250 4235 
4770 4235 4250 4251 4236 
4771 4236 4251 4252 4237 
4772 4237 4252 4253 4238 
4773 4238 4253 4254 4239 
4774 4239 4254 4255 4240 
4775 4240 4255 4256 4241 
4776 4241 4256 4257 4242 
4777 4242 4257 4258 4243 
4778 4243 4258 4259 4244 
4779 4244 4259 4260 4245 
4780 4245 4260 4261 4246 
4781 4246 4261 4262 4247 
4782 4247 4262 4263 4248 
4783 4248 4263 400 399 
4784 100 101 4264 4249 
4785 4249 4264 4265 4250 
4786 4250 4265 4266 4251 
4787 4251 4266 4267 4252 
4788 4252 4267 4268 4253 
4789 4253 4268 4269 4254 
4790 4254 4269 4270 4255 
4791 4255 4270 4271 4256 
4792 4256 4271 4272 4257 
4793 4257 4272 4273 4258 
4794 4258 4273 4274 4259 
4795 4259 4274 4275 4260 
4796 4260 4275 4276 4261 
4797 4261 4276 4277 4262 
4798 4262 4277 4278 4263 
4799 4263 4278 401 400 
4800 101 102 4279 4264 
4801 4264 4279 4280 4265 
4802 4265 4280 4281 4266 
4803 4266 4281 4282 4267 
4804 4267 4282 4283 4268 
4805 4268 4283 4284 4269 
4806 4269 4284 4285 4270 
4807 4270 4285 4286 4271 
4808 4271 4286 4287 4272 
4809 4272 4287 4288 4273 
4810 4273 4288 4289 4274 
4811 4274 4289 4290 4275 
4812 4275 4290 4291 4276 
4813 4276 4291 4292 4277 
4814 4277 4292 4293 4278 
4815 4278 4293 402 401 
4816 102 103 4294 4279 
4817 4279 4294 4295 4280 
4818 4280 4295 4296 4281 
4819 4281 4296 4297 4282 
4820 4282 4297 4298 4283 
4821 4283 4298 4299 4284 
4822 4284 4299 4300 4285 
4823 4285 4300 4301 4286 
4824 4286 4301 4302 4287 
4825 4287 4302 4303 4288 
4826 4288 4303 4304 4289 
4827 4289 4304 4305 4290 
4828 4290 4305 4306 4291 
4829 4291 4306 4307 4292 
4830 4292 4307 4308 4293 
4831 4293 4308 403 402 
4832 103 104 4309 4294 
4833 4294 4309 4310 4295 
4834 4295 4310 4311 4296 
4835 4296 4311 4312 4297 
4836 4297 4312 4313 4298 
4837 4298 4313 4314 4299 
4838 4299 4314 4315 4300 
4839 4300 4315 4316 4301 
4840 4301 4316 4317 4302 
4841 4302 4317 4318 4303 
4842 4303 4318 4319 4304 
4843 4304 4319 4320 4305 
4844 4305 4320 4321 4306 
4845 4306 4321 4322 4307 
4846 4307 4322 4323 4308 
4847 4308 4323 404 403 
4848 104 105 4324 4309 
4849 4309 4324 4325 4310 
4850 4310 4325 4326 4311 
4851 4311 4326 4327 4312 
4852 4312 4327 4328 4313 
4853 4313 4328 4329 4314 
4854 4314 4329 4330 4315 
4855 4315 4330 4331 4316 
4856 4316 4331 4332 4317 
4857 4317 4332 4333 4318 
4858 4318 4333 4334 4319 
4859 4319 4334 4335 4320 
4860 4320 4335 4336 4321 
4861 4321 4336 4337 4322 
4862 4322 4337 4338 4323 
4863 4323 4338 405 404 
4864 105 106 4339 4324 
4865 4324 4339 4340 4325 
4866 4325 4340 4341 4326 
4867 4326 4341 4342 4327 
4868 4327 4342 4343 4328 
4869 4328 4343 4344 4329 
4870 4329 4344 4345 4330 
4871 4330 4345 4346 4331 
4872 4331 4346 4347 4332 
4873 4332 4347 4348 4333 
4874 4333 4348 4349 4334 
4875 4334 4349 4350 4335 
4876 4335 4350 4351 4336 
4877 4336 4351 4352 4337 
4878 4337 4352 4353 4338 
4879 4338 4353 406 405 
4880 106 107 4354 4339 
4881 4339 4354 4355 4340 
4882 4340 4355 4356 4341 
4883 4341 4356 4357 4342 
4884 4342 4357 4358 4343 
4885 4343 4358 4359 4344 
4886 4344 4359 4360 4345 
4887 4345 4360 4361 4346 
4888 4346 4361 4362 4347 
4889 4347 4362 4363 4348 
4890 4348 4363 4364 4349 
4891 4349 4364 4365 4350 
4892 4350 4365 4366 4351 
4893 4351 4366 4367 4352 
4894 4352 4367 4368 4353 
4895 4353 4368 407 406 
4896 107 108 4369 4354 
4897 4354 4369 4370 4355 
4898 4355 4370 4371 4356 
4899 4356 4371 4372 4357 
4900 4357 4372 4373 4358 
4901 4358 4373 4374 4359 
4902 4359 4374 4375 4360 
4903 4360 4375 4376 4361 
4904 4361 4376 4377 4362 
4905 4362 4377 4378 4363 
4906 4363 4378 4379 4364 
4907 4364 4379 4380 4365 
4908 4365 4380 4381 4366 
4909 4366 4381 4382 4367 
4910 4367 4382 4383 4368 
4911 4368 4383 408 407 
4912 108 109 4384 4369 
4913 4369 4384 4385 4370 
4914 4370 4385 4386 4371 
4915 4371 4386 4387 4372 
4916 4372 4387 4388 4373 
4917 4373 4388 4389 4374 
4918 4374 4389 4390 4375 
4919 4375 4390 4391 4376 
4920 4376 4391 4392 4377 
4921 4377 4392 4393 4378 
4922 4378 4393 4394 4379 
4923 4379 4394 4395 4380 
4924 4380 4395 4396 4381 
4925 4381 4396 4397 4382 
4926 4382 4397 4398 4383 
4927 4383 4398 409 408 
4928 109 110 4399 4384 
4929 4384 4399 4400 4385 
4930 4385 4400 4401 4386 
4931 4386 4401 4402 4387 
4932 4387 4402 4403 4388 
4933 4388 4403 4404 4389 
4934 4389 4404 4405 4390 
4935 4390 4405 4406 4391 
4936 4391 4406 4407 4392 
4937 4392 4407 4408 4393 
4938 4393 4408 4409 4394 
4939 4394 4409 4410 4395 
4940 4395 4410 4411 4396 
4941 4396 4411 4412 4397 
4942 4397 4412 4413 4398 
4943 4398 4413 410 409 
4944 110 111 4414 4399 
4945 4399 4414 4415 4400 
4946 4400 4415 4416 4401 
4947 4401 4416 4417 4402 
4948 4402 4417 4418 4403 
4949 4403 4418 4419 4404 
4950 4404 4419 4420 4405 
4951 4405 4420 4421 4406 
4952 4406 4421 4422 4407 
4953 4407 4422 4423 4408 
4954 4408 4423 4424 4409 
4955 4409 4424 4425 4410 
4956 4410 4425 4426 4411 
4957 4411 4426 4427 4412 
4958 4412 4427 4428 4413 
4959 4413 4428 411 410 
4960 111 112 4429 4414 
4961 4414 4429 4430 4415 
4962 4415 4430 4431 4416 
4963 4416 4431 4432 4417 
4964 4417 4432 4433 4418 
4965 4418 4433 4434 4419 
4966 4419 4434 4435 4420 
4967 4420 4435 4436 4421 
4968 4421 4436 4437 4422 
4969 4422 4437 4438 4423 
4970 4423 4438 4439 4424 
4971 4424 4439 4440 4425 
4972 4425 4440 4441 4426 
4973 4426 4441 4442 4427 
4974 4427 4442 4443 4428 
4975 4428 4443 412 411 
4976 112 113 4444 4429 
4977 4429 4444 4445 4430 
4978 4430 4445 4446 4431 
4979 4431 4446 4447 4432 
4980 4432 4447 4448 4433 
4981 4433 4448 4449 4434 
4982 4434 4449 4450 4435 
4983 4435 4450 4451 4436 
4984 4436 4451 4452 4437 
4985 4437 4452 4453 4438 
4986 4438 4453 4454 4439 
4987 4439 4454 4455 4440 
4988 4440 4455 4456 4441 
4989 4441 4456 4457 4442 
4990 4442 4457 4458 4443 
4991 4443 4458 413 412 
4992 113 114 4459 4444 
4993 4444 4459 4460 4445 
4994 4445 4460 4461 4446 
4995 4446 4461 4462 4447 
4996 4447 4462 4463 4448 
4997 4448 4463 4464 4449 
4998 4449 4464 4465 4450 
4999 4450 4465 4466 4451 
5000 4451 4466 4467 4452 
5001 4452 4467 4468 4453 
5002 4453 4468 4469 4454 
5003 4454 4469 4470 4455 
5004 4455 4470 4471 4456 
5005 4456 4471 4472 4457 
5006 4457 4472 4473 4458 
5007 4458 4473 414 413 
5008 114 115 4474 4459 
5009 4459 4474 4475 4460 
5010 4460 4475 4476 4461 
5011 4461 4476 4477 4462 
5012 4462 4477 4478 4463 
5013 4463 4478 4479 4464 
5014 4464 4479 4480 4465 
5015 4465 4480 4481 4466 
5016 4466 4481 4482 4467 
5017 4467 4482 4483 4468 
5018 4468 4483 4484 4469 
5019 4469 4484 4485 4470 
5020 4470 4485 4486 4471 
5021 4471 4486 4487 4472 
5022 4472 4487 4488 4473 
5023 4473 4488 415 414 
5024 115 116 4489 4474 
5025 4474 4489 4490 4475 
5026 4475 4490 4491 4476 
5027 4476 4491 4492 4477 
5028 4477 4492 4493 4478 
5029 4478 4493 4494 4479 
5030 4479 4494 4495 4480 
5031 4480 4495 4496 4481 
5032 4481 4496 4497 4482 
5033 4482 4497 4498 4483 
5034 4483 4498 4499 4484 
5035 4484 4499 4500 4485 
5036 4485 4500 4501 4486 
5037 4486 4501 4502 4487 
5038 4487 4502 4503 4488 
5039 4488 4503 416 415 
5040 116 117 4504 4489 
5041 4489 4504 4505 4490 
5042 4490 4505 4506 4491 
5043 4491 4506 4507 4492 
5044 4492 4507 4508 4493 
5045 4493 4508 4509 4494 
5046 4494 4509 4510 4495 
5047 4495 4510 4511 4496 
5048 4496 4511 4512 4497 
5049 4497 4512 4513 4498 
5050 4498 4513 4514 4499 
5051 4499 4514 4515 4500 
5052 4500 4515 4516 4501 
5053 4501 4516 4517 4502 
5054 4502 4517 4518 4503 
5055 4503 4518 417 416 
5056 117 118 4519 4504 
5057 4504 4519 4520 4505 
5058 4505 4520 4521 4506 
5059 4506 4521 4522 4507 
5060 4507 4522 4523 4508 
5061 4508 4523 4524 4509 
5062 4509 4524 4525 4510 
5063 4510 4525 4526 4511 
5064 4511 4526 4527 4512 
5065 4512 4527 4528 4513 
5066 4513 4528 4529 4514 
5067 4514 4529 4530 4515 
5068 4515 4530 4531 4516 
5069 4516 4531 4532 4517 
5070 4517 4532 4533 4518 
5071 4518 4533 418 417 
5072 118 119 4534 4519 
5073 4519 4534 4535 4520 
5074 4520 4535 4536 4521 
5075 4521 4536 4537 4522 
5076 4522 4537 4538 4523 
5077 4523 4538 4539 4524 
5078 4524 4539 4540 4525 
5079 4525 4540 4541 4526 
5080 4526 4541 4542 4527 
5081 4527 4542 4543 4528 
5082 4528 4543 4544 4529 
5083 4529 4544 4545 4530 
5084 4530 4545 4546 4531 
5085 4531 4546 4547 4532 
5086 4532 4547 4548 4533 
5087 4533 4548 419 418 
5088 119 120 4549 4534 
5089 4534 4549 4550 4535 
5090 4535 4550 4551 4536 
5091 4536 4551 4552 4537 
5092 4537 4552 4553 4538 
5093 4538 4553 4554 4539 
5094 4539 4554 4555 4540 
5095 4540 4555 4556 4541 
5096 4541 4556 4557 4542 
5097 4542 4557 4558 4543 
5098 4543 4558 4559 4544 
5099 4544 4559 4560 4545 
5100 4545 4560 4561 4546 
5101 4546 4561 4562 4547 
5102 4547 4562 4563 4548 
5103 4548 4563 420 419 
5104 120 121 4564 4549 
5105 4549 4564 4565 4550 
5106 4550 4565 4566 4551 
5107 4551 4566 4567 4552 
5108 4552 4567 4568 4553 
5109 4553 4568 4569 4554 
5110 4554 4569 4570 4555 
5111 4555 4570 4571 4556 
5112 4556 4571 4572 4557 
5113 4557 4572 4573 4558 
5114 4558 4573 4574 4559 
5115 4559 4574 4575 4560 
5116 4560 4575 4576 4561 
5117 4561 4576 4577 4562 
5118 4562 4577 4578 4563 
5119 4563 4578 421 420 
5120 121 122 4579 4564 
5121 4564 4579 4580 4565 
5122 4565 4580 4581 4566 
5123 4566 4581 4582 4567 
5124 4567 4582 4583 4568 
5125 4568 4583 4584 4569 
5126 4569 4584 4585 4570 
5127 4570 4585 4586 4571 
5128 4571 4586 4587 4572 
5129 4572 4587 4588 4573 
5130 4573 4588 4589 4574 
5131 4574 4589 4590 4575 
5132 4575 4590 4591 4576 
5133 4576 4591 4592 4577 
5134 4577 4592 4593 4578 
5135 4578 4593 422 421 
5136 122 123 4594 4579 
5137 4579 4594 4595 4580 
5138 4580 4595 4596 4581 
5139 4581 4596 4597 4582 
5140 4582 4597 4598 4583 
5141 4583 4598 4599 4584 
5142 4584 4599 4600 4585 
5143 4585 4600 4601 4586 
5144 4586 4601 4602 4587 
5145 4587 4602 4603 4588 
5146 4588 4603 4604 4589 
5147 4589 4604 4605 4590 
5148 4590 4605 4606 4591 
5149 4591 4606 4607 4592 
5150 4592 4607 4608 4593 
5151 4593 4608 423 422 
5152 123 124 4609 4594 
5153 4594 4609 4610 4595 
5154 4595 4610 4611 4596 
5155 4596 4611 4612 4597 
5156 4597 4612 4613 4598 
5157 4598 4613 4614 4599 
5158 4599 4614 4615 4600 
5159 4600 4615 4616 4601 
5160 4601 4616 4617 4602 
5161 4602 4617 4618 4603 
5162 4603 4618 4619 4604 
5163 4604 4619 4620 4605 
5164 4605 4620 4621 4606 
5165 4606 4621 4622 4607 
5166 4607 4622 4623 4608 
5167 4608 4623 424 423 
5168 124 125 4624 4609 
5169 4609 4624 4625 4610 
5170 4610 4625 4626 4611 
5171 4611 4626 4627 4612 
5172 4612 4627 4628 4613 
5173 4613 4628 4629 4614 
5174 4614 4629 4630 4615 
5175 4615 4630 4631 4616 
5176 4616 4631 4632 4617 
5177 4617 4632 4633 4618 
5178 4618 4633 4634 4619 
5179 4619 4634 4635 4620 
5180 4620 4635 4636 4621 
5181 4621 4636 4637 4622 
5182 4622 4637 4638 4623 
5183 4623 4638 425 424 
5184 125 126 4639 4624 
5185 4624 4639 4640 4625 
5186 4625 4640 4641 4626 
5187 4626 4641 4642 4627 
5188 4627 4642 4643 4628 
5189 4628 4643 4644 4629 
5190 4629 4644 4645 4630 
5191 4630 4645 4646 4631 
5192 4631 4646 4647 4632 
5193 4632 4647 4648 4633 
5194 4633 4648 4649 4634 
5195 4634 4649 4650 4635 
5196 4635 4650 4651 4636 
5197 4636 4651 4652 4637 
5198 4637 4652 4653 4638 
5199 4638 4653 426 425 
5200 126 127 4654 4639 
5201 4639 4654 4655 4640 
5202 4640 4655 4656 4641 
5203 4641 4656 4657 4642 
5204 4642 4657 4658 4643 
5205 4643 4658 4659 4644 
5206 4644 4659 4660 4645 
5207 4645 4660 4661 4646 
5208 4646 4661 4662 4647 
5209 4647 4662 4663 4648 
5210 4648 4663 4664 4649 
5211 4649 4664 4665 4650 
5212 4650 4665 4666 4651 
5213 4651 4666 4667 4652 
5214 4652 4667 4668 4653 
5215 4653 4668 427 426 
5216 127 128 4669 4654 
5217 4654 4669 4670 4655 
5218 4655 4670 4671 4656 
5219 4656 4671 4672 4657 
5220 4657 4672 4673 4658 
5221 4658 4673 4674 4659 
5222 4659 4674 4675 4660 
5223 4660 4675 4676 4661 
5224 4661 4676 4677 4662 
5225 4662 4677 4678 4663 
5226 4663 4678 4679 4664 
5227 4664 4679 4680 4665 
5228 4665 4680 4681 4666 
5229 4666 4681 4682 4667 
5230 4667 4682 4683 4668 
5231 4668 4683 428 427 
5232 128 129 4684 4669 
5233 4669 4684 4685 4670 
5234 4670 4685 4686 4671 
5235 4671 4686 4687 4672 
5236 4672 4687 4688 4673 
5237 4673 4688 4689 4674 
5238 4674 4689 4690 4675 
5239 4675 4690 4691 4676 
5240 4676 4691 4692 4677 
5241 4677 4692 4693 4678 
5242 4678 4693 4694 4679 
5243 4679 4694 4695 4680 
5244 4680 4695 4696 4681 
5245 4681 4696 4697 4682 
5246 4682 4697 4698 4683 
5247 4683 4698 429 428 
5248 129 130 4699 4684 
5249 4684 4699 4700 4685 
5250 4685 4700 4701 4686 
5251 4686 4701 4702 4687 
5252 4687 4702 4703 4688 
5253 4688 4703 4704 4689 
5254 4689 4704 4705 4690 
5255 4690 4705 4706 4691 
5256 4691 4706 4707 4692 
5257 4692 4707 4708 4693 
5258 4693 4708 4709 4694 
5259 4694 4709 4710 4695 
5260 4695 4710 4711 4696 
5261 4696 4711 4712 4697 
5262 4697 4712 4713 4698 
5263 4698 4713 430 429 
5264 130 131 4714 4699 
5265 4699 4714 4715 4700 
5266 4700 4715 4716 4701 
5267 4701 4716 4717 4702 
5268 4702 4717 4718 4703 
5269 4703 4718 4719 4704 
5270 4704 4719 4720 4705 
5271 4705 4720 4721 4706 
5272 4706 4721 4722 4707 
5273 4707 4722 4723 4708 
5274 4708 4723 4724 4709 
5275 4709 4724 4725 4710 
5276 4710 4725 4726 4711 
5277 4711 4726 4727 4712 
5278 4712 4727 4728 4713 
5279 4713 4728 431 430 
5280 131 132 4729 4714 
5281 4714 4729 4730 4715 
5282 4715 4730 4731 4716 
5283 4716 4731 4732 4717 
5284 4717 4732 4733 4718 
5285 4718 4733 4734 4719 
5286 4719 4734 4735 4720 
5287 4720 4735 4736 4721 
5288 4721 4736 4737 4722 
5289 4722 4737 4738 4723 
5290 4723 4738 4739 4724 
5291 4724 4739 4740 4725 
5292 4725 4740 4741 4726 
5293 4726 4741 4742 4727 
5294 4727 4742 4743 4728 
5295 4728 4743 432 431 
5296 132 133 4744 4729 
5297 4729 4744 4745 4730 
5298 4730 4745 4746 4731 
5299 4731 4746 4747 4732 
5300 4732 4747 4748 4733 
5301 4733 4748 4749 4734 
5302 4734 4749 4750 4735 
5303 4735 4750 4751 4736 
5304 4736 4751 4752 4737 
5305 4737 4752 4753 4738 
5306 4738 4753 4754 4739 
5307 4739 4754 4755 4740 
5308 4740 4755 4756 4741 
5309 4741 4756 4757 4742 
5310 4742 4757 4758 4743 
5311 4743 4758 433 432 
5312 133 134 4759 4744 
5313 4744 4759 4760 4745 
5314 4745 4760 4761 4746 
5315 4746 4761 4762 4747 
5316 4747 4762 4763 4748 
5317 4748 4763 4764 4749 
5318 4749 4764 4765 4750 
5319 4750 4765 4766 4751 
5320 4751 4766 4767 4752 
5321 4752 4767 4768 4753 
5322 4753 4768 4769 4754 
5323 4754 4769 4770 4755 
5324 4755 4770 4771 4756 
5325 4756 4771 4772 4757 
5326 4757 4772 4773 4758 
5327 4758 4773 434 433 
5328 134 135 4774 4759 
5329 4759 4774 4775 4760 
5330 4760 4775 4776 4761 
5331 4761 4776 4777 4762 
5332 4762 4777 4778 4763 
5333 4763 4778 4779 4764 
5334 4764 4779 4780 4765 
5335 4765 4780 4781 4766 
5336 4766 4781 4782 4767 
5337 4767 4782 4783 4768 
5338 4768 4783 4784 4769 
5339 4769 4784 4785 4770 
5340 4770 4785 4786 4771 
5341 4771 4786 4787 4772 
5342 4772 4787 4788 4773 
5343 4773 4788 435 434 
5344 135 136 4789 4774 
5345 4774 4789 4790 4775 
5346 4775 4790 4791 4776 
5347 4776 4791 4792 4777 
5348 4777 4792 4793 4778 
5349 4778 4793 4794 4779 
5350 4779 4794 4795 4780 
5351 4780 4795 4796 4781 
5352 4781 4796 4797 4782 
5353 4782 4797 4798 4783 
5354 4783 4798 4799 4784 
5355 4784 4799 4800 4785 
5356 4785 4800 4801 4786 
5357 4786 4801 4802 4787 
5358 4787 4802 4803 4788 
5359 4788 4803 436 435 
5360 136 137 4804 4789 
5361 4789 4804 4805 4790 
5362 4790 4805 4806 4791 
5363 4791 4806 4807 4792 
5364 4792 4807 4808 4793 
5365 4793 4808 4809 4794 
5366 4794 4809 4810 4795 
5367 4795 4810 4811 4796 
5368 4796 4811 4812 4797 
5369 4797 4812 4813 4798 
5370 4798 4813 4814 4799 
5371 4799 4814 4815 4800 
5372 4800 4815 4816 4801 
5373 4801 4816 4817 4802 
5374 4802 4817 4818 4803 
5375 4803 4818 437 436 
5376 137 138 4819 4804 
5377 4804 4819 4820 4805 
5378 4805 4820 4821 4806 
5379 4806 4821 4822 4807 
5380 4807 4822 4823 4808 
5381 4808 4823 4824 4809 
5382 4809 4824 4825 4810 
5383 4810 4825 4826 4811 
5384 4811 4826 4827 4812 
5385 4812 4827 4828 4813 
5386 4813 4828 4829 4814 
5387 4814 4829 4830 4815 
5388 4815 4830 4831 4816 
5389 4816 4831 4832 4817 
5390 4817 4832 4833 4818 
5391 4818 4833 438 437 
5392 138 139 4834 4819 
5393 4819 4834 4835 4820 
5394 4820 4835 4836 4821 
5395 4821 4836 4837 4822 
5396 4822 4837 4838 4823 
5397 4823 4838 4839 4824 
5398 4824 4839 4840 4825 
5399 4825 4840 4841 4826 
5400 4826 4841 4842 4827 
5401 4827 4842 4843 4828 
5402 4828 4843 4844 4829 
5403 4829 4844 4845 4830 
5404 4830 4845 4846 4831 
5405 4831 4846 4847 4832 
5406 4832 4847 4848 4833 
5407 4833 4848 439 438 
5408 139 140 4849 4834 
5409 4834 4849 4850 4835 
5410 4835 4850 4851 4836 
5411 4836 4851 4852 4837 
5412 4837 4852 4853 4838 
5413 4838 4853 4854 4839 
5414 4839 4854 4855 4840 
5415 4840 4855 4856 4841 
5416 4841 4856 4857 4842 
5417 4842 4857 4858 4843 
5418 4843 4858 4859 4844 
5419 4844 4859 4860 4845 
5420 4845 4860 4861 4846 
5421 4846 4861 4862 4847 
5422 4847 4862 4863 4848 
5423 4848 4863 440 439 
5424 140 141 4864 4849 
5425 4849 4864 4865 4850 
5426 4850 4865 4866 4851 
5427 4851 4866 4867 4852 
5428 4852 4867 4868 4853 
5429 4853 4868 4869 4854 
5430 4854 4869 4870 4855 
5431 4855 4870 4871 4856 
5432 4856 4871 4872 4857 
5433 4857 4872 4873 4858 
5434 4858 4873 4874 4859 
5435 4859 4874 4875 4860 
5436 4860 4875 4876 4861 
5437 4861 4876 4877 4862 
5438 4862 4877 4878 4863 
5439 4863 4878 441 440 
5440 141 142 4879 4864 
5441 4864 4879 4880 4865 
5442 4865 4880 4881 4866 
5443 4866 4881 4882 4867 
5444 4867 4882 4883 4868 
5445 4868 4883 4884 4869 
5446 4869 4884 4885 4870 
5447 4870 4885 4886 4871 
5448 4871 4886 4887 4872 
5449 4872 4887 4888 4873 
5450 4873 4888 4889 4874 
5451 4874 4889 4890 4875 
5452 4875 4890 4891 4876 
5453 4876 4891 4892 4877 
5454 4877 4892 4893 4878 
5455 4878 4893 442 441 
5456 142 143 4894 4879 
5457 4879 4894 4895 4880 
5458 4880 4895 4896 4881 
5459 4881 4896 4897 4882 
5460 4882 4897 4898 4883 
5461 4883 4898 4899 4884 
5462 4884 4899 4900 4885 
5463 4885 4900 4901 4886 
5464 4886 4901 4902 4887 
5465 4887 4902 4903 4888 
5466 4888 4903 4904 4889 
5467 4889 4904 4905 4890 
5468 4890 4905 4906 4891 
5469 4891 4906 4907 4892 
5470 4892 4907 4908 4893 
5471 4893 4908 443 442 
5472 143 144 4909 4894 
5473 4894 4909 4910 4895 
5474 4895 4910 4911 4896 
5475 4896 4911 4912 4897 
5476 4897 4912 4913 4898 
5477 4898 4913 4914 4899 
5478 4899 4914 4915 4900 
5479 4900 4915 4916 4901 
5480 4901 4916 4917 4902 
5481 4902 4917 4918 4903 
5482 4903 4918 4919 4904 
5483 4904 4919 4920 4905 
5484 4905 4920 4921 4906 
5485 4906 4921 4922 4907 
5486 4907 4922 4923 4908 
5487 4908 4923 444 443 
5488 144 145 4924 4909 
5489 4909 4924 4925 4910 
5490 4910 4925 4926 4911 
5491 4911 4926 4927 4912 
5492 4912 4927 4928 4913 
5493 4913 4928 4929 4914 
5494 4914 4929 4930 4915 
5495 4915 4930 4931 4916 
5496 4916 4931 4932 4917 
5497 4917 4932 4933 4918 
5498 4918 4933 4934 4919 
5499 4919 4934 4935 4920 
5500 4920 4935 4936 4921 
5501 4921 4936 4937 4922 
5502 4922 4937 4938 4923 
5503 4923 4938 445 444 
5504 145 146 4939 4924 
5505 4924 4939 4940 4925 
5506 4925 4940 4941 4926 
5507 4926 4941 4942 4927 
5508 4927 4942 4943 4928 
5509 4928 4943 4944 4929 
5510 4929 4944 4945 4930 
5511 4930 4945 4946 4931 
5512 4931 4946 4947 4932 
5513 4932 4947 4948 4933 
5514 4933 4948 4949 4934 
5515 4934 4949 4950 4935 
5516 4935 4950 4951 4936 
5517 4936 4951 4952 4937 
5518 4937 4952 4953 4938 
5519 4938 4953 446 445 
5520 146 147 4954 4939 
5521 4939 4954 4955 4940 
5522 4940 4955 4956 4941 
5523 4941 4956 4957 4942 
5524 4942 4957 4958 4943 
5525 4943 4958 4959 4944 
5526 4944 4959 4960 4945 
5527 4945 4960 4961 4946 
5528 4946 4961 4962 4947 
5529 4947 4962 4963 4948 
5530 4948 4963 4964 4949 
5531 4949 4964 4965 4950 
5532 4950 4965 4966 4951 
5533 4951 4966 4967 4952 
5534 4952 4967 4968 4953 
5535 4953 4968 447 446 
5536 147 148 4969 4954 
5537 4954 4969 4970 4955 
5538 4955 4970 4971 4956 
5539 4956 4971 4972 4957 
5540 4957 4972 4973 4958 
5541 4958 4973 4974 4959 
5542 4959 4974 4975 4960 
5543 4960 4975 4976 4961 
5544 4961 4976 4977 4962 
5545 4962 4977 4978 4963 
5546 4963 4978 4979 4964 
5547 4964 4979 4980 4965 
5548 4965 4980 4981 4966 
5549 4966 4981 4982 4967 
5550 4967 4982 4983 4968 
5551 4968 4983 448 447 
5552 148 149 4984 4969 
5553 4969 4984 4985 4970 
5554 4970 4985 4986 4971 
5555 4971 4986 4987 4972 
5556 4972 4987 4988 4973 
5557 4973 4988 4989 4974 
5558 4974 4989 4990 4975 
5559 4975 4990 4991 4976 
5560 4976 4991 4992 4977 
5561 4977 4992 4993 4978 
5562 4978 4993 4994 4979 
5563 4979 4994 4995 4980 
5564 4980 4995 4996 4981 
5565 4981 4996 4997 4982 
5566 4982 4997 4998 4983 
5567 4983 4998 449 448 
5568 149 150 4999 4984 
5569 4984 4999 5000 4985 
5570 4985 5000 5001 4986 
5571 4986 5001 5002 4987 
5572 4987 5002 5003 4988 
5573 4988 5003 5004 4989 
5574 4989 5004 5005 4990 
5575 4990 5005 5006 4991 
5576 4991 5006 5007 4992 
5577 4992 5007 5008 4993 
5578 4993 5008 5009 4994 
5579 4994 5009 5010 4995 
5580 4995 5010 5011 4996 
5581 4996 5011 5012 4997 
5582 4997 5012 5013 4998 
5583 4998 5013 450 449 
5584 150 151 5014 4999 
5585 4999 5014 5015 5000 
5586 5000 5015 5016 5001 
5587 5001 5016 5017 5002 
5588 5002 5017 5018 5003 
5589 5003 5018 5019 5004 
5590 5004 5019 5020 5005 
5591 5005 5020 5021 5006 
5592 5006 5021 5022 5007 
5593 5007 5022 5023 5008 
5594 5008 5023 5024 5009 
5595 5009 5024 5025 5010 
5596 5010 5025 5026 5011 
5597 5011 5026 5027 5012 
5598 5012 5027 5028 5013 
5599 5013 5028 451 450 
5600 151 152 5029 5014 
5601 5014 5029 5030 5015 
5602 5015 5030 5031 5016 
5603 5016 5031 5032 5017 
5604 5017 5032 5033 5018 
5605 5018 5033 5034 5019 
5606 5019 5034 5035 5020 
5607 5020 5035 5036 5021 
5608 5021 5036 5037 5022 
5609 5022 5037 5038 5023 
5610 5023 5038 5039 5024 
5611 5024 5039 5040 5025 
5612 5025 5040 5041 5026 
5613 5026 5041 5042 5027 
5614 5027 5042 5043 5028 
5615 5028 5043 452 451 
5616 152 153 5044 5029 
5617 5029 5044 5045 5030 
5618 5030 5045 5046 5031 
5619 5031 5046 5047 5032 
5620 5032 5047 5048 5033 
5621 5033 5048 5049 5034 
5622 5034 5049 5050 5035 
5623 5035 5050 5051 5036 
5624 5036 5051 5052 5037 
5625 5037 5052 5053 5038 
5626 5038 5053 5054 5039 
5627 5039 5054 5055 5040 
5628 5040 5055 5056 5041 
5629 5041 5056 5057 5042 
5630 5042 5057 5058 5043 
5631 5043 5058 453 452 
5632 153 154 5059 5044 
5633 5044 5059 5060 5045 
5634 5045 5060 5061 5046 
5635 5046 5061 5062 5047 
5636 5047 5062 5063 5048 
5637 5048 5063 5064 5049 
5638 5049 5064 5065 5050 
5639 5050 5065 5066 5051 
5640 5051 5066 5067 5052 
5641 5052 5067 5068 5053 
5642 5053 5068 5069 5054 
5643 5054 5069 5070 5055 
5644 5055 5070 5071 5056 
5645 5056 5071 5072 5057 
5646 5057 5072 5073 5058 
5647 5058 5073 454 453 
5648 154 155 5074 5059 
5649 5059 5074 5075 5060 
5650 5060 5075 5076 5061 
5651 5061 5076 5077 5062 
5652 5062 5077 5078 5063 
5653 5063 5078 5079 5064 
5654 5064 5079 5080 5065 
5655 5065 5080 5081 5066 
5656 5066 5081 5082 5067 
5657 5067 5082 5083 5068 
5658 5068 5083 5084 5069 
5659 5069 5084 5085 5070 
5660 5070 5085 5086 5071 
5661 5071 5086 5087 5072 
5662 5072 5087 5088 5073 
5663 5073 5088 455 454 
5664 155 156 5089 5074 
5665 5074 5089 5090 5075 
5666 5075 5090 5091 5076 
5667 5076 5091 5092 5077 
5668 5077 5092 5093 5078 
5669 5078 5093 5094 5079 
5670 5079 5094 5095 5080 
5671 5080 5095 5096 5081 
5672 5081 5096 5097 5082 
5673 5082 5097 5098 5083 
5674 5083 5098 5099 5084 
5675 5084 5099 5100 5085 
5676 5085 5100 5101 5086 
5677 5086 5101 5102 5087 
5678 5087 5102 5103 5088 
5679 5088 5103 456 455 
5680 156 157 5104 5089 
5681 5089 5104 5105 5090 
5682 5090 5105 5106 5091 
5683 5091 5106 5107 5092 
5684 5092 5107 5108 5093 
5685 5093 5108 5109 5094 
5686 5094 5109 5110 5095 
5687 5095 5110 5111 5096 
5688 5096 5111 5112 5097 
5689 5097 5112 5113 5098 
5690 5098 5113 5114 5099 
5691 5099 5114 5115 5100 
5692 5100 5115 5116 5101 
5693 5101 5116 5117 5102 
5694 5102 5117 5118 5103 
5695 5103 5118 457 456 
5696 157 158 5119 5104 
5697 5104 5119 5120 5105 
5698 5105 5120 5121 5106 
5699 5106 5121 5122 5107 
5700 5107 5122 5123 5108 
5701 5108 5123 5124 5109 
5702 5109 5124 5125 5110 
5703 5110 5125 5126 5111 
5704 5111 5126 5127 5112 
5705 5112 5127 5128 5113 
5706 5113 5128 5129 5114 
5707 5114 5129 5130 5115 
5708 5115 5130 5131 5116 
5709 5116 5131 5132 5117 
5710 5117 5132 5133 5118 
5711 5118 5133 458 457 
5712 158 159 5134 5119 
5713 5119 5134 5135 5120 
5714 5120 5135 5136 5121 
5715 5121 5136 5137 5122 
5716 5122 5137 5138 5123 
5717 5123 5138 5139 5124 
5718 5124 5139 5140 5125 
5719 5125 5140 5141 5126 
5720 5126 5141 5142 5127 
5721 5127 5142 5143 5128 
5722 5128 5143 5144 5129 
5723 5129 5144 5145 5130 
5724 5130 5145 5146 5131 
5725 5131 5146 5147 5132 
5726 5132 5147 5148 5133 
5727 5133 5148 459 458 
5728 159 160 5149 5134 
5729 5134 5149 5150 5135 
5730 5135 5150 5151 5136 
5731 5136 5151 5152 5137 
5732 5137 5152 5153 5138 
5733 5138 5153 5154 5139 
5734 5139 5154 5155 5140 
5735 5140 5155 5156 5141 
5736 5141 5156 5157 5142 
5737 5142 5157 5158 5143 
5738 5143 5158 5159 5144 
5739 5144 5159 5160 5145 
5740 5145 5160 5161 5146 
5741 5146 5161 5162 5147 
5742 5147 5162 5163 5148 
5743 5148 5163 460 459 
5744 160 161 5164 5149 
5745 5149 5164 5165 5150 
5746 5150 5165 5166 5151 
5747 5151 5166 5167 5152 
5748 5152 5167 5168 5153 
5749 5153 5168 5169 5154 
5750 5154 5169 5170 5155 
5751 5155 5170 5171 5156 
5752 5156 5171 5172 5157 
5753 5157 5172 5173 5158 
5754 5158 5173 5174 5159 
5755 5159 5174 5175 5160 
5756 5160 5175 5176 5161 
5757 5161 5176 5177 5162 
5758 5162 5177 5178 5163 
5759 5163 5178 461 460 
5760 161 162 5179 5164 
5761 5164 5179 5180 5165 
5762 5165 5180 5181 5166 
5763 5166 5181 5182 5167 
5764 5167 5182 5183 5168 
5765 5168 5183 5184 5169 
5766 5169 5184 5185 5170 
5767 5170 5185 5186 5171 
5768 5171 5186 5187 5172 
5769 5172 5187 5188 5173 
5770 5173 5188 5189 5174 
5771 5174 5189 5190 5175 
5772 5175 5190 5191 5176 
5773 5176 5191 5192 5177 
5774 5177 5192 5193 5178 
5775 5178 5193 462 461 
5776 162 163 5194 5179 
5777 5179 5194 5195 5180 
5778 5180 5195 5196 5181 
5779 5181 5196 5197 5182 
5780 5182 5197 5198 5183 
5781 5183 5198 5199 5184 
5782 5184 5199 5200 5185 
5783 5185 5200 5201 5186 
5784 5186 5201 5202 5187 
5785 5187 5202 5203 5188 
5786 5188 5203 5204 5189 
5787 5189 5204 5205 5190 
5788 5190 5205 5206 5191 
5789 5191 5206 5207 5192 
5790 5192 5207 5208 5193 
5791 5193 5208 463 462 
5792 163 164 5209 5194 
5793 5194 5209 5210 5195 
5794 5195 5210 5211 5196 
5795 5196 5211 5212 5197 
5796 5197 5212 5213 5198 
5797 5198 5213 5214 5199 
5798 5199 5214 5215 5200 
5799 5200 5215 5216 5201 
5800 5201 5216 5217 5202 
5801 5202 5217 5218 5203 
5802 5203 5218 5219 5204 
5803 5204 5219 5220 5205 
5804 5205 5220 5221 5206 
5805 5206 5221 5222 5207 
5806 5207 5222 5223 5208 
5807 5208 5223 464 463 
5808 164 165 5224 5209 
5809 5209 5224 5225 5210 
5810 5210 5225 5226 5211 
5811 5211 5226 5227 5212 
5812 5212 5227 5228 5213 
5813 5213 5228 5229 5214 
5814 5214 5229 5230 5215 
5815 5215 5230 5231 5216 
5816 5216 5231 5232 5217 
5817 5217 5232 5233 5218 
5818 5218 5233 5234 5219 
5819 5219 5234 5235 5220 
5820 5220 5235 5236 5221 
5821 5221 5236 5237 5222 
5822 5222 5237 5238 5223 
5823 5223 5238 465 464 
5824 165 166 5239 5224 
5825 5224 5239 5240 5225 
5826 5225 5240 5241 5226 
5827 5226 5241 5242 5227 
5828 5227 5242 5243 5228 
5829 5228 5243 5244 5229 
5830 5229 5244 5245 5230 
5831 5230 5245 5246 5231 
5832 5231 5246 5247 5232 
5833 5232 5247 5248 5233 
5834 5233 5248 5249 5234 
5835 5234 5249 5250 5235 
5836 5235 5250 5251 5236 
5837 5236 5251 5252 5237 
5838 5237 5252 5253 5238 
5839 5238 5253 466 465 
5840 166 167 5254 5239 
5841 5239 5254 5255 5240 
5842 5240 5255 5256 5241 
5843 5241 5256 5257 5242 
5844 5242 5257 5258 5243 
5845 5243 5258 5259 5244 
5846 5244 5259 5260 5245 
5847 5245 5260 5261 5246 
5848 5246 5261 5262 5247 
5849 5247 5262 5263 5248 
5850 5248 5263 5264 5249 
5851 5249 5264 5265 5250 
5852 5250 5265 5266 5251 
5853 5251 5266 5267 5252 
5854 5252 5267 5268 5253 
5855 5253 5268 467 466 
5856 167 168 5269 5254 
5857 5254 5269 5270 5255 
5858 5255 5270 5271 5256 
5859 5256 5271 5272 5257 
5860 5257 5272 5273 5258 
5861 5258 5273 5274 5259 
5862 5259 5274 5275 5260 
5863 5260 5275 5276 5261 
5864 5261 5276 5277 5262 
5865 5262 5277 5278 5263 
5866 5263 5278 5279 5264 
5867 5264 5279 5280 5265 
5868 5265 5280 5281 5266 
5869 5266 5281 5282 5267 
5870 5267 5282 5283 5268 
5871 5268 5283 468 467 
5872 168 169 5284 5269 
5873 5269 5284 5285 5270 
5874 5270 5285 5286 5271 
5875 5271 5286 5287 5272 
5876 5272 5287 5288 5273 
5877 5273 5288 5289 5274 
5878 5274 5289 5290 5275 
5879 5275 5290 5291 5276 
5880 5276 5291 5292 5277 
5881 5277 5292 5293 5278 
5882 5278 5293 5294 5279 
5883 5279 5294 5295 5280 
5884 5280 5295 5296 5281 
5885 5281 5296 5297 5282 
5886 5282 5297 5298 5283 
5887 5283 5298 469 468 
5888 169 170 5299 5284 
5889 5284 5299 5300 5285 
5890 5285 5300 5301 5286 
5891 5286 5301 5302 5287 
5892 5287 5302 5303 5288 
5893 5288 5303 5304 5289 
5894 5289 5304 5305 5290 
5895 5290 5305 5306 5291 
5896 5291 5306 5307 5292 
5897 5292 5307 5308 5293 
5898 5293 5308 5309 5294 
5899 5294 5309 5310 5295 
5900 5295 5310 5311 5296 
5901 5296 5311 5312 5297 
5902 5297 5312 5313 5298 
5903 5298 5313 470 469 
5904 170 171 5314 5299 
5905 5299 5314 5315 5300 
5906 5300 5315 5316 5301 
5907 5301 5316 5317 5302 
5908 5302 5317 5318 5303 
5909 5303 5318 5319 5304 
5910 5304 5319 5320 5305 
5911 5305 5320 5321 5306 
5912 5306 5321 5322 5307 
5913 5307 5322 5323 5308 
5914 5308 5323 5324 5309 
5915 5309 5324 5325 5310 
5916 5310 5325 5326 5311 
5917 5311 5326 5327 5312 
5918 5312 5327 5328 5313 
5919 5313 5328 471 470 
5920 171 172 5329 5314 
5921 5314 5329 5330 5315 
5922 5315 5330 5331 5316 
5923 5316 5331 5332 5317 
5924 5317 5332 5333 5318 
5925 5318 5333 5334 5319 
5926 5319 5334 5335 5320 
5927 5320 5335 5336 5321 
5928 5321 5336 5337 5322 
5929 5322 5337 5338 5323 
5930 5323 5338 5339 5324 
5931 5324 5339 5340 5325 
5932 5325 5340 5341 5326 
5933 5326 5341 5342 5327 
5934 5327 5342 5343 5328 
5935 5328 5343 472 471 
5936 172 173 5344 5329 
5937 5329 5344 5345 5330 
5938 5330 5345 5346 5331 
5939 5331 5346 5347 5332 
5940 5332 5347 5348 5333 
5941 5333 5348 5349 5334 
5942 5334 5349 5350 5335 
5943 5335 5350 5351 5336 
5944 5336 5351 5352 5337 
5945 5337 5352 5353 5338 
5946 5338 5353 5354 5339 
5947 5339 5354 5355 5340 
5948 5340 5355 5356 5341 
5949 5341 5356 5357 5342 
5950 5342 5357 5358 5343 
5951 5343 5358 473 472 
5952 173 174 5359 5344 
5953 5344 5359 5360 5345 
5954 5345 5360 5361 5346 
5955 5346 5361 5362 5347 
5956 5347 5362 5363 5348 
5957 5348 5363 5364 5349 
5958 5349 5364 5365 5350 
5959 5350 5365 5366 5351 
5960 5351 5366 5367 5352 
5961 5352 5367 5368 5353 
5962 5353 5368 5369 5354 
5963 5354 5369 5370 5355 
5964 5355 5370 5371 5356 
5965 5356 5371 5372 5357 
5966 5357 5372 5373 5358 
5967 5358 5373 474 473 
5968 174 175 5374 5359 
5969 5359 5374 5375 5360 
5970 5360 5375 5376 5361 
5971 5361 5376 5377 5362 
5972 5362 5377 5378 5363 
5973 5363 5378 5379 5364 
5974 5364 5379 5380 5365 
5975 5365 5380 5381 5366 
5976 5366 5381 5382 5367 
5977 5367 5382 5383 5368 
5978 5368 5383 5384 5369 
5979 5369 5384 5385 5370 
5980 5370 5385 5386 5371 
5981 5371 5386 5387 5372 
5982 5372 5387 5388 5373 
5983 5373 5388 475 474 
5984 175 176 5389 5374 
5985 5374 5389 5390 5375 
5986 5375 5390 5391 5376 
5987 5376 5391 5392 5377 
5988 5377 5392 5393 5378 
5989 5378 5393 5394 5379 
5990 5379 5394 5395 5380 
5991 5380 5395 5396 5381 
5992 5381 5396 5397 5382 
5993 5382 5397 5398 5383 
5994 5383 5398 5399 5384 
5995 5384 5399 5400 5385 
5996 5385 5400 5401 5386 
5997 5386 5401 5402 5387 
5998 5387 5402 5403 5388 
5999 5388 5403 476 475 
6000 176 177 5404 5389 
6001 5389 5404 5405 5390 
6002 5390 5405 5406 5391 
6003 5391 5406 5407 5392 
6004 5392 5407 5408 5393 
6005 5393 5408 5409 5394 
6006 5394 5409 5410 5395 
6007 5395 5410 5411 5396 
6008 5396 5411 5412 5397 
6009 5397 5412 5413 5398 
6010 5398 5413 5414 5399 
6011 5399 5414 5415 5400 
6012 5400 5415 5416 5401 
6013 5401 5416 5417 5402 
6014 5402 5417 5418 5403 
6015 5403 5418 477 476 
6016 177 178 5419 5404 
6017 5404 5419 5420 5405 
6018 5405 5420 5421 5406 
6019 5406 5421 5422 5407 
6020 5407 5422 5423 5408 
6021 5408 5423 5424 5409 
6022 5409 5424 5425 5410 
6023 5410 5425 5426 5411 
6024 5411 5426 5427 5412 
6025 5412 5427 5428 5413 
6026 5413 5428 5429 5414 
6027 5414 5429 5430 5415 
6028 5415 5430 5431 5416 
6029 5416 5431 5432 5417 
6030 5417 5432 5433 5418 
6031 5418 5433 478 477 
6032 178 179 5434 5419 
6033 5419 5434 5435 5420 
6034 5420 5435 5436 5421 
6035 5421 5436 5437 5422 
6036 5422 5437 5438 5423 
6037 5423 5438 5439 5424 
6038 5424 5439 5440 5425 
6039 5425 5440 5441 5426 
6040 5426 5441 5442 5427 
6041 5427 5442 5443 5428 
6042 5428 5443 5444 5429 
6043 5429 5444 5445 5430 
6044 5430 5445 5446 5431 
6045 5431 5446 5447 5432 
6046 5432 5447 5448 5433 
6047 5433 5448 479 478 
6048 179 180 5449 5434 
6049 5434 5449 5450 5435 
6050 5435 5450 5451 5436 
6051 5436 5451 5452 5437 
6052 5437 5452 5453 5438 
6053 5438 5453 5454 5439 
6054 5439 5454 5455 5440 
6055 5440 5455 5456 5441 
6056 5441 5456 5457 5442 
6057 5442 5457 5458 5443 
6058 5443 5458 5459 5444 
6059 5444 5459 5460 5445 
6060 5445 5460 5461 5446 
6061 5446 5461 5462 5447 
6062 5447 5462 5463 5448 
6063 5448 5463 480 479 
6064 180 181 5464 5449 
6065 5449 5464 5465 5450 
6066 5450 5465 5466 5451 
6067 5451 5466 5467 5452 
6068 5452 5467 5468 5453 
6069 5453 5468 5469 5454 
6070 5454 5469 5470 5455 
6071 5455 5470 5471 5456 
6072 5456 5471 5472 5457 
6073 5457 5472 5473 5458 
6074 5458 5473 5474 5459 
6075 5459 5474 5475 5460 
6076 5460 5475 5476 5461 
6077 5461 5476 5477 5462 
6078 5462 5477 5478 5463 
6079 5463 5478 481 480 
6080 181 182 5479 5464 
6081 5464 5479 5480 5465 
6082 5465 5480 5481 5466 
6083 5466 5481 5482 5467 
6084 5467 5482 5483 5468 
6085 5468 5483 5484 5469 
6086 5469 5484 5485 5470 
6087 5470 5485 5486 5471 
6088 5471 5486 5487 5472 
6089 5472 5487 5488 5473 
6090 5473 5488 5489 5474 
6091 5474 5489 5490 5475 
6092 5475 5490 5491 5476 
6093 5476 5491 5492 5477 
6094 5477 5492 5493 5478 
6095 5478 5493 482 481 
6096 182 183 5494 5479 
6097 5479 5494 5495 5480 
6098 5480 5495 5496 5481 
6099 5481 5496 5497 5482 
6100 5482 5497 5498 5483 
6101 5483 5498 5499 5484 
6102 5484 5499 5500 5485 
6103 5485 5500 5501 5486 
6104 5486 5501 5502 5487 
6105 5487 5502 5503 5488 
6106 5488 5503 5504 5489 
6107 5489 5504 5505 5490 
6108 5490 5505 5506 5491 
6109 5491 5506 5507 5492 
6110 5492 5507 5508 5493 
6111 5493 5508 483 482 
6112 183 184 5509 5494 
6113 5494 5509 5510 5495 
6114 5495 5510 5511 5496 
6115 5496 5511 5512 5497 
6116 5497 5512 5513 5498 
6117 5498 5513 5514 5499 
6118 5499 5514 5515 5500 
6119 5500 5515 5516 5501 
6120 5501 5516 5517 5502 
6121 5502 5517 5518 5503 
6122 5503 5518 5519 5504 
6123 5504 5519 5520 5505 
6124 5505 5520 5521 5506 
6125 5506 5521 5522 5507 
6126 5507 5522 5523 5508 
6127 5508 5523 484 483 
6128 184 185 5524 5509 
6129 5509 5524 5525 5510 
6130 5510 5525 5526 5511 
6131 5511 5526 5527 5512 
6132 5512 5527 5528 5513 
6133 5513 5528 5529 5514 
6134 5514 5529 5530 5515 
6135 5515 5530 5531 5516 
6136 5516 5531 5532 5517 
6137 5517 5532 5533 5518 
6138 5518 5533 5534 5519 
6139 5519 5534 5535 5520 
6140 5520 5535 5536 5521 
6141 5521 5536 5537 5522 
6142 5522 5537 5538 5523 
6143 5523 5538 485 484 
6144 185 186 5539 5524 
6145 5524 5539 5540 5525 
6146 5525 5540 5541 5526 
6147 5526 5541 5542 5527 
6148 5527 5542 5543 5528 
6149 5528 5543 5544 5529 
6150 5529 5544 5545 5530 
6151 5530 5545 5546 5531 
6152 5531 5546 5547 5532 
6153 5532 5547 5548 5533 
6154 5533 5548 5549 5534 
6155 5534 5549 5550 5535 
6156 5535 5550 5551 5536 
6157 5536 5551 5552 5537 
6158 5537 5552 5553 5538 
6159 5538 5553 486 485 
6160 186 187 5554 5539 
6161 5539 5554 5555 5540 
6162 5540 5555 5556 5541 
6163 5541 5556 5557 5542 
6164 5542 5557 5558 5543 
6165 5543 5558 5559 5544 
6166 5544 5559 5560 5545 
6167 5545 5560 5561 5546 
6168 5546 5561 5562 5547 
6169 5547 5562 5563 5548 
6170 5548 5563 5564 5549 
6171 5549 5564 5565 5550 
6172 5550 5565 5566 5551 
6173 5551 5566 5567 5552 
6174 5552 5567 5568 5553 
6175 5553 5568 487 486 
6176 187 188 5569 5554 
6177 5554 5569 5570 5555 
6178 5555 5570 5571 5556 
6179 5556 5571 5572 5557 
6180 5557 5572 5573 5558 
6181 5558 5573 5574 5559 
6182 5559 5574 5575 5560 
6183 5560 5575 5576 5561 
6184 5561 5576 5577 5562 
6185 5562 5577 5578 5563 
6186 5563 5578 5579 5564 
6187 5564 5579 5580 5565 
6188 5565 5580 5581 5566 
6189 5566 5581 5582 5567 
6190 5567 5582 5583 5568 
6191 5568 5583 488 487 
6192 188 189 5584 5569 
6193 5569 5584 5585 5570 
6194 5570 5585 5586 5571 
6195 5571 5586 5587 5572 
6196 5572 5587 5588 5573 
6197 5573 5588 5589 5574 
6198 5574 5589 5590 5575 
6199 5575 5590 5591 5576 
6200 5576 5591 5592 5577 
6201 5577 5592 5593 5578 
6202 5578 5593 5594 5579 
6203 5579 5594 5595 5580 
6204 5580 5595 5596 5581 
6205 5581 5596 5597 5582 
6206 5582 5597 5598 5583 
6207 5583 5598 489 488 
6208 189 190 5599 5584 
6209 5584 5599 5600 5585 
6210 5585 5600 5601 5586 
6211 5586 5601 5602 5587 
6212 5587 5602 5603 5588 
6213 5588 5603 5604 5589 
6214 5589 5604 5605 5590 
6215 5590 5605 5606 5591 
6216 5591 5606 5607 5592 
6217 5592 5607 5608 5593 
6218 5593 5608 5609 5594 
6219 5594 5609 5610 5595 
6220 5595 5610 5611 5596 
6221 5596 5611 5612 5597 
6222 5597 5612 5613 5598 
6223 5598 5613 490 489 
6224 190 191 5614 5599 
6225 5599 5614 5615 5600 
6226 5600 5615 5616 5601 
6227 5601 5616 5617 5602 
6228 5602 5617 5618 5603 
6229 5603 5618 5619 5604 
6230 5604 5619 5620 5605 
6231 5605 5620 5621 5606 
6232 5606 5621 5622 5607 
6233 5607 5622 5623 5608 
6234 5608 5623 5624 5609 
6235 5609 5624 5625 5610 
6236 5610 5625 5626 5611 
6237 5611 5626 5627 5612 
6238 5612 5627 5628 5613 
6239 5613 5628 491 490 
6240 191 192 5629 5614 
6241 5614 5629 5630 5615 
6242 5615 5630 5631 5616 
6243 5616 5631 5632 5617 
6244 5617 5632 5633 5618 
6245 5618 5633 5634 5619 
6246 5619 5634 5635 5620 
6247 5620 5635 5636 5621 
6248 5621 5636 5637 5622 
6249 5622 5637 5638 5623 
6250 5623 5638 5639 5624 
6251 5624 5639 5640 5625 
6252 5625 5640 5641 5626 
6253 5626 5641 5642 5627 
6254 5627 5642 5643 5628 
6255 5628 5643 492 491 
6256 192 193 5644 5629 
6257 5629 5644 5645 5630 
6258 5630 5645 5646 5631 
6259 5631 5646 5647 5632 
6260 5632 5647 5648 5633 
6261 5633 5648 5649 5634 
6262 5634 5649 5650 5635 
6263 5635 5650 5651 5636 
6264 5636 5651 5652 5637 
6265 5637 5652 5653 5638 
6266 5638 5653 5654 5639 
6267 5639 5654 5655 5640 
6268 5640 5655 5656 5641 
6269 5641 5656 5657 5642 
6270 5642 5657 5658 5643 
6271 5643 5658 493 492 
6272 193 194 5659 5644 
6273 5644 5659 5660 5645 
6274 5645 5660 5661 5646 
6275 5646 5661 5662 5647 
6276 5647 5662 5663 5648 
6277 5648 5663 5664 5649 
6278 5649 5664 5665 5650 
6279 5650 5665 5666 5651 
6280 5651 5666 5667 5652 
6281 5652 5667 5668 5653 
6282 5653 5668 5669 5654 
6283 5654 5669 5670 5655 
6284 5655 5670 5671 5656 
6285 5656 5671 5672 5657 
6286 5657 5672 5673 5658 
6287 5658 5673 494 493 
6288 194 195 5674 5659 
6289 5659 5674 5675 5660 
6290 5660 5675 5676 5661 
6291 5661 5676 5677 5662 
6292 5662 5677 5678 5663 
6293 5663 5678 5679 5664 
6294 5664 5679 5680 5665 
6295 5665 5680 5681 5666 
6296 5666 5681 5682 5667 
6297 5667 5682 5683 5668 
6298 5668 5683 5684 5669 
6299 5669 5684 5685 5670 
6300 5670 5685 5686 5671 
6301 5671 5686 5687 5672 
6302 5672 5687 5688 5673 
6303 5673 5688 495 494 
6304 195 196 5689 5674 
6305 5674 5689 5690 5675 
6306 5675 5690 5691 5676 
6307 5676 5691 5692 5677 
6308 5677 5692 5693 5678 
6309 5678 5693 5694 5679 
6310 5679 5694 5695 5680 
6311 5680 5695 5696 5681 
6312 5681 5696 5697 5682 
6313 5682 5697 5698 5683 
6314 5683 5698 5699 5684 
6315 5684 5699 5700 5685 
6316 5685 5700 5701 5686 
6317 5686 5701 5702 5687 
6318 5687 5702 5703 5688 
6319 5688 5703 496 495 
6320 196 197 5704 5689 
6321 5689 5704 5705 5690 
6322 5690 5705 5706 5691 
6323 5691 5706 5707 5692 
6324 5692 5707 5708 5693 
6325 5693 5708 5709 5694 
6326 5694 5709 5710 5695 
6327 5695 5710 5711 5696 
6328 5696 5711 5712 5697 
6329 5697 5712 5713 5698 
6330 5698 5713 5714 5699 
6331 5699 5714 5715 5700 
6332 5700 5715 5716 5701 
6333 5701 5716 5717 5702 
6334 5702 5717 5718 5703 
6335 5703 5718 497 496 
6336 197 198 5719 5704 
6337 5704 5719 5720 5705 
6338 5705 5720 5721 5706 
6339 5706 5721 5722 5707 
6340 5707 5722 5723 5708 
6341 5708 5723 5724 5709 
6342 5709 5724 5725 5710 
6343 5710 5725 5726 5711 
6344 5711 5726 5727 5712 
6345 5712 5727 5728 5713 
6346 5713 5728 5729 5714 
6347 5714 5729 5730 5715 
6348 5715 5730 5731 5716 
6349 5716 5731 5732 5717 
6350 5717 5732 5733 5718 
6351 5718 5733 498 497 
6352 198 199 5734 5719 
6353 5719 5734 5735 5720 
6354 5720 5735 5736 5721 
6355 5721 5736 5737 5722 
6356 5722 5737 5738 5723 
6357 5723 5738 5739 5724 
6358 5724 5739 5740 5725 
6359 5725 5740 5741 5726 
6360 5726 5741 5742 5727 
6361 5727 5742 5743 5728 
6362 5728 5743 5744 5729 
6363 5729 5744 5745 5730 
6364 5730 5745 5746 5731 
6365 5731 5746 5747 5732 
6366 5732 5747 5748 5733 
6367 5733 5748 499 498 
6368 199 200 5749 5734 
6369 5734 5749 5750 5735 
6370 5735 5750 5751 5736 
6371 5736 5751 5752 5737 
6372 5737 5752 5753 5738 
6373 5738 5753 5754 5739 
6374 5739 5754 5755 5740 
6375 5740 5755 5756 5741 
6376 5741 5756 5757 5742 
6377 5742 5757 5758 5743 
6378 5743 5758 5759 5744 
6379 5744 5759 5760 5745 
6380 5745 5760 5761 5746 
6381 5746 5761 5762 5747 
6382 5747 5762 5763 5748 
6383 5748 5763 500 499 
6384 200 201 5764 5749 
6385 5749 5764 5765 5750 
6386 5750 5765 5766 5751 
6387 5751 5766 5767 5752 
6388 5752 5767 5768 5753 
6389 5753 5768 5769 5754 
6390 5754 5769 5770 5755 
6391 5755 5770 5771 5756 
6392 5756 5771 5772 5757 
6393 5757 5772 5773 5758 
6394 5758 5773 5774 5759 
6395 5759 5774 5775 5760 
6396 5760 5775 5776 5761 
6397 5761 5776 5777 5762 
6398 5762 5777 5778 5763 
6399 5763 5778 501 500 
6400 201 202 5779 5764 
6401 5764 5779 5780 5765 
6402 5765 5780 5781 5766 
6403 5766 5781 5782 5767 
6404 5767 5782 5783 5768 
6405 5768 5783 5784 5769 
6406 5769 5784 5785 5770 
6407 5770 5785 5786 5771 
6408 5771 5786 5787 5772 
6409 5772 5787 5788 5773 
6410 5773 5788 5789 5774 
6411 5774 5789 5790 5775 
6412 5775 5790 5791 5776 
6413 5776 5791 5792 5777 
6414 5777 5792 5793 5778 
6415 5778 5793 502 501 
6416 202 203 5794 5779 
6417 5779 5794 5795 5780 
6418 5780 5795 5796 5781 
6419 5781 5796 5797 5782 
6420 5782 5797 5798 5783 
6421 5783 5798 5799 5784 
6422 5784 5799 5800 5785 
6423 5785 5800 5801 5786 
6424 5786 5801 5802 5787 
6425 5787 5802 5803 5788 
6426 5788 5803 5804 5789 
6427 5789 5804 5805 5790 
6428 5790 5805 5806 5791 
6429 5791 5806 5807 5792 
6430 5792 5807 5808 5793 
6431 5793 5808 503 502 
6432 203 204 5809 5794 
6433 5794 5809 5810 5795 
6434 5795 5810 5811 5796 
6435 5796 5811 5812 5797 
6436 5797 5812 5813 5798 
6437 5798 5813 5814 5799 
6438 5799 5814 5815 5800 
6439 5800 5815 5816 5801 
6440 5801 5816 5817 5802 
6441 5802 5817 5818 5803 
6442 5803 5818 5819 5804 
6443 5804 5819 5820 5805 
6444 5805 5820 5821 5806 
6445 5806 5821 5822 5807 
6446 5807 5822 5823 5808 
6447 5808 5823 504 503 
6448 204 205 5824 5809 
6449 5809 5824 5825 5810 
6450 5810 5825 5826 5811 
6451 5811 5826 5827 5812 
6452 5812 5827 5828 5813 
6453 5813 5828 5829 5814 
6454 5814 5829 5830 5815 
6455 5815 5830 5831 5816 
6456 5816 5831 5832 5817 
6457 5817 5832 5833 5818 
6458 5818 5833 5834 5819 
6459 5819 5834 5835 5820 
6460 5820 5835 5836 5821 
6461 5821 5836 5837 5822 
6462 5822 5837 5838 5823 
6463 5823 5838 505 504 
6464 205 206 5839 5824 
6465 5824 5839 5840 5825 
6466 5825 5840 5841 5826 
6467 5826 5841 5842 5827 
6468 5827 5842 5843 5828 
6469 5828 5843 5844 5829 
6470 5829 5844 5845 5830 
6471 5830 5845 5846 5831 
6472 5831 5846 5847 5832 
6473 5832 5847 5848 5833 
6474 5833 5848 5849 5834 
6475 5834 5849 5850 5835 
6476 5835 5850 5851 5836 
6477 5836 5851 5852 5837 
6478 5837 5852 5853 5838 
6479 5838 5853 506 505 
6480 206 207 5854 5839 
6481 5839 5854 5855 5840 
6482 5840 5855 5856 5841 
6483 5841 5856 5857 5842 
6484 5842 5857 5858 5843 
6485 5843 5858 5859 5844 
6486 5844 5859 5860 5845 
6487 5845 5860 5861 5846 
6488 5846 5861 5862 5847 
6489 5847 5862 5863 5848 
6490 5848 5863 5864 5849 
6491 5849 5864 5865 5850 
6492 5850 5865 5866 5851 
6493 5851 5866 5867 5852 
6494 5852 5867 5868 5853 
6495 5853 5868 507 506 
6496 207 8 1088 5854 
6497 5854 1088 1089 5855 
6498 5855 1089 1090 5856 
6499 5856 1090 1091 5857 
6500 5857 1091 1092 5858 
6501 5858 1092 1093 5859 
6502 5859 1093 1094 5860 
6503 5860 1094 1095 5861 
6504 5861 1095 1096 5862 
6505 5862 1096 1097 5863 
6506 5863 1097 1098 5864 
6507 5864 1098 1099 5865 
6508 5865 1099 1100 5866 
6509 5866 1100 1101 5867 
6510 5867 1101 1102 5868 
6511 5868 1102 17 507 
2 8 3 1596
6512 6896 6727 7248 5885 
6513 7160 7185 7019 5908 
6514 5950 6526 6698 7206 
6515 6732 6911 7218 6934 
6516 6496 6498 7259 5906 
6517 7142 5928 7254 7010 
6518 7151 5870 7247 6510 
6519 6953 5931 7213 6831 
6520 6961 6939 7244 5940 
6521 5881 6907 7241 6918 
6522 6352 6354 7226 7085 
6523 7147 5914 7279 6895 
6524 6945 6944 7234 5957 
6525 5912 7212 6462 7211 
6526 6598 7100 5964 7060 
6527 6482 6590 6480 7049 
6528 5901 6515 545 544 
6529 540 539 7162 6532 
6530 6868 6866 7255 6991 
6531 6968 6465 7235 5956 
6532 6218 6206 6219 6678 
6533 5945 6483 7215 6956 
6534 6902 6984 7236 6362 
6535 5931 311 312 6502 
6536 6776 7190 5899 6905 
6537 6670 6681 6678 6668 
6538 5980 5983 6771 7157 
6539 6941 5941 7240 6942 
6540 6894 6793 7286 5923 
6541 6524 6488 6698 6526 
6542 7078 6487 6488 6771 
6543 6678 6219 6696 6668 
6544 6417 6937 7266 6908 
6545 7179 6712 7229 5942 
6546 7080 7225 5962 7126 
6547 5935 6514 7325 7169 
6548 6545 5947 7265 6936 
6549 7034 6667 7181 5902 
6550 6350 7060 5964 6538 
6551 6486 6485 7217 5932 
6552 5935 7187 6512 6514 
6553 5876 6947 7183 6963 
6554 6504 6506 7321 6505 
6555 6406 6972 7173 6410 
6556 7022 6970 5882 7176 
6557 5969 6274 6506 6504 
6558 5915 304 305 6714 
6559 6614 6224 6951 6513 
6560 6686 6679 6687 6196 
6561 5927 7231 6824 6823 
6562 7172 5922 7330 6573 
6563 6687 6676 6996 6200 
6564 6685 6680 6686 6192 
6565 6331 7069 6224 6614 
6566 6938 7223 5952 6964 
6567 6192 6189 6188 6685 
6568 6951 7168 6356 7204 
6569 5979 7053 5975 5976 
6570 7187 7151 6510 6512 
6571 7225 6491 7224 5962 
6572 6862 6909 7272 6864 
6573 6587 6070 6588 6584 
6574 5915 6709 6711 7195 
6575 6507 6274 5971 6754 
6576 7185 7160 7140 6464 
6577 6277 7197 7019 7185 
6578 5874 6952 7210 6940 
6579 6754 5975 7053 6519 
6580 6587 6579 6586 6066 
6581 6735 5907 6904 7216 
6582 6062 6063 6066 6586 
6583 6614 6508 6615 6331 
6584 5968 6504 6505 5965 
6585 7263 321 322 7174 
6586 6607 5918 7261 6609 
6587 6516 6535 6175 6178 
6588 6664 6696 6676 6662 
6589 6180 6177 6176 6693 
6590 6671 7088 7283 6683 
6591 6118 6115 6114 6750 
6592 6529 6528 6527 6494 
6593 5967 6618 7320 6525 
6594 6693 6176 6694 6682 
6595 6653 6757 6649 6650 
6596 7189 5897 7314 6786 
6597 6601 6600 6599 6530 
6598 6906 6989 7246 6799 
6599 6950 7087 6767 6645 
6600 6702 6704 7243 5916 
6601 6897 6675 7282 5905 
6602 5974 6527 6528 5977 
6603 6954 6489 7188 5871 
6604 5955 7321 6506 6517 
6605 6812 6803 6813 6060 
6606 6058 6593 6054 6055 
6607 6200 6197 6196 6687 
6608 5977 6599 5981 5978 
6609 6676 6687 6679 6661 
6610 6504 5968 5936 5969 
6611 6060 6057 6056 6812 
6612 7000 5893 7256 6808 
6613 7231 7142 7010 6824 
6614 6616 6330 6331 6615 
6615 6773 6571 6768 7120 
6616 6694 6172 6695 6684 
6617 6593 6565 6613 6054 
6618 6679 6686 6680 7018 
6619 6274 6507 6517 6506 
6620 6641 6642 6645 6767 
6621 6737 6738 6741 6923 
6622 6482 5896 7276 6590 
6623 6812 6056 6815 7007 
6624 6166 6167 6170 6932 
6625 6196 6193 6192 6686 
6626 7195 6711 6712 7179 
6627 5958 7123 7323 6960 
6628 6977 6637 7238 6900 
6629 6575 6572 6571 6773 
6630 6428 7128 7307 6415 
6631 6830 6393 6933 7116 
6632 6749 7105 6501 7113 
6633 6750 6748 6995 6118 
6634 6837 6611 6880 5989 
6635 6695 6168 6697 6688 
6636 6394 6830 6535 6397 
6637 6056 6055 6053 6815 
6638 6709 5915 6714 7230 
6639 6923 6922 6924 6737 
6640 6201 6996 6219 6204 
6641 5970 5971 6274 5969 
6642 6566 6768 6571 6568 
6643 6074 6588 6070 6071 
6644 6923 6741 6834 7092 
6645 6759 6011 6760 6713 
6646 6051 6619 6048 6049 
6647 6745 6834 6741 6742 
6648 6553 6556 7287 7039 
6649 7174 1103 1104 5965 
6650 6815 6053 6816 6795 
6651 522 521 7181 6674 
6652 6584 6580 6579 6587 
6653 6070 6587 6066 6067 
6654 5961 1108 1109 6598 
6655 6389 6933 6393 6390 
6656 6241 6999 6869 6891 
6657 6685 6188 7109 6757 
6658 6619 6557 6699 6048 
6659 6525 509 508 5967 
6660 7050 6901 7278 6561 
6661 6516 6178 6179 6536 
6662 6814 7096 6423 7077 
6663 6697 6164 6715 6692 
6664 7087 6950 7109 6184 
6665 7021 5879 7228 6495 
6666 6068 6065 6064 6814 
6667 6619 6051 6613 6838 
6668 7239 7024 7227 5943 
6669 6999 6017 6873 6869 
6670 6809 6064 6061 6813 
6671 6863 6865 6867 7047 
6672 7075 7111 6584 6588 
6673 6172 6694 6176 6173 
6674 6758 6007 6759 6707 
6675 6903 6994 7249 6603 
6676 7051 5981 6599 6600 
6677 6809 6813 6803 6804 
6678 7075 6416 6585 7111 
6679 7096 6810 7103 6423 
6680 6007 6758 6003 6004 
6681 6426 7254 5928 6962 
6682 6682 6694 6684 7005 
6683 6926 6925 6927 6158 
6684 6017 6014 6013 6873 
6685 6099 6098 6728 6751 
6686 6175 6535 6830 6174 
6687 6760 7054 6427 7063 
6688 7204 6356 7325 6514 
6689 6592 6717 6093 6096 
6690 6015 6760 6011 6012 
6691 6492 1107 1108 5961 
6692 6837 5985 7051 6605 
6693 5968 1105 1106 5936 
6694 6382 6381 6926 6930 
6695 6425 6398 7139 7097 
6696 5974 5973 6281 6527 
6697 6745 6750 6114 6834 
6698 6119 6995 6232 6122 
6699 6718 7107 6474 7081 
6700 6872 7016 6873 6013 
6701 6755 6003 6758 7020 
6702 6688 6633 6684 6695 
6703 6051 6052 6054 6613 
6704 6538 6493 6281 6350 
6705 6332 6264 6266 6533 
6706 6168 6695 6172 6169 
6707 6160 6157 6156 6753 
6708 6816 6050 6819 6818 
6709 7221 5875 7284 6935 
6710 6932 6931 7062 6166 
6711 5965 1104 1105 5968 
6712 5981 7051 5985 5982 
6713 7047 6867 6870 7068 
6714 6731 6833 6751 6729 
6715 6064 6809 7096 6814 
6716 5944 7138 7335 6957 
6717 5937 510 509 6525 
6718 7058 6733 6734 6924 
6719 6717 7003 6949 6092 
6720 6164 6697 6168 6165 
6721 6533 6266 6271 6476 
6722 6699 6761 6762 6045 
6723 6011 6759 6007 6008 
6724 6880 6899 7084 6248 
6725 5993 5990 5989 6880 
6726 6753 6877 6715 6160 
6727 6044 6043 6782 6817 
6728 7161 5890 7337 6490 
6729 6753 6156 6756 6620 
6730 1107 6492 5936 1106 
6731 6688 6697 6692 7006 
6732 5938 210 211 6531 
6733 6003 6755 5999 6000 
6734 6565 6563 6838 6613 
6735 6013 6010 6009 6872 
6736 6979 6549 7252 5898 
6737 6050 6816 6053 6052 
6738 6817 6876 6819 6047 
6739 6795 6816 6818 6792 
6740 6540 6261 6264 6332 
6741 6188 6185 6184 7109 
6742 6045 6046 6048 6699 
6743 6731 6733 7058 6833 
6744 6757 7109 6950 6649 
6745 6094 6091 6090 6765 
6746 6100 6718 6096 6097 
6747 6163 7062 6930 6162 
6748 6765 6878 6752 6094 
6749 6615 6280 6242 6616 
6750 6872 6009 6874 6854 
6751 6766 5999 6755 6700 
6752 6160 6715 6164 6161 
6753 6557 6554 6761 6699 
6754 6927 6928 6929 6154 
6755 7053 5979 7157 6523 
6756 6531 211 212 5935 
6757 6475 7119 7081 6474 
6758 5900 7269 6597 6594 
6759 6818 6819 6876 6788 
6760 6992 7326 6436 6438 
6761 6983 5891 7290 7152 
6762 5954 6988 7309 7154 
6763 6222 6221 6217 6216 
6764 6261 6540 6314 6260 
6765 6761 6551 6763 6762 
6766 5975 5974 5977 5976 
6767 6159 6162 6930 6926 
6768 6762 6763 6764 6041 
6769 6692 6715 6877 6626 
6770 6099 6751 6833 6102 
6771 6235 6236 6261 6260 
6772 5977 5978 5979 5976 
6773 7157 5979 5978 5980 
6774 6154 6155 6158 6927 
6775 5917 7198 6610 6612 
6776 6765 6090 6770 6719 
6777 6098 6752 6725 6728 
6778 6094 6752 6098 6095 
6779 6260 6314 6333 6263 
6780 6047 6819 6050 6049 
6781 6925 6377 6928 6927 
6782 6863 7047 6241 6891 
6783 6382 6930 7062 6385 
6784 6041 6042 6045 6762 
6785 6676 6696 6219 6996 
6786 6239 6883 6766 6282 
6787 6615 6508 6453 6374 
6788 6681 6670 6672 6673 
6789 7017 6150 6151 6929 
6790 5978 5981 5982 5980 
6791 5977 6528 6530 6599 
6792 6874 6005 6875 6850 
6793 6763 6547 6769 6764 
6794 6282 6766 6700 6369 
6795 6214 6617 6216 6213 
6796 6756 6152 6827 6826 
6797 210 5938 6893 209 
6798 6453 6508 6614 6509 
6799 6152 6756 6156 6153 
6800 6039 6036 6035 6829 
6801 6870 6871 6297 7023 
6802 6558 6838 6563 6560 
6803 6754 6519 6518 6507 
6804 6096 6718 7081 6592 
6805 6788 6789 6792 6818 
6806 6260 6263 7048 6235 
6807 6202 6201 6204 6203 
6808 6996 6201 6199 6200 
6809 6043 6820 6780 6782 
6810 6039 6820 6043 6040 
6811 7212 5912 7224 6491 
6812 7034 5902 7191 6663 
6813 6493 6494 6527 6281 
6814 6850 6851 6854 6874 
6815 6764 6769 6772 6037 
6816 6620 6756 6826 6460 
6817 6103 6102 6833 7058 
6818 6783 6785 6788 6876 
6819 6922 6106 7058 6924 
6820 6772 6769 6544 6543 
6821 6843 6840 6839 6841 
6822 6551 6761 6554 6552 
6823 6085 6917 6889 6084 
6824 6147 6916 6887 6146 
6825 6039 6879 6780 6820 
6826 6212 6213 6215 6211 
6827 6037 6038 6041 6764 
6828 6547 6763 6551 6548 
6829 5986 5984 5982 5985 
6830 5972 5973 6754 5971 
6831 6511 6509 6614 6513 
6832 6621 6623 6626 6877 
6833 5984 5983 5980 5982 
6834 6928 6347 7017 6929 
6835 6615 6374 6373 6280 
6836 6147 6150 7017 6916 
6837 6442 6441 6917 7015 
6838 6005 6874 6009 6006 
6839 5989 5986 5985 6837 
6840 6949 6445 6442 7015 
6841 6452 7247 5870 6974 
6842 6347 6928 6377 6348 
6843 6086 6770 6090 6087 
6844 6829 6035 6882 6774 
6845 6752 6878 6722 6725 
6846 5988 5987 5984 5986 
6847 6839 6840 6875 6001 
6848 6696 6664 6666 6668 
6849 6148 6827 6152 6149 
6850 6033 6772 6543 6828 
6851 6616 6220 6203 7044 
6852 6606 6607 6609 6608 
6853 5990 5988 5986 5989 
6854 6205 6206 6218 6207 
6855 6001 5998 5996 6839 
6856 6770 6086 6885 6881 
6857 6033 6034 6037 6772 
6858 6840 6844 6850 6875 
6859 6826 6827 6832 6456 
6860 6827 6148 6890 6832 
6861 6917 6088 6949 7015 
6862 6295 7002 6238 7023 
6863 6211 6209 7040 6212 
6864 6883 6239 5991 5992 
6865 6286 6284 6886 6887 
6866 6344 6343 6916 7017 
6867 6213 6216 6217 6215 
6868 6039 6829 6775 6879 
6869 5991 5990 5993 5992 
6870 6001 6875 6005 6002 
6871 6822 6357 6884 7014 
6872 6281 5973 5972 6278 
6873 5992 5993 5995 5994 
6874 6368 6258 6239 6282 
6875 6082 6885 6086 6083 
6876 6207 6208 7044 6205 
6877 6995 6749 7113 6232 
6878 6144 6890 6148 6145 
6879 6821 6914 6129 6132 
6880 6828 6283 6237 6836 
6881 6143 6146 6887 6886 
6882 6081 6084 6889 6888 
6883 6282 6369 6483 6368 
6884 6865 6866 6868 6867 
6885 5996 6245 6841 6839 
6886 6837 6605 6604 6606 
6887 6025 6884 6020 6022 
6888 6283 6828 6543 6542 
6889 6000 5999 5997 5998 
6890 5994 5995 6245 5996 
6891 6242 6280 6373 6279 
6892 6670 6668 6666 6669 
6893 6797 6796 6791 6894 
6894 6730 6726 6724 6896 
6895 6840 6843 6845 6844 
6896 6660 6662 6676 6661 
6897 6286 6887 6916 6343 
6898 6289 6889 6917 6441 
6899 6658 6660 6661 6659 
6900 6291 6293 6456 6832 
6901 7050 284 285 6901 
6902 6843 6841 6842 6847 
6903 6002 6000 5998 6001 
6904 5998 5997 5994 5996 
6905 6031 6882 6035 6032 
6906 5870 215 216 6974 
6907 5956 217 218 6968 
6908 5871 219 220 6954 
6909 5943 221 222 6958 
6910 5898 289 290 6979 
6911 5879 6984 548 547 
6912 5953 6981 556 555 
6913 5891 6983 554 553 
6914 5928 299 300 6962 
6915 5916 307 308 6956 
6916 5945 309 310 6953 
6917 5950 316 317 6959 
6918 6828 6836 6030 6033 
6919 6933 6389 6931 6932 
6920 6006 6004 6002 6005 
6921 7023 6238 7068 6870 
6922 6004 6003 6000 6002 
6923 6759 6708 6706 6707 
6924 6770 6881 6435 6595 
6925 6705 6704 6702 6703 
6926 6836 6028 6029 6030 
6927 6926 6381 6378 6925 
6928 6296 6299 6774 6882 
6929 6879 6775 6776 6777 
6930 6596 6595 6597 6895 
6931 6127 6125 6229 6898 
6932 6813 6061 6059 6060 
6933 6878 6720 6721 6722 
6934 6888 6079 6080 6081 
6935 6995 6119 6117 6118 
6936 6886 6141 6142 6143 
6937 6830 6394 6392 6393 
6938 6881 6290 6434 6435 
6939 6926 6158 6157 6159 
6940 6915 6132 6131 6133 
6941 6717 6092 6091 6093 
6942 6897 6632 6631 6675 
6943 6826 6456 6455 6457 
6944 6995 6748 6746 6749 
6945 6008 6007 6004 6006 
6946 6239 6258 6337 6249 
6947 6889 6289 6288 6287 
6948 6850 6846 6852 6851 
6949 6010 6008 6006 6009 
6950 6854 6853 6856 6855 
6951 6871 6870 6867 6868 
6952 6014 6012 6010 6013 
6953 6012 6011 6008 6010 
6954 6198 6197 6200 6199 
6955 6656 6657 6667 6658 
6956 7014 6253 7037 6822 
6957 6855 6856 6858 6857 
6958 6708 6710 6711 6709 
6959 6196 6197 6198 6195 
6960 6129 6914 6233 6128 
6961 6016 6015 6012 6014 
6962 6018 6016 6014 6017 
6963 6880 6248 5995 5993 
6964 6020 6019 6016 6018 
6965 6832 6890 6231 6291 
6966 6865 6863 6862 6864 
6967 6024 6022 6021 6023 
6968 6022 6020 6018 6021 
6969 6915 7045 6320 7041 
6970 6032 6030 6029 6031 
6971 6905 6778 6777 6776 
6972 6036 6034 6032 6035 
6973 6783 6784 6786 6785 
6974 6894 6791 6790 6793 
6975 6044 6042 6040 6043 
6976 6896 6724 6723 6727 
6977 6731 6732 6934 6733 
6978 6040 6038 6036 6039 
6979 6435 6594 6597 6595 
6980 6623 6624 6935 6625 
6981 6457 6458 6466 6459 
6982 6621 6622 6624 6623 
6983 6654 6655 6657 6656 
6984 6083 6081 6080 6082 
6985 6110 6107 6106 6922 
6986 6145 6143 6142 6144 
6987 6558 6555 6554 6557 
6988 6782 6781 6784 6783 
6989 6768 6566 6565 6593 
6990 6838 6558 6557 6619 
6991 6580 6576 6575 6579 
6992 6566 6564 6563 6565 
6993 6817 6047 6046 6044 
6994 6376 6377 6925 6378 
6995 7062 6931 6386 6385 
6996 6291 6292 6454 6293 
6997 6019 6020 6884 6228 
6998 6803 6802 6805 6804 
6999 6058 6057 6060 6059 
7000 6934 6735 6734 6733 
7001 6737 6736 6739 6738 
7002 6744 6742 6740 6743 
7003 6629 6627 6625 6628 
7004 6719 6596 6721 6720 
7005 6731 6729 6726 6730 
7006 6645 6644 6647 6646 
7007 6920 6655 6654 6652 
7008 6065 6063 6061 6064 
7009 6620 6460 6622 6621 
7010 6636 6634 6632 6635 
7011 6641 6640 6643 6642 
7012 6073 6071 6069 6072 
7013 6069 6067 6065 6068 
7014 6087 6085 6083 6086 
7015 6088 6087 6090 6089 
7016 6095 6093 6091 6094 
7017 6099 6097 6095 6098 
7018 6103 6101 6099 6102 
7019 7058 6106 6105 6103 
7020 6108 6107 6110 6109 
7021 6115 6113 6111 6114 
7022 6116 6115 6118 6117 
7023 6123 6121 6119 6122 
7024 6135 6133 6131 6134 
7025 6149 6147 6145 6148 
7026 6153 6151 6149 6152 
7027 6154 6153 6156 6155 
7028 6553 6552 6554 6556 
7029 6161 6159 6157 6160 
7030 6165 6163 6161 6164 
7031 6166 6165 6168 6167 
7032 6173 6171 6169 6172 
7033 6177 6175 6173 6176 
7034 6181 6179 6177 6180 
7035 6185 6183 6181 6184 
7036 6189 6187 6185 6188 
7037 6193 6191 6189 6192 
7038 6194 6193 6196 6195 
7039 6128 6127 6130 6129 
7040 6576 6574 6572 6575 
7041 6443 6442 6445 6444 
7042 6564 6562 6560 6563 
7043 6572 6570 6568 6571 
7044 7017 6347 6346 6344 
7045 6375 6348 6377 6376 
7046 6382 6380 6378 6381 
7047 6383 6382 6385 6384 
7048 6931 6389 6388 6386 
7049 6391 6390 6393 6392 
7050 6395 6394 6397 6396 
7051 6439 6289 6441 6440 
7052 6552 6550 6548 6551 
7053 6026 6025 6022 6024 
7054 6769 6547 6546 6544 
7055 6325 6286 6343 6326 
7056 6852 6853 6854 6851 
7057 6322 6294 6821 6349 
7058 265 266 5887 6910 
7059 6028 6027 6025 6026 
7060 6836 6237 6027 6028 
7061 6034 6033 6030 6032 
7062 6283 6542 6541 6937 
7063 6543 6544 6545 6542 
7064 6038 6037 6034 6036 
7065 6547 6548 6549 6546 
7066 6042 6041 6038 6040 
7067 6047 6049 6048 6046 
7068 6560 6559 6555 6558 
7069 6046 6045 6042 6044 
7070 6397 6398 6425 6396 
7071 6050 6052 6051 6049 
7072 6582 6581 6576 6580 
7073 6389 6390 6391 6388 
7074 6385 6386 6387 6384 
7075 6380 6379 6376 6378 
7076 6347 6348 6375 6346 
7077 6343 6344 6345 6326 
7078 6449 6450 6892 6448 
7079 6053 6055 6054 6052 
7080 6445 6446 6447 6444 
7081 6441 6442 6443 6440 
7082 6056 6057 6058 6055 
7083 6147 6146 6143 6145 
7084 6124 6125 6126 6123 
7085 6187 6186 6183 6185 
7086 6183 6182 6179 6181 
7087 6179 6178 6175 6177 
7088 6175 6174 6171 6173 
7089 6168 6169 6170 6167 
7090 6067 6066 6063 6065 
7091 6085 6084 6081 6083 
7092 7062 6163 6165 6166 
7093 6163 6162 6159 6161 
7094 6156 6157 6158 6155 
7095 6929 6151 6153 6154 
7096 6151 6150 6147 6149 
7097 6063 6062 6059 6061 
7098 6138 6139 6140 6137 
7099 6137 6136 6133 6135 
7100 6075 6074 6071 6073 
7101 6130 6131 6132 6129 
7102 6071 6070 6067 6069 
7103 6121 6120 6117 6119 
7104 6113 6112 6109 6111 
7105 6079 6078 6075 6077 
7106 6106 6107 6108 6105 
7107 6105 6104 6101 6103 
7108 6101 6100 6097 6099 
7109 6097 6096 6093 6095 
7110 6090 6091 6092 6089 
7111 6917 6085 6087 6088 
7112 6637 6638 6639 6636 
7113 6630 6675 6631 6629 
7114 6627 6626 6623 6625 
7115 6651 6652 6653 6650 
7116 6650 6649 6646 6648 
7117 6643 6644 6645 6642 
7118 6454 6455 6456 6293 
7119 6723 6724 6725 6722 
7120 6826 6457 6459 6460 
7121 6879 6777 6779 6780 
7122 6746 6745 6742 6744 
7123 6742 6741 6738 6740 
7124 6924 6734 6736 6737 
7125 6789 6788 6785 6787 
7126 6805 6806 6809 6804 
7127 6790 6791 6792 6789 
7128 6861 6860 6857 6859 
7129 6436 6437 6774 6299 
7130 6566 6568 6569 6567 
7131 6572 6574 6578 6573 
7132 6446 6448 6451 6447 
7133 6601 6602 7051 6600 
7134 6139 6141 6226 6140 
7135 6125 6127 6128 6126 
7136 6888 6234 6078 6079 
7137 6252 6228 6884 6357 
7138 6759 6713 6710 6708 
7139 6652 6654 6680 6653 
7140 6638 6640 6641 6639 
7141 6634 6633 6631 6632 
7142 6724 6726 6728 6725 
7143 6877 6753 6620 6621 
7144 6770 6595 6596 6719 
7145 6726 6729 6751 6728 
7146 6800 6802 6803 6801 
7147 6878 6765 6719 6720 
7148 6791 6796 6795 6792 
7149 6779 6781 6782 6780 
7150 6876 6817 6782 6783 
7151 6284 6286 6325 6285 
7152 7049 6480 6322 6349 
7153 6437 6775 6829 6774 
7154 6243 6275 6434 6290 
7155 6881 6885 6243 6290 
7156 6862 6863 6891 6861 
7157 6889 6287 6234 6888 
7158 6141 6886 6284 6226 
7159 6821 6294 6233 6914 
7160 6891 6869 6860 6861 
7161 6706 6705 6703 6707 
7162 6845 6846 6850 6844 
7163 7020 6701 6700 6755 
7164 6701 6484 6369 6700 
7165 6662 6660 7034 6663 
7166 6226 6284 6285 6246 
7167 6028 6026 7002 6029 
7168 6658 6659 7018 6656 
7169 6448 6446 7003 6449 
7170 6120 6121 7004 6300 
7171 6633 6634 7005 6684 
7172 6626 6627 7006 6692 
7173 6795 6796 7007 6815 
7174 6800 6801 7007 6798 
7175 6802 7000 6808 6805 
7176 6854 6855 7016 6872 
7177 6964 5952 240 241 
7178 6532 5886 541 540 
7179 6960 603 602 5958 
7180 6955 5873 226 227 
7181 6905 5899 592 591 
7182 6963 5957 236 237 
7183 5881 528 527 6907 
7184 6811 577 576 5921 
7185 6989 580 579 5893 
7186 5905 531 530 6900 
7187 6902 5906 550 549 
7188 6952 5874 230 231 
7189 6970 5949 252 253 
7190 6674 5872 523 522 
7191 6985 557 556 5894 
7192 6969 5951 256 257 
7193 6901 285 286 5924 
7194 6961 5940 228 229 
7195 6957 5887 266 267 
7196 6971 5884 222 223 
7197 6612 610 609 5917 
7198 5907 559 558 6904 
7199 6965 5880 250 251 
7200 6967 5878 242 243 
7201 6975 5946 224 225 
7202 6978 5882 254 255 
7203 5903 525 524 6912 
7204 6977 529 528 5881 
7205 6988 605 604 5930 
7206 6980 5876 238 239 
7207 6973 601 600 5913 
7208 6986 526 525 5903 
7209 5885 562 561 6911 
7210 6908 295 296 5927 
7211 6987 5910 261 262 
7212 5923 582 581 6906 
7213 5913 600 599 6909 
7214 5999 6766 6883 5997 
7215 217 5956 6974 216 
7216 219 5871 6968 218 
7217 221 5943 6954 220 
7218 268 269 6990 5944 
7219 223 224 5946 6971 
7220 225 226 5873 6975 
7221 251 252 5949 6965 
7222 262 263 5939 6987 
7223 227 228 5940 6955 
7224 237 238 5876 6963 
7225 229 230 5874 6961 
7226 241 242 5878 6964 
7227 557 6985 6904 558 
7228 291 5947 6979 290 
7229 239 240 5952 6980 
7230 526 6986 6907 527 
7231 555 554 6983 5953 
7232 267 268 5944 6957 
7233 549 548 6984 6902 
7234 257 258 5883 6969 
7235 243 244 5948 6967 
7236 231 232 5941 6952 
7237 253 254 5882 6970 
7238 255 256 5951 6978 
7239 529 6977 6900 530 
7240 273 274 6993 5919 
7241 523 6982 6912 524 
7242 301 5942 6962 300 
7243 601 6973 5958 602 
7244 580 6989 6906 581 
7245 603 6960 5930 604 
7246 605 6988 5954 606 
7247 309 5945 6956 308 
7248 311 5931 6953 310 
7249 6208 6207 7040 6209 
7250 6837 6606 6608 6611 
7251 318 5929 6959 317 
7252 6670 6671 6683 6672 
7253 6882 6031 6295 6296 
7254 6616 7044 6208 6330 
7255 6885 6082 6230 6243 
7256 6890 6144 6223 6231 
7257 5888 6990 269 270 
7258 6299 6296 6297 6298 
7259 6283 6254 6253 6237 
7260 6382 6383 6945 6380 
7261 6291 6231 6247 6256 
7262 6287 6272 6240 6234 
7263 6767 6693 6682 6641 
7264 6609 6610 6899 6608 
7265 6294 6257 6244 6233 
7266 6386 6388 6941 6387 
7267 6344 6346 6946 6345 
7268 6662 6663 6665 6664 
7269 6021 6018 6017 6999 
7270 6622 6460 6459 7001 
7271 6949 7003 6446 6445 
7272 6238 7002 6026 6024 
7273 6880 6611 6608 6899 
7274 6126 7004 6121 6123 
7275 6631 7006 6627 6629 
7276 6639 7005 6634 6636 
7277 6797 6798 7007 6796 
7278 6383 6384 6387 6943 
7279 6999 6241 6023 6021 
7280 7002 6295 6031 6029 
7281 6299 6298 6438 6436 
7282 6806 6805 6808 6807 
7283 6691 6624 6622 6690 
7284 6123 6122 6232 6124 
7285 7003 6717 6592 6449 
7286 6773 6586 6579 6575 
7287 6179 6182 7117 6536 
7288 6398 6397 6535 6516 
7289 6860 7016 6855 6857 
7290 6822 6823 6824 6357 
7291 6541 6542 6545 6936 
7292 6283 6937 6417 6254 
7293 7244 6939 6396 6425 
7294 6394 6395 6940 6392 
7295 6104 6105 6108 6948 
7296 6088 6089 6092 6949 
7297 5960 6589 6322 6480 
7298 6289 6439 6716 6288 
7299 6246 7030 6140 6226 
7300 6645 6646 6649 6950 
7301 7004 6126 6128 6225 
7302 6302 6301 6120 6300 
7303 6757 6653 6680 6685 
7304 7005 6639 6641 6682 
7305 7006 6631 6633 6688 
7306 6746 6748 6750 6745 
7307 7007 6801 6803 6812 
7308 6133 6136 7045 6915 
7309 6509 6511 6512 6510 
7310 6075 6076 7028 6077 
7311 7023 6297 6296 6295 
7312 7222 6327 7291 6966 
7313 7016 6860 6869 6873 
7314 6871 6997 6298 6297 
7315 6275 6243 6230 6255 
7316 6228 6252 6418 6250 
7317 6680 6654 6656 7018 
7318 6503 6275 6255 6998 
7319 6616 6242 6227 6220 
7320 6128 6233 6244 6225 
7321 6327 6303 6301 6302 
7322 6244 6257 7011 6318 
7323 6240 6272 7013 6273 
7324 6225 7025 6300 7004 
7325 5992 5994 5997 6883 
7326 6702 6701 7020 6703 
7327 6225 6244 7036 7025 
7328 6247 7009 7008 6256 
7329 6300 7025 7036 6302 
7330 5920 615 614 6903 
7331 6291 6256 7008 6292 
7332 6204 6205 7044 6203 
7333 6604 6605 7051 6602 
7334 6131 6921 7065 6134 
7335 593 592 5899 6992 
7336 594 5909 6991 595 
7337 6482 7049 7041 6320 
7338 6664 6665 6835 6666 
7339 6943 6944 6945 6383 
7340 289 5898 7039 288 
7341 6903 614 613 6994 
7342 6248 7026 6245 5995 
7343 6586 6773 7120 6062 
7344 6294 6322 7011 6257 
7345 6259 6246 6285 7012 
7346 6287 6288 7013 6272 
7347 6884 6025 6027 7014 
7348 6667 7034 6660 6658 
7349 6082 6080 7028 6230 
7350 6144 6142 7029 6223 
7351 6481 6319 6311 6259 
7352 6428 6415 6313 6273 
7353 6479 6306 6307 6490 
7354 6407 6309 6310 6495 
7355 6228 6250 7033 6019 
7356 6591 6482 6320 6319 
7357 6234 6240 7032 6078 
7358 6216 6617 7059 6222 
7359 6305 6306 6998 6255 
7360 6308 6309 7009 6247 
7361 7018 6659 6661 6679 
7362 6941 6942 6943 6387 
7363 6325 6433 7012 6285 
7364 6252 6357 6824 7010 
7365 6237 6253 7014 6027 
7366 6079 6077 7028 6080 
7367 6141 6139 7029 6142 
7368 6231 6223 6308 6247 
7369 6246 6259 6311 7030 
7370 6323 6312 6301 6303 
7371 6136 6137 6140 7030 
7372 6116 6117 6120 7031 
7373 6074 6075 6078 7032 
7374 6015 6016 6019 7033 
7375 612 5918 6994 613 
7376 6496 6497 6499 6498 
7377 6475 6474 6473 6472 
7378 6424 6420 6372 6421 
7379 6363 6365 6497 6496 
7380 6467 6432 6431 6430 
7381 6429 6367 6366 6342 
7382 6341 6324 6312 6323 
7383 6431 6367 6429 6430 
7384 6360 6321 6358 6359 
7385 6420 6370 6371 6372 
7386 6471 6468 6469 6470 
7387 6703 7020 6758 6707 
7388 6410 6409 6408 6406 
7389 7141 6470 7328 5910 
7390 6255 6230 7028 6305 
7391 6408 6404 6405 6406 
7392 6405 6404 6403 6402 
7393 6711 6710 7063 6712 
7394 6418 6419 7033 6250 
7395 6120 6301 6312 7031 
7396 6273 6313 7032 6240 
7397 7027 6402 6400 6401 
7398 6310 6321 7021 6495 
7399 6401 6400 6399 6329 
7400 6222 6235 7048 6221 
7401 5990 5991 7035 5988 
7402 6841 6245 7026 6842 
7403 6485 6340 6338 6339 
7404 6253 6254 6417 7037 
7405 6848 6842 7026 6849 
7406 6399 6317 6328 6329 
7407 6919 7241 6907 6986 
7408 6771 5983 5984 7078 
7409 6821 7041 7049 6349 
7410 6566 6567 7038 6564 
7411 5974 5975 6754 5973 
7412 6132 6915 7041 6821 
7413 6342 6366 7046 6324 
7414 6321 6310 7043 6358 
7415 6370 6307 7042 6371 
7416 6139 6138 7043 7029 
7417 6203 6220 6227 6202 
7418 6371 7042 6076 7055 
7419 6358 7043 6138 7056 
7420 6239 6249 7035 5991 
7421 7031 7046 7057 6116 
7422 6279 6251 6227 6242 
7423 6223 7029 7043 6308 
7424 6076 7042 6305 7028 
7425 6136 7030 6311 7045 
7426 6328 6317 6315 6316 
7427 6306 6305 7042 6307 
7428 6309 6308 7043 6310 
7429 6319 6320 7045 6311 
7430 7031 6312 6324 7046 
7431 6318 7011 7288 7135 
7432 6205 6204 6219 6206 
7433 5969 5936 6492 5970 
7434 6698 6488 6487 6486 
7435 6693 6767 7087 6180 
7436 7047 7068 6023 6241 
7437 7080 6893 5938 7226 
7438 6760 6015 7033 7054 
7439 284 7050 5895 283 
7440 6421 6372 7066 6422 
7441 6993 6583 6585 7302 
7442 6337 6338 7035 6249 
7443 6316 6315 6227 6251 
7444 6898 6229 7101 7093 
7445 5988 7035 7052 5987 
7446 6485 6486 6487 6340 
7447 5884 7201 7027 7336 
7448 6075 6073 7055 6076 
7449 6137 6135 7056 6138 
7450 6115 6116 7057 6113 
7451 6127 6898 7083 6130 
7452 6211 6215 6224 7069 
7453 6427 7054 7033 6419 
7454 6209 6210 6330 6208 
7455 6113 7057 7067 6112 
7456 6518 6519 7053 6520 
7457 6264 6261 6236 6262 
7458 6422 7066 6072 7071 
7459 6834 6114 6111 7092 
7460 6135 6134 7065 7056 
7461 6073 6072 7066 7055 
7462 6363 6361 7074 6364 
7463 568 5900 7091 569 
7464 6922 6923 7092 6110 
7465 6431 7072 6112 7067 
7466 6335 6334 6263 6333 
7467 6760 7063 6710 6713 
7468 6292 6461 7301 6454 
7469 6330 6210 7069 6331 
7470 6213 6212 6304 6214 
7471 6588 6074 7032 7075 
7472 6938 6964 5878 7193 
7473 6209 6211 7069 6210 
7474 6462 6314 6540 7202 
7475 6199 7061 7082 6198 
7476 7095 7086 6468 6471 
7477 7089 7082 6317 6399 
7478 6189 6191 7099 6190 
7479 6431 7067 6366 6367 
7480 6723 7279 5914 7127 
7481 6398 6516 6536 7139 
7482 6364 7074 6921 7083 
7483 6583 6582 7111 6585 
7484 6024 6023 7068 6238 
7485 6201 6202 7061 6199 
7486 7046 6366 7067 7057 
7487 7078 7052 6340 6487 
7488 6359 6358 7056 7065 
7489 6372 6371 7055 7066 
7490 6522 6520 7053 6523 
7491 6402 6403 7094 6400 
7492 6951 6224 6215 6217 
7493 6068 7071 6072 6069 
7494 6108 6109 6112 7072 
7495 6340 7052 7035 6338 
7496 6814 7077 7071 6068 
7497 6921 7074 6359 7065 
7498 6830 7116 6171 6174 
7499 6499 6497 7101 6500 
7500 6476 6271 6478 6477 
7501 6202 6227 6315 7061 
7502 6422 6423 7103 6421 
7503 7143 7155 6617 6214 
7504 6235 6222 7059 6236 
7505 6360 6359 7074 6361 
7506 6416 7075 7032 6313 
7507 6411 6412 7112 6409 
7508 6449 6592 7081 6450 
7509 6406 6405 7201 6972 
7510 6403 7099 6194 7094 
7511 7052 7078 5984 5987 
7512 6131 6130 7083 6921 
7513 7269 7147 6895 6597 
7514 6195 7089 7094 6194 
7515 6248 7084 6849 7026 
7516 6472 6473 7095 6471 
7517 6266 6264 6262 6265 
7518 6408 7108 6190 6404 
7519 7133 575 574 7124 
7520 7061 6315 6317 7082 
7521 6431 6432 7086 6948 
7522 6269 6276 6464 6463 
7523 6500 7101 6229 7106 
7524 6180 7087 6184 6181 
7525 5959 570 569 7091 
7526 6351 6336 6334 6335 
7527 6108 7072 6431 6948 
7528 6467 6468 7086 6432 
7529 6794 6784 6781 7090 
7530 6412 7115 6186 7112 
7531 6973 5913 7253 6858 
7532 6423 6422 7071 7077 
7533 6985 7170 6739 7317 
7534 7082 7089 6195 6198 
7535 6652 6651 7165 6920 
7536 6109 6110 7092 6111 
7537 6943 6942 7240 5889 
7538 6567 6577 7292 7038 
7539 5877 516 515 7088 
7540 270 271 7128 5888 
7541 6276 6269 6268 6270 
7542 6718 6100 7102 7107 
7543 6271 6266 6265 6267 
7544 7086 7095 6104 6948 
7545 6810 7096 6809 6806 
7546 6363 6364 7093 6365 
7547 6473 7102 6104 7095 
7548 5961 7118 5970 6492 
7549 6910 7308 6447 6451 
7550 542 541 5886 7098 
7551 6193 6194 7099 6191 
7552 6124 6232 7113 7106 
7553 5875 534 533 7104 
7554 6100 6101 6104 7102 
7555 6187 7108 7112 6186 
7556 7080 5966 7297 6893 
7557 7093 7101 6497 6365 
7558 6898 7093 6364 7083 
7559 6528 6529 7121 6530 
7560 6749 6746 6747 7105 
7561 6125 6124 7106 6229 
7562 7160 512 511 7140 
7563 6269 6267 6265 6268 
7564 6400 7094 7089 6399 
7565 6554 6555 7110 6556 
7566 6189 6190 7108 6187 
7567 7231 297 298 7142 
7568 7085 6355 6353 6352 
7569 6580 6584 7111 6582 
7570 6463 7073 6267 6269 
7571 1094 7064 5869 1095 
7572 6332 7196 7202 6540 
7573 6932 6170 7116 6933 
7574 6351 6352 6353 6336 
7575 7019 6683 7283 5908 
7576 7187 213 214 7151 
7577 5929 6521 7233 6959 
7578 274 275 7144 6993 
7579 6593 6058 7120 6768 
7580 6169 6171 7116 6170 
7581 6182 6183 6186 7115 
7582 7129 608 607 7145 
7583 6980 7329 6946 7194 
7584 5971 5970 7118 5972 
7585 6267 7073 6478 6271 
7586 6062 7120 6058 6059 
7587 7119 7070 7280 6892 
7588 6411 6413 7117 6412 
7589 6190 7099 6403 6404 
7590 7269 567 566 7147 
7591 6281 6278 6539 6350 
7592 6474 7107 7102 6473 
7593 570 5959 7148 571 
7594 6480 6590 7276 5960 
7595 263 264 7150 5939 
7596 6578 6574 6576 7122 
7597 7048 7130 7168 6221 
7598 258 259 7153 5883 
7599 6501 6500 7106 7113 
7600 5897 585 584 7131 
7601 6577 7158 280 281 
7602 6943 5889 7234 6944 
7603 573 5890 7124 574 
7604 6409 7112 7108 6408 
7605 5972 7118 6539 6278 
7606 7063 6427 7229 6712 
7607 591 590 7164 6905 
7608 544 543 7167 5901 
7609 6892 6450 7081 7119 
7610 564 7127 5914 565 
7611 6969 5883 7312 7136 
7612 6512 6511 7204 6514 
7613 6482 6591 7199 5896 
7614 6182 7115 6412 7117 
7615 608 7129 5917 609 
7616 6825 6673 6672 7197 
7617 6335 6491 7225 6351 
7618 1099 7079 5963 1100 
7619 6236 7059 7114 6262 
7620 552 551 7259 7132 
7621 1098 5933 7079 1099 
7622 6314 6462 7212 6333 
7623 6452 6974 5956 7235 
7624 6536 7117 6413 7139 
7625 248 249 7175 5960 
7626 6971 5946 7173 6972 
7627 6268 6265 6262 7114 
7628 6530 7121 7258 6601 
7629 6978 7137 6341 7295 
7630 6499 7290 5891 7132 
7631 553 552 7132 5891 
7632 5901 7182 6407 6515 
7633 6735 6934 7218 5907 
7634 7021 7236 6984 5879 
7635 6865 6864 7272 5911 
7636 6493 5934 7203 6494 
7637 6466 6458 7177 6532 
7638 5921 576 575 7133 
7639 510 5937 7140 511 
7640 6376 6379 7183 6947 
7641 6313 6415 7134 6416 
7642 6966 7135 5880 6965 
7643 6630 7104 7282 6675 
7644 7110 5924 7287 6556 
7645 6217 6221 7168 6951 
7646 6426 6962 5942 7229 
7647 6486 5932 7206 6698 
7648 6263 6334 7130 7048 
7649 6677 7191 519 518 
7650 1089 7126 5962 1090 
7651 6520 6521 7267 6518 
7652 320 5955 7149 319 
7653 6794 587 586 7189 
7654 5953 7285 6747 7146 
7655 6376 6947 7194 6375 
7656 1100 5963 7076 1101 
7657 7179 302 303 7195 
7658 6822 7037 7207 6823 
7659 209 6893 7297 208 
7660 6259 7012 7156 6481 
7661 6258 6831 7213 6337 
7662 6324 6341 7137 6342 
7663 6471 6470 7141 6472 
7664 6488 6524 7157 6771 
7665 244 245 7199 5948 
7666 5931 6502 6339 7213 
7667 6392 6940 7210 6391 
7668 6665 6677 7275 6835 
7669 299 5928 7142 298 
7670 316 5950 7206 315 
7671 6489 6954 5943 7227 
7672 6369 6484 7215 6483 
7673 6947 5876 6980 7194 
7674 5892 7144 275 276 
7675 6522 6523 7157 6524 
7676 6977 7214 6638 6637 
7677 6560 6561 7278 6559 
7678 7100 6598 1109 7298 
7679 6997 7178 5909 7306 
7680 6353 7130 6334 6336 
7681 6702 5916 6956 7215 
7682 606 5954 7145 607 
7683 5921 7219 6807 6811 
7684 314 5932 7217 313 
7685 5874 6940 6395 7220 
7686 6990 5888 7271 6716 
7687 6691 536 535 7221 
7688 559 5907 7218 560 
7689 6529 6537 7332 7121 
7690 5945 7180 6368 6483 
7691 6899 6610 7198 7084 
7692 7022 7222 5949 6970 
7693 6708 6709 7230 6706 
7694 547 546 7228 5879 
7695 6541 6936 7265 5925 
7696 7202 7064 7211 6462 
7697 6723 7127 7248 6727 
7698 6469 7153 7328 6470 
7699 7080 7126 1089 5966 
7700 6316 6489 7227 6328 
7701 6602 6603 7249 6604 
7702 6624 6691 7221 6935 
7703 6499 7132 7259 6498 
7704 6979 7232 6546 6549 
7705 5929 318 319 7149 
7706 6781 6779 7281 7090 
7707 6865 5911 7255 6866 
7708 513 5908 7283 514 
7709 6746 6744 7146 6747 
7710 6303 6327 7222 7022 
7711 6520 6522 7233 6521 
7712 6414 7097 7139 6413 
7713 234 235 7234 5889 
7714 6361 6362 7236 6360 
7715 565 5914 7147 566 
7716 6268 7114 7155 6270 
7717 6636 6635 7238 6637 
7718 6640 6918 7241 6643 
7719 6691 7245 537 536 
7720 7275 5877 7264 6835 
7721 307 5916 7243 306 
7722 7200 6825 7197 6277 
7723 6910 7150 264 265 
7724 232 233 7240 5941 
7725 6798 6799 7246 6800 
7726 7125 7242 5873 6955 
7727 6541 5925 7266 6937 
7728 6252 7010 7254 6418 
7729 562 5885 7248 563 
7730 6857 6858 7253 6859 
7731 6919 6986 5903 7250 
7732 6548 6550 7252 6549 
7733 595 6991 7255 596 
7734 6276 6270 7200 6277 
7735 6578 7122 5892 7299 
7736 215 5870 7151 214 
7737 6973 6858 6856 7260 
7738 295 6908 7266 294 
7739 6302 7036 7291 6327 
7740 6509 6510 7247 6453 
7741 293 5925 7265 292 
7742 512 7160 5908 513 
7743 6279 6373 7235 6465 
7744 6810 7219 7304 7103 
7745 7134 6415 7307 5919 
7746 5885 7192 6730 6896 
7747 7125 6955 5940 7244 
7748 6794 7277 588 587 
7749 6596 6895 7279 6721 
7750 6677 518 517 7275 
7751 6678 6681 7318 6218 
7752 6572 6573 7330 6570 
7753 6646 6647 7327 6648 
7754 597 5911 7272 598 
7755 6625 6935 7284 6628 
7756 6622 7001 7300 6690 
7757 6577 281 282 7292 
7758 6567 6569 7158 6577 
7759 6843 7154 7309 6845 
7760 246 247 7276 5896 
7761 279 280 7158 5922 
7762 6288 6716 7271 7013 
7763 6785 6786 7314 6787 
7764 620 5964 7100 621 
7765 531 5905 7282 532 
7766 6578 7299 277 278 
7767 582 5923 7286 583 
7768 1095 5869 7205 1096 
7769 610 6612 7261 611 
7770 6307 6370 7161 6490 
7771 6413 6411 7324 6414 
7772 5959 6503 6998 7303 
7773 288 7039 7287 287 
7774 6537 617 616 7332 
7775 7085 6531 5935 7169 
7776 6212 7040 7318 6304 
7777 5904 7162 539 538 
7778 6666 6835 7264 6669 
7779 7119 6475 7268 7070 
7780 6463 6464 7140 7311 
7781 5939 7070 7268 6987 
7782 5904 7245 6691 6690 
7783 5926 7164 590 589 
7784 6316 6251 7188 6489 
7785 7263 7174 5965 6505 
7786 6913 6912 6982 7165 
7787 7098 7167 543 542 
7788 6617 7155 7114 7059 
7789 1092 5912 7211 1093 
7790 619 618 7203 5934 
7791 6849 7322 7129 6848 
7792 6493 6538 7316 5934 
7793 6784 6794 7189 6786 
7794 6990 6716 6439 7273 
7795 6673 6689 7318 6681 
7796 7208 6476 6477 7251 
7797 6258 6368 7180 6831 
7798 5906 7209 6363 6496 
7799 6576 6581 7274 7122 
7800 278 7172 6573 6578 
7801 6479 6490 7337 7148 
7802 6339 6502 7217 6485 
7803 577 6811 7256 578 
7804 6790 7131 7286 6793 
7805 6794 7090 5926 7277 
7806 7324 6976 7242 6414 
7807 7105 6747 7285 7152 
7808 6738 6739 7170 6740 
7809 6420 6424 7124 7296 
7810 6976 7173 5946 6975 
7811 1090 5962 7224 1091 
7812 6674 6657 6655 7171 
7813 278 279 5922 7172 
7814 7130 6353 6356 7168 
7815 5880 7175 249 250 
7816 6476 7208 6534 6533 
7817 6798 6797 7237 6799 
7818 6279 6465 7188 6251 
7819 6610 6609 7261 6612 
7820 6303 7022 7176 6323 
7821 6945 5957 6963 7183 
7822 6457 6455 7177 6458 
7823 6868 6991 5909 7178 
7824 6997 6871 6868 7178 
7825 6481 7156 5948 7315 
7826 5902 7181 521 520 
7827 6831 7180 5945 6953 
7828 302 7179 5942 301 
7829 6731 6730 7192 6732 
7830 6657 6674 7181 6667 
7831 271 272 7307 7128 
7832 6602 6601 7258 6603 
7833 6665 6663 7191 6677 
7834 6380 6945 7183 6379 
7835 7009 7182 7313 7008 
7836 508 7294 7076 5967 
7837 6435 6434 7257 6594 
7838 5897 7131 6790 7314 
7839 6309 6407 7182 7009 
7840 7012 6433 7331 7156 
7841 213 7187 5935 212 
7842 6533 6534 7196 6332 
7843 5933 1098 1097 7184 
7844 6853 6852 7323 7123 
7845 7060 7333 5961 6598 
7846 7327 6647 7250 6913 
7847 7000 7246 6989 5893 
7848 6430 7136 7312 6467 
7849 6992 7186 594 593 
7850 6361 6363 7209 6362 
7851 6842 6848 7310 6847 
7852 6807 6808 7256 6811 
7853 6465 6968 5871 7188 
7854 6941 7210 6952 5941 
7855 6538 5964 620 7316 
7856 6277 7185 6464 6276 
7857 585 5897 7189 586 
7858 520 519 7191 5902 
7859 6732 7192 5885 6911 
7860 6775 6437 7190 6776 
7861 6939 6961 5874 7220 
7862 7332 5920 7258 7121 
7863 6564 7038 7262 6562 
7864 571 7148 7337 572 
7865 6683 7019 7197 6672 
7866 6326 6938 7193 6325 
7867 5884 6971 6972 7201 
7868 5948 7156 7331 6967 
7869 6525 7320 7163 5937 
7870 7292 5895 7262 7038 
7871 6569 7330 5922 7158 
7872 6744 6743 7319 7146 
7873 6346 6375 7194 6946 
7874 508 17 1102 7294 
7875 6529 6494 7203 6537 
7876 304 5915 7195 303 
7877 6477 6478 7320 6618 
7878 259 260 7328 7153 
7879 208 7297 1088 8 
7880 6440 6443 7335 7138 
7881 6951 7204 6511 6513 
7882 6918 7214 6977 5881 
7883 5896 7199 245 246 
7884 6705 6714 7243 6704 
7885 6421 7103 7304 6424 
7886 5875 7104 6630 7284 
7887 6920 7165 6982 7334 
7888 6823 7207 6908 5927 
7889 6402 7027 7201 6405 
7890 6607 7249 6994 5918 
7891 5967 7305 7270 6618 
7892 5932 314 315 7206 
7893 7184 1097 1096 7205 
7894 6342 7137 7293 6429 
7895 6491 6335 6333 7212 
7896 6537 7203 618 617 
7897 6407 6495 7228 6515 
7898 6644 6919 7250 6647 
7899 6362 7209 5906 6902 
7900 1109 18 622 7298 
7901 6388 6391 7210 6941 
7902 6908 7207 7037 6417 
7903 7064 1094 1093 7211 
7904 6897 5905 6900 7238 
7905 6338 6337 7213 6339 
7906 5923 7237 6797 6894 
7907 7097 6414 7242 7125 
7908 6701 6702 7215 6484 
7909 6640 6638 7214 6918 
7910 7124 6424 7304 7133 
7911 6734 6735 7216 6736 
7912 6430 6429 7293 7136 
7913 6352 6351 7225 6354 
7914 6740 7170 7319 6743 
7915 6618 7270 7251 6477 
7916 6502 312 313 7217 
7917 7118 5961 7333 6539 
7918 7196 5869 7064 7202 
7919 6806 6807 7219 6810 
7920 7225 7080 7226 6354 
7921 6911 561 560 7218 
7922 6524 6526 7233 6522 
7923 6396 6939 7220 6395 
7924 5912 1092 1091 7224 
7925 6560 6562 7262 6561 
7926 6326 6345 7223 6938 
7927 534 5875 7221 535 
7928 6965 5949 7222 6966 
7929 6329 6328 7227 7024 
7930 7129 7145 7310 6848 
7931 5898 7252 6553 7039 
7932 6901 5924 7110 7278 
7933 6515 7228 546 545 
7934 7251 5933 7184 7208 
7935 6714 6705 6706 7230 
7936 6531 7085 7226 5938 
7937 6545 7232 6979 5947 
7938 6419 6426 7229 6427 
7939 6275 6503 7257 6434 
7940 6544 6546 7232 6545 
7941 297 7231 5927 296 
7942 6526 5950 6959 7233 
7943 6690 7300 7162 5904 
7944 5957 7234 235 236 
7945 6655 6920 7334 7171 
7946 6862 7253 5913 6909 
7947 6966 7291 6318 7135 
7948 6321 6360 7236 7021 
7949 6632 6897 7238 6635 
7950 5959 7303 6479 7148 
7951 6374 6452 7235 6373 
7952 6799 7237 5923 6906 
7953 7318 6689 7289 6304 
7954 5953 7146 7319 6981 
7955 6507 6518 7267 6517 
7956 6978 5951 7293 7137 
7957 5889 7240 233 234 
7958 6714 305 306 7243 
7959 6960 7323 7159 5930 
7960 6644 6643 7241 6919 
7961 6975 5873 7242 6976 
7962 5869 7196 6534 7205 
7963 6329 7024 7239 6401 
7964 5959 7091 7257 6503 
7965 6843 6847 7310 7154 
7966 538 537 7245 5904 
7967 6853 7123 7260 6856 
7968 7155 7143 7200 6270 
7969 6374 6453 7247 6452 
7970 7127 564 563 7248 
7971 6606 6604 7249 6607 
7972 6802 6800 7246 7000 
7973 6440 7138 7273 6439 
7974 6912 6913 7250 5903 
7975 6861 6859 7253 6862 
7976 6552 6553 7252 6550 
7977 5911 597 596 7255 
7978 6292 7008 7313 6461 
7979 6419 6418 7254 6426 
7980 7205 6534 7208 7184 
7981 6325 7193 7331 6433 
7982 5893 579 578 7256 
7983 6594 7257 7091 5900 
7984 5877 7088 6671 7264 
7985 6319 6481 7315 6591 
7986 6603 7258 5920 6903 
7987 6582 6583 7274 6581 
7988 5906 7259 551 550 
7989 6521 5929 7149 7267 
7990 5918 612 611 7261 
7991 6957 7335 7166 5887 
7992 6825 7200 7143 7289 
7993 7090 7281 7164 5926 
7994 5947 291 292 7265 
7995 5925 293 294 7266 
7996 6401 7239 7336 7027 
7997 6561 7262 5895 7050 
7998 5955 320 321 7263 
7999 6670 6669 7264 6671 
8000 6472 7141 7268 6475 
8001 6345 6946 7329 7223 
8002 6273 7013 7271 6428 
8003 6370 6420 7296 7161 
8004 567 7269 5900 568 
8005 6448 6892 7280 6451 
8006 6736 7216 7317 6739 
8007 7122 7274 7144 5892 
8008 6909 599 598 7272 
8009 5883 7153 6469 7312 
8010 7097 7125 7244 6425 
8011 7070 5939 7150 7280 
8012 6555 6559 7278 7110 
8013 6673 6825 7289 6689 
8014 5960 7276 247 248 
8015 589 588 7277 5926 
8016 6973 7260 7123 5958 
8017 516 5877 7275 517 
8018 7135 7288 7175 5880 
8019 7105 7152 7290 6501 
8020 6353 6355 7325 6356 
8021 6722 6721 7279 6723 
8022 7088 515 514 7283 
8023 6777 6778 7281 6779 
8024 594 7186 7306 5909 
8025 6455 6454 7301 7177 
8026 7104 533 532 7282 
8027 6323 7176 7295 6341 
8028 6322 6589 7288 7011 
8029 6437 6436 7326 7190 
8030 6629 6628 7284 6630 
8031 6913 7165 6651 7327 
8032 7131 584 583 7286 
8033 5924 286 287 7287 
8034 5888 7128 6428 7271 
8035 7084 7198 7322 6849 
8036 7136 7293 5951 6969 
8037 6444 6447 7308 7166 
8038 283 5895 7292 282 
8039 6207 6218 7318 7040 
8040 7182 5901 7167 7313 
8041 6459 6466 7300 7001 
8042 6500 6501 7290 6499 
8043 6846 6845 7309 7159 
8044 6244 6318 7291 7036 
8045 276 277 7299 5892 
8046 6985 5894 7319 7170 
8047 6298 6997 7306 6438 
8048 6306 6479 7303 6998 
8049 5919 7307 272 273 
8050 6976 7324 6410 7173 
8051 6789 6787 7314 6790 
8052 6468 6467 7312 6469 
8053 523 5872 7334 6982 
8054 6568 6570 7330 6569 
8055 5910 7328 260 261 
8056 556 6981 7319 5894 
8057 6990 7273 7138 5944 
8058 6532 7162 7300 6466 
8059 5890 573 572 7337 
8060 6650 6648 7327 6651 
8061 222 5884 7336 6958 
8062 6409 6410 7324 6411 
8063 615 5920 7332 616 
8064 5934 7316 620 619 
8065 6993 7302 7134 5919 
8066 6988 5930 7159 7309 
8067 6674 7171 7334 5872 
8068 5933 7251 7270 7079 
8069 6993 7144 7274 6583 
8070 6461 7098 5886 7301 
8071 6910 5887 7166 7308 
8072 6987 7268 7141 5910 
8073 7098 6461 7313 7167 
8074 5953 6983 7152 7285 
8075 5955 6517 7267 7149 
8076 1101 7076 7294 1102 
8077 7085 7169 7325 6355 
8078 1089 1088 7297 5966 
8079 6910 6451 7280 7150 
8080 7133 7304 7219 5921 
8081 6214 6304 7289 7143 
8082 7124 5890 7161 7296 
8083 621 7100 7298 622 
8084 7079 7270 7305 5963 
8085 6416 7134 7302 6585 
8086 6905 7164 7281 6778 
8087 7073 6463 7311 7163 
8088 5967 7076 5963 7305 
8089 7154 7310 7145 5954 
8090 6350 6539 7333 7060 
8091 6967 7331 7193 5878 
8092 5960 7175 7288 6589 
8093 6978 7295 7176 5882 
8094 7073 7163 7320 6478 
8095 6846 7159 7323 6852 
8096 5948 7199 6591 7315 
8097 6532 7177 7301 5886 
8098 6992 5899 7190 7326 
8099 7129 7322 7198 5917 
8100 6444 7166 7335 6443 
8101 7140 5937 7163 7311 
8102 6992 6438 7306 7186 
8103 6985 7317 7216 6904 
8104 5955 7263 6505 7321 
8105 6980 5952 7223 7329 
8106 5943 6958 7336 7239 
8107 7174 322 9 1103 
2 9 3 341
8108 7470 7525 7368 7539 
8109 7421 7501 7492 7543 
8110 7482 7484 7496 7344 
8111 7547 7382 7551 7388 
8112 7444 7557 7561 7383 
8113 7380 7547 7388 7588 
8114 1104 1103 7583 7457 
8115 7539 7368 7554 7466 
8116 7554 7359 7560 7466 
8117 7551 7382 7557 7444 
8118 1123 7496 7352 1122 
8119 7565 7415 7385 7567 
8120 7543 7492 7498 7349 
8121 1242 7391 7397 1243 
8122 1181 1180 7384 7442 
8123 7446 7573 7575 7386 
8124 7437 7436 7605 7545 
8125 1189 7498 7343 1190 
8126 7442 7384 7598 7439 
8127 7479 7480 7500 7356 
8128 1244 7392 7398 1245 
8129 1174 1175 7392 7397 
8130 7578 7508 7507 7589 
8131 7561 7415 7565 7383 
8132 1125 7500 7344 1124 
8133 7596 7414 7389 7599 
8134 7560 7359 7563 7452 
8135 1145 7411 7378 1144 
8136 7356 7527 7495 7479 
8137 7487 7485 7494 7499 
8138 7428 7443 7438 7430 
8139 7570 7502 7603 7541 
8140 7408 7409 7411 7366 
8141 7354 7503 7499 7494 
8142 7361 7586 7452 7563 
8143 7456 7437 7545 7455 
8144 7567 7385 7573 7446 
8145 7347 7461 7443 7440 
8146 7483 7481 7497 7504 
8147 7366 7513 7410 7408 
8148 7344 7500 7480 7482 
8149 7406 7474 7473 7546 
8150 7451 7586 7508 7578 
8151 7527 7348 7537 7495 
8152 7580 7352 7591 7493 
8153 7469 7468 7467 7365 
8154 7440 7533 7460 7347 
8155 7392 1244 1243 7397 
8156 7575 7394 7584 7386 
8157 7486 7591 7352 7496 
8158 7465 7464 7463 7357 
8159 7497 7476 7475 7345 
8160 7481 7478 7476 7497 
8161 1185 1184 7347 7460 
8162 7424 7533 7440 7426 
8163 7513 7369 7535 7410 
8164 7409 7412 7378 7411 
8165 7456 7455 7374 7454 
8166 7374 1111 1112 7454 
8167 7346 1113 1114 7459 
8168 7522 7353 7546 7473 
8169 7436 7431 7430 7433 
8170 7502 7490 7489 7501 
8171 7431 7429 7428 7430 
8172 7345 7534 7504 7497 
8173 7339 1116 1117 7528 
8174 7350 1118 1119 7526 
8175 7390 1154 1155 7520 
8176 7348 1128 1129 7505 
8177 7351 1130 1131 7515 
8178 7366 1146 1147 7513 
8179 7361 1140 1141 7506 
8180 7356 1126 1127 7527 
8181 7372 1152 1153 7512 
8182 7369 1148 1149 7524 
8183 7363 1132 1133 7523 
8184 7371 1150 1151 7511 
8185 7355 1134 1135 7525 
8186 7462 7364 7594 7412 
8187 1115 7453 7459 1114 
8188 7473 7469 7365 7522 
8189 7429 7427 7426 7428 
8190 7427 7425 7424 7426 
8191 7496 7484 7485 7486 
8192 7490 7488 7487 7489 
8193 7488 7486 7485 7487 
8194 7482 7483 7485 7484 
8195 7483 7482 7480 7481 
8196 7491 7499 7503 7343 
8197 7584 7394 7590 7387 
8198 7474 7472 7469 7473 
8199 7425 7423 7420 7424 
8200 7437 7456 7548 7458 
8201 7472 7471 7468 7469 
8202 1164 1165 7385 7415 
8203 1170 1171 7389 7414 
8204 7481 7480 7479 7478 
8205 7501 7489 7491 7492 
8206 1203 7467 7357 1204 
8207 7357 7467 7468 7465 
8208 7438 7443 7461 7338 
8209 7442 7338 1182 1181 
8210 7454 1112 1113 7346 
8211 7354 1192 1191 7503 
8212 7412 7409 7407 7462 
8213 7464 7450 7448 7463 
8214 7476 7402 7399 7475 
8215 7461 7347 1184 1183 
8216 7529 7427 7429 7432 
8217 1205 7463 7448 1206 
8218 1213 7462 7407 1214 
8219 1195 7475 7399 1196 
8220 7409 7408 7376 7407 
8221 7402 7400 7358 7399 
8222 7450 7449 7367 7448 
8223 7460 7416 1186 1185 
8224 1177 19 1178 7576 
8225 7498 1189 1188 7349 
8226 7376 1215 1214 7407 
8227 7514 1210 1209 7370 
8228 7411 1145 1146 7366 
8229 7358 1197 1196 7399 
8230 7518 1218 1217 7379 
8231 7463 1205 1204 7357 
8232 7550 1143 1144 7378 
8233 7509 7396 1157 1158 
8234 7462 1213 1212 7364 
8235 7444 7383 1233 1232 
8236 7496 1123 1124 7344 
8237 7398 7392 1175 1176 
8238 7446 7386 1237 1236 
8239 7416 7341 1187 1186 
8240 7397 7391 1173 1174 
8241 7367 1207 1206 7448 
8242 7500 1125 1126 7356 
8243 7364 1212 1211 7445 
8244 7517 1225 1224 7393 
8245 7522 1201 1200 7353 
8246 7519 1223 1222 7373 
8247 7521 1220 1219 7381 
8248 7467 1203 1202 7365 
8249 7373 1222 1221 7447 
8250 7453 1115 1116 7339 
8251 7475 1195 1194 7345 
8252 7458 7431 7436 7437 
8253 7434 7423 7425 7441 
8254 1176 1177 7576 7398 
8255 7439 7433 7430 7438 
8256 7379 1217 1216 7531 
8257 7370 1209 1208 7532 
8258 1118 7350 7528 1117 
8259 1120 7342 7526 1119 
8260 1218 7518 7381 1219 
8261 1156 7375 7520 1155 
8262 1201 7522 7365 1202 
8263 1132 7363 7515 1131 
8264 1130 7351 7505 1129 
8265 1148 7369 7513 1147 
8266 1210 7514 7445 1211 
8267 1142 7362 7506 1141 
8268 1158 1159 7380 7509 
8269 1128 7348 7527 1127 
8270 1220 7521 7447 1221 
8271 1225 7517 7377 1226 
8272 1154 7390 7512 1153 
8273 1156 1157 7396 7516 
8274 1150 7371 7524 1149 
8275 1134 7355 7523 1133 
8276 1152 7372 7511 1151 
8277 1223 7519 7393 1224 
8278 1136 7368 7525 1135 
8279 7431 7458 7432 7429 
8280 7443 7428 7426 7440 
8281 7499 7491 7489 7487 
8282 7504 7494 7485 7483 
8283 7427 7529 7441 7425 
8284 7533 7424 7420 7417 
8285 7494 7504 7534 7354 
8286 7420 7423 7434 7422 
8287 7478 7477 7402 7476 
8288 7416 7460 7533 7417 
8289 7343 7498 7492 7491 
8290 1190 7343 7503 1191 
8291 7345 1194 1193 7534 
8292 1188 7530 7543 7349 
8293 7338 7442 7439 7438 
8294 7588 7510 7509 7380 
8295 7508 7506 7362 7507 
8296 7369 7524 7549 7535 
8297 1183 1182 7338 7461 
8298 7348 7505 7553 7537 
8299 7536 1199 1198 7540 
8300 7353 1200 1199 7536 
8301 1192 7354 7534 1193 
8302 7590 7414 7596 7387 
8303 7420 7419 7418 7417 
8304 7477 7495 7537 7538 
8305 1215 7376 7531 1216 
8306 1207 7367 7532 1208 
8307 1188 1187 7341 7530 
8308 7477 7538 7400 7402 
8309 7466 7464 7465 7539 
8310 7401 7400 7538 7403 
8311 7540 7358 7400 7401 
8312 7416 7417 7418 7341 
8313 1197 7358 7540 1198 
8314 7478 7479 7495 7477 
8315 7379 7531 7410 7535 
8316 7589 7507 7595 7544 
8317 7382 7547 1160 1161 
8318 7468 7470 7539 7465 
8319 7543 7418 7419 7421 
8320 7405 7546 7353 7536 
8321 7435 7350 7526 7570 
8322 1232 1231 7551 7444 
8323 7536 7540 7401 7405 
8324 7408 7410 7531 7376 
8325 7449 7451 7532 7367 
8326 7543 7530 7341 7418 
8327 1103 9 1110 7583 
8328 7403 7404 7405 7401 
8329 7420 7422 7541 7419 
8330 7546 7405 7404 7406 
8331 1138 7359 7554 1137 
8332 7570 7541 7422 7435 
8333 1242 7395 7602 7391 
8334 7599 7389 7602 7395 
8335 7538 7537 7553 7403 
8336 1106 7542 7360 1107 
8337 1161 1162 7557 7382 
8338 7454 7346 7548 7456 
8339 1159 1160 7547 7380 
8340 7459 7453 7566 7559 
8341 7535 7549 7518 7379 
8342 7464 7466 7560 7450 
8343 1245 7398 7601 1246 
8344 7455 7457 7583 7374 
8345 1140 7361 7563 1139 
8346 7524 7371 7556 7549 
8347 7580 7493 7597 7342 
8348 7505 7351 7558 7553 
8349 1236 1235 7567 7446 
8350 7388 7551 1231 1230 
8351 1107 7360 7552 1108 
8352 7445 7514 7589 7544 
8353 1143 7550 7362 1142 
8354 7510 7588 1229 1228 
8355 7368 1136 1137 7554 
8356 1122 7352 7580 1121 
8357 1239 1238 7584 7387 
8358 1242 1241 7599 7395 
8359 1165 1166 7573 7385 
8360 7581 7571 7515 7363 
8361 7549 7556 7381 7518 
8362 1226 7377 7604 1227 
8363 1168 1169 7590 7394 
8364 7433 7555 7605 7436 
8365 1171 1172 7602 7389 
8366 7378 7412 7594 7413 
8367 7403 7553 7558 7404 
8368 1162 1163 7561 7557 
8369 7371 7511 7562 7556 
8370 7452 7449 7450 7560 
8371 7432 7559 7566 7529 
8372 7556 7562 7521 7381 
8373 7415 7561 1163 1164 
8374 7453 7339 7572 7566 
8375 7490 7502 7569 7597 
8376 7346 7459 7559 7548 
8377 1179 18 1109 7592 
8378 7511 7372 7564 7562 
8379 7457 7577 1105 1104 
8380 7458 7548 7559 7432 
8381 7581 7474 7406 7571 
8382 7359 1138 1139 7563 
8383 7562 7564 7447 7521 
8384 7339 7528 7585 7572 
8385 7506 7508 7586 7361 
8386 7383 7565 1234 1233 
8387 7351 7515 7571 7558 
8388 7372 7512 7568 7564 
8389 7565 7567 1235 1234 
8390 7564 7568 7373 7447 
8391 7435 7585 7528 7350 
8392 7512 7390 7574 7568 
8393 7529 7566 7572 7441 
8394 7421 7603 7502 7501 
8395 7390 7520 7579 7574 
8396 7519 7373 7568 7574 
8397 7451 7578 7370 7532 
8398 7360 7542 7605 7555 
8399 7433 7439 7598 7555 
8400 1166 1167 7575 7573 
8401 7594 7544 7595 7413 
8402 1180 1179 7592 7384 
8403 7441 7572 7585 7434 
8404 7404 7558 7571 7406 
8405 7394 7575 1167 1168 
8406 7363 7523 7593 7581 
8407 1106 1105 7577 7340 
8408 7605 7340 7577 7545 
8409 7468 7471 7600 7470 
8410 1111 7374 7583 1110 
8411 1156 7516 7587 7375 
8412 7578 7589 7514 7370 
8413 7342 1120 1121 7580 
8414 7386 7584 1238 1237 
8415 7470 7600 7355 7525 
8416 7396 7509 7510 7582 
8417 7600 7593 7523 7355 
8418 7574 7579 7393 7519 
8419 1230 1229 7588 7388 
8420 7455 7545 7577 7457 
8421 7474 7581 7593 7472 
8422 7378 7413 7595 7550 
8423 7414 7590 1169 1170 
8424 7493 7591 7486 7488 
8425 7422 7434 7585 7435 
8426 7449 7452 7586 7451 
8427 7517 7393 7579 7587 
8428 7520 7375 7587 7579 
8429 7544 7594 7364 7445 
8430 7387 7596 1240 1239 
8431 7600 7471 7472 7593 
8432 7488 7490 7597 7493 
8433 7596 7599 1241 1240 
8434 7510 1228 1227 7604 
8435 7391 7602 1172 1173 
8436 7587 7582 7377 7517 
8437 7587 7516 7396 7582 
8438 1246 7601 1178 20 
8439 7502 7570 7526 7569 
8440 7598 7384 7592 7552 
8441 7419 7541 7603 7421 
8442 7555 7598 7552 7360 
8443 1108 7552 7592 1109 
8444 7507 7362 7550 7595 
8445 1106 7340 7605 7542 
8446 7526 7342 7597 7569 
8447 7398 7576 1178 7601 
8448 7377 7582 7510 7604 
2 10 3 26
8449 19 1247 7606 1178 
8450 1178 7606 1260 20 
8451 1247 1248 7607 7606 
8452 7606 7607 1261 1260 
8453 1248 1249 7608 7607 
8454 7607 7608 1262 1261 
8455 1249 1250 7609 7608 
8456 7608 7609 1263 1262 
8457 1250 1251 7610 7609 
8458 7609 7610 1264 1263 
8459 1251 1252 7611 7610 
8460 7610 7611 1265 1264 
8461 1252 1253 7612 7611 
8462 7611 7612 1266 1265 
8463 1253 1254 7613 7612 
8464 7612 7613 1267 1266 
8465 1254 1255 7614 7613 
8466 7613 7614 1268 1267 
8467 1255 1256 7615 7614 
8468 7614 7615 1269 1268 
8469 1256 1257 7616 7615 
8470 7615 7616 1270 1269 
8471 1257 1258 7617 7616 
8472 7616 7617 1271 1270 
8473 1258 21 1259 7617 
8474 7617 1259 22 1271 
$EndElements
